name_city,country_id,country_name,lat,lon,weather,description,temp,feels_like,temp_min,temp_max,pressure,humidity,sea_level,grnd_level,visibility,wind_speed,clouds_closed_percent,date,time,sunrise,sunset
Torres de Carolinas,PR,Puerto Rico,18.4054,-65.9792,Clouds,broken clouds,32.7,39.7,31.66,34.21,1014,66,1014,1013,8971,5.66,72,2026-09-27,12:41:35,2026-09-27 06:13:36,2026-09-27 18:16:09
Grand Terrace,US,United States,34.0538,-117.3255,Clouds,overcast clouds,26.74,27.02,25.38,28.29,1013,47,1013,969,10000,0.89,91,2026-09-27,09:41:37,2026-09-27 06:40:52,2026-09-27 18:39:34
Kabacan,PH,Philippines,7.1086,124.8235,Clouds,overcast clouds,26.01,26.01,26.01,26.01,1012,93,1012,1010,10000,0.74,93,2026-09-28,00:41:38,2026-09-28 05:29:05,2026-09-28 17:33:56
Terrytown,US,United States,29.9014,-90.0279,Clouds,overcast clouds,29.46,32.01,27.99,30.56,1015,61,1015,1015,10000,4.63,99,2026-09-27,11:41:40,2026-09-27 06:51:07,2026-09-27 18:50:59
Shuzenji,JP,Japan,35.0277,138.9289,Rain,moderate rain,23.8,24.74,22.76,23.8,1010,96,1010,980,5075,4.18,100,2026-09-28,01:41:42,2026-09-28 05:36:12,2026-09-28 17:34:00
Salzkotten,DE,Germany,51.6708,8.6047,Clouds,broken clouds,24.89,24.4,24.77,24.89,1017,37,1017,1004,10000,2.57,51,2026-09-27,18:41:44,2026-09-27 07:19:18,2026-09-27 19:13:56
Haubourdin,FR,France,50.6092,2.9869,Clouds,broken clouds,23.92,23.83,23.26,24.28,1015,56,1015,1013,10000,3.09,82,2026-09-27,18:41:46,2026-09-27 07:41:37,2026-09-27 19:36:33
Kapustin Yar,RU,Russia,48.5833,45.75,Clouds,scattered clouds,15.86,14.81,15.86,15.86,1026,50,1026,1027,10000,4.66,39,2026-09-27,20:41:48,2026-09-27 06:50:05,2026-09-27 18:46:04
Bihar,IN,India,25.7389,85.6951,Clouds,few clouds,26.58,26.58,26.58,26.58,1006,83,1006,1000,10000,1.91,12,2026-09-27,22:11:50,2026-09-27 05:37:33,2026-09-27 17:39:07
Lake Havasu City,US,United States,34.5006,-114.3113,Clouds,overcast clouds,32.64,30.65,32.64,32.64,1011,21,1011,970,10000,3.09,98,2026-09-27,09:41:52,2026-09-27 06:28:52,2026-09-27 18:27:27
Leribe District,LS,Lesotho,-29.0097,28.2575,Clouds,few clouds,15.6,14.68,15.6,15.6,1015,56,1015,821,10000,0.78,22,2026-09-27,18:41:53,2026-09-27 05:50:45,2026-09-27 18:05:18
El Convoy,ES,Spain,37.4018,-1.7508,Clouds,few clouds,26.34,26.34,26.34,26.34,1017,68,1017,962,10000,3.11,13,2026-09-27,18:41:55,2026-09-27 07:58:45,2026-09-27 19:57:19
Couvin,BE,Belgium,50.0519,4.4961,Clouds,broken clouds,23.51,23.43,23.51,23.51,1016,58,1016,985,10000,2.94,61,2026-09-27,18:41:57,2026-09-27 07:35:29,2026-09-27 19:30:37
Gütersloh,DE,Germany,51.9,8.3833,Clouds,broken clouds,23.73,23.23,23.52,23.77,1016,41,1016,1007,10000,3.44,76,2026-09-27,18:41:59,2026-09-27 07:20:14,2026-09-27 19:14:47
Trajano de Morais,BR,Brazil,-22.0628,-42.0658,Rain,light rain,23.06,23.25,23.06,23.06,1016,70,1016,957,10000,2.8,12,2026-09-27,13:42:01,2026-09-27 05:33:00,2026-09-27 17:45:30
Puliyadikuda,LK,Sri Lanka,7.7167,81.7,Clouds,broken clouds,28.75,32.9,28.75,28.75,1010,74,1010,1009,10000,2.36,83,2026-09-27,22:12:03,2026-09-27 05:51:46,2026-09-27 17:56:51
Sārangpur,IN,India,23.6042,76.3364,Clouds,overcast clouds,22.88,23.26,22.88,22.88,1010,78,1010,960,10000,3.42,100,2026-09-27,22:12:04,2026-09-27 06:14:47,2026-09-27 18:16:44
Richmond,US,United States,37.9477,-122.3389,Clouds,scattered clouds,14.87,14.55,13.6,16.39,1012,82,1012,1009,10000,4.47,32,2026-09-27,09:42:06,2026-09-27 07:01:27,2026-09-27 18:59:05
Tradate,IT,Italy,45.7,8.9167,Clear,clear sky,23.36,23.24,22.27,24.38,1021,57,1021,988,10000,1.03,0,2026-09-27,18:42:08,2026-09-27 07:17:08,2026-09-27 19:13:37
Cariaco,VE,Venezuela,10.495,-63.5526,Rain,light rain,34.17,41.17,34.17,34.17,1011,60,1011,998,10000,1.79,81,2026-09-27,12:42:10,2026-09-27 06:03:02,2026-09-27 18:07:19
Saugus,US,United States,42.4681,-71.0145,Rain,light rain,14.56,14.47,13.58,15.57,1010,92,1010,1004,4464,12.86,100,2026-09-27,12:42:12,2026-09-27 06:36:39,2026-09-27 18:33:23
Spring Valley,US,United States,36.0952,-115.2636,Clouds,overcast clouds,26.83,26.04,25.84,28.86,1012,22,1012,925,10000,2.06,100,2026-09-27,09:42:13,2026-09-27 06:32:53,2026-09-27 18:31:03
Amarante do Maranhão,BR,Brazil,-5.5669,-46.7419,Clouds,overcast clouds,35.47,34.72,35.47,35.47,1009,27,1009,979,10000,2.98,99,2026-09-27,13:42:15,2026-09-27 05:53:58,2026-09-27 18:01:56
Veliky Novgorod,RU,Russia,58.521,31.2758,Clear,clear sky,11.08,10.25,11.08,11.08,1028,77,1028,1025,10000,2.5,0,2026-09-27,19:42:17,2026-09-27 06:49:49,2026-09-27 18:42:06
Grinnell,US,United States,41.7359,-92.7244,Rain,light rain,14.98,15.14,14.98,15.87,1020,100,1020,984,10000,3.09,99,2026-09-27,11:42:19,2026-09-27 07:03:27,2026-09-27 19:00:13
Cadiz,ES,Spain,36.535,-6.2975,Clouds,overcast clouds,25.3,25.82,24.03,25.3,1014,74,1014,1012,10000,6.69,100,2026-09-27,18:42:21,2026-09-27 08:16:50,2026-09-27 20:15:35
Valkeakoski,FI,Finland,61.2667,24.0306,Clear,clear sky,9.02,7.8,9.02,9.02,1027,82,1027,1015,10000,2.31,1,2026-09-27,19:42:23,2026-09-27 07:19:30,2026-09-27 19:10:22
Dumbrăviţa,RO,Romania,45.8019,21.2475,Rain,moderate rain,23.05,22.14,21.17,23.05,1024,28,1024,1014,10000,4.12,99,2026-09-27,19:42:24,2026-09-27 07:27:47,2026-09-27 19:24:20
Lincoln,US,United States,40.1508,-89.372,Clouds,overcast clouds,23.01,22.49,21.05,23.01,1019,43,1019,999,10000,0.0,100,2026-09-27,11:42:26,2026-09-27 06:49:48,2026-09-27 18:47:03
Caucasia,CO,Colombia,7.9847,-75.1981,Clouds,overcast clouds,29.46,33.55,29.46,29.46,1012,69,1012,1005,10000,2.24,99,2026-09-27,11:42:28,2026-09-27 05:49:20,2026-09-27 17:54:10
Gronau,DE,Germany,52.2125,7.0417,Clouds,overcast clouds,22.22,22.06,21.0,23.1,1015,60,1015,1011,10000,0.36,90,2026-09-27,18:42:30,2026-09-27 07:25:39,2026-09-27 19:20:05
Cruz das Almas,BR,Brazil,-12.67,-39.1019,Clouds,few clouds,31.67,31.98,31.67,31.67,1014,41,1014,993,10000,5.21,22,2026-09-27,13:42:32,2026-09-27 05:22:31,2026-09-27 17:32:17
Yupiltepeque,GT,Guatemala,14.1941,-89.7913,Clouds,broken clouds,20.34,20.39,20.34,20.34,1016,75,1016,912,10000,1.49,76,2026-09-27,10:42:34,2026-09-27 05:48:24,2026-09-27 17:51:49
Cypress,US,United States,33.8171,-118.0386,Clouds,overcast clouds,23.38,24.07,22.72,25.41,1012,88,1012,1011,10000,2.06,99,2026-09-27,09:42:44,2026-09-27 06:43:42,2026-09-27 18:42:26
Garhshankar,IN,India,31.2154,76.1415,Clouds,scattered clouds,23.33,23.86,23.33,23.33,1008,82,1008,974,10000,2.45,30,2026-09-27,22:12:47,2026-09-27 06:16:20,2026-09-27 18:16:45
Dalaman,TR,Turkey,36.7658,28.8028,Clouds,broken clouds,17.92,18.22,17.7,17.92,1011,94,1011,1006,5449,2.06,74,2026-09-27,19:42:48,2026-09-27 06:56:23,2026-09-27 18:55:18
Luanda Province,AO,Angola,-8.7833,13.3667,Clouds,overcast clouds,24.45,24.86,24.45,24.45,1012,73,1012,1011,10000,4.63,100,2026-09-27,17:42:50,2026-09-27 05:53:14,2026-09-27 18:01:55
Kapit,MY,Malaysia,2.0167,112.9333,Clouds,overcast clouds,23.83,24.85,23.83,23.83,1012,99,1012,991,9258,0.02,100,2026-09-28,00:42:52,2026-09-28 06:15:59,2026-09-28 18:22:07
Bierbeek,BE,Belgium,50.8276,4.7585,Clouds,overcast clouds,23.14,23.02,22.51,23.63,1015,58,1015,1009,10000,2.03,93,2026-09-27,18:42:54,2026-09-27 07:34:34,2026-09-27 19:29:26
Melle,BE,Belgium,51.0024,3.7996,Clouds,broken clouds,22.13,22.17,22.07,22.8,1015,68,1015,1013,10000,2.73,66,2026-09-27,18:42:56,2026-09-27 07:38:26,2026-09-27 19:33:14
Tubize,BE,Belgium,50.6928,4.205,Clouds,overcast clouds,23.14,23.05,22.81,23.47,1015,59,1015,1008,10000,2.29,85,2026-09-27,18:42:58,2026-09-27 07:36:45,2026-09-27 19:31:40
Chiautla de Tapia,MX,Mexico,18.3,-98.6039,Clouds,overcast clouds,27.61,29.29,27.61,27.61,1014,64,1014,881,10000,1.03,87,2026-09-27,10:42:59,2026-09-27 06:24:06,2026-09-27 18:26:35
Jiaozhou,CN,China,36.2481,119.9625,Clouds,overcast clouds,19.99,20.11,19.99,19.99,1011,79,1011,1007,10000,1.32,100,2026-09-28,00:43:01,2026-09-28 05:52:16,2026-09-28 17:49:37
Signa,IT,Italy,43.7833,11.1,Clear,clear sky,26.97,26.79,25.58,28.25,1020,39,1020,1011,10000,2.06,0,2026-09-27,18:43:03,2026-09-27 07:08:07,2026-09-27 19:05:09
Sterling,US,United States,40.6205,-103.1925,Clouds,scattered clouds,21.19,20.41,21.19,21.19,1017,40,1017,881,10000,1.54,32,2026-09-27,10:43:05,2026-09-27 06:45:11,2026-09-27 18:42:12
Bieruń,PL,Poland,50.0897,19.0928,Clear,clear sky,14.97,14.25,13.33,16.09,1026,66,1026,997,10000,2.37,0,2026-09-27,18:43:07,2026-09-27 06:37:03,2026-09-27 18:32:18
Râs el Oued,DZ,Algeria,36.0471,5.0799,Clouds,overcast clouds,27.34,26.81,27.34,27.34,1019,34,1019,912,10000,2.77,92,2026-09-27,17:43:08,2026-09-27 06:31:15,2026-09-27 18:30:11
Baranchinskiy,RU,Russia,58.1667,59.7,Clear,clear sky,8.57,7.97,8.57,8.57,1034,85,1034,1000,10000,1.54,0,2026-09-27,21:43:10,2026-09-27 06:55:52,2026-09-27 18:48:42
Möckmühl,DE,Germany,49.3167,9.35,Clouds,few clouds,26.91,26.25,26.91,26.91,1018,27,1018,990,10000,2.34,16,2026-09-27,18:43:12,2026-09-27 07:15:56,2026-09-27 19:11:20
Jilikŭl,TJ,Tajikistan,37.4928,68.5286,Clouds,broken clouds,20.87,19.69,20.87,20.87,1017,26,1017,966,10000,2.56,68,2026-09-27,21:43:14,2026-09-27 06:17:28,2026-09-27 18:16:29
Semnan,IR,Iran,35.5833,53.3833,Clear,clear sky,21.27,20.63,21.27,21.27,1016,45,1016,856,10000,0.66,5,2026-09-27,20:13:16,2026-09-27 05:47:52,2026-09-27 17:47:13
Ledegem,BE,Belgium,50.8553,3.1261,Clouds,overcast clouds,23.0,23.0,22.24,24.08,1014,63,1014,1012,10000,1.97,100,2026-09-27,18:43:18,2026-09-27 07:41:06,2026-09-27 19:35:57
Zrenjanin,RS,Serbia,45.3778,20.3861,Clouds,broken clouds,18.86,18.16,18.86,18.86,1024,52,1024,1015,10000,1.72,82,2026-09-27,18:43:19,2026-09-27 06:31:10,2026-09-27 18:27:50
Nizhnegorskiy,UA,Ukraine,45.4464,34.7344,Clouds,overcast clouds,17.81,17.89,17.81,17.81,1017,86,1017,1016,10000,2.53,100,2026-09-27,19:43:21,2026-09-27 06:33:44,2026-09-27 18:30:31
Highland Park,US,United States,42.4052,-83.0977,Clear,clear sky,21.84,21.52,20.4,22.86,1018,55,1018,993,10000,5.14,0,2026-09-27,12:43:23,2026-09-27 07:25:00,2026-09-27 19:21:40
Pupri,IN,India,26.4708,85.7031,Clear,clear sky,25.27,26.07,25.27,25.27,1006,85,1006,999,10000,2.65,6,2026-09-27,22:13:25,2026-09-27 05:37:35,2026-09-27 17:39:01
Tālīkota,IN,India,16.6667,76.3,Clouds,broken clouds,29.23,29.25,29.23,29.23,1010,44,1010,949,10000,1.77,76,2026-09-27,22:13:27,2026-09-27 06:14:15,2026-09-27 18:17:33
Los Ralos,AR,Argentina,-26.8869,-64.9987,Clear,clear sky,34.19,36.59,34.19,34.19,1003,43,1003,957,10000,2.57,1,2026-09-27,13:43:28,2026-09-27 07:03:51,2026-09-27 19:18:04
North East Lincolnshire,GB,United Kingdom,53.5399,-0.0926,Clouds,overcast clouds,20.88,20.69,20.25,21.07,1008,64,1008,1004,10000,9.26,97,2026-09-27,17:43:30,2026-09-27 06:54:28,2026-09-27 18:48:20
Botou,CN,China,38.0094,116.8032,Clouds,overcast clouds,20.64,20.12,20.64,20.64,1012,52,1012,1010,10000,0.75,100,2026-09-28,00:43:32,2026-09-28 06:05:11,2026-09-28 18:01:58
Basyūn,EG,Egypt,30.9647,30.7683,Clouds,few clouds,27.55,28.62,27.55,27.55,1013,58,1013,1012,10000,3.44,21,2026-09-27,19:43:34,2026-09-27 06:47:52,2026-09-27 18:48:06
Dalkey,IE,Ireland,53.2651,-6.1137,Clear,clear sky,15.21,14.48,14.19,16.07,1010,65,1010,997,10000,2.24,7,2026-09-27,17:43:36,2026-09-27 07:18:32,2026-09-27 19:12:26
Bellampalli,IN,India,19.0558,79.4931,Clear,clear sky,24.87,25.53,24.87,24.87,1009,81,1009,984,10000,1.29,4,2026-09-27,22:13:38,2026-09-27 06:01:43,2026-09-27 18:04:33
Carangola,BR,Brazil,-20.7328,-42.0289,Clear,clear sky,31.02,30.66,31.02,31.02,1015,38,1015,935,10000,2.97,0,2026-09-27,13:43:39,2026-09-27 05:33:04,2026-09-27 17:45:09
Mbour,SN,Senegal,14.4104,-16.9649,Clouds,overcast clouds,29.14,33.63,29.14,29.14,1012,73,1012,1012,10000,4.83,100,2026-09-27,16:43:41,2026-09-27 06:57:06,2026-09-27 19:00:38
Melilla,ES,Spain,35.2937,-2.9383,Clouds,broken clouds,24.21,24.85,24.21,24.21,1016,83,1016,1009,10000,3.6,72,2026-09-27,18:43:43,2026-09-27 08:03:15,2026-09-27 20:02:19
Visakhapatnam,IN,India,17.6643,83.2058,Clouds,overcast clouds,29.13,36.13,29.13,29.13,1008,94,1008,1003,10000,1.03,100,2026-09-27,22:13:45,2026-09-27 05:46:43,2026-09-27 17:49:51
Hemiksem,BE,Belgium,51.143,4.341,Clouds,overcast clouds,22.92,22.86,22.71,24.21,1015,61,1015,1014,10000,4.12,89,2026-09-27,18:35:02,2026-09-27 07:36:17,2026-09-27 19:31:03
Siófok,HU,Hungary,46.9,18.05,Clouds,few clouds,22.19,22.55,22.19,22.19,1025,80,1025,1009,10000,1.67,13,2026-09-27,18:43:49,2026-09-27 06:40:44,2026-09-27 18:36:57
Sandpoint,US,United States,48.2822,-116.5614,Clouds,overcast clouds,7.98,5.01,7.77,8.34,1020,75,1020,916,10000,5.14,99,2026-09-27,09:43:50,2026-09-27 06:39:54,2026-09-27 18:34:25
Jora,IN,India,26.4817,77.8185,Clouds,broken clouds,24.34,25.08,24.34,24.34,1007,86,1007,986,10000,1.23,84,2026-09-27,22:13:52,2026-09-27 06:09:08,2026-09-27 18:10:31
Gajendragarh,IN,India,15.7363,75.9698,Clouds,scattered clouds,25.52,25.93,25.52,25.52,1011,69,1011,941,10000,2.57,30,2026-09-27,22:13:54,2026-09-27 06:15:29,2026-09-27 18:18:58
Daventry,GB,United Kingdom,52.2578,-1.1628,Clouds,overcast clouds,17.84,17.93,16.61,18.14,1010,86,1010,996,10000,5.35,87,2026-09-27,17:43:56,2026-09-27 06:58:31,2026-09-27 18:52:50
Vilhena,BR,Brazil,-12.5522,-60.8997,Clouds,few clouds,40.91,41.82,40.91,40.91,1009,23,1009,975,10000,1.87,12,2026-09-27,12:43:58,2026-09-27 05:49:41,2026-09-27 17:59:27
Colgong,IN,India,25.2133,87.2147,Clouds,broken clouds,27.68,30.92,27.68,27.68,1006,77,1006,1002,10000,2.01,77,2026-09-27,22:14:00,2026-09-27 05:31:25,2026-09-27 17:33:06
Puttaparthi,IN,India,14.1886,77.7658,Clouds,broken clouds,29.89,31.7,29.89,29.89,1010,55,1010,952,10000,1.72,61,2026-09-27,22:14:01,2026-09-27 06:08:09,2026-09-27 18:11:56
Tash-Kumyr,KG,Kyrgyzstan,41.3461,72.2171,Clear,clear sky,17.98,17.37,17.98,17.98,1018,59,1018,912,10000,1.72,0,2026-09-27,22:44:03,2026-09-27 07:03:10,2026-09-27 19:01:18
Vapi,IN,India,20.2,72.75,Clear,clear sky,26.14,26.14,26.14,26.14,1011,84,1011,1009,10000,3.29,3,2026-09-27,22:14:05,2026-09-27 06:28:48,2026-09-27 18:31:24
Tarangnan,PH,Philippines,11.9,124.75,Clouds,broken clouds,25.86,26.75,25.86,25.86,1011,86,1011,1010,10000,1.53,52,2026-09-28,00:40:34,2026-09-28 05:29:58,2026-09-28 17:33:38
Tiquisate,GT,Guatemala,14.2833,-91.3667,Rain,moderate rain,30.1,37.1,30.1,30.1,1014,90,1014,1008,3308,3.45,98,2026-09-27,10:44:09,2026-09-27 05:54:42,2026-09-27 17:58:06
Pallasovka,RU,Russia,50.05,46.8833,Clear,clear sky,14.48,13.47,14.48,14.48,1029,57,1029,1026,10000,3.85,2,2026-09-27,19:44:11,2026-09-27 05:45:46,2026-09-27 17:41:19
Putte,BE,Belgium,51.0566,4.6292,Clouds,overcast clouds,23.29,23.11,22.1,23.85,1015,55,1015,1015,10000,4.12,92,2026-09-27,18:44:13,2026-09-27 07:35:07,2026-09-27 19:29:55
Panjim,IN,India,15.48,73.83,Clear,clear sky,26.18,26.18,26.18,26.18,1011,83,1011,1011,10000,1.5,3,2026-09-27,22:14:14,2026-09-27 06:24:01,2026-09-27 18:27:33
Lyantonde,UG,Uganda,-0.4069,31.1575,Clouds,overcast clouds,22.15,21.99,22.15,22.15,1012,60,1012,877,10000,1.86,86,2026-09-27,19:44:16,2026-09-27 06:43:04,2026-09-27 18:49:48
Rossano,IT,Italy,39.5667,16.6333,Clouds,broken clouds,21.39,20.92,21.39,21.39,1020,51,1020,1017,10000,1.78,76,2026-09-27,18:44:18,2026-09-27 06:45:26,2026-09-27 18:43:36
Chhota Udepur,IN,India,22.32,74.01,Clouds,broken clouds,24.38,25.04,24.38,24.38,1010,83,1010,988,10000,1.89,70,2026-09-27,22:14:20,2026-09-27 06:23:58,2026-09-27 18:26:09
Yelets,RU,Russia,52.6167,38.4667,Rain,light rain,11.72,11.48,11.72,11.72,1030,97,1030,1009,4715,2.68,100,2026-09-27,19:44:22,2026-09-27 06:19:53,2026-09-27 18:14:31
Los Lagos Region,CL,Chile,-42.0167,-72.6833,Rain,light rain,13.5,13.02,13.5,13.5,1016,81,1016,1016,8049,1.49,98,2026-09-27,13:44:23,2026-09-27 07:31:10,2026-09-27 19:52:13
Cuamba,MZ,Mozambique,-14.82,36.5486,Clouds,scattered clouds,31.75,29.92,31.75,31.75,1011,23,1011,948,10000,1.73,46,2026-09-27,18:44:25,2026-09-27 05:19:47,2026-09-27 17:29:57
Padmanābhapuram,IN,India,8.2922,77.3215,Clear,clear sky,27.22,32.38,27.22,27.22,1011,98,1011,995,10000,2.55,2,2026-09-27,22:14:27,2026-09-27 06:09:21,2026-09-27 18:14:17
Mitsamiouli,KM,Comoros,-11.3833,43.2833,Clouds,scattered clouds,26.16,26.16,26.16,26.16,1016,73,1016,1016,10000,4.63,33,2026-09-27,19:44:29,2026-09-27 05:53:18,2026-09-27 18:02:35
Rusera,IN,India,25.8,86.0055,Clouds,few clouds,26.55,26.55,26.55,26.55,1006,84,1006,1001,10000,2.61,19,2026-09-27,22:14:31,2026-09-27 05:36:19,2026-09-27 17:37:52
Matsusaka,JP,Japan,34.5779,136.5276,Rain,heavy intensity rain,22.79,23.66,22.79,22.82,1011,97,1011,998,9518,1.74,100,2026-09-28,01:44:33,2026-09-28 05:45:44,2026-09-28 17:43:40
Tiruchengode,IN,India,11.3676,77.93,Clouds,scattered clouds,29.13,32.09,29.13,29.13,1010,65,1010,988,10000,1.34,27,2026-09-27,22:14:34,2026-09-27 06:07:13,2026-09-27 18:11:33
Santo Antônio do Sudoeste,BR,Brazil,-26.05,-53.7167,Clear,clear sky,32.07,33.15,32.07,32.07,1011,44,1011,950,10000,2.31,0,2026-09-27,13:44:36,2026-09-27 06:18:54,2026-09-27 18:32:47
Pyryatyn,UA,Ukraine,50.2406,32.5093,Clouds,few clouds,13.39,12.48,13.39,13.39,1027,65,1027,1014,10000,3.47,21,2026-09-27,19:44:38,2026-09-27 06:43:21,2026-09-27 18:38:42
Bahādurganj,IN,India,26.356,87.9614,Clouds,broken clouds,26.97,29.58,26.97,26.97,1006,79,1006,998,10000,1.4,55,2026-09-27,22:14:40,2026-09-27 05:28:32,2026-09-27 17:30:00
Jardim de Piranhas,BR,Brazil,-6.3789,-37.3519,Clear,clear sky,36.39,34.5,36.39,36.39,1010,19,1010,992,10000,2.96,2,2026-09-27,13:44:42,2026-09-27 05:16:19,2026-09-27 17:24:29
Wadayama,JP,Japan,35.3398,134.8531,Rain,moderate rain,21.52,22.29,21.52,21.52,1009,98,1009,967,102,1.74,100,2026-09-28,01:44:43,2026-09-28 05:52:33,2026-09-28 17:50:15
Iscuandé,CO,Colombia,2.4503,-77.9797,Rain,moderate rain,27.15,30.72,27.15,27.15,1013,86,1013,1012,5658,2.17,87,2026-09-27,11:44:45,2026-09-27 05:59:50,2026-09-27 18:05:54
Canyon Lake,US,United States,33.6885,-117.2621,Clouds,overcast clouds,25.56,25.32,24.53,26.19,1012,44,1012,960,10000,0.0,100,2026-09-27,09:44:47,2026-09-27 06:40:34,2026-09-27 18:39:21
Châteaubriant,FR,France,47.7169,-1.3761,Clouds,overcast clouds,21.82,21.91,21.82,21.82,1016,71,1016,1009,10000,3.63,100,2026-09-27,18:44:49,2026-09-27 07:58:38,2026-09-27 19:54:26
Ahlat,TR,Turkey,38.7542,42.4877,Clouds,broken clouds,17.03,16.15,17.03,17.03,1014,52,1014,805,10000,0.97,61,2026-09-27,19:44:51,2026-09-27 06:01:51,2026-09-27 18:00:24
Melur,IN,India,10.1815,78.4231,Clouds,few clouds,30.19,35.01,30.19,30.19,1010,68,1010,989,10000,3.27,14,2026-09-27,22:14:53,2026-09-27 06:05:08,2026-09-27 18:09:42
Vinukonda,IN,India,16.0813,79.9269,Clouds,scattered clouds,27.1,29.2,27.1,27.1,1009,72,1009,999,10000,1.16,31,2026-09-27,22:14:54,2026-09-27 05:59:41,2026-09-27 18:03:07
Caxias do Sul,BR,Brazil,-29.1678,-51.1789,Rain,moderate rain,18.84,18.84,18.84,18.84,1015,79,1015,944,10000,2.06,100,2026-09-27,13:44:56,2026-09-27 06:08:12,2026-09-27 18:23:12
Zaraysk,RU,Russia,54.7653,38.8836,Clouds,overcast clouds,12.09,11.68,12.09,12.09,1031,89,1031,1011,10000,2.2,99,2026-09-27,19:44:58,2026-09-27 06:18:35,2026-09-27 18:12:28
Burnaby,CA,Canada,49.2667,-122.9667,Clouds,few clouds,10.71,10.06,9.57,11.53,1019,85,1019,978,10000,1.34,20,2026-09-27,09:45:00,2026-09-27 07:05:44,2026-09-27 18:59:49
Novomichurinsk,RU,Russia,54.0333,39.75,Rain,light rain,11.68,11.36,11.68,11.68,1031,94,1031,1013,5881,1.73,100,2026-09-27,19:45:02,2026-09-27 06:14:59,2026-09-27 18:09:09
Qā’en,IR,Iran,33.7256,59.1897,Clear,clear sky,17.96,16.54,17.96,17.96,1018,28,1018,854,10000,4.93,0,2026-09-27,20:15:04,2026-09-27 05:24:26,2026-09-27 17:24:13
Selb,DE,Germany,50.1667,12.1333,Clear,clear sky,19.14,18.49,19.14,19.14,1022,53,1022,953,10000,3.28,0,2026-09-27,18:45:05,2026-09-27 07:04:56,2026-09-27 19:00:05
Shiqiao,CN,China,28.1565,120.3824,Clouds,scattered clouds,25.44,26.39,25.44,25.44,1009,90,1009,969,10000,0.29,26,2026-09-28,00:45:07,2026-09-28 05:49:28,2026-09-28 17:49:03
Kingman,US,United States,35.217,-114.0105,Clouds,overcast clouds,26.88,26.2,25.6,27.88,1013,26,1013,891,10000,4.63,98,2026-09-27,09:45:09,2026-09-27 06:27:45,2026-09-27 18:26:10
Kaura Namoda,NG,Nigeria,12.6,6.5897,Clouds,broken clouds,29.8,32.27,29.8,29.8,1007,59,1007,966,10000,2.95,55,2026-09-27,17:45:11,2026-09-27 06:22:42,2026-09-27 18:26:39
Rusera,IN,India,25.7179,86.0839,Clouds,few clouds,26.72,29.37,26.72,26.72,1006,83,1006,1001,10000,2.52,13,2026-09-27,22:15:13,2026-09-27 05:35:59,2026-09-27 17:37:34
San Julián,MX,Mexico,21.0,-102.1667,Clouds,overcast clouds,23.04,22.5,23.04,23.04,1015,42,1015,803,10000,3.16,91,2026-09-27,10:45:14,2026-09-27 06:38:40,2026-09-27 18:40:32
Tiruvalla,IN,India,9.3333,76.5333,Clear,clear sky,26.54,26.54,26.54,26.54,1012,90,1012,1011,10000,1.18,2,2026-09-27,22:15:16,2026-09-27 06:12:36,2026-09-27 18:17:20
Pontecorvo,IT,Italy,41.4626,13.6676,Clear,clear sky,23.57,23.47,23.57,23.57,1020,57,1020,998,10000,0.64,0,2026-09-27,18:45:18,2026-09-27 06:57:32,2026-09-27 18:55:12
Tulum,MX,Mexico,20.2108,-87.4632,Rain,light rain,32.33,37.86,32.33,32.33,1014,60,1014,1011,10000,2.71,100,2026-09-27,11:45:20,2026-09-27 06:39:45,2026-09-27 18:41:50
Dianbu,CN,China,31.8884,117.4609,Rain,light rain,22.01,22.88,22.01,22.01,1010,100,1010,1005,10000,2.0,100,2026-09-28,00:45:22,2026-09-28 06:01:40,2026-09-28 18:00:14
Gemeente Zaanstad,NL,Netherlands,52.4697,4.7767,Clouds,broken clouds,20.04,20.03,19.43,20.58,1015,74,1015,1015,10000,3.6,62,2026-09-27,18:45:24,2026-09-27 07:34:46,2026-09-27 19:29:05
Portugalete,ES,Spain,43.3238,-3.0241,Clouds,overcast clouds,23.21,23.44,22.37,24.47,1016,71,1016,1011,4511,3.6,97,2026-09-27,18:36:23,2026-09-27 08:04:36,2026-09-27 20:01:39
Sāyalkudi,IN,India,9.1167,78.4188,Clouds,few clouds,30.2,36.58,30.2,30.2,1009,74,1009,1008,10000,2.89,15,2026-09-27,22:15:28,2026-09-27 06:05:02,2026-09-27 18:09:49
Parada,PH,Philippines,14.686,120.9765,Rain,light rain,28.89,35.53,27.19,28.95,1011,85,1011,1013,10000,0.36,100,2026-09-28,00:39:58,2026-09-28 05:45:24,2026-09-28 17:48:23
Steenbergen,NL,Netherlands,51.5842,4.3194,Clouds,broken clouds,21.97,22.21,20.56,22.81,1015,76,1015,1015,10000,2.06,84,2026-09-27,18:45:31,2026-09-27 07:36:27,2026-09-27 19:31:04
Arai,JP,Japan,36.9341,138.2281,Clouds,overcast clouds,17.38,17.63,17.38,17.38,1009,94,1009,940,10000,2.65,100,2026-09-28,01:45:33,2026-09-28 05:39:16,2026-09-28 17:36:32
Steep Falls,US,United States,43.7811,-70.5684,Clouds,overcast clouds,12.65,12.4,12.25,13.34,1015,93,1015,999,10000,6.28,100,2026-09-27,12:45:35,2026-09-27 06:35:03,2026-09-27 18:31:25
Ħal-Bajjada,MT,Malta,35.8817,14.3989,Clear,clear sky,23.22,23.16,23.09,23.22,1019,60,1019,1015,10000,4.12,7,2026-09-27,18:45:37,2026-09-27 06:53:56,2026-09-27 18:52:58
São Martinho do Bispo,PT,Portugal,40.2092,-8.4765,Clouds,overcast clouds,24.95,24.96,24.95,25.18,1014,56,1014,1006,10000,2.2,92,2026-09-27,17:45:39,2026-09-27 07:26:01,2026-09-27 19:23:50
San-Pédro,CI,Côte d’Ivoire,4.7333,-6.6333,Clouds,overcast clouds,25.56,26.18,25.56,25.56,1013,77,1013,1011,10000,4.75,100,2026-09-27,16:45:40,2026-09-27 06:14:45,2026-09-27 18:20:21
Kimje,KR,"Korea, South",35.8017,126.8889,Clouds,overcast clouds,18.94,19.24,18.94,18.94,1009,90,1009,1008,10000,0.49,100,2026-09-28,01:45:42,2026-09-28 06:24:29,2026-09-28 18:22:00
Rajapalaiyam,IN,India,9.4052,77.5408,Clouds,scattered clouds,29.49,32.07,29.49,29.49,1010,61,1010,982,10000,1.4,28,2026-09-27,22:15:44,2026-09-27 06:08:35,2026-09-27 18:13:18
Tamandaré,BR,Brazil,-8.76,-35.105,Rain,light rain,28.03,31.0,28.03,28.03,1014,72,1014,1010,10000,4.79,26,2026-09-27,13:45:46,2026-09-27 05:07:03,2026-09-27 17:15:47
Mūdbidri,IN,India,13.0751,74.9597,Clear,clear sky,26.95,30.49,26.95,26.95,1011,89,1011,1007,10000,0.0,2,2026-09-27,22:15:48,2026-09-27 06:19:16,2026-09-27 18:23:16
Lady Lake,US,United States,28.9241,-81.9299,Clouds,overcast clouds,27.96,27.91,26.99,28.39,1014,44,1014,1010,10000,2.24,98,2026-09-27,12:45:49,2026-09-27 07:18:36,2026-09-27 19:18:44
Antibes,FR,France,43.58,7.1231,Clear,clear sky,24.73,24.8,23.47,24.95,1021,59,1021,981,10000,2.57,4,2026-09-27,18:45:51,2026-09-27 07:24:01,2026-09-27 19:21:04
Pedana,IN,India,16.2667,81.1667,Clouds,broken clouds,27.47,30.34,27.47,27.47,1008,76,1008,1008,10000,3.59,58,2026-09-27,22:15:53,2026-09-27 05:54:45,2026-09-27 17:58:08
Bhīmavaram,IN,India,16.562,81.4696,Clouds,broken clouds,26.67,28.8,26.67,26.67,1008,77,1008,1008,10000,2.43,58,2026-09-27,22:15:55,2026-09-27 05:53:34,2026-09-27 17:56:54
Asaba,NG,Nigeria,6.1833,6.75,Rain,moderate rain,25.64,26.56,25.64,25.64,1011,88,1011,1006,10000,2.7,99,2026-09-27,17:45:57,2026-09-27 06:21:23,2026-09-27 18:26:41
Maur,IN,India,30.0833,75.25,Clouds,scattered clouds,23.78,24.17,23.78,23.78,1007,75,1007,982,10000,3.39,29,2026-09-27,22:15:58,2026-09-27 06:19:47,2026-09-27 18:20:25
São José da Tapera,BR,Brazil,-9.4828,-37.3769,Clear,clear sky,34.09,32.77,34.09,34.09,1011,26,1011,980,10000,6.29,0,2026-09-27,13:46:00,2026-09-27 05:16:02,2026-09-27 17:24:58
Emmersdorf an der Donau,AT,Austria,48.2564,15.3489,Clear,clear sky,18.49,17.96,18.49,18.49,1023,60,1023,978,10000,4.87,3,2026-09-27,18:46:02,2026-09-27 06:51:45,2026-09-27 18:47:33
Muret,FR,France,43.4603,1.3258,Clouds,overcast clouds,24.52,24.67,24.22,26.77,1017,63,1017,995,10000,6.69,93,2026-09-27,18:46:04,2026-09-27 07:47:12,2026-09-27 19:44:15
Radcliffe,GB,United Kingdom,53.5615,-2.3268,Clouds,scattered clouds,15.29,15.33,15.15,16.29,1009,94,1009,993,10000,4.99,38,2026-09-27,17:46:06,2026-09-27 07:03:25,2026-09-27 18:57:15
Worcester,ZA,South Africa,-33.645,19.4436,Clear,clear sky,15.11,14.22,15.11,15.11,1024,59,1024,996,10000,4.25,6,2026-09-27,18:46:08,2026-09-27 06:25:05,2026-09-27 18:41:28
Tatsuno,JP,Japan,35.9843,137.9972,Clouds,overcast clouds,17.98,18.39,17.98,19.81,1011,98,1011,890,10000,0.89,100,2026-09-28,01:41:59,2026-09-28 05:40:04,2026-09-28 17:37:35
Alburquerque,PH,Philippines,9.6104,123.9549,Rain,light rain,26.02,26.02,26.02,26.02,1011,82,1011,1004,10000,1.4,27,2026-09-28,00:46:11,2026-09-28 05:32:52,2026-09-28 17:37:05
Zürich (Kreis 1),CH,Switzerland,47.3744,8.5411,Clear,clear sky,21.36,20.94,20.8,23.16,1019,53,1019,963,10000,0.91,3,2026-09-27,18:46:13,2026-09-27 07:18:53,2026-09-27 19:14:52
Mairi,BR,Brazil,-11.7108,-40.1489,Clouds,scattered clouds,32.61,31.66,32.61,32.61,1013,31,1013,965,10000,4.81,32,2026-09-27,13:46:15,2026-09-27 05:26:50,2026-09-27 17:36:20
Coldwater,US,United States,41.9465,-84.9989,Clear,clear sky,17.97,17.47,17.87,17.97,1019,63,1019,985,10000,3.09,0,2026-09-27,12:46:17,2026-09-27 07:32:33,2026-09-27 19:29:20
Virpur,IN,India,23.1691,73.3266,Clouds,few clouds,25.38,26.04,25.38,25.38,1009,79,1009,996,10000,2.88,14,2026-09-27,22:16:19,2026-09-27 06:26:47,2026-09-27 18:28:48
Murcia,ES,Spain,37.9413,-1.1546,Clear,clear sky,28.05,29.3,25.88,28.39,1017,58,1017,1005,10000,5.81,1,2026-09-27,18:46:20,2026-09-27 07:56:25,2026-09-27 19:54:52
Dallas,US,United States,44.9221,-123.313,Clear,clear sky,15.05,14.07,11.8,16.29,1015,56,1015,997,10000,1.34,0,2026-09-27,09:46:22,2026-09-27 07:06:23,2026-09-27 19:01:56
Vicovu de Sus,RO,Romania,47.9258,25.68,Clear,clear sky,15.1,14.39,15.1,15.1,1026,66,1026,957,10000,0.46,4,2026-09-27,19:46:24,2026-09-27 07:10:20,2026-09-27 19:06:20
Draguignan,FR,France,43.5394,6.4661,Clouds,few clouds,24.19,24.15,24.19,25.28,1021,57,1021,937,10000,4.63,13,2026-09-27,18:46:26,2026-09-27 07:26:38,2026-09-27 19:23:42
Aleksinac,RS,Serbia,43.5383,21.7047,Clear,clear sky,20.18,19.74,20.18,20.18,1024,57,1024,996,10000,2.24,8,2026-09-27,18:46:28,2026-09-27 06:25:38,2026-09-27 18:22:49
Hanley,GB,United Kingdom,53.0426,-2.1879,Clouds,scattered clouds,17.81,17.32,17.81,17.81,1010,64,1010,994,10000,4.7,31,2026-09-27,17:46:29,2026-09-27 07:02:46,2026-09-27 18:56:47
Tilèya,ML,Mali,15.2789,-1.6978,Clouds,broken clouds,40.33,38.16,40.33,40.33,1005,14,1005,968,10000,3.3,54,2026-09-27,16:46:31,2026-09-27 05:56:07,2026-09-27 17:59:31
Pamplona,PH,Philippines,18.4661,121.3425,Clouds,overcast clouds,25.25,26.23,25.25,25.25,1011,92,1011,1002,10000,1.4,93,2026-09-28,00:46:33,2026-09-28 05:44:24,2026-09-28 17:46:27
Marhaura,IN,India,26.1801,84.9408,Clear,clear sky,26.02,26.02,26.02,26.02,1006,83,1006,999,10000,0.44,2,2026-09-27,22:16:35,2026-09-27 05:40:37,2026-09-27 17:42:05
Schwarzenbruck,DE,Germany,49.35,11.2333,Clear,clear sky,22.55,22.14,17.84,22.55,1020,49,1020,978,10000,2.76,0,2026-09-27,18:46:37,2026-09-27 07:08:24,2026-09-27 19:03:49
Alāwalpur,IN,India,31.4316,75.6561,Clouds,few clouds,25.1,25.6,25.1,25.1,1007,74,1007,980,10000,3.07,15,2026-09-27,22:16:39,2026-09-27 06:18:18,2026-09-27 18:18:40
Pantnagar,IN,India,29.01,79.51,Rain,light rain,21.82,22.49,21.82,21.82,1007,93,1007,980,7548,1.68,37,2026-09-27,22:16:40,2026-09-27 06:02:37,2026-09-27 18:03:31
Sarkad,HU,Hungary,46.74,21.3778,Clear,clear sky,16.65,15.81,16.65,16.65,1025,55,1025,1014,10000,2.58,2,2026-09-27,18:46:42,2026-09-27 06:27:23,2026-09-27 18:23:41
Sukkur,PK,Pakistan,27.6995,68.8673,Clear,clear sky,33.64,31.87,33.64,33.64,1002,23,1002,995,10000,7.48,0,2026-09-27,21:46:44,2026-09-27 06:15:05,2026-09-27 18:16:11
Evensk,RU,Russia,61.9172,159.2335,Clouds,overcast clouds,6.99,4.22,6.99,6.99,1009,85,1009,1008,10000,4.16,100,2026-09-28,03:46:46,2026-09-28 06:20:27,2026-09-28 18:07:20
Beilngries,DE,Germany,49.0331,11.474,Clear,clear sky,19.99,19.43,19.99,19.99,1021,53,1021,964,10000,2.17,0,2026-09-27,18:46:48,2026-09-27 07:07:23,2026-09-27 19:02:54
Yeysk,RU,Russia,46.7111,38.2733,Clouds,overcast clouds,20.92,20.53,20.92,20.92,1018,56,1018,1017,10000,7.93,100,2026-09-27,19:46:50,2026-09-27 06:19:44,2026-09-27 18:16:12
Molina de Segura,ES,Spain,38.0548,-1.2131,Clear,clear sky,27.56,28.82,25.66,28.17,1017,60,1017,990,10000,5.81,2,2026-09-27,18:46:52,2026-09-27 07:56:40,2026-09-27 19:55:05
Amparihy,MG,Madagascar,-24.3833,46.8,Clouds,scattered clouds,19.09,19.33,19.09,19.09,1019,87,1019,950,10000,2.09,43,2026-09-27,19:46:54,2026-09-27 05:37:25,2026-09-27 17:50:20
Bairnsdale,AU,Australia,-37.8275,147.625,Clear,clear sky,5.13,3.86,5.13,5.13,1034,93,1034,1027,10000,1.69,0,2026-09-28,02:46:56,2026-09-28 05:50:26,2026-09-28 18:10:13
Noyabrsk,RU,Russia,63.2017,75.4517,Clouds,overcast clouds,8.96,6.37,8.96,8.96,1030,89,1030,1015,10000,4.79,88,2026-09-27,21:46:57,2026-09-27 05:53:57,2026-09-27 17:44:39
Camajuaní,CU,Cuba,22.4678,-79.7239,Clear,clear sky,28.88,31.94,28.88,28.88,1014,67,1014,1006,10000,2.38,0,2026-09-27,12:46:59,2026-09-27 07:09:02,2026-09-27 19:10:39
Cap-Haïtien,HT,Haiti,19.75,-72.2,Clouds,few clouds,32.03,36.55,32.03,32.03,1014,58,1014,1015,6890,3.6,16,2026-09-27,12:47:01,2026-09-27 06:38:38,2026-09-27 18:40:53
Ābu Road,IN,India,24.285,72.6933,Clear,clear sky,24.58,24.87,24.58,24.58,1009,68,1009,969,10000,1.03,1,2026-09-27,22:17:03,2026-09-27 06:29:26,2026-09-27 18:31:14
Chernomorskoye,UA,Ukraine,45.5031,32.705,Clouds,overcast clouds,18.03,18.13,18.03,18.03,1019,86,1019,1014,9727,7.82,100,2026-09-27,19:47:05,2026-09-27 06:41:52,2026-09-27 18:38:37
Mawlamyine,MM,Burma,16.4847,97.6258,Clouds,overcast clouds,26.43,26.43,26.43,26.43,1004,79,1004,1002,10000,5.84,100,2026-09-27,23:17:06,2026-09-27 05:48:55,2026-09-27 17:52:19
Smyshlyayevka,RU,Russia,53.25,50.5,Clear,clear sky,12.57,11.42,12.57,12.57,1032,59,1032,1024,10000,0.88,0,2026-09-27,20:47:08,2026-09-27 06:31:48,2026-09-27 18:26:21
Cesenatico,IT,Italy,44.2012,12.4007,Clear,clear sky,22.1,21.91,21.17,22.99,1022,59,1022,1021,10000,3.6,0,2026-09-27,18:47:10,2026-09-27 07:02:58,2026-09-27 18:59:54
Elizabethtown,US,United States,37.7031,-85.8773,Clear,clear sky,21.34,20.86,19.87,22.05,1017,51,1017,989,10000,0.0,6,2026-09-27,12:47:12,2026-09-27 07:35:29,2026-09-27 19:33:25
Hillsborough,US,United States,36.0679,-79.0991,Clouds,few clouds,23.52,23.31,22.64,25.89,1009,53,1009,986,10000,0.89,20,2026-09-27,12:47:14,2026-09-27 07:08:09,2026-09-27 19:06:33
Archamps,FR,France,46.1446,6.1294,Clear,clear sky,23.68,23.3,21.78,25.84,1019,46,1019,956,10000,2.57,4,2026-09-27,18:47:16,2026-09-27 07:28:21,2026-09-27 19:24:41
Acquaviva,SM,San Marino,43.95,12.4167,Clear,clear sky,20.13,19.87,19.71,20.79,1022,64,1022,979,10000,2.06,0,2026-09-27,18:47:17,2026-09-27 07:02:52,2026-09-27 18:59:52
Fatwa,IN,India,25.6559,85.4412,Clear,clear sky,26.9,29.61,26.9,26.9,1006,81,1006,1000,10000,1.61,7,2026-09-27,22:17:19,2026-09-27 05:38:33,2026-09-27 17:40:08
Khemis Miliana,DZ,Algeria,36.26,2.2,Clouds,overcast clouds,27.62,28.11,27.62,27.62,1016,51,1016,940,10000,1.61,86,2026-09-27,17:47:21,2026-09-27 06:42:48,2026-09-27 18:41:40
Bhāgalpur,IN,India,25.2428,87.0446,Clouds,broken clouds,27.0,29.55,27.0,27.0,1006,78,1006,1002,10000,2.39,67,2026-09-27,22:17:23,2026-09-27 05:32:06,2026-09-27 17:33:46
Ratba,MA,Morocco,34.8434,-4.9626,Clouds,overcast clouds,25.56,25.16,25.56,25.56,1014,38,1014,945,10000,2.68,85,2026-09-27,17:47:25,2026-09-27 07:11:18,2026-09-27 19:10:27
Shendang,CN,China,30.5783,120.8193,Clouds,broken clouds,23.2,24.11,23.2,23.2,1009,97,1009,1008,10000,1.48,75,2026-09-28,00:47:26,2026-09-28 05:48:03,2026-09-28 17:46:59
Dalnerechensk,RU,Russia,45.9333,133.7333,Clouds,overcast clouds,9.83,9.29,9.83,9.83,1010,93,1010,1000,10000,1.66,100,2026-09-28,02:47:28,2026-09-28 06:58:43,2026-09-28 18:53:02
Tassin-la-Demi-Lune,FR,France,45.7633,4.78,Clouds,scattered clouds,26.35,26.35,25.14,27.36,1017,43,1017,982,10000,5.14,46,2026-09-27,18:47:30,2026-09-27 07:33:42,2026-09-27 19:30:08
Xinsi Zhen,CN,China,34.6503,104.6302,Rain,light rain,13.15,13.05,13.15,13.15,1014,97,1014,778,5386,2.21,100,2026-09-28,00:47:32,2026-09-28 06:53:24,2026-09-28 18:51:07
Catuípe,BR,Brazil,-28.25,-54.0119,Clouds,overcast clouds,22.05,22.61,22.05,22.05,1010,88,1010,974,10000,8.23,98,2026-09-27,13:47:34,2026-09-27 06:19:41,2026-09-27 18:34:21
Kovilpatti,IN,India,9.17,77.87,Clouds,broken clouds,29.73,32.71,29.73,29.73,1010,62,1010,998,10000,4.64,56,2026-09-27,22:17:36,2026-09-27 06:07:14,2026-09-27 18:12:01
Pilar,BR,Brazil,-9.5972,-35.9567,Clouds,broken clouds,24.96,25.42,24.96,24.96,1015,73,1015,1004,10000,5.38,69,2026-09-27,13:47:37,2026-09-27 05:10:21,2026-09-27 17:19:18
Papamoa,NZ,New Zealand,-37.7833,176.3167,Clear,clear sky,4.23,2.3,4.23,6.62,1015,88,1015,1002,10000,2.17,4,2026-09-28,05:47:39,2026-09-28 06:55:48,2026-09-28 19:15:22
Templin,DE,Germany,53.1217,13.5083,Clouds,few clouds,19.5,18.99,19.5,19.5,1022,57,1022,1015,10000,3.41,20,2026-09-27,18:47:41,2026-09-27 06:59:55,2026-09-27 18:54:06
Walla Walla,US,United States,46.0671,-118.3368,Clouds,overcast clouds,8.4,6.24,8.4,11.0,1018,61,1018,985,10000,3.6,100,2026-09-27,09:47:43,2026-09-27 06:46:38,2026-09-27 18:41:53
Vehlen,DE,Germany,52.2664,9.1178,Clouds,broken clouds,23.58,22.93,23.3,23.83,1016,36,1016,1006,10000,4.12,76,2026-09-27,18:47:45,2026-09-27 07:17:21,2026-09-27 19:11:47
La Leonesa,AR,Argentina,-27.05,-58.7167,Clouds,overcast clouds,39.84,44.67,39.84,39.84,1005,34,1005,998,10000,5.98,98,2026-09-27,13:47:47,2026-09-27 06:38:43,2026-09-27 18:52:58
Eccles,GB,United Kingdom,53.476,-2.36,Clouds,scattered clouds,16.4,16.26,15.49,16.77,1009,83,1009,1005,10000,4.71,33,2026-09-27,17:47:48,2026-09-27 07:03:32,2026-09-27 18:57:24
Seabrook,US,United States,29.5751,-95.0235,Clouds,broken clouds,31.0,35.88,29.98,32.25,1014,64,1014,1014,8167,1.79,70,2026-09-27,11:47:50,2026-09-27 07:11:04,2026-09-27 19:10:59
Jaboticatubas,BR,Brazil,-19.5139,-43.745,Clear,clear sky,33.65,32.37,33.55,33.65,1013,27,1013,920,10000,4.89,0,2026-09-27,13:47:52,2026-09-27 05:40:06,2026-09-27 17:51:49
Ar Rudayyif,TN,Tunisia,34.383,8.15,Clear,clear sky,25.92,25.51,25.92,25.92,1018,36,1018,956,10000,2.15,4,2026-09-27,17:47:54,2026-09-27 06:18:46,2026-09-27 18:18:07
Narasapuram,IN,India,16.3961,81.6598,Clouds,broken clouds,27.32,30.13,27.32,27.32,1008,77,1008,1008,10000,3.35,70,2026-09-27,22:17:56,2026-09-27 05:52:47,2026-09-27 17:56:09
Tarbock,GB,United Kingdom,53.374,-2.865,Clouds,scattered clouds,15.89,15.68,15.07,16.51,1010,82,1010,1008,10000,7.2,35,2026-09-27,17:47:58,2026-09-27 07:05:32,2026-09-27 18:59:26
Figuig (Centre),MA,Morocco,32.05,-1.25,Clouds,broken clouds,30.47,28.59,30.47,30.47,1015,19,1015,909,10000,3.85,82,2026-09-27,17:47:59,2026-09-27 06:56:07,2026-09-27 18:55:56
Empedrado,CL,Chile,-35.7333,-72.5333,Clear,clear sky,18.13,17.75,18.13,18.13,1019,67,1019,996,10000,3.5,9,2026-09-27,13:48:01,2026-09-27 07:32:10,2026-09-27 19:50:01
Faratsiho,MG,Madagascar,-19.3997,46.95,Clouds,broken clouds,16.94,16.31,16.94,16.94,1020,62,1020,836,10000,1.64,62,2026-09-27,19:48:03,2026-09-27 05:37:34,2026-09-27 17:48:59
Tanguiéta,BJ,Benin,10.405,0.9425,Clouds,broken clouds,27.14,30.37,27.14,27.14,1009,83,1009,988,10000,3.83,75,2026-09-27,17:48:05,2026-09-27 06:45:03,2026-09-27 18:49:28
Waldfeucht,DE,Germany,51.0667,5.9831,Clouds,overcast clouds,22.92,23.02,21.74,23.97,1015,67,1015,1011,10000,1.68,100,2026-09-27,18:48:07,2026-09-27 07:29:42,2026-09-27 19:24:30
Streetsboro,US,United States,41.2396,-81.3456,Clear,clear sky,20.15,19.55,19.25,21.26,1015,51,1015,979,10000,5.66,0,2026-09-27,12:48:08,2026-09-27 07:17:50,2026-09-27 19:14:50
Kerūr,IN,India,16.0138,75.5463,Clouds,broken clouds,25.98,25.98,25.98,25.98,1011,65,1011,944,10000,5.49,57,2026-09-27,22:18:11,2026-09-27 06:17:12,2026-09-27 18:20:38
Bihār Sharīf,IN,India,25.2574,85.4548,Clouds,few clouds,25.94,26.7,25.94,25.94,1006,81,1006,1000,10000,2.51,14,2026-09-27,22:18:12,2026-09-27 05:38:28,2026-09-27 17:40:07
Saiha,IN,India,22.0529,93.4086,Clouds,few clouds,17.97,18.41,17.97,17.97,1011,99,1011,852,10000,0.85,18,2026-09-27,23:18:14,2026-09-27 06:06:20,2026-09-27 18:08:39
Warangal,IN,India,18.0071,79.3272,Clouds,few clouds,25.23,25.87,25.23,25.23,1010,79,1010,967,10000,1.6,19,2026-09-27,22:18:16,2026-09-27 06:02:16,2026-09-27 18:05:19
Binalbagan,PH,Philippines,10.2,122.8667,Rain,light rain,25.94,26.89,25.94,25.94,1011,88,1011,1003,10000,1.99,78,2026-09-28,00:48:18,2026-09-28 05:37:17,2026-09-28 17:41:22
Ouango,CF,Central African Republic,4.0982,22.4432,Clouds,overcast clouds,21.17,21.9,21.17,21.17,1011,98,1011,963,10000,0.75,100,2026-09-27,17:48:20,2026-09-27 05:18:24,2026-09-27 17:24:09
Luruaco,CO,Colombia,10.6083,-75.1417,Rain,light rain,29.91,35.55,29.91,29.91,1012,73,1012,1002,10000,2.01,100,2026-09-27,11:48:22,2026-09-27 05:49:24,2026-09-27 17:53:39
Inhapim,BR,Brazil,-19.5489,-42.12,Clear,clear sky,33.07,32.55,33.07,33.07,1014,33,1014,944,10000,2.98,0,2026-09-27,13:48:23,2026-09-27 05:33:36,2026-09-27 17:45:20
Jāwad,IN,India,24.5622,74.776,Clouds,few clouds,22.87,23.17,22.87,22.87,1009,75,1009,955,10000,3.88,22,2026-09-27,22:18:25,2026-09-27 06:21:07,2026-09-27 18:22:52
Çine,TR,Turkey,37.6127,28.0591,Clouds,overcast clouds,19.71,19.9,19.71,19.71,1012,83,1012,981,8660,0.22,99,2026-09-27,19:48:27,2026-09-27 06:59:28,2026-09-27 18:58:11
Minoh,JP,Japan,34.8269,135.4704,Rain,heavy intensity rain,21.69,22.5,21.51,22.38,1009,99,1009,992,5265,2.24,100,2026-09-28,01:48:29,2026-09-28 05:50:00,2026-09-28 17:47:51
Vila Franca do Campo,PT,Portugal,37.7167,-25.4333,Clouds,overcast clouds,21.6,21.57,21.23,21.6,1018,67,1018,999,10000,1.7,100,2026-09-27,16:48:31,2026-09-27 07:33:34,2026-09-27 19:31:54
Qiaotou,CN,China,23.0236,114.0927,Clouds,scattered clouds,27.64,31.9,27.64,27.64,1010,85,1010,1004,10000,2.4,32,2026-09-28,00:48:33,2026-09-28 06:13:59,2026-09-28 18:14:51
Okegawa,JP,Japan,35.9821,139.4816,Clouds,overcast clouds,21.12,21.56,21.12,21.77,1010,87,1010,1004,10000,1.14,100,2026-09-28,01:48:35,2026-09-28 05:34:07,2026-09-28 17:31:39
Macusani,PE,Peru,-14.0692,-70.4311,Clouds,scattered clouds,9.51,6.72,9.51,9.51,1022,55,1022,589,5291,5.71,50,2026-09-27,11:48:36,2026-09-27 05:27:35,2026-09-27 17:37:47
Eslāmshahr,IR,Iran,35.6031,51.3097,Clear,clear sky,27.56,26.56,27.08,27.56,1016,24,1016,887,10000,2.06,9,2026-09-27,20:18:38,2026-09-27 05:56:10,2026-09-27 17:55:30
Reynosa,MX,Mexico,26.0922,-98.2778,Clouds,scattered clouds,32.7,38.09,31.56,34.4,1013,58,1013,1008,10000,2.57,44,2026-09-27,11:48:40,2026-09-27 07:23:41,2026-09-27 19:24:24
Weslaco,US,United States,26.1599,-97.9877,Clouds,few clouds,32.98,35.16,31.72,32.98,1013,46,1013,1010,10000,0.0,14,2026-09-27,11:48:42,2026-09-27 07:22:32,2026-09-27 19:23:14
Sangmélima,CM,Cameroon,2.93,11.98,Rain,moderate rain,21.49,22.23,21.49,21.49,1011,97,1011,933,6132,2.09,100,2026-09-27,17:48:44,2026-09-27 06:00:07,2026-09-27 18:06:07
Ladue,US,United States,38.6377,-90.3815,Clouds,overcast clouds,21.93,21.77,19.23,22.77,1019,61,1019,998,4777,2.57,99,2026-09-27,11:48:46,2026-09-27 06:53:38,2026-09-27 18:51:18
Bålsta,SE,Sweden,59.5512,17.5041,Clouds,few clouds,13.03,12.48,13.03,13.03,1026,80,1026,1023,10000,2.91,13,2026-09-27,18:48:48,2026-09-27 06:45:14,2026-09-27 18:36:50
Ouled Moussa,DZ,Algeria,36.4334,3.4272,Clouds,overcast clouds,23.32,23.2,23.32,23.32,1017,57,1017,952,10000,1.12,94,2026-09-27,17:48:50,2026-09-27 06:37:54,2026-09-27 18:36:44
Meekatharra,AU,Australia,-26.5931,118.4911,Clouds,broken clouds,18.97,18.54,18.97,18.97,1015,62,1015,958,10000,2.09,73,2026-09-28,00:48:52,2026-09-28 05:49:23,2026-09-28 18:04:16
Ivovets,RU,Russia,58.8833,40.25,Rain,light rain,10.55,10.22,10.55,10.55,1027,98,1027,1006,10000,3.74,47,2026-09-27,19:48:54,2026-09-27 06:13:57,2026-09-27 18:06:11
Trenton,US,United States,39.4792,-84.462,Clear,clear sky,21.32,20.89,20.65,22.38,1018,53,1018,987,10000,3.09,0,2026-09-27,12:48:55,2026-09-27 07:30:04,2026-09-27 19:27:32
Paris,US,United States,38.2016,-84.2718,Clear,clear sky,21.07,20.59,20.22,21.79,1017,52,1017,985,10000,3.39,0,2026-09-27,12:48:57,2026-09-27 07:29:08,2026-09-27 19:26:56
Sutton,CA,Canada,44.3,-79.4333,Clouds,broken clouds,19.43,19.0,18.94,20.16,1016,60,1016,988,10000,3.61,73,2026-09-27,12:48:59,2026-09-27 07:10:37,2026-09-27 19:06:45
Cunene Province,AO,Angola,-16.7467,14.9747,Clouds,few clouds,31.09,29.04,31.09,31.09,1007,16,1007,890,10000,1.51,19,2026-09-27,17:49:01,2026-09-27 05:45:46,2026-09-27 17:56:31
Izyaslav,UA,Ukraine,50.1167,26.8,Clouds,few clouds,13.83,13.15,13.83,13.83,1027,72,1027,997,10000,2.24,13,2026-09-27,19:49:03,2026-09-27 07:06:11,2026-09-27 19:01:31
Krnov,CZ,Czechia,50.0897,17.7039,Clear,clear sky,16.79,16.43,16.79,16.93,1026,73,1026,979,10000,1.72,0,2026-09-27,18:49:04,2026-09-27 06:42:36,2026-09-27 18:37:51
Bislig,PH,Philippines,8.2133,126.3161,Clouds,broken clouds,24.25,25.26,24.25,24.25,1012,97,1012,1000,10000,1.93,76,2026-09-28,00:49:06,2026-09-28 05:23:15,2026-09-28 17:27:49
Roquevaire,FR,France,43.3494,5.6047,Clear,clear sky,24.34,24.29,24.26,26.03,1020,56,1020,980,10000,3.05,3,2026-09-27,18:49:08,2026-09-27 07:30:04,2026-09-27 19:27:10
Jalpāiguri,IN,India,26.4841,88.5677,Clouds,broken clouds,26.4,26.4,26.4,26.4,1006,79,1006,995,10000,1.15,58,2026-09-27,22:19:10,2026-09-27 05:26:08,2026-09-27 17:27:34
Camabatela,AO,Angola,-7.6929,15.6525,Rain,light rain,19.54,19.87,19.54,19.54,1012,89,1012,889,10000,2.86,96,2026-09-27,17:49:12,2026-09-27 05:44:14,2026-09-27 17:52:38
Paliā Kalān,IN,India,28.45,80.5833,Clouds,overcast clouds,22.77,23.53,22.77,22.77,1007,93,1007,986,10000,2.94,93,2026-09-27,22:19:14,2026-09-27 05:58:16,2026-09-27 17:59:17
Iturama,BR,Brazil,-19.7278,-50.1958,Clear,clear sky,38.34,37.11,38.34,38.34,1010,20,1010,960,10000,5.22,0,2026-09-27,13:49:15,2026-09-27 06:05:52,2026-09-27 18:17:40
Chivacoa,VE,Venezuela,10.16,-68.9097,Rain,moderate rain,25.63,26.23,25.63,25.63,1014,76,1014,928,2942,2.42,77,2026-09-27,12:49:17,2026-09-27 06:24:25,2026-09-27 18:28:46
Rāja Sānsi,IN,India,31.7453,74.783,Clouds,few clouds,25.99,25.99,25.99,25.99,1008,78,1008,981,10000,3.6,11,2026-09-27,22:19:19,2026-09-27 06:21:49,2026-09-27 18:22:07
Sehore,IN,India,23.2,77.08,Clouds,broken clouds,23.14,23.73,23.14,23.14,1010,85,1010,952,10000,2.79,78,2026-09-27,22:19:21,2026-09-27 06:11:46,2026-09-27 18:13:48
Saint-Nicolas,BE,Belgium,50.6302,5.5373,Clouds,overcast clouds,23.2,22.96,22.45,23.6,1016,53,1016,997,10000,3.6,96,2026-09-27,18:49:23,2026-09-27 07:31:25,2026-09-27 19:26:21
Toulouse,FR,France,43.6044,1.4433,Clouds,overcast clouds,24.99,25.03,24.99,26.89,1016,57,1016,999,10000,6.69,96,2026-09-27,18:49:25,2026-09-27 07:46:45,2026-09-27 19:43:45
San Miguel,EC,Ecuador,-1.7083,-79.0419,Rain,light rain,16.82,16.67,16.82,16.82,1017,81,1017,772,3653,3.06,49,2026-09-27,11:49:26,2026-09-27 06:03:36,2026-09-27 18:10:39
Kandy,LK,Sri Lanka,7.365,80.6172,Clouds,broken clouds,22.83,23.7,22.83,22.83,1013,97,1013,951,10000,1.0,71,2026-09-27,22:19:28,2026-09-27 05:56:04,2026-09-27 18:01:12
Wallasey,GB,United Kingdom,53.4239,-3.0531,Rain,light rain,15.68,15.47,15.27,16.72,1010,83,1010,1009,10000,7.2,38,2026-09-27,17:49:30,2026-09-27 07:06:18,2026-09-27 19:00:10
Colombo,BR,Brazil,-25.2919,-49.2239,Clear,clear sky,25.12,25.36,24.35,26.2,1017,64,1017,905,10000,4.12,0,2026-09-27,13:49:32,2026-09-27 06:01:05,2026-09-27 18:14:40
Berezan',UA,Ukraine,50.3197,31.47,Clear,clear sky,13.63,12.85,13.63,13.63,1027,69,1027,1014,10000,3.11,0,2026-09-27,19:49:34,2026-09-27 06:47:31,2026-09-27 18:42:50
Siklós,HU,Hungary,45.8519,18.2986,Clouds,overcast clouds,18.87,18.43,18.61,19.32,1024,62,1024,1011,10000,0.7,99,2026-09-27,18:49:36,2026-09-27 06:39:35,2026-09-27 18:36:07
Seapatrick,GB,United Kingdom,54.349,-6.27,Clear,clear sky,14.42,13.8,14.42,14.42,1009,72,1009,1003,10000,4.42,6,2026-09-27,17:49:37,2026-09-27 07:19:21,2026-09-27 19:12:51
Ishimbay,RU,Russia,53.45,56.0333,Clear,clear sky,11.26,10.35,11.26,11.26,1033,73,1033,1013,10000,2.01,7,2026-09-27,21:49:39,2026-09-27 07:09:40,2026-09-27 19:04:14
Chahuite,MX,Mexico,16.3,-94.2,Rain,light rain,28.08,31.99,28.08,28.08,1013,78,1013,1008,6960,1.66,99,2026-09-27,10:49:41,2026-09-27 06:06:16,2026-09-27 18:09:12
Livingston,GB,United Kingdom,55.8834,-3.5157,Clear,clear sky,11.18,10.81,10.85,12.05,1005,94,1005,981,10000,5.14,3,2026-09-27,17:49:43,2026-09-27 07:08:38,2026-09-27 19:01:33
Ichchāpuram,IN,India,19.1492,84.7025,Clouds,overcast clouds,26.18,26.18,26.18,26.18,1008,81,1008,1002,10000,1.72,100,2026-09-27,22:19:45,2026-09-27 05:40:53,2026-09-27 17:43:43
Jinan,CN,China,36.6667,116.9833,Clouds,overcast clouds,23.22,23.29,23.22,23.22,1011,65,1011,1000,10000,1.74,100,2026-09-28,00:49:46,2026-09-28 06:04:16,2026-09-28 18:01:27
Siyabuswa,ZA,South Africa,-25.298,28.954,Clouds,broken clouds,25.44,24.72,25.44,25.44,1010,26,1010,863,10000,0.87,62,2026-09-27,18:49:48,2026-09-27 05:48:36,2026-09-27 18:01:53
Ovidiopol,UA,Ukraine,46.2667,30.4333,Clouds,few clouds,18.37,17.8,18.37,18.37,1022,59,1022,1019,10000,6.18,17,2026-09-27,19:49:50,2026-09-27 06:51:04,2026-09-27 18:47:35
Iasi,RO,Romania,47.1622,27.5889,Clouds,scattered clouds,17.43,16.51,16.51,18.42,1026,49,1026,1010,10000,3.6,31,2026-09-27,19:49:52,2026-09-27 07:02:35,2026-09-27 18:58:49
Gunbarrel,US,United States,40.0632,-105.1713,Clouds,scattered clouds,25.42,24.88,23.55,26.99,1016,33,1016,843,10000,2.06,27,2026-09-27,10:49:54,2026-09-27 06:53:02,2026-09-27 18:50:11
Ellon,GB,United Kingdom,57.366,-2.086,Rain,moderate rain,14.25,14.18,11.38,14.25,1000,94,1000,991,2225,5.14,100,2026-09-27,17:49:56,2026-09-27 07:03:13,2026-09-27 18:55:32
Takefu,JP,Japan,35.9035,136.1687,Rain,light rain,21.09,21.74,21.09,21.09,1008,95,1008,982,10000,3.34,100,2026-09-28,01:45:27,2026-09-28 05:47:22,2026-09-28 17:44:54
Château-Thierry,FR,France,49.0464,3.4031,Clouds,overcast clouds,23.43,23.24,23.43,23.43,1016,54,1016,997,10000,1.78,94,2026-09-27,18:49:59,2026-09-27 07:39:42,2026-09-27 19:35:08
Manavālakurichi,IN,India,8.1242,77.3178,Clear,clear sky,27.53,33.48,27.53,27.53,1011,98,1011,1010,10000,5.18,0,2026-09-27,22:20:01,2026-09-27 06:09:21,2026-09-27 18:14:19
Lakhnā,IN,India,26.65,79.15,Clear,clear sky,22.22,23.0,22.22,22.22,1007,96,1007,990,10000,2.02,4,2026-09-27,22:20:03,2026-09-27 06:03:50,2026-09-27 18:05:11
Sarai Alamgir,PK,Pakistan,32.9,73.75,Clear,clear sky,27.16,28.21,27.16,27.16,1006,59,1006,978,10000,3.3,0,2026-09-27,21:50:05,2026-09-27 05:56:05,2026-09-27 17:56:08
Tutzing,DE,Germany,47.9089,11.2814,Clouds,few clouds,17.15,16.72,17.15,21.96,1020,69,1020,953,6663,2.57,15,2026-09-27,18:50:07,2026-09-27 07:07:59,2026-09-27 19:03:51
Villagrán,MX,Mexico,20.5111,-100.9964,Clouds,broken clouds,24.79,24.55,24.79,24.79,1015,47,1015,830,10000,2.85,59,2026-09-27,10:50:09,2026-09-27 06:33:55,2026-09-27 18:35:54
Sāmba,IN,India,32.5624,75.1199,Clear,clear sky,24.75,25.0,24.75,24.75,1008,66,1008,965,10000,1.83,4,2026-09-27,22:20:11,2026-09-27 06:20:33,2026-09-27 18:20:41
Bocas del Toro,PA,Panama,9.3333,-82.25,Rain,light rain,27.51,30.91,27.51,27.51,1014,80,1014,1018,6943,2.93,99,2026-09-27,11:45:32,2026-09-27 06:17:41,2026-09-27 18:22:12
Vaniyambadi,IN,India,12.6962,78.6227,Clouds,broken clouds,29.82,32.88,29.82,29.82,1011,62,1011,950,10000,1.52,83,2026-09-27,22:20:14,2026-09-27 06:04:34,2026-09-27 18:08:39
Villa Ojo de Agua,AR,Argentina,-29.5019,-63.6925,Clear,clear sky,32.72,33.15,32.72,32.72,1004,39,1004,945,10000,4.83,0,2026-09-27,13:50:16,2026-09-27 06:58:09,2026-09-27 19:13:20
Ifrane,MA,Morocco,33.1735,-5.4713,Rain,light rain,23.39,22.99,23.39,23.39,1017,46,1017,901,10000,1.43,100,2026-09-27,17:50:18,2026-09-27 07:13:08,2026-09-27 19:12:41
Arrondissement de Poitiers,FR,France,46.5975,0.3492,Clouds,overcast clouds,26.03,26.03,26.03,27.72,1016,50,1016,1002,10000,3.09,100,2026-09-27,18:50:20,2026-09-27 07:51:33,2026-09-27 19:47:42
Javānrūd,IR,Iran,34.7153,46.6533,Clear,clear sky,24.53,23.64,24.53,24.53,1014,23,1014,832,10000,1.3,0,2026-09-27,20:20:21,2026-09-27 06:14:43,2026-09-27 18:14:13
Iona,US,United States,26.516,-81.9601,Clouds,overcast clouds,27.73,29.37,27.02,28.92,1013,63,1013,1013,10000,3.09,100,2026-09-27,12:50:23,2026-09-27 07:18:27,2026-09-27 19:19:08
Bouillenne,BE,Belgium,50.6167,5.6833,Clouds,overcast clouds,22.49,22.26,21.61,22.75,1016,56,1016,996,10000,3.6,96,2026-09-27,18:50:25,2026-09-27 07:30:50,2026-09-27 19:25:46
Jalor,IN,India,25.117,72.66,Clear,clear sky,27.2,28.42,27.2,27.2,1008,61,1008,985,10000,3.22,0,2026-09-27,22:20:27,2026-09-27 06:29:38,2026-09-27 18:31:17
Piraí,BR,Brazil,-22.6287,-43.8982,Clouds,few clouds,26.72,28.26,26.72,26.72,1016,68,1016,968,10000,3.3,18,2026-09-27,13:50:29,2026-09-27 05:40:14,2026-09-27 17:52:55
Balagtas,PH,Philippines,11.1469,124.4733,Rain,light rain,24.37,25.13,24.37,24.37,1011,87,1011,1005,10000,1.34,35,2026-09-28,00:50:31,2026-09-28 05:30:59,2026-09-28 17:34:50
Campinas,BR,Brazil,-22.9009,-47.0573,Clear,clear sky,31.18,32.33,30.0,32.52,1014,47,1014,941,10000,2.57,0,2026-09-27,13:50:33,2026-09-27 05:52:49,2026-09-27 18:05:36
Občina Žalec,SI,Slovenia,46.2516,15.1674,Clear,clear sky,17.31,16.95,15.71,17.63,1024,71,1024,984,10000,0.77,2,2026-09-27,18:50:34,2026-09-27 06:52:11,2026-09-27 18:48:34
Deacons,BB,Barbados,13.0975,-59.6167,Rain,light rain,29.3,36.3,29.3,29.3,1013,84,1013,1012,10000,9.26,51,2026-09-27,12:50:36,2026-09-27 05:47:34,2026-09-27 17:51:18
Zhukovo,RU,Russia,55.0333,36.75,Clouds,broken clouds,14.18,13.56,14.18,14.18,1029,73,1029,1010,10000,1.95,68,2026-09-27,19:50:38,2026-09-27 06:27:11,2026-09-27 18:20:57
Panjiang,CN,China,23.9625,103.1836,Clouds,broken clouds,21.66,22.28,21.66,21.66,1009,92,1009,846,10000,2.62,67,2026-09-28,00:50:40,2026-09-28 06:57:45,2026-09-28 18:58:21
Jirja,EG,Egypt,26.3383,31.8917,Clouds,broken clouds,37.12,35.2,37.12,37.12,1011,18,1011,997,10000,5.66,59,2026-09-27,19:50:42,2026-09-27 06:42:53,2026-09-27 18:44:06
Longueuil,CA,Canada,45.5333,-73.5167,Clouds,overcast clouds,18.84,18.37,18.07,19.56,1017,61,1017,1013,10000,6.69,100,2026-09-27,12:50:44,2026-09-27 06:47:07,2026-09-27 18:42:55
Borjomi,GE,Georgia,41.8417,43.3828,Clouds,overcast clouds,16.13,15.86,16.13,16.13,1017,79,1017,907,10000,2.22,99,2026-09-27,20:50:45,2026-09-27 06:58:38,2026-09-27 18:56:26
Xinji,CN,China,38.0584,115.2891,Clouds,overcast clouds,21.61,21.31,21.61,21.61,1012,57,1012,1008,10000,1.32,100,2026-09-28,00:50:47,2026-09-28 06:11:15,2026-09-28 18:08:01
Williamsburg,CA,Canada,44.9167,-75.2667,Clouds,overcast clouds,20.47,20.03,20.47,20.47,1015,56,1015,1006,10000,7.17,91,2026-09-27,12:50:49,2026-09-27 06:54:02,2026-09-27 18:50:01
Malkajgiri,IN,India,17.4483,78.5292,Clear,clear sky,23.99,24.48,23.99,25.49,1012,78,1012,948,10000,0.51,7,2026-09-27,22:20:51,2026-09-27 06:05:25,2026-09-27 18:08:34
Chaclacayo,PE,Peru,-12.0139,-76.825,Clear,clear sky,19.63,19.27,19.63,20.57,1016,62,1016,926,10000,4.77,8,2026-09-27,11:50:53,2026-09-27 05:53:25,2026-09-27 18:03:05
Harvey,US,United States,29.8876,-90.0666,Clouds,overcast clouds,29.48,31.87,27.99,30.56,1015,60,1015,1014,10000,4.63,96,2026-09-27,11:50:55,2026-09-27 06:51:16,2026-09-27 18:51:08
Ezbet el-Burg,EG,Egypt,31.5031,31.8411,Clouds,few clouds,27.77,28.2,27.77,27.77,1013,50,1013,1013,10000,0.95,13,2026-09-27,19:50:56,2026-09-27 06:43:38,2026-09-27 18:43:45
Dillingen an der Donau,DE,Germany,48.5769,10.4939,Clear,clear sky,20.99,20.61,20.99,20.99,1020,56,1020,968,10000,1.9,0,2026-09-27,18:50:58,2026-09-27 07:11:14,2026-09-27 19:06:53
Pine Ridge,US,United States,28.933,-82.4761,Clouds,broken clouds,27.34,27.89,26.55,28.86,1014,52,1014,1011,10000,2.57,79,2026-09-27,12:51:00,2026-09-27 07:20:47,2026-09-27 19:20:55
Pilibangan,IN,India,29.45,74.08,Clouds,broken clouds,29.62,30.65,29.62,29.62,1005,51,1005,984,10000,7.42,53,2026-09-27,22:21:02,2026-09-27 06:24:24,2026-09-27 18:25:10
Tirur,IN,India,10.9267,75.9033,Clouds,few clouds,27.56,31.82,27.56,27.56,1011,86,1011,1008,10000,1.87,12,2026-09-27,22:21:04,2026-09-27 06:15:17,2026-09-27 18:19:42
Thorndale,US,United States,40.0014,-75.7619,Rain,light rain,15.65,15.75,14.74,16.54,1002,95,1002,979,8154,7.2,100,2026-09-27,12:51:06,2026-09-27 06:55:18,2026-09-27 18:52:42
Keystone,US,United States,28.1312,-82.5999,Clouds,overcast clouds,27.76,28.1,26.59,28.96,1014,49,1014,1013,10000,0.45,98,2026-09-27,12:51:08,2026-09-27 07:21:11,2026-09-27 19:21:30
Laspra,ES,Spain,43.56,-5.976,Clouds,overcast clouds,20.24,20.57,19.81,21.4,1016,86,1016,1015,10000,0.51,100,2026-09-27,18:51:09,2026-09-27 08:16:27,2026-09-27 20:13:24
Leopoldina,BR,Brazil,-21.5319,-42.6428,Clear,clear sky,31.2,32.18,31.2,31.2,1014,46,1014,980,10000,3.12,0,2026-09-27,13:51:11,2026-09-27 05:35:23,2026-09-27 17:47:44
Dana Point,US,United States,33.4733,-117.6967,Clouds,overcast clouds,23.46,23.92,22.42,25.67,1012,79,1012,1011,10000,1.8,100,2026-09-27,09:51:13,2026-09-27 06:42:17,2026-09-27 18:41:07
Bestwig,DE,Germany,51.3667,8.4,Clouds,few clouds,20.43,19.78,20.43,20.43,1017,48,1017,970,10000,4.23,21,2026-09-27,18:51:15,2026-09-27 07:20:04,2026-09-27 19:14:48
Oadby,GB,United Kingdom,52.5987,-1.0763,Clouds,overcast clouds,17.26,17.29,17.2,18.42,1010,86,1010,998,10000,5.48,92,2026-09-27,17:51:17,2026-09-27 06:58:14,2026-09-27 18:52:26
Saltpond,GH,Ghana,5.1667,-1.1167,Clouds,overcast clouds,24.89,25.6,24.89,24.89,1011,83,1011,1011,10000,7.18,99,2026-09-27,16:51:19,2026-09-27 05:52:44,2026-09-27 17:58:15
Mokumbano,CD,Congo (Kinshasa),2.3744,20.5219,Clouds,overcast clouds,22.83,23.7,22.83,22.83,1011,97,1011,971,10000,1.5,100,2026-09-27,17:51:21,2026-09-27 05:25:54,2026-09-27 17:32:01
Shiqiao,CN,China,22.8869,113.4563,Clouds,scattered clouds,28.02,31.55,28.02,28.02,1009,76,1009,1010,10000,3.46,27,2026-09-28,00:51:23,2026-09-28 06:16:30,2026-09-28 18:17:25
Indi,IN,India,17.17,75.96,Clouds,scattered clouds,29.99,30.58,29.99,29.99,1009,47,1009,957,10000,1.96,43,2026-09-27,22:21:25,2026-09-27 06:15:40,2026-09-27 18:18:52
Souk Ahras,DZ,Algeria,36.2864,7.9511,Clear,clear sky,22.4,21.92,22.4,22.4,1019,47,1019,937,10000,2.67,0,2026-09-27,17:51:27,2026-09-27 06:19:47,2026-09-27 18:18:41
Neuhückeswagen,DE,Germany,51.145,7.3417,Clouds,broken clouds,21.49,21.1,21.49,21.49,1016,54,1016,983,10000,3.99,61,2026-09-27,18:51:28,2026-09-27 07:24:16,2026-09-27 19:19:04
San Pedro,AR,Argentina,-33.6794,-59.6669,Rain,light rain,17.19,17.24,17.19,17.19,1011,87,1011,1009,10000,4.42,100,2026-09-27,13:51:30,2026-09-27 06:41:12,2026-09-27 18:58:04
Barbalha,BR,Brazil,-7.3111,-39.3042,Clear,clear sky,34.89,33.77,34.89,34.89,1012,26,1012,938,10000,2.57,0,2026-09-27,13:51:32,2026-09-27 05:24:01,2026-09-27 17:32:24
Beitbridge,ZW,Zimbabwe,-22.2167,30.0,Clear,clear sky,31.89,29.88,31.89,31.89,1009,20,1009,958,10000,3.95,0,2026-09-27,18:51:34,2026-09-27 05:44:55,2026-09-27 17:57:12
Malmesbury,ZA,South Africa,-33.45,18.7333,Clear,clear sky,14.88,13.89,14.88,14.88,1021,56,1021,1001,10000,5.26,5,2026-09-27,18:51:36,2026-09-27 06:27:57,2026-09-27 18:44:16
Futrono,CL,Chile,-40.1333,-72.4,Rain,light rain,14.82,14.52,14.82,14.82,1017,83,1017,977,7387,0.84,69,2026-09-27,13:51:38,2026-09-27 07:30:33,2026-09-27 19:50:34
Nara,JP,Japan,34.685,135.8048,Rain,light rain,21.94,22.64,21.94,24.04,1010,94,1010,995,10000,0.81,98,2026-09-28,01:51:40,2026-09-28 05:48:39,2026-09-28 17:46:32
Tambovka,RU,Russia,50.0981,128.0506,Clouds,overcast clouds,5.97,4.59,5.97,5.97,1011,89,1011,990,10000,1.91,97,2026-09-28,01:51:41,2026-09-28 06:22:16,2026-09-28 18:14:56
City of Taguig,PH,Philippines,14.5278,121.0764,Rain,light rain,28.74,34.23,28.42,29.03,1012,81,1012,1009,10000,1.54,100,2026-09-28,00:51:43,2026-09-28 05:44:59,2026-09-28 17:48:00
Lautoka,FJ,Fiji,-17.6242,177.4528,Clear,clear sky,19.63,19.42,19.63,19.63,1019,68,1019,1006,10000,5.66,4,2026-09-28,04:51:45,2026-09-28 05:55:16,2026-09-28 18:06:48
Magugpo Poblacion,PH,Philippines,7.449,125.8122,Clouds,broken clouds,26.28,26.28,26.28,26.28,1012,94,1012,1008,10000,1.02,55,2026-09-28,00:49:11,2026-09-28 05:25:10,2026-09-28 17:29:56
Cho Dok,VN,Vietnam,10.6894,105.1114,Clouds,overcast clouds,26.49,26.49,26.49,26.49,1011,83,1011,1010,10000,2.55,100,2026-09-27,23:51:49,2026-09-27 05:48:26,2026-09-27 17:52:57
Salford,GB,United Kingdom,53.483,-2.2931,Clouds,scattered clouds,16.2,16.04,15.39,16.53,1009,83,1009,1004,10000,4.45,35,2026-09-27,17:51:50,2026-09-27 07:03:16,2026-09-27 18:57:08
Ruma,RS,Serbia,45.0031,19.8289,Clouds,broken clouds,20.35,19.98,20.35,20.35,1024,59,1024,1010,10000,1.68,69,2026-09-27,18:51:52,2026-09-27 06:33:21,2026-09-27 18:30:07
Fountain Valley,US,United States,33.696,-118.0018,Clouds,overcast clouds,23.44,24.16,22.68,25.11,1012,89,1012,1014,10000,2.06,97,2026-09-27,09:51:54,2026-09-27 06:43:32,2026-09-27 18:42:18
Derventa,BA,Bosnia and Herzegovina,44.98,17.91,Clouds,scattered clouds,18.09,17.63,18.09,18.09,1024,64,1024,1006,10000,1.83,50,2026-09-27,18:51:56,2026-09-27 06:41:01,2026-09-27 18:37:47
Longonjo,AO,Angola,-12.35,14.7667,Clouds,overcast clouds,23.36,23.37,23.36,23.36,1012,62,1012,885,10000,1.47,99,2026-09-27,17:51:58,2026-09-27 05:47:11,2026-09-27 17:56:46
Sapa,PH,Philippines,5.1861,120.4981,Clouds,overcast clouds,28.32,32.08,28.32,28.32,1011,75,1011,1011,10000,4.93,98,2026-09-28,00:52:00,2026-09-28 05:46:08,2026-09-28 17:51:28
Bac Lieu,VN,Vietnam,9.4489,105.4547,Rain,light rain,25.7,26.62,25.7,25.7,1012,88,1012,1011,10000,2.87,100,2026-09-27,23:52:02,2026-09-27 05:46:56,2026-09-27 17:51:42
Ibiza Town,ES,Spain,38.9089,1.4328,Clouds,overcast clouds,26.63,26.63,26.63,26.9,1017,76,1017,1006,10000,4.63,98,2026-09-27,18:52:03,2026-09-27 07:46:11,2026-09-27 19:44:25
Little Falls,US,United States,45.9862,-94.3586,Clouds,overcast clouds,17.95,18.18,17.03,18.33,1020,91,1020,978,10000,1.54,100,2026-09-27,11:52:05,2026-09-27 07:10:38,2026-09-27 19:06:06
Edessa,GR,Greece,40.798,21.9293,Clouds,few clouds,18.34,17.33,18.34,18.77,1021,42,1021,897,10000,0.58,21,2026-09-27,19:52:07,2026-09-27 07:24:23,2026-09-27 19:22:17
Jarabacoa,DO,Dominican Republic,19.1197,-70.6383,Rain,moderate rain,30.97,36.64,30.97,30.97,1016,67,1016,923,3152,0.52,54,2026-09-27,12:52:09,2026-09-27 06:32:19,2026-09-27 18:34:42
Maní,CO,Colombia,4.8181,-72.2811,Clouds,broken clouds,30.65,34.83,30.65,30.65,1012,63,1012,992,10000,2.23,83,2026-09-27,11:52:11,2026-09-27 05:37:19,2026-09-27 17:42:51
Bluffton,US,United States,40.7424,-85.173,Clear,clear sky,20.01,19.69,19.96,20.65,1019,62,1019,989,10000,1.34,0,2026-09-27,12:52:13,2026-09-27 07:33:05,2026-09-27 19:30:12
Feldbach,AT,Austria,46.955,15.8883,Clouds,overcast clouds,19.36,18.81,15.41,19.36,1024,56,1024,987,10000,2.07,89,2026-09-27,18:52:14,2026-09-27 06:49:24,2026-09-27 18:45:35
Joutseno,FI,Finland,61.1182,28.5082,Clear,clear sky,11.03,10.09,11.03,11.03,1026,73,1026,1017,10000,4.59,0,2026-09-27,19:52:16,2026-09-27 07:01:31,2026-09-27 18:52:32
Navojoa,MX,Mexico,27.05,-109.4167,Clouds,overcast clouds,30.99,36.69,30.99,30.99,1011,67,1011,1005,10000,1.62,99,2026-09-27,09:52:18,2026-09-27 06:08:22,2026-09-27 18:08:49
Bilibino,RU,Russia,68.05,166.45,Snow,light snow,0.58,-1.86,0.58,0.58,1011,99,1011,977,86,2.07,100,2026-09-28,04:52:20,2026-09-28 06:54:06,2026-09-28 18:35:58
Nyala,SD,Sudan,12.05,24.8833,Rain,light rain,29.87,29.43,29.87,29.87,1009,39,1009,937,10000,2.28,90,2026-09-27,18:52:22,2026-09-27 06:09:28,2026-09-27 18:13:34
Lugang,TW,Taiwan,23.9667,120.35,Clouds,scattered clouds,27.06,29.68,27.06,27.06,1010,78,1010,1010,10000,5.33,25,2026-09-28,00:52:24,2026-09-28 05:49:04,2026-09-28 17:49:44
Pagudpud,PH,Philippines,18.5614,120.7878,Clouds,broken clouds,26.03,26.03,26.03,26.03,1011,86,1011,988,10000,2.59,82,2026-09-28,00:52:25,2026-09-28 05:46:38,2026-09-28 17:48:39
Nangavalli,IN,India,11.7939,77.9225,Clouds,broken clouds,29.74,32.34,29.74,29.74,1011,60,1011,973,10000,1.23,52,2026-09-27,22:22:27,2026-09-27 06:07:17,2026-09-27 18:11:33
Santa Maria da Vitória,BR,Brazil,-13.8289,-44.4539,Clear,clear sky,37.49,35.3,37.49,37.49,1010,16,1010,932,10000,5.28,0,2026-09-27,13:52:29,2026-09-27 05:43:45,2026-09-27 17:53:51
Istaravshan,TJ,Tajikistan,39.8842,69.18,Clouds,scattered clouds,13.73,12.31,13.73,13.73,1020,44,1020,888,10000,0.64,37,2026-09-27,21:52:31,2026-09-27 06:15:08,2026-09-27 18:13:37
Quimper,FR,France,47.9958,-4.0978,Rain,light rain,18.47,18.38,18.47,18.47,1016,77,1016,1008,8593,3.6,100,2026-09-27,18:52:33,2026-09-27 08:09:34,2026-09-27 20:05:15
Paulo Ramos,BR,Brazil,-4.22,-45.0389,Clear,clear sky,40.44,41.44,40.44,40.44,1008,24,1008,1004,10000,1.77,5,2026-09-27,13:52:35,2026-09-27 05:47:19,2026-09-27 17:54:57
Courcouronnes,FR,France,48.6181,2.4069,Clouds,overcast clouds,26.19,26.19,24.59,27.0,1016,49,1016,1006,10000,4.12,99,2026-09-27,18:52:36,2026-09-27 07:43:38,2026-09-27 19:39:11
Rio Formoso,BR,Brazil,-8.6639,-35.1589,Rain,light rain,28.39,30.85,28.39,28.39,1014,66,1014,1007,10000,4.78,38,2026-09-27,13:52:38,2026-09-27 05:07:16,2026-09-27 17:15:59
Tlachichilco,MX,Mexico,20.62,-98.3,Rain,light rain,27.11,28.22,27.11,27.11,1015,60,1015,915,9695,1.46,46,2026-09-27,10:52:40,2026-09-27 06:23:09,2026-09-27 18:25:07
Lohmar,DE,Germany,50.8415,7.2166,Clouds,scattered clouds,24.62,24.36,22.31,25.93,1016,47,1016,1005,10000,3.09,34,2026-09-27,18:52:42,2026-09-27 07:24:43,2026-09-27 19:19:37
Renala Khurd,PK,Pakistan,30.8783,73.5958,Clouds,few clouds,29.19,28.03,29.19,29.19,1005,30,1005,984,10000,5.78,20,2026-09-27,21:52:44,2026-09-27 05:56:29,2026-09-27 17:56:57
Jaynagar,IN,India,26.5609,86.0247,Clear,clear sky,24.93,25.67,24.93,24.93,1006,84,1006,999,10000,3.04,6,2026-09-27,22:22:46,2026-09-27 05:36:19,2026-09-27 17:37:43
Arāria,IN,India,26.1346,87.4654,Clouds,few clouds,27.11,29.31,27.11,27.11,1006,73,1006,999,10000,1.96,22,2026-09-27,22:22:47,2026-09-27 05:30:30,2026-09-27 17:32:00
Ankang,CN,China,32.6877,109.0235,Rain,light rain,22.66,23.44,22.66,22.66,1009,94,1009,955,10000,1.17,100,2026-09-28,00:52:49,2026-09-28 06:35:33,2026-09-28 18:33:50
Coffeyville,US,United States,37.0519,-95.618,Clouds,broken clouds,23.05,23.45,23.05,25.19,1016,78,1016,988,10000,4.63,80,2026-09-27,11:52:51,2026-09-27 07:14:23,2026-09-27 19:12:26
College Park,US,United States,33.6696,-84.4701,Clear,clear sky,24.82,24.43,22.73,26.73,1014,41,1014,982,10000,2.06,0,2026-09-27,12:52:53,2026-09-27 07:29:20,2026-09-27 19:28:19
Tyre,LB,Lebanon,33.2092,35.2992,Clear,clear sky,24.85,25.19,24.85,24.85,1014,69,1014,1004,10000,1.2,10,2026-09-27,19:52:55,2026-09-27 06:29:59,2026-09-27 18:29:45
Nanchital de Lázaro Cárdenas del Río,MX,Mexico,18.0637,-94.3865,Clouds,overcast clouds,30.17,35.97,30.17,30.17,1013,72,1013,1011,10000,0.8,93,2026-09-27,10:52:57,2026-09-27 06:07:12,2026-09-27 18:09:45
Kongoussi,BF,Burkina Faso,13.2136,-1.6311,Clouds,broken clouds,30.62,32.57,30.62,30.62,1007,53,1007,971,10000,6.77,75,2026-09-27,16:52:59,2026-09-27 05:55:39,2026-09-27 17:59:28
Banda Aceh,ID,Indonesia,5.55,95.3175,Clouds,overcast clouds,26.89,29.24,26.89,26.89,1012,77,1012,1004,10000,5.01,100,2026-09-27,23:53:01,2026-09-27 06:27:06,2026-09-27 18:32:36
Darregueira,AR,Argentina,-37.6889,-63.1608,Clouds,broken clouds,22.15,21.78,22.15,22.15,1013,52,1013,990,10000,4.27,67,2026-09-27,13:53:03,2026-09-27 06:54:15,2026-09-27 19:12:58
Sirte,LY,Libya,30.8068,18.0736,Clear,clear sky,25.55,25.75,25.55,25.55,1016,61,1016,1016,10000,5.44,3,2026-09-27,18:53:04,2026-09-27 06:38:39,2026-09-27 18:38:51
Malaysia,MY,Malaysia,2.8961,112.0786,Rain,moderate rain,25.8,26.76,25.8,25.8,1011,89,1011,1010,10000,1.63,93,2026-09-28,00:53:06,2026-09-28 06:19:31,2026-09-28 18:25:25
Monaco,MC,Monaco,43.7311,7.42,Clear,clear sky,24.99,25.03,23.69,25.02,1021,57,1021,972,10000,2.57,8,2026-09-27,18:53:08,2026-09-27 07:22:51,2026-09-27 19:19:52
Princeton Meadows,US,United States,40.3347,-74.5651,Rain,moderate rain,17.0,17.21,16.11,18.25,1001,94,1001,995,3574,1.79,100,2026-09-27,12:53:10,2026-09-27 06:50:34,2026-09-27 18:47:52
Santa Cruz Verapaz,GT,Guatemala,15.3736,-90.4306,Clouds,overcast clouds,23.39,23.82,23.39,23.39,1016,78,1016,846,10000,3.09,90,2026-09-27,10:53:12,2026-09-27 05:51:05,2026-09-27 17:54:14
Frankby,GB,United Kingdom,53.373,-3.1233,Rain,light rain,15.24,15.01,14.27,16.5,1010,84,1010,1008,10000,7.2,46,2026-09-27,17:53:14,2026-09-27 07:06:34,2026-09-27 19:00:28
Partizánske,SK,Slovakia,48.6333,18.3667,Clear,clear sky,14.67,13.99,14.67,14.67,1025,69,1025,996,10000,0.67,8,2026-09-27,18:53:16,2026-09-27 06:39:44,2026-09-27 18:35:26
Paola,MT,Malta,35.8731,14.4989,Clear,clear sky,23.45,23.42,23.45,24.32,1019,60,1019,1016,10000,3.09,10,2026-09-27,18:53:17,2026-09-27 06:53:32,2026-09-27 18:52:34
Moyen-Ogooué Province,GA,Gabon,-0.3333,10.3833,Rain,light rain,26.88,28.81,26.88,26.88,1011,72,1011,1003,10000,2.21,96,2026-09-27,17:53:19,2026-09-27 06:06:09,2026-09-27 18:12:52
Palmira,CO,Colombia,3.5347,-76.2956,Rain,light rain,26.52,26.52,26.35,26.68,1014,74,1014,880,10000,2.06,66,2026-09-27,11:53:21,2026-09-27 05:53:13,2026-09-27 17:59:03
Bowling Green,US,United States,41.3776,-83.6495,Clear,clear sky,21.82,21.26,20.61,22.19,1018,46,1018,994,10000,3.13,0,2026-09-27,12:53:23,2026-09-27 07:27:04,2026-09-27 19:24:01
San Francisco,HN,Honduras,15.6715,-87.0394,Clouds,scattered clouds,32.07,38.85,32.07,32.07,1012,65,1012,1015,10000,1.89,35,2026-09-27,10:53:25,2026-09-27 05:37:33,2026-09-27 17:40:39
Murud,IN,India,18.33,72.96,Clear,clear sky,26.28,26.28,26.28,26.28,1011,80,1011,1004,10000,1.05,1,2026-09-27,22:23:27,2026-09-27 06:27:46,2026-09-27 18:30:45
Khao Yoi,TH,Thailand,13.2403,99.8254,Clouds,overcast clouds,26.62,26.62,26.62,26.62,1008,89,1008,1002,10000,3.53,100,2026-09-27,23:53:28,2026-09-27 06:09:49,2026-09-27 18:13:50
Maardu,EE,Estonia,59.4781,25.0161,Clear,clear sky,13.12,12.55,11.01,13.12,1029,79,1029,1027,10000,1.79,0,2026-09-27,19:53:30,2026-09-27 07:15:07,2026-09-27 19:06:52
Daloa,CI,Côte d’Ivoire,6.8667,-6.45,Rain,light rain,25.07,25.93,25.07,25.07,1011,88,1011,982,10000,1.83,100,2026-09-27,16:53:32,2026-09-27 06:14:15,2026-09-27 18:19:24
Carhué,AR,Argentina,-37.1667,-62.7333,Clouds,broken clouds,21.58,21.2,21.58,21.58,1012,54,1012,996,10000,5.76,84,2026-09-27,13:53:34,2026-09-27 06:52:40,2026-09-27 19:11:08
Kensington,US,United States,41.6284,-72.7686,Clouds,overcast clouds,16.88,17.03,15.29,18.01,1007,92,1007,995,8657,6.69,100,2026-09-27,12:53:36,2026-09-27 06:43:33,2026-09-27 18:40:31
Sada,YT,Mayotte,-12.8489,45.0997,Clouds,broken clouds,26.85,29.24,26.85,26.85,1016,78,1016,1013,10000,2.5,53,2026-09-27,19:53:38,2026-09-27 05:45:51,2026-09-27 17:55:30
Tabango,PH,Philippines,11.3067,124.3714,Rain,light rain,25.71,26.5,25.71,25.71,1011,83,1011,1004,10000,1.61,32,2026-09-28,00:53:39,2026-09-28 05:31:24,2026-09-28 17:35:13
Mundra,IN,India,22.85,69.73,Clear,clear sky,27.27,29.71,27.27,27.27,1009,74,1009,1006,10000,7.29,1,2026-09-27,22:23:41,2026-09-27 06:41:08,2026-09-27 18:43:13
Kangayam,IN,India,11.0147,77.4695,Clear,clear sky,27.41,29.47,27.41,27.41,1010,69,1010,974,10000,7.4,6,2026-09-27,22:23:43,2026-09-27 06:09:01,2026-09-27 18:13:26
Águia Branca,BR,Brazil,-18.9828,-40.74,Clear,clear sky,32.86,32.44,32.86,32.86,1014,34,1014,986,10000,2.13,3,2026-09-27,13:53:45,2026-09-27 05:28:10,2026-09-27 17:39:43
Ostbevern,DE,Germany,52.0389,7.8458,Clouds,overcast clouds,23.95,23.71,23.95,24.42,1016,50,1016,1011,10000,2.06,93,2026-09-27,18:53:47,2026-09-27 07:22:24,2026-09-27 19:16:54
Langford,CA,Canada,48.4506,-123.5058,Clear,clear sky,11.73,11.0,10.47,12.8,1019,78,1019,993,10000,2.57,8,2026-09-27,09:53:48,2026-09-27 07:07:44,2026-09-27 19:02:07
Estevan,CA,Canada,49.1392,-102.9861,Clear,clear sky,11.09,9.77,11.09,12.32,1023,58,1023,955,10000,6.17,10,2026-09-27,10:53:50,2026-09-27 06:45:42,2026-09-27 18:40:02
Socorro,PH,Philippines,9.618,125.966,Clouds,few clouds,26.28,26.28,26.28,26.28,1011,86,1011,1009,10000,2.04,11,2026-09-28,00:53:52,2026-09-28 05:24:49,2026-09-28 17:29:03
Karben,DE,Germany,50.2322,8.7681,Clear,clear sky,22.08,21.6,21.67,23.92,1017,48,1017,997,10000,1.45,1,2026-09-27,18:53:54,2026-09-27 07:18:25,2026-09-27 19:13:31
Uman,MX,Mexico,20.85,-89.7667,Clouds,scattered clouds,32.01,39.01,32.01,32.01,1013,66,1013,1012,10000,3.09,29,2026-09-27,10:53:56,2026-09-27 05:49:02,2026-09-27 17:50:59
Yozgat,TR,Turkey,39.8208,34.8083,Rain,light rain,14.39,14.31,14.39,14.39,1013,93,1013,865,9231,4.17,42,2026-09-27,19:53:58,2026-09-27 06:32:43,2026-09-27 18:30:57
Roxas City,PH,Philippines,11.5894,122.7511,Clouds,overcast clouds,26.32,26.32,26.32,26.32,1011,85,1011,1010,10000,1.61,100,2026-09-28,00:53:59,2026-09-28 05:37:55,2026-09-28 17:41:40
Wolf Trap,US,United States,38.9395,-77.2842,Rain,moderate rain,17.66,17.44,16.04,19.13,1006,75,1006,996,7347,9.26,100,2026-09-27,12:54:01,2026-09-27 07:01:15,2026-09-27 18:58:55
Malāyer,IR,Iran,34.5089,48.6867,Clear,clear sky,21.67,20.52,21.67,21.67,1016,24,1016,776,10000,1.17,1,2026-09-27,20:24:03,2026-09-27 06:06:33,2026-09-27 18:06:06
Chinnachowk,IN,India,14.5667,78.8,Clouds,broken clouds,28.91,30.59,28.91,28.91,1010,58,1010,987,10000,0.3,53,2026-09-27,22:24:05,2026-09-27 06:04:03,2026-09-27 18:07:46
Kumamoto,JP,Japan,32.6516,130.8114,Clouds,overcast clouds,22.68,23.46,22.68,23.01,1010,94,1010,970,10000,1.55,96,2026-09-28,01:54:07,2026-09-28 06:08:21,2026-09-28 18:06:46
Tadla-Azilal,MA,Morocco,32.16,-6.35,Clouds,overcast clouds,27.39,27.0,27.39,27.39,1016,37,1016,908,10000,1.11,100,2026-09-27,17:54:09,2026-09-27 07:16:32,2026-09-27 19:16:18
Masuguru,TZ,Tanzania,-11.0667,37.35,Clouds,overcast clouds,27.7,26.93,27.7,27.7,1012,31,1012,934,10000,2.02,96,2026-09-27,19:54:11,2026-09-27 06:17:04,2026-09-27 18:26:16
San Francisco,SV,El Salvador,13.7219,-88.1207,Clouds,scattered clouds,28.55,32.26,28.55,28.55,1015,73,1015,949,10000,1.11,39,2026-09-27,10:54:13,2026-09-27 05:41:40,2026-09-27 17:45:11
Fontain,CM,Cameroon,5.7167,10.9167,Rain,moderate rain,19.88,20.35,19.88,19.88,1012,93,1012,888,10000,0.54,89,2026-09-27,17:54:14,2026-09-27 06:04:40,2026-09-27 18:10:05
Salamat Region,TD,Chad,9.9503,20.905,Rain,light rain,26.81,28.69,26.81,26.81,1009,72,1009,962,10000,3.11,84,2026-09-27,17:54:16,2026-09-27 05:25:10,2026-09-27 17:29:42
Sirhind,IN,India,30.6709,76.3019,Clear,clear sky,21.86,22.37,21.86,21.86,1008,87,1008,977,10000,1.53,1,2026-09-27,22:24:18,2026-09-27 06:15:38,2026-09-27 18:16:10
Prairie Ridge,US,United States,47.1438,-122.1408,Clouds,overcast clouds,10.47,9.77,9.52,12.08,1018,84,1018,1010,2549,0.45,99,2026-09-27,09:54:20,2026-09-27 07:02:03,2026-09-27 18:56:54
Lourdes,PH,Philippines,14.9667,120.6833,Rain,light rain,26.87,30.37,26.87,26.87,1011,90,1011,1005,10000,1.61,100,2026-09-28,00:54:22,2026-09-28 05:46:37,2026-09-28 17:49:31
Belley,FR,France,45.7592,5.6881,Clouds,scattered clouds,22.69,22.48,22.16,22.69,1019,56,1019,976,10000,1.48,27,2026-09-27,18:54:24,2026-09-27 07:30:04,2026-09-27 19:26:30
Aqadyr,KZ,Kazakhstan,48.2601,72.8585,Clouds,few clouds,10.41,8.29,10.41,10.41,1026,30,1026,943,10000,5.13,17,2026-09-27,21:54:26,2026-09-27 06:01:29,2026-09-27 17:57:50
Columbus,US,United States,39.9862,-82.9855,Clear,clear sky,20.13,19.87,18.84,21.99,1017,64,1017,985,10000,5.66,0,2026-09-27,12:54:28,2026-09-27 07:24:13,2026-09-27 19:21:34
Vyshniy Volochëk,RU,Russia,57.5913,34.5645,Clouds,broken clouds,10.7,10.36,10.7,10.7,1028,97,1028,1008,7188,2.21,57,2026-09-27,19:54:29,2026-09-27 06:36:27,2026-09-27 18:29:10
Bouskene,DZ,Algeria,36.1333,3.4333,Clouds,broken clouds,26.16,26.16,26.16,26.16,1016,28,1016,943,10000,1.08,73,2026-09-27,17:54:31,2026-09-27 06:37:51,2026-09-27 18:36:45
Campbell River,CA,Canada,50.0244,-125.2475,Clear,clear sky,6.52,5.63,6.52,9.53,1020,100,1020,1004,10000,1.54,1,2026-09-27,09:54:33,2026-09-27 07:15:00,2026-09-27 19:08:47
Diksmuidsepoort,BE,Belgium,50.8508,2.885,Clouds,overcast clouds,23.29,23.29,22.21,23.76,1015,62,1015,1012,10000,2.33,100,2026-09-27,18:54:35,2026-09-27 07:42:04,2026-09-27 19:36:55
Germantown,US,United States,39.1755,-77.2643,Rain,light rain,16.02,16.0,14.75,17.44,1006,89,1006,991,7489,4.12,100,2026-09-27,12:54:37,2026-09-27 07:01:13,2026-09-27 18:58:49
Brighton,US,United States,39.9716,-104.7963,Clouds,scattered clouds,25.05,24.5,24.17,27.17,1016,34,1016,849,10000,0.89,45,2026-09-27,10:54:39,2026-09-27 06:51:31,2026-09-27 18:48:42
Sete Barras,BR,Brazil,-24.3878,-47.9258,Clouds,overcast clouds,28.21,30.8,28.21,28.21,1018,68,1018,1012,10000,1.24,100,2026-09-27,13:54:40,2026-09-27 05:56:02,2026-09-27 18:09:20
Csongrád,HU,Hungary,46.7111,20.1403,Clouds,broken clouds,21.67,20.96,18.41,21.67,1025,41,1025,1015,10000,2.0,83,2026-09-27,18:54:42,2026-09-27 06:32:20,2026-09-27 18:28:38
San Cristobal,EC,Ecuador,-0.9025,-89.6092,Clouds,broken clouds,28.81,32.32,28.81,28.81,1015,70,1015,1009,10000,8.23,80,2026-09-27,10:54:44,2026-09-27 05:45:57,2026-09-27 17:52:48
Zaporizhia,UA,Ukraine,47.85,35.1175,Clouds,overcast clouds,15.75,15.55,15.75,15.75,1021,83,1021,1013,10000,5.15,100,2026-09-27,19:54:46,2026-09-27 06:32:32,2026-09-27 18:28:39
Waycross,US,United States,31.2108,-82.3579,Clear,clear sky,29.02,28.37,29.02,29.02,1013,37,1013,1008,10000,4.12,2,2026-09-27,12:54:48,2026-09-27 07:20:35,2026-09-27 19:20:10
Kecskemét,HU,Hungary,46.9075,19.6917,Clouds,overcast clouds,16.53,16.01,16.4,18.17,1025,68,1025,1011,10000,1.91,95,2026-09-27,18:54:50,2026-09-27 06:34:10,2026-09-27 18:30:24
Severodvinsk,RU,Russia,64.5667,39.85,Clouds,broken clouds,12.28,11.81,12.28,12.28,1019,86,1019,1018,10000,5.12,70,2026-09-27,19:54:51,2026-09-27 06:17:01,2026-09-27 18:06:19
Gaffney,US,United States,35.0743,-81.6552,Clear,clear sky,22.89,22.12,22.12,23.62,1012,34,1012,983,10000,2.27,0,2026-09-27,12:54:53,2026-09-27 07:18:15,2026-09-27 19:16:53
Carnaubal,BR,Brazil,-4.1669,-40.9428,Clear,clear sky,33.81,32.17,33.81,33.81,1010,24,1010,926,10000,3.71,3,2026-09-27,13:54:55,2026-09-27 05:30:57,2026-09-27 17:38:34
Port Glasgow,GB,United Kingdom,55.934,-4.6906,Clouds,few clouds,10.95,10.4,10.59,11.82,1006,88,1006,991,10000,4.12,22,2026-09-27,17:54:57,2026-09-27 07:13:21,2026-09-27 19:06:14
Cruces,CU,Cuba,22.4164,-80.2906,Clear,clear sky,29.48,32.41,29.48,29.48,1014,63,1014,1008,10000,2.06,1,2026-09-27,12:54:59,2026-09-27 07:11:18,2026-09-27 19:12:55
Bolpur,IN,India,23.6621,87.6973,Clouds,few clouds,26.15,26.15,26.15,26.15,1006,82,1006,1001,10000,1.64,14,2026-09-27,22:25:01,2026-09-27 05:29:20,2026-09-27 17:31:19
Merzifon,TR,Turkey,40.8717,35.4644,Clouds,broken clouds,14.78,14.32,14.78,14.78,1015,77,1015,877,0,8.75,84,2026-09-27,19:55:03,2026-09-27 06:30:13,2026-09-27 18:28:12
Unterzell,DE,Germany,48.6843,11.6123,Clear,clear sky,21.9,21.01,21.9,22.96,1021,33,1021,974,10000,2.06,0,2026-09-27,18:55:04,2026-09-27 07:06:47,2026-09-27 19:02:24
Coimbatore,IN,India,11.0615,76.9838,Clear,clear sky,25.82,26.49,25.82,25.82,1012,78,1012,960,10000,5.14,2,2026-09-27,22:25:06,2026-09-27 06:10:58,2026-09-27 18:15:22
Nsukka,NG,Nigeria,6.8567,7.3958,Clouds,overcast clouds,23.71,24.51,23.71,23.71,1010,91,1010,962,10000,2.48,99,2026-09-27,17:55:08,2026-09-27 06:18:52,2026-09-27 18:24:02
Maladzyechna,BY,Belarus,54.3136,26.8517,Clouds,few clouds,11.97,11.49,11.97,11.97,1030,87,1030,1008,10000,0.41,24,2026-09-27,19:55:10,2026-09-27 07:06:42,2026-09-27 19:00:36
Dhali,IN,India,10.3,77.175,Clear,clear sky,19.77,19.84,19.77,19.77,1014,78,1014,861,10000,2.16,7,2026-09-27,22:25:12,2026-09-27 06:10:08,2026-09-27 18:14:41
Deisenhofen,DE,Germany,48.0167,11.5833,Clouds,few clouds,17.1,16.67,17.1,21.91,1020,69,1020,949,9909,1.19,13,2026-09-27,18:55:14,2026-09-27 07:06:48,2026-09-27 19:02:37
Omalur,IN,India,11.8593,78.0217,Clouds,broken clouds,29.54,31.8,29.54,29.54,1010,59,1010,969,10000,2.29,78,2026-09-27,22:25:16,2026-09-27 06:06:54,2026-09-27 18:11:08
Aurora,PH,Philippines,16.9918,121.6357,Rain,light rain,24.44,25.42,24.44,24.44,1011,95,1011,1003,10000,0.82,100,2026-09-28,00:55:17,2026-09-28 05:43:03,2026-09-28 17:45:27
Pitrufquén,CL,Chile,-38.9833,-72.65,Rain,light rain,15.01,14.58,15.01,15.01,1018,77,1018,1005,10000,2.06,83,2026-09-27,13:55:19,2026-09-27 07:31:51,2026-09-27 19:51:16
Nuevo San Carlos,GT,Guatemala,14.6,-91.7,Rain,light rain,27.74,31.88,27.47,28.24,1015,83,1015,957,5145,5.14,84,2026-09-27,10:55:21,2026-09-27 05:56:04,2026-09-27 17:59:24
Deventer,NL,Netherlands,52.25,6.1667,Clouds,overcast clouds,21.32,21.31,20.51,22.29,1015,69,1015,1014,10000,1.34,93,2026-09-27,18:55:23,2026-09-27 07:29:10,2026-09-27 19:23:34
Sındırgı,TR,Turkey,39.24,28.175,Rain,light rain,17.97,17.91,17.97,17.97,1015,80,1015,975,7188,3.99,100,2026-09-27,19:55:25,2026-09-27 06:59:11,2026-09-27 18:57:31
Ardea,IT,Italy,41.6167,12.55,Clear,clear sky,23.57,23.84,23.25,24.61,1021,71,1021,1012,10000,2.2,0,2026-09-27,18:55:27,2026-09-27 07:02:02,2026-09-27 18:59:39
Zeghanghane,MA,Morocco,35.1594,-2.9892,Clouds,overcast clouds,23.71,24.3,23.71,25.62,1016,83,1016,994,10000,6.69,89,2026-09-27,17:55:28,2026-09-27 07:03:26,2026-09-27 19:02:32
Paracuaro,MX,Mexico,19.1458,-102.22,Clouds,scattered clouds,29.84,35.37,29.84,29.84,1013,73,1013,905,10000,1.28,47,2026-09-27,10:55:30,2026-09-27 06:38:40,2026-09-27 18:40:57
Bariārpur,IN,India,25.2395,86.6536,Clouds,scattered clouds,26.6,26.6,26.6,26.6,1006,78,1006,999,10000,2.21,49,2026-09-27,22:25:32,2026-09-27 05:33:40,2026-09-27 17:35:20
Durant,US,United States,33.9949,-96.3923,Clouds,scattered clouds,30.02,31.74,30.02,30.02,1014,54,1014,989,10000,6.17,48,2026-09-27,11:55:34,2026-09-27 07:17:05,2026-09-27 19:15:55
Hammelburg,DE,Germany,50.1167,9.9,Clouds,few clouds,22.49,22.15,22.49,22.49,1019,52,1019,988,10000,2.62,18,2026-09-27,18:55:36,2026-09-27 07:13:52,2026-09-27 19:09:01
Jagnair,IN,India,26.9833,77.5833,Clouds,scattered clouds,24.03,24.66,24.03,24.03,1007,83,1007,986,10000,2.25,47,2026-09-27,22:25:38,2026-09-27 06:10:08,2026-09-27 18:11:25
Zungeru,NG,Nigeria,9.8,6.15,Clouds,overcast clouds,27.27,31.03,27.27,27.27,1008,86,1008,995,10000,2.07,93,2026-09-27,17:55:39,2026-09-27 06:24:10,2026-09-27 18:28:42
San Miguel Almaya,MX,Mexico,19.25,-99.4,Clouds,scattered clouds,17.67,16.95,17.67,17.67,1018,56,1018,726,10000,3.9,37,2026-09-27,10:55:41,2026-09-27 06:27:24,2026-09-27 18:29:40
Fenoarivo Atsinanana,MG,Madagascar,-17.1667,49.4833,Clouds,few clouds,22.62,23.08,22.62,22.62,1021,82,1021,1020,10000,2.33,17,2026-09-27,19:55:43,2026-09-27 05:27:45,2026-09-27 17:38:32
Děčín,CZ,Czechia,50.7736,14.1961,Clouds,few clouds,18.08,17.64,16.6,18.25,1024,65,1024,978,10000,2.68,20,2026-09-27,18:55:45,2026-09-27 06:56:46,2026-09-27 18:51:45
Bucharest,RO,Romania,44.4134,26.0978,Clouds,few clouds,19.17,18.4,17.32,19.53,1024,48,1024,1014,10000,4.02,18,2026-09-27,19:55:47,2026-09-27 07:08:10,2026-09-27 19:05:09
Siemiatycze,PL,Poland,52.4272,22.8625,Clear,clear sky,14.09,13.59,14.09,14.09,1028,78,1028,1011,10000,2.09,5,2026-09-27,18:55:49,2026-09-27 06:22:20,2026-09-27 18:16:52
Omuo-Ekiti,NG,Nigeria,7.5167,5.75,Rain,moderate rain,23.79,24.68,23.79,23.79,1011,94,1011,962,10000,3.42,100,2026-09-27,17:55:50,2026-09-27 06:25:31,2026-09-27 18:30:33
Maple Valley,US,United States,47.3659,-122.0368,Clouds,overcast clouds,11.1,10.35,9.54,12.16,1018,80,1018,997,10000,2.24,98,2026-09-27,09:55:52,2026-09-27 07:01:40,2026-09-27 18:56:26
Ureshinomachi-shimojuku,JP,Japan,33.1009,129.9871,Clouds,overcast clouds,23.48,24.42,22.58,23.48,1009,97,1009,984,10000,0.98,100,2026-09-28,01:55:54,2026-09-28 06:11:42,2026-09-28 18:10:00
Arab,US,United States,34.3309,-86.4991,Clouds,broken clouds,23.17,22.72,22.66,24.63,1015,45,1015,981,10000,0.89,67,2026-09-27,11:55:56,2026-09-27 06:37:32,2026-09-27 18:36:20
Qusar,AZ,Azerbaijan,41.4219,48.4214,Clouds,broken clouds,14.95,14.46,14.95,14.95,1021,75,1021,953,10000,1.74,75,2026-09-27,20:55:58,2026-09-27 06:38:25,2026-09-27 18:36:22
Sarh,TD,Chad,9.15,18.3833,Clouds,overcast clouds,32.96,37.72,32.96,32.96,1009,55,1009,967,10000,1.03,87,2026-09-27,17:55:59,2026-09-27 05:35:10,2026-09-27 17:39:52
Morazán,GT,Guatemala,14.9322,-90.1433,Clouds,scattered clouds,28.27,30.77,28.27,28.27,1015,67,1015,906,10000,2.0,48,2026-09-27,10:56:01,2026-09-27 05:49:53,2026-09-27 17:53:08
Yanai,JP,Japan,33.9639,132.1016,Rain,light rain,23.0,23.81,23.0,23.0,1009,94,1009,997,1406,1.96,100,2026-09-28,01:56:03,2026-09-28 06:03:22,2026-09-28 18:01:26
El Roble,CO,Colombia,9.1022,-75.195,Clouds,overcast clouds,29.91,33.91,29.91,29.91,1012,66,1012,999,10000,1.25,99,2026-09-27,11:56:05,2026-09-27 05:49:27,2026-09-27 17:54:01
Cieza,ES,Spain,38.24,-1.4199,Clear,clear sky,26.34,26.34,26.34,26.34,1017,56,1017,972,10000,4.38,6,2026-09-27,18:55:46,2026-09-27 07:57:31,2026-09-27 19:55:53
Middelkerke,BE,Belgium,51.1849,2.821,Clouds,overcast clouds,22.1,22.12,21.66,23.47,1014,67,1014,1014,10000,4.63,99,2026-09-27,18:56:09,2026-09-27 07:42:23,2026-09-27 19:37:07
Vila Real,PT,Portugal,41.2953,-7.7461,Clouds,overcast clouds,22.14,21.98,22.14,22.14,1016,60,1016,926,10000,2.86,99,2026-09-27,17:56:10,2026-09-27 07:23:14,2026-09-27 19:20:47
Teulada,ES,Spain,38.7292,0.1019,Clouds,scattered clouds,25.57,26.09,24.55,25.9,1017,73,1017,1005,10000,1.79,27,2026-09-27,18:56:12,2026-09-27 07:51:29,2026-09-27 19:49:45
Al Hindīyah,IQ,Iraq,32.5419,44.2211,Clear,clear sky,34.69,32.82,34.69,34.69,1006,21,1006,1002,10000,0.9,0,2026-09-27,19:56:14,2026-09-27 05:54:12,2026-09-27 17:54:10
Revelganj,IN,India,25.832,84.7179,Clear,clear sky,26.08,26.08,26.08,26.08,1007,81,1007,1000,10000,2.05,7,2026-09-27,22:26:16,2026-09-27 05:41:28,2026-09-27 17:43:01
Hapao,PH,Philippines,16.8333,121.0,Clouds,overcast clouds,16.73,17.02,16.73,16.73,1015,98,1015,858,10000,0.45,98,2026-09-28,00:56:18,2026-09-28 05:45:34,2026-09-28 17:48:01
Shāhpur,IN,India,22.1228,78.0025,Clear,clear sky,22.82,23.4,22.82,22.82,1010,86,1010,953,10000,1.51,3,2026-09-27,22:26:19,2026-09-27 06:07:58,2026-09-27 18:10:13
Stuivenberg,BE,Belgium,50.8,4.1167,Clouds,broken clouds,22.22,22.12,21.93,22.9,1015,62,1015,1011,10000,1.86,80,2026-09-27,18:56:21,2026-09-27 07:37:08,2026-09-27 19:32:00
Hilvarenbeek,NL,Netherlands,51.4861,5.1367,Clouds,overcast clouds,22.5,22.56,21.62,23.27,1015,67,1015,1013,10000,2.57,99,2026-09-27,18:56:23,2026-09-27 07:33:10,2026-09-27 19:27:49
Sainte-Luce-sur-Loire,FR,France,47.2494,-1.4867,Clouds,overcast clouds,22.88,23.18,22.06,22.88,1016,75,1016,1014,10000,2.57,100,2026-09-27,18:56:25,2026-09-27 07:59:00,2026-09-27 19:54:56
Waynesboro,US,United States,38.0674,-78.9014,Clouds,overcast clouds,22.42,22.13,20.95,23.41,1009,54,1009,960,10000,4.12,86,2026-09-27,12:56:27,2026-09-27 07:07:37,2026-09-27 19:05:30
Overboelare,BE,Belgium,50.7667,3.8667,Clouds,broken clouds,22.47,22.37,21.9,22.49,1015,61,1015,1009,10000,2.3,81,2026-09-27,18:56:29,2026-09-27 07:38:08,2026-09-27 19:33:00
Johi,PK,Pakistan,26.6921,67.6133,Clear,clear sky,34.09,32.06,34.09,34.09,1001,20,1001,1000,10000,3.61,0,2026-09-27,21:56:30,2026-09-27 06:19:59,2026-09-27 18:21:17
Camabatela,AO,Angola,-7.967,15.883,Rain,light rain,20.68,21.0,20.68,20.68,1012,84,1012,886,10000,4.0,99,2026-09-27,17:56:32,2026-09-27 05:43:16,2026-09-27 17:51:45
Saint-Dié-des-Vosges,FR,France,48.2842,6.9492,Clear,clear sky,24.28,23.96,24.28,24.28,1018,46,1018,967,10000,1.65,8,2026-09-27,18:56:34,2026-09-27 07:25:23,2026-09-27 19:21:05
Owo,NG,Nigeria,7.1961,5.5864,Rain,light rain,23.71,24.62,23.71,23.71,1011,95,1011,972,10000,2.93,100,2026-09-27,17:56:36,2026-09-27 06:26:09,2026-09-27 18:31:14
Sambava,MG,Madagascar,-14.1333,50.0833,Clear,clear sky,20.52,20.74,20.52,20.52,1020,81,1020,1016,10000,2.68,0,2026-09-27,19:56:38,2026-09-27 05:25:46,2026-09-27 17:35:44
Rusera,IN,India,25.7281,86.0093,Clouds,few clouds,26.65,26.65,26.65,26.65,1006,83,1006,1001,10000,2.5,15,2026-09-27,22:26:39,2026-09-27 05:36:17,2026-09-27 17:37:52
Patancheru,IN,India,17.4989,78.2225,Clear,clear sky,27.12,29.33,26.93,27.32,1011,73,1011,946,10000,2.23,8,2026-09-27,22:26:41,2026-09-27 06:06:38,2026-09-27 18:09:47
Netanya,IL,Israel,32.3286,34.8567,Clear,clear sky,25.06,25.27,25.06,25.06,1013,63,1013,1016,10000,2.09,1,2026-09-27,19:56:43,2026-09-27 06:31:39,2026-09-27 18:31:37
Soavinandriana,MG,Madagascar,-19.1,46.31,Clear,clear sky,25.81,25.41,25.81,25.81,1016,37,1016,929,10000,1.36,9,2026-09-27,19:56:45,2026-09-27 05:40:10,2026-09-27 17:51:30
Murrells Inlet,US,United States,33.4773,-79.1181,Clear,clear sky,25.0,24.81,23.0,25.0,1012,48,1012,1011,10000,1.66,0,2026-09-27,12:56:47,2026-09-27 07:07:54,2026-09-27 19:06:57
Mestre,IT,Italy,45.504,12.2801,Clear,clear sky,22.62,22.45,20.59,22.99,1022,58,1022,1023,10000,1.03,0,2026-09-27,18:56:49,2026-09-27 07:03:38,2026-09-27 19:00:12
Boisbriand,CA,Canada,45.6333,-73.85,Clouds,overcast clouds,18.45,18.0,17.88,19.38,1017,63,1017,1010,10000,4.12,100,2026-09-27,12:56:50,2026-09-27 06:48:28,2026-09-27 18:44:14
Bou Tlelis,DZ,Algeria,35.5728,-0.8997,Clouds,overcast clouds,26.94,28.52,26.94,26.94,1015,67,1015,993,10000,5.66,100,2026-09-27,17:56:52,2026-09-27 06:55:07,2026-09-27 18:54:08
Daitari,IN,India,21.214,86.107,Clouds,scattered clouds,25.81,26.59,25.81,25.81,1007,82,1007,996,10000,0.53,34,2026-09-27,22:26:54,2026-09-27 05:35:28,2026-09-27 17:37:55
Srivaikuntam,IN,India,8.6833,77.8292,Clouds,few clouds,29.08,31.65,29.08,29.08,1009,63,1009,1005,10000,3.7,15,2026-09-27,22:26:56,2026-09-27 06:07:21,2026-09-27 18:12:13
Severance,US,United States,40.5265,-104.865,Clouds,broken clouds,25.57,25.12,23.9,26.96,1016,36,1016,849,10000,0.89,56,2026-09-27,10:56:58,2026-09-27 06:51:52,2026-09-27 18:48:54
Kala Dangan,ML,Mali,13.3481,-6.3889,Clouds,broken clouds,35.01,35.85,35.01,35.01,1007,35,1007,976,10000,2.81,68,2026-09-27,16:56:59,2026-09-27 06:14:41,2026-09-27 18:18:28
Carinagua,VE,Venezuela,5.1311,-67.8106,Clouds,broken clouds,35.65,39.86,35.65,35.65,1011,44,1011,1000,10000,1.96,61,2026-09-27,12:57:01,2026-09-27 06:19:28,2026-09-27 18:24:56
Mount Prospect,US,United States,42.0641,-87.9375,Clouds,broken clouds,20.89,20.39,19.14,22.16,1020,52,1020,993,10000,4.12,64,2026-09-27,11:57:03,2026-09-27 06:44:20,2026-09-27 18:41:03
Traun,AT,Austria,48.2217,14.2397,Clear,clear sky,19.53,19.05,17.73,20.14,1022,58,1022,990,10000,2.57,0,2026-09-27,18:57:05,2026-09-27 06:56:11,2026-09-27 18:51:59
Māllūr,IN,India,11.6021,78.134,Clouds,broken clouds,30.4,34.76,30.4,30.4,1011,65,1011,967,10000,0.97,77,2026-09-27,22:27:07,2026-09-27 06:06:25,2026-09-27 18:10:43
Mahabalipuram,IN,India,12.6197,80.1944,Rain,light rain,29.77,36.44,29.77,29.77,1010,78,1010,1008,10000,1.35,74,2026-09-27,22:27:09,2026-09-27 05:58:17,2026-09-27 18:02:23
Sliema,MT,Malta,35.9125,14.5019,Clear,clear sky,24.14,24.18,23.27,24.14,1019,60,1019,1017,10000,3.09,9,2026-09-27,18:57:10,2026-09-27 06:53:31,2026-09-27 18:52:33
Havran,TR,Turkey,39.5583,27.0983,Clouds,overcast clouds,19.57,19.36,19.57,19.57,1015,68,1015,973,6763,5.06,100,2026-09-27,19:57:12,2026-09-27 07:03:32,2026-09-27 19:01:47
Tinghir,MA,Morocco,31.4567,-5.4192,Clouds,overcast clouds,27.71,26.57,27.71,27.71,1015,21,1015,865,10000,1.52,91,2026-09-27,17:57:14,2026-09-27 07:12:44,2026-09-27 19:12:40
Katangi,IN,India,23.4412,79.7962,Clear,clear sky,21.88,22.4,21.88,21.88,1009,87,1009,960,10000,2.77,2,2026-09-27,22:27:16,2026-09-27 06:00:55,2026-09-27 18:02:55
Boxtel,NL,Netherlands,51.5911,5.3275,Clouds,overcast clouds,22.15,22.17,21.11,23.32,1015,67,1015,1014,10000,1.03,100,2026-09-27,18:57:18,2026-09-27 07:32:25,2026-09-27 19:27:02
Huaihua,CN,China,27.5494,109.9592,Clouds,scattered clouds,24.97,25.61,24.97,24.97,1007,80,1007,964,10000,1.92,43,2026-09-28,00:57:20,2026-09-28 06:31:06,2026-09-28 18:30:48
Ajijic,MX,Mexico,20.3003,-103.2722,Clouds,overcast clouds,20.92,21.03,20.92,20.92,1017,75,1017,824,10000,2.26,98,2026-09-27,10:57:21,2026-09-27 06:43:00,2026-09-27 18:45:02
Temuco,CL,Chile,-38.7399,-72.5901,Rain,light rain,14.88,14.56,14.88,14.88,1018,82,1018,1000,10000,1.86,95,2026-09-27,13:57:23,2026-09-27 07:31:40,2026-09-27 19:50:58
Jaggayyapeta,IN,India,16.8216,79.9926,Clouds,few clouds,26.45,26.45,26.45,26.45,1009,75,1009,999,10000,3.07,19,2026-09-27,22:27:25,2026-09-27 05:59:30,2026-09-27 18:02:47
Truckee,US,United States,39.3455,-120.1848,Clouds,overcast clouds,15.01,13.74,13.73,15.71,1013,45,1013,802,10000,4.02,94,2026-09-27,09:57:27,2026-09-27 06:53:01,2026-09-27 18:50:17
Longyan,CN,China,25.0881,117.0244,Clear,clear sky,23.42,23.98,23.42,23.42,1011,83,1011,930,10000,0.68,3,2026-09-28,00:57:29,2026-09-28 06:02:31,2026-09-28 18:02:52
Patu,BR,Brazil,-6.11,-37.6369,Clear,clear sky,35.52,33.92,35.52,35.52,1010,22,1010,983,10000,3.91,4,2026-09-27,13:57:30,2026-09-27 05:17:30,2026-09-27 17:25:35
Samungli,PK,Pakistan,30.3619,66.9489,Clear,clear sky,22.1,20.71,22.1,22.1,1011,13,1011,831,10000,2.71,0,2026-09-27,21:57:32,2026-09-27 06:23:02,2026-09-27 18:23:34
Akom II,CM,Cameroon,2.7833,10.5667,Rain,light rain,21.73,22.52,21.73,21.73,1013,98,1013,954,10000,1.53,100,2026-09-27,17:57:34,2026-09-27 06:05:45,2026-09-27 18:11:47
Ongole,IN,India,15.5333,80.0,Clouds,scattered clouds,28.9,31.02,28.9,28.9,1009,61,1009,1006,10000,1.47,30,2026-09-27,22:27:36,2026-09-27 05:59:20,2026-09-27 18:02:52
Woodridge,US,United States,41.737,-88.0409,Clouds,broken clouds,20.72,20.28,19.36,22.04,1020,55,1020,993,10000,2.9,66,2026-09-27,11:57:38,2026-09-27 06:44:42,2026-09-27 18:41:31
São João de Pirabas,BR,Brazil,-0.7689,-47.1739,Clouds,broken clouds,29.9,34.11,29.9,29.9,1012,67,1012,1010,10000,5.28,75,2026-09-27,13:57:40,2026-09-27 05:56:16,2026-09-27 18:03:05
Waghāi,IN,India,20.7667,73.4833,Clear,clear sky,23.25,24.03,23.25,23.25,1011,92,1011,984,10000,1.75,5,2026-09-27,22:27:41,2026-09-27 06:25:55,2026-09-27 18:28:25
Coyutla,MX,Mexico,20.2917,-97.6973,Clouds,few clouds,28.87,31.92,28.87,28.87,1014,67,1014,969,10000,1.62,24,2026-09-27,10:57:43,2026-09-27 06:20:42,2026-09-27 18:22:45
Alcácer do Sal,PT,Portugal,38.3725,-8.5133,Clouds,scattered clouds,27.42,27.3,27.42,27.42,1014,42,1014,1008,10000,4.67,41,2026-09-27,17:57:45,2026-09-27 07:25:56,2026-09-27 19:24:13
El Tambo,CO,Colombia,2.4514,-76.8108,Rain,light rain,21.84,21.83,21.84,21.84,1014,67,1014,848,10000,2.05,83,2026-09-27,11:57:47,2026-09-27 05:55:10,2026-09-27 18:01:14
Orinda,US,United States,37.8808,-122.179,Clouds,broken clouds,14.76,14.41,13.17,16.04,1012,81,1012,997,10000,5.66,62,2026-09-27,09:57:49,2026-09-27 07:00:48,2026-09-27 18:58:27
Malakanagiri,IN,India,18.0738,81.7495,Clouds,broken clouds,24.82,25.63,24.82,24.82,1009,87,1009,982,10000,1.07,83,2026-09-27,22:27:51,2026-09-27 05:52:35,2026-09-27 17:55:38
Welwyn,GB,United Kingdom,51.831,-0.215,Rain,light rain,19.0,18.91,18.52,20.01,1011,75,1011,998,10000,5.14,98,2026-09-27,17:57:53,2026-09-27 06:54:39,2026-09-27 18:49:08
San Luis del Palmar,AR,Argentina,-27.5167,-58.5667,Clouds,broken clouds,36.35,39.49,35.99,38.31,1005,39,1005,998,10000,7.16,74,2026-09-27,13:57:54,2026-09-27 06:38:02,2026-09-27 18:52:27
Novi Grad,BA,Bosnia and Herzegovina,45.0464,16.3778,Clouds,scattered clouds,17.96,17.72,17.96,17.96,1024,73,1024,998,10000,1.75,37,2026-09-27,18:57:56,2026-09-27 06:47:10,2026-09-27 18:43:54
Helensburgh,GB,United Kingdom,56.0166,-4.7333,Clouds,few clouds,10.29,9.75,10.29,11.52,1005,91,1005,989,10000,0.45,24,2026-09-27,17:57:58,2026-09-27 07:13:32,2026-09-27 19:06:23
North Madison,US,United States,38.7581,-85.3973,Clear,clear sky,20.86,20.12,20.86,21.75,1018,43,1018,990,10000,2.06,0,2026-09-27,12:58:00,2026-09-27 07:33:42,2026-09-27 19:31:22
Temara,MA,Morocco,33.9234,-6.9076,Clouds,overcast clouds,25.03,25.7,25.03,26.11,1015,81,1015,1015,10000,3.08,100,2026-09-27,17:58:02,2026-09-27 07:18:58,2026-09-27 19:18:20
Kurosawajiri,JP,Japan,39.2867,141.1132,Clouds,overcast clouds,16.6,16.85,16.6,16.6,1010,97,1010,984,10000,0.77,90,2026-09-28,01:58:04,2026-09-28 05:28:05,2026-09-28 17:24:39
Maura,NO,Norway,60.2456,10.9528,Clouds,few clouds,12.23,11.52,11.1,12.82,1022,77,1022,976,10000,5.66,14,2026-09-27,18:58:05,2026-09-27 07:11:38,2026-09-27 19:02:49
Casteldaccia,IT,Italy,38.05,13.5333,Clear,clear sky,22.39,22.12,22.12,22.39,1020,55,1020,1016,10000,2.68,5,2026-09-27,18:58:07,2026-09-27 06:57:39,2026-09-27 18:56:10
Norak,TJ,Tajikistan,38.5473,69.3198,Clouds,overcast clouds,14.33,12.68,14.33,14.33,1019,33,1019,856,10000,0.83,98,2026-09-27,21:58:09,2026-09-27 06:14:26,2026-09-27 18:13:12
Tinh Ba Ria-Vung Tau,VN,Vietnam,10.5033,107.1983,Rain,moderate rain,26.13,26.13,26.13,26.13,1012,90,1012,1008,10000,1.26,100,2026-09-27,23:58:11,2026-09-27 05:40:04,2026-09-27 17:44:37
Albuera,PH,Philippines,10.9186,124.6923,Clouds,broken clouds,25.96,25.96,25.96,25.96,1012,86,1012,985,10000,1.11,57,2026-09-28,00:58:13,2026-09-28 05:30:05,2026-09-28 17:33:59
Arrondissement de Poitiers,FR,France,46.5811,0.3353,Clouds,overcast clouds,26.1,26.1,26.1,27.23,1016,50,1016,1002,10000,3.09,100,2026-09-27,18:58:14,2026-09-27 07:51:37,2026-09-27 19:47:46
Rutherford,US,United States,40.8203,-74.1057,Rain,moderate rain,16.86,17.08,15.99,18.02,1003,95,1003,996,4464,6.69,100,2026-09-27,12:58:16,2026-09-27 06:48:47,2026-09-27 18:45:58
Ogimachi,JP,Japan,33.294,130.199,Rain,light rain,22.8,23.75,22.8,24.27,1009,100,1009,991,10000,2.06,100,2026-09-28,01:58:18,2026-09-28 06:10:53,2026-09-28 18:09:08
Guérande,FR,France,47.3281,-2.4292,Clouds,overcast clouds,20.68,20.97,20.68,20.68,1017,83,1017,1016,10000,4.57,99,2026-09-27,18:58:20,2026-09-27 08:02:47,2026-09-27 19:58:42
Colgong,IN,India,25.2093,87.2159,Clouds,broken clouds,27.66,30.87,27.66,27.66,1006,77,1006,1002,10000,2.01,77,2026-09-27,22:28:22,2026-09-27 05:31:25,2026-09-27 17:33:05
Geistown,US,United States,40.2842,-78.8449,Rain,moderate rain,15.68,15.18,14.59,16.32,1011,72,1011,950,10000,5.12,59,2026-09-27,12:58:24,2026-09-27 07:07:41,2026-09-27 19:04:58
Ampangalana Avaratra,MG,Madagascar,-20.8667,48.1667,Clear,clear sky,19.08,19.39,19.08,19.08,1021,90,1021,1012,10000,0.94,7,2026-09-27,19:58:25,2026-09-27 05:32:30,2026-09-27 17:44:19
Sardhana,IN,India,29.15,77.6167,Rain,light rain,21.52,22.05,21.52,21.52,1008,89,1008,981,10000,2.37,98,2026-09-27,22:28:27,2026-09-27 06:10:13,2026-09-27 18:11:04
Tanglewood Estates,US,United States,42.9494,-72.2998,Clouds,overcast clouds,13.52,13.38,12.89,14.09,1011,94,1011,982,9169,5.14,100,2026-09-27,12:58:29,2026-09-27 06:41:52,2026-09-27 18:38:27
Piedras Negras,MX,Mexico,28.7081,-100.5283,Clouds,overcast clouds,32.07,37.24,32.07,32.07,1014,60,1014,986,10000,3.05,97,2026-09-27,11:58:31,2026-09-27 07:33:00,2026-09-27 19:33:05
Alton,US,United States,26.2884,-98.3098,Clouds,scattered clouds,33.07,38.64,31.55,34.39,1013,57,1013,1007,10000,2.57,46,2026-09-27,11:58:33,2026-09-27 07:23:50,2026-09-27 19:24:30
Tecamachalco,MX,Mexico,18.86,-97.73,Clouds,few clouds,23.72,23.45,23.72,23.72,1015,50,1015,803,10000,0.08,20,2026-09-27,10:58:34,2026-09-27 06:20:40,2026-09-27 18:23:02
Thaba Nchu,ZA,South Africa,-29.2,26.8333,Clouds,broken clouds,16.33,15.56,16.33,16.33,1015,59,1015,853,10000,6.42,70,2026-09-27,18:58:36,2026-09-27 05:56:24,2026-09-27 18:11:02
Kosta,ES,Spain,43.3624,-1.7915,Clouds,overcast clouds,23.44,23.64,21.59,23.92,1017,69,1017,1015,10000,1.03,88,2026-09-27,18:58:38,2026-09-27 07:59:40,2026-09-27 19:56:43
Hitoyoshi,JP,Japan,32.1995,130.7943,Clouds,overcast clouds,24.63,25.73,24.63,24.63,1010,99,1010,960,10000,0.28,96,2026-09-28,01:58:40,2026-09-28 06:08:21,2026-09-28 18:06:54
Tortum,TR,Turkey,40.2969,41.5508,Clouds,overcast clouds,14.1,13.47,14.1,14.1,1016,73,1016,824,10000,0.52,93,2026-09-27,19:58:42,2026-09-27 06:05:47,2026-09-27 18:03:57
Soyaló,MX,Mexico,16.9333,-92.9833,Rain,moderate rain,22.79,23.24,22.79,22.79,1016,81,1016,891,2287,1.37,89,2026-09-27,10:58:44,2026-09-27 06:01:28,2026-09-27 18:04:16
Mirpur Mathelo,PK,Pakistan,28.0225,69.5522,Clear,clear sky,32.95,31.22,32.95,32.95,1003,24,1003,995,10000,5.39,0,2026-09-27,21:58:45,2026-09-27 06:12:22,2026-09-27 18:13:24
Gympie,AU,Australia,-26.1833,152.6667,Clouds,few clouds,15.8,15.86,15.8,15.8,1026,93,1026,1010,10000,0.91,17,2026-09-28,02:58:47,2026-09-28 05:32:52,2026-09-28 17:47:27
Kamienna Góra,PL,Poland,50.7833,16.0333,Clear,clear sky,13.13,12.35,12.23,14.45,1025,71,1025,955,10000,1.37,0,2026-09-27,18:58:49,2026-09-27 06:49:25,2026-09-27 18:44:25
Ayeyarwady Region,MM,Burma,17.4,95.0833,Rain,heavy intensity rain,25.74,26.8,25.74,25.74,1005,93,1005,1003,10000,3.71,100,2026-09-27,23:28:51,2026-09-27 05:59:11,2026-09-27 18:02:24
Ja‘farābād-e Now,IR,Iran,29.9122,53.3083,Clouds,few clouds,25.67,24.76,25.67,25.67,1012,18,1012,797,10000,0.58,23,2026-09-27,20:28:53,2026-09-27 05:47:34,2026-09-27 17:48:08
Ben GJinh,VN,Vietnam,10.4042,107.1417,Rain,moderate rain,26.73,29.64,26.73,26.73,1012,86,1012,1011,10000,2.89,100,2026-09-27,23:58:54,2026-09-27 05:40:17,2026-09-27 17:44:51
Amparihy,MG,Madagascar,-25.0,46.8833,Clear,clear sky,23.93,24.42,23.93,23.93,1017,78,1017,1015,10000,12.35,0,2026-09-27,19:58:56,2026-09-27 05:36:59,2026-09-27 17:50:06
Mondovì,IT,Italy,44.3833,7.8167,Clear,clear sky,20.48,20.33,19.2,21.04,1022,67,1022,961,10000,1.58,2,2026-09-27,18:58:58,2026-09-27 07:21:21,2026-09-27 19:18:11
Cave Spring,US,United States,37.2254,-80.0072,Clouds,broken clouds,22.01,21.57,21.01,23.44,1011,50,1011,952,10000,5.66,60,2026-09-27,12:59:00,2026-09-27 07:11:56,2026-09-27 19:10:02
Miracatu,BR,Brazil,-24.2808,-47.46,Clouds,overcast clouds,28.99,32.89,28.99,28.99,1018,71,1018,997,10000,1.5,100,2026-09-27,13:59:02,2026-09-27 05:54:12,2026-09-27 18:07:27
Silchar,IN,India,24.7326,92.8889,Clouds,broken clouds,24.75,25.71,24.75,24.75,1006,93,1006,1003,10000,0.44,68,2026-09-27,22:29:04,2026-09-27 05:08:40,2026-09-27 17:10:28
Tādepallegūdem,IN,India,16.9067,81.3846,Clouds,scattered clouds,26.64,26.64,26.64,26.64,1008,77,1008,1004,10000,3.05,39,2026-09-27,22:29:05,2026-09-27 05:53:56,2026-09-27 17:57:12
Matmata,MA,Morocco,34.0122,-4.5536,Clouds,overcast clouds,28.77,27.86,28.77,28.77,1014,33,1014,976,10000,3.45,99,2026-09-27,17:59:07,2026-09-27 07:09:34,2026-09-27 19:08:55
Vayalār,IN,India,9.7,76.3,Clear,clear sky,27.39,31.11,27.39,27.39,1011,84,1011,1011,10000,2.69,3,2026-09-27,22:29:09,2026-09-27 06:13:34,2026-09-27 18:18:14
Santa Coloma de Farners,ES,Spain,41.8624,2.6654,Clouds,overcast clouds,23.79,24.1,23.54,25.21,1019,72,1019,975,10000,5.14,97,2026-09-27,18:59:11,2026-09-27 07:41:38,2026-09-27 19:39:07
San Isidro de Curuguaty,PY,Paraguay,-24.48,-55.71,Clear,clear sky,39.75,39.33,39.75,39.75,1008,21,1008,984,10000,3.74,0,2026-09-27,13:59:13,2026-09-27 06:27:08,2026-09-27 18:40:29
Muluppilagadu,IN,India,11.85,75.4167,Clouds,few clouds,25.7,26.62,25.7,25.7,1011,88,1011,1014,10000,1.57,11,2026-09-27,22:29:15,2026-09-27 06:17:19,2026-09-27 18:21:33
Myanaung,MM,Burma,18.3353,95.2394,Rain,moderate rain,25.59,26.53,25.59,25.59,1005,89,1005,998,10000,1.59,100,2026-09-27,23:29:16,2026-09-27 05:58:39,2026-09-27 18:01:41
Ongole,IN,India,15.5819,79.868,Clouds,scattered clouds,28.81,30.86,28.81,28.81,1009,61,1009,1003,10000,0.95,32,2026-09-27,22:29:18,2026-09-27 05:59:52,2026-09-27 18:03:24
Topoloveni,RO,Romania,44.8069,25.0839,Clouds,few clouds,17.68,16.81,17.68,17.68,1024,50,1024,992,10000,0.77,17,2026-09-27,19:59:20,2026-09-27 07:12:17,2026-09-27 19:09:09
Péfka,GR,Greece,40.6581,22.9938,Clouds,scattered clouds,21.92,21.26,19.62,23.01,1020,42,1020,1004,10000,3.09,28,2026-09-27,19:59:22,2026-09-27 07:20:06,2026-09-27 19:18:03
Murrells Inlet,US,United States,33.556,-79.0594,Clear,clear sky,24.53,24.32,24.44,26.13,1012,49,1012,1011,10000,1.78,0,2026-09-27,12:59:24,2026-09-27 07:07:40,2026-09-27 19:06:42
Zubia,ES,Spain,37.1206,-3.585,Clouds,scattered clouds,27.91,27.46,25.66,28.81,1016,38,1016,944,10000,4.12,28,2026-09-27,18:59:25,2026-09-27 08:06:03,2026-09-27 20:04:41
Brodnica,PL,Poland,53.258,19.4054,Clear,clear sky,14.59,14.27,14.59,14.59,1028,83,1028,1016,10000,2.03,5,2026-09-27,18:59:27,2026-09-27 06:36:20,2026-09-27 18:30:31
Narsīpatnam,IN,India,17.67,82.62,Clouds,overcast clouds,25.95,25.95,25.95,25.95,1009,81,1009,985,10000,0.78,88,2026-09-27,22:29:29,2026-09-27 05:49:04,2026-09-27 17:52:12
Segezha,RU,Russia,63.7415,34.3222,Clouds,overcast clouds,10.48,9.99,10.48,10.48,1019,92,1019,1009,10000,3.57,99,2026-09-27,19:58:57,2026-09-27 06:38:56,2026-09-27 18:28:37
Lamuni Para,BD,Bangladesh,21.4167,92.1833,Clouds,few clouds,24.65,25.39,24.65,24.65,1006,85,1006,1000,10000,0.97,17,2026-09-27,22:59:33,2026-09-27 05:41:10,2026-09-27 17:43:36
Mendota,US,United States,36.7555,-120.3776,Clear,clear sky,19.48,18.71,19.48,19.48,1011,47,1011,1006,10000,3.18,3,2026-09-27,09:59:35,2026-09-27 06:53:26,2026-09-27 18:51:24
Santo Domingo Tehuantepec,MX,Mexico,16.3184,-95.2478,Clouds,broken clouds,28.36,31.69,28.36,28.36,1014,72,1014,994,10000,2.34,84,2026-09-27,10:59:37,2026-09-27 06:10:27,2026-09-27 18:13:24
Sjølyststranda,NO,Norway,59.9333,10.7167,Clouds,scattered clouds,13.33,12.91,13.09,13.38,1022,84,1022,1001,10000,3.86,32,2026-09-27,18:59:38,2026-09-27 07:12:31,2026-09-27 19:03:50
El Progreso,GT,Guatemala,14.35,-89.85,Clouds,broken clouds,23.89,24.32,23.89,23.89,1016,76,1016,871,10000,2.02,57,2026-09-27,10:59:40,2026-09-27 05:48:39,2026-09-27 17:52:02
Annemasse,FR,France,46.195,6.2356,Clear,clear sky,22.85,22.47,21.51,22.85,1019,49,1019,964,10000,1.54,2,2026-09-27,18:59:42,2026-09-27 07:27:56,2026-09-27 19:24:15
Asheboro,US,United States,35.7158,-79.8127,Clear,clear sky,21.66,20.8,21.61,23.49,1011,35,1011,987,10000,4.63,7,2026-09-27,12:59:44,2026-09-27 07:10:57,2026-09-27 19:09:27
Toliara,MG,Madagascar,-22.95,43.5667,Clear,clear sky,22.96,23.53,22.96,22.96,1017,85,1017,1013,10000,2.08,7,2026-09-27,19:59:46,2026-09-27 05:50:34,2026-09-27 18:03:02
Puruk Cahu,ID,Indonesia,-0.9,114.983,Clouds,broken clouds,23.22,24.05,23.22,23.22,1012,94,1012,1005,10000,0.74,84,2026-09-27,23:59:48,2026-09-27 05:07:48,2026-09-27 17:14:37
Ipiales,CO,Colombia,0.8289,-77.6406,Rain,light rain,16.53,15.67,16.53,16.53,1019,55,1019,731,10000,3.09,91,2026-09-27,11:59:49,2026-09-27 05:58:17,2026-09-27 18:04:44
Ciudad Victoria,MX,Mexico,23.7361,-99.1461,Clouds,few clouds,33.4,36.81,33.4,33.4,1014,49,1014,958,10000,3.09,22,2026-09-27,10:59:51,2026-09-27 06:26:53,2026-09-27 18:28:09
Antanifotsy,MG,Madagascar,-19.6167,47.15,Clouds,broken clouds,14.9,14.59,14.9,14.9,1022,82,1022,844,10000,2.54,81,2026-09-27,19:59:53,2026-09-27 05:36:44,2026-09-27 17:48:13
Zbarazh,UA,Ukraine,49.6646,25.7754,Clouds,few clouds,13.59,12.96,13.59,13.59,1027,75,1027,986,10000,1.69,20,2026-09-27,19:59:55,2026-09-27 07:10:13,2026-09-27 19:05:41
Nový Bor,CZ,Czechia,50.7577,14.5557,Clouds,few clouds,16.6,16.22,14.53,16.6,1024,73,1024,979,10000,2.64,18,2026-09-27,18:59:57,2026-09-27 06:55:19,2026-09-27 18:50:19
Ambasamudram,IN,India,8.67,77.33,Clouds,broken clouds,25.24,26.2,25.24,25.24,1012,91,1012,943,10000,2.64,51,2026-09-27,22:29:59,2026-09-27 06:09:21,2026-09-27 18:14:13
Campos Belos,BR,Brazil,-13.0369,-46.7719,Clear,clear sky,38.21,36.12,38.21,38.21,1009,16,1009,938,10000,3.75,0,2026-09-27,14:00:01,2026-09-27 05:53:08,2026-09-27 18:03:00
Sannicandro di Bari,IT,Italy,41.0,16.8,Clear,clear sky,20.38,19.99,20.07,21.18,1021,58,1021,1013,10000,1.54,0,2026-09-27,19:00:03,2026-09-27 06:44:56,2026-09-27 18:42:45
Concepción,PY,Paraguay,-23.4025,-57.4414,Clear,clear sky,43.23,42.9,43.23,43.23,1006,17,1006,996,10000,5.4,0,2026-09-27,14:00:04,2026-09-27 06:34:14,2026-09-27 18:47:14
Amod,IN,India,21.92,73.08,Clouds,broken clouds,25.75,26.52,25.75,25.75,1010,82,1010,1007,10000,4.49,72,2026-09-27,22:30:06,2026-09-27 06:27:39,2026-09-27 18:29:55
Purificación,MX,Mexico,19.6421,-104.892,Clouds,overcast clouds,29.39,32.24,29.39,29.39,1012,63,1012,958,10000,2.32,96,2026-09-27,11:00:08,2026-09-27 06:49:25,2026-09-27 18:51:35
Sihorā,IN,India,23.4871,80.104,Clear,clear sky,22.68,23.3,22.68,22.68,1009,88,1009,963,10000,2.14,0,2026-09-27,22:30:10,2026-09-27 05:59:42,2026-09-27 18:01:41
Zarzal,CO,Colombia,4.3942,-76.0703,Clouds,overcast clouds,24.19,24.83,24.19,24.19,1015,83,1015,889,10000,0.16,93,2026-09-27,12:00:12,2026-09-27 05:52:25,2026-09-27 17:58:03
Deresgē,ET,Ethiopia,12.5586,37.4308,Clouds,broken clouds,16.26,16.03,16.26,16.26,1016,80,1016,799,10000,2.21,61,2026-09-27,20:00:14,2026-09-27 06:19:20,2026-09-27 18:23:21
Antsohihy,MG,Madagascar,-15.7333,48.0833,Clear,clear sky,24.94,24.9,24.94,24.94,1017,54,1017,994,10000,5.3,0,2026-09-27,20:00:15,2026-09-27 05:33:33,2026-09-27 17:43:56
Aivali,TR,Turkey,39.3167,26.7,Clouds,overcast clouds,21.39,21.23,21.39,21.48,1015,63,1015,1020,10000,3.4,100,2026-09-27,20:00:17,2026-09-27 07:05:06,2026-09-27 19:03:24
Mataas Na Kahoy,PH,Philippines,13.9589,121.1138,Rain,light rain,26.5,26.5,26.5,26.5,1012,92,1012,987,9839,0.99,100,2026-09-28,01:00:19,2026-09-28 05:44:46,2026-09-28 17:47:55
Ramanathapuram,IN,India,9.5461,78.9172,Clear,clear sky,29.92,36.61,29.92,29.92,1009,77,1009,1009,10000,7.98,5,2026-09-27,22:30:21,2026-09-27 06:03:05,2026-09-27 18:07:47
Maştağa,AZ,Azerbaijan,40.5286,50.0103,Clouds,few clouds,20.85,20.45,20.85,20.85,1019,56,1019,1022,10000,3.09,16,2026-09-27,21:00:23,2026-09-27 06:31:57,2026-09-27 18:30:07
Xiabancheng,CN,China,40.7712,118.1672,Clear,clear sky,10.67,9.41,10.67,10.67,1015,62,1015,956,10000,1.33,0,2026-09-28,01:00:25,2026-09-28 06:00:09,2026-09-28 17:56:06
Kadoma,ZW,Zimbabwe,-18.35,29.9167,Clear,clear sky,27.1,26.07,27.1,27.1,1010,17,1010,887,10000,1.8,7,2026-09-27,19:00:27,2026-09-27 05:45:49,2026-09-27 17:56:58
Września,PL,Poland,52.325,17.565,Clear,clear sky,17.79,17.45,17.79,17.79,1026,70,1026,1013,10000,3.21,0,2026-09-27,19:00:28,2026-09-27 06:43:32,2026-09-27 18:38:02
Quinapundan,PH,Philippines,11.1578,125.5208,Rain,light rain,25.19,26.09,25.19,25.19,1011,89,1011,1003,10000,1.02,74,2026-09-28,01:00:30,2026-09-28 05:26:47,2026-09-28 17:30:38
Myerstown,US,United States,40.3774,-76.3142,Clouds,overcast clouds,16.53,16.2,15.3,17.05,1005,75,1005,986,5955,4.47,100,2026-09-27,13:00:32,2026-09-27 06:57:34,2026-09-27 18:54:51
Muluppilagadu,IN,India,11.8218,75.4973,Clouds,few clouds,25.64,26.58,25.64,25.64,1011,89,1011,1011,10000,0.98,15,2026-09-27,22:30:34,2026-09-27 06:16:59,2026-09-27 18:21:14
Firestone,US,United States,40.1565,-104.9494,Clouds,broken clouds,25.82,25.32,24.38,27.67,1016,33,1016,854,10000,1.54,54,2026-09-27,11:00:36,2026-09-27 06:52:09,2026-09-27 18:49:17
Lakou,CN,China,28.3237,120.0853,Clear,clear sky,23.64,24.38,23.64,23.64,1009,89,1009,957,10000,0.75,7,2026-09-28,01:00:38,2026-09-28 05:50:41,2026-09-28 17:50:13
Ingré,FR,France,47.9206,1.8242,Clouds,overcast clouds,27.01,27.08,24.9,27.01,1016,44,1016,1003,10000,5.66,99,2026-09-27,19:00:39,2026-09-27 07:45:51,2026-09-27 19:41:37
Lincheng,CN,China,29.9887,122.2049,Clouds,scattered clouds,24.85,25.79,24.85,24.85,1008,92,1008,1005,10000,1.75,50,2026-09-28,01:00:41,2026-09-28 05:42:26,2026-09-28 17:41:32
P’yŏngsŏng,KP,"Korea, North",39.4167,125.9333,Clouds,broken clouds,15.37,15.5,15.37,15.37,1009,97,1009,991,10000,0.96,75,2026-09-28,02:00:43,2026-09-28 06:28:51,2026-09-28 18:25:17
Dumka,IN,India,24.4843,87.1323,Clouds,overcast clouds,26.8,28.9,26.8,26.8,1007,75,1007,983,10000,2.44,99,2026-09-27,22:30:45,2026-09-27 05:31:41,2026-09-27 17:33:30
Ngaoundéré,CM,Cameroon,7.3214,13.5839,Clouds,overcast clouds,19.11,19.58,19.11,19.11,1012,96,1012,889,10000,0.99,100,2026-09-27,18:00:47,2026-09-27 05:54:10,2026-09-27 17:59:14
Tsiroanomandidy,MG,Madagascar,-18.7698,46.05,Clouds,broken clouds,26.17,26.17,26.17,26.17,1016,37,1016,922,10000,1.77,70,2026-09-27,20:00:49,2026-09-27 05:41:15,2026-09-27 17:52:29
Aboisso,CI,Côte d’Ivoire,5.4667,-3.2,Clouds,overcast clouds,27.44,29.02,27.44,27.44,1012,64,1012,1008,10000,4.11,94,2026-09-27,17:00:50,2026-09-27 06:01:06,2026-09-27 18:06:33
Vinh Long,VN,Vietnam,10.2509,105.8727,Rain,light rain,26.99,30.81,26.99,26.99,1012,91,1012,1011,10000,2.82,100,2026-09-28,00:00:52,2026-09-28 05:45:16,2026-09-28 17:49:19
Tange Zhen,CN,China,34.5988,104.8963,Rain,light rain,11.36,11.06,11.36,11.36,1014,96,1014,790,0,2.72,100,2026-09-28,01:00:54,2026-09-28 06:52:20,2026-09-28 18:50:03
Marília,BR,Brazil,-22.2139,-49.9458,Clear,clear sky,31.93,33.13,31.93,31.93,1014,45,1014,953,10000,5.14,0,2026-09-27,14:00:56,2026-09-27 06:04:28,2026-09-27 18:17:03
Bitkine,TD,Chad,11.9817,18.2125,Rain,light rain,26.56,26.56,26.56,26.56,1008,61,1008,956,10000,5.36,99,2026-09-27,18:00:58,2026-09-27 05:36:08,2026-09-27 17:40:15
Baiyin,CN,China,36.464,104.4513,Rain,light rain,13.46,13.05,13.46,13.46,1015,84,1015,829,10000,1.56,100,2026-09-28,01:01:00,2026-09-28 06:54:23,2026-09-28 18:51:34
Komotini,GR,Greece,41.1167,25.4,Clouds,few clouds,21.68,21.1,21.68,21.68,1020,46,1020,959,10000,1.34,19,2026-09-27,20:01:02,2026-09-27 07:10:32,2026-09-27 19:08:23
Velaux,FR,France,43.5225,5.2539,Clear,clear sky,24.54,24.56,23.44,25.28,1020,58,1020,1003,10000,5.14,1,2026-09-27,19:01:03,2026-09-27 07:31:29,2026-09-27 19:28:33
Madurai,IN,India,9.9658,78.1833,Clouds,scattered clouds,30.94,34.24,30.94,30.94,1010,58,1010,993,10000,1.54,43,2026-09-27,22:31:05,2026-09-27 06:06:04,2026-09-27 18:10:41
Tsuiki,JP,Japan,33.6652,131.0302,Clouds,overcast clouds,23.86,24.76,23.86,23.86,1008,94,1008,989,10000,2.01,100,2026-09-28,02:01:07,2026-09-28 06:07:37,2026-09-28 18:05:45
Tha Kham,TH,Thailand,9.1059,99.2326,Clouds,overcast clouds,26.37,26.37,26.37,26.37,1011,91,1011,1009,10000,4.93,100,2026-09-28,00:01:09,2026-09-28 06:11:41,2026-09-28 18:16:00
San Juan,US,United States,26.1903,-98.152,Clouds,scattered clouds,33.28,38.12,32.92,33.35,1013,54,1013,1009,10000,0.89,26,2026-09-27,12:01:11,2026-09-27 07:23:12,2026-09-27 19:23:53
Chunār,IN,India,25.13,82.9,Clear,clear sky,23.62,24.44,23.62,23.62,1007,92,1007,995,10000,2.79,1,2026-09-27,22:31:13,2026-09-27 05:48:40,2026-09-27 17:50:21
Hinton,CA,Canada,53.4114,-117.5639,Clouds,overcast clouds,5.89,5.08,5.89,5.89,1019,76,1019,877,10000,1.41,99,2026-09-27,11:01:14,2026-09-27 07:44:54,2026-09-27 19:37:26
Manglaur,IN,India,29.82,77.93,Rain,light rain,21.09,21.58,21.09,21.09,1008,89,1008,977,10000,1.32,99,2026-09-27,22:31:16,2026-09-27 06:09:02,2026-09-27 18:09:44
Betioky,MG,Madagascar,-23.8333,45.7167,Clouds,few clouds,25.11,24.83,25.11,25.11,1017,44,1017,941,10000,0.79,23,2026-09-27,20:01:18,2026-09-27 05:41:50,2026-09-27 17:54:35
Guática,CO,Colombia,5.3164,-75.7983,Rain,light rain,20.01,20.1,20.01,20.01,1015,78,1015,837,7227,0.76,67,2026-09-27,12:01:20,2026-09-27 05:51:26,2026-09-27 17:56:51
Magdagachi,RU,Russia,53.4528,125.8047,Clouds,broken clouds,5.64,4.41,5.64,5.64,1012,86,1012,969,10000,1.72,83,2026-09-28,02:01:22,2026-09-28 06:32:00,2026-09-28 18:23:10
Hujra Shah Muqim,PK,Pakistan,30.7408,73.8219,Clouds,scattered clouds,28.38,27.86,28.38,28.38,1005,38,1005,985,10000,5.37,35,2026-09-27,22:01:24,2026-09-27 05:55:34,2026-09-27 17:56:04
Vöhringen,DE,Germany,48.2833,10.0833,Clear,clear sky,20.16,19.59,19.6,20.16,1020,52,1020,961,10000,1.49,2,2026-09-27,19:01:25,2026-09-27 07:12:50,2026-09-27 19:08:34
Colonia Catuete,PY,Paraguay,-24.2481,-54.7575,Clear,clear sky,36.24,38.93,36.24,36.24,1010,38,1010,972,10000,3.46,0,2026-09-27,14:01:27,2026-09-27 06:23:22,2026-09-27 18:36:38
Noshiro,JP,Japan,40.1016,140.005,Clouds,overcast clouds,14.88,14.77,14.88,14.88,1009,90,1009,1008,10000,2.53,93,2026-09-28,02:01:29,2026-09-28 05:32:38,2026-09-28 17:28:57
Dammarie-les-Lys,FR,France,48.5167,2.65,Clouds,overcast clouds,26.15,26.15,25.88,26.16,1016,47,1016,1007,10000,4.12,94,2026-09-27,18:57:20,2026-09-27 07:42:38,2026-09-27 19:38:13
Horodyshche,UA,Ukraine,49.2925,31.4581,Clouds,few clouds,13.29,12.35,13.29,13.29,1026,64,1026,1006,10000,3.74,14,2026-09-27,20:01:33,2026-09-27 06:47:25,2026-09-27 18:43:03
Guéret,FR,France,46.1706,1.8683,Clouds,overcast clouds,25.57,25.33,25.57,25.57,1017,44,1017,966,10000,2.19,98,2026-09-27,19:01:35,2026-09-27 07:45:25,2026-09-27 19:41:42
Kakogawa,JP,Japan,34.7152,134.8681,Rain,light rain,23.11,23.96,23.11,23.11,1009,95,1009,1006,7052,2.39,100,2026-09-28,02:01:36,2026-09-28 05:52:24,2026-09-28 17:50:16
Quyang,CN,China,26.5751,109.6964,Clear,clear sky,24.53,25.28,24.53,24.53,1008,86,1008,953,10000,2.7,4,2026-09-28,01:01:38,2026-09-28 06:32:01,2026-09-28 18:31:58
Imilchil,MA,Morocco,32.1114,-5.5197,Rain,light rain,16.65,15.75,16.65,16.65,1022,53,1022,775,5731,1.65,99,2026-09-27,18:01:40,2026-09-27 07:13:12,2026-09-27 19:13:00
Tiébo,SN,Senegal,14.655,-16.2314,Rain,light rain,33.09,40.09,33.09,33.09,1011,62,1011,1008,4448,4.12,99,2026-09-27,17:01:42,2026-09-27 06:54:12,2026-09-27 18:57:41
Pulgaon,IN,India,20.726,78.317,Clear,clear sky,24.18,24.72,24.18,24.18,1010,79,1010,978,10000,2.81,2,2026-09-27,22:31:44,2026-09-27 06:06:35,2026-09-27 18:09:06
Hadano,JP,Japan,35.3702,139.226,Clouds,overcast clouds,20.03,20.1,20.03,21.01,1010,77,1010,981,10000,2.3,100,2026-09-28,02:01:45,2026-09-28 05:35:03,2026-09-28 17:32:46
Mae Chan,TH,Thailand,20.1339,99.8324,Clear,clear sky,25.76,26.74,25.08,25.76,1010,90,1010,946,10000,1.02,2,2026-09-28,00:01:47,2026-09-28 06:10:40,2026-09-28 18:12:14
Pollachi,IN,India,10.659,77.008,Clear,clear sky,26.63,26.63,26.63,26.63,1012,80,1012,972,10000,5.35,6,2026-09-27,22:31:49,2026-09-27 06:10:50,2026-09-27 18:15:19
Wuwei,CN,China,37.8573,102.5775,Clouds,overcast clouds,14.95,13.68,14.95,14.95,1013,45,1013,804,10000,3.17,100,2026-09-28,01:01:51,2026-09-28 07:02:06,2026-09-28 18:58:50
Tubara,CO,Colombia,10.8742,-74.9786,Rain,light rain,28.53,32.91,28.53,28.53,1013,77,1013,1006,10000,2.91,99,2026-09-27,12:01:53,2026-09-27 05:48:47,2026-09-27 17:52:58
Villanueva de la Cañada,ES,Spain,40.4469,-4.0043,Clouds,overcast clouds,28.48,27.51,27.96,29.6,1015,31,1015,923,10000,0.45,90,2026-09-27,19:01:55,2026-09-27 08:08:09,2026-09-27 20:05:56
Farmington,US,United States,37.7822,-90.4282,Clear,clear sky,21.94,21.47,21.94,21.94,1019,49,1019,985,10000,2.57,10,2026-09-27,12:01:57,2026-09-27 06:53:43,2026-09-27 18:51:36
Krasnoslobodsk,RU,Russia,54.4333,43.7833,Clouds,overcast clouds,12.87,12.28,12.87,12.87,1032,79,1032,1014,10000,2.08,100,2026-09-27,20:01:58,2026-09-27 05:58:54,2026-09-27 17:52:58
Tsimlyansk,RU,Russia,47.6467,42.0947,Clouds,overcast clouds,17.14,16.24,17.14,18.41,1023,51,1023,1019,10000,5.89,100,2026-09-27,20:02:00,2026-09-27 06:04:35,2026-09-27 18:00:48
Hazaribagh,IN,India,24.0211,85.3506,Clouds,scattered clouds,21.84,22.4,21.84,21.84,1009,89,1009,943,10000,1.95,32,2026-09-27,22:32:02,2026-09-27 05:38:45,2026-09-27 17:40:40
Sagauli,IN,India,26.7266,84.7912,Clouds,few clouds,25.53,26.33,25.53,25.53,1006,84,1006,998,10000,1.24,18,2026-09-27,22:32:04,2026-09-27 05:41:16,2026-09-27 17:42:38
Ruhengeri,RW,Rwanda,-1.4372,29.7103,Rain,light rain,16.24,16.14,16.24,16.24,1015,85,1015,803,10000,0.64,88,2026-09-27,19:02:06,2026-09-27 05:48:44,2026-09-27 17:55:42
Dinapore,IN,India,25.6466,84.9936,Clear,clear sky,27.97,32.49,27.97,27.97,1007,83,1007,1000,10000,2.06,6,2026-09-27,22:32:07,2026-09-27 05:40:21,2026-09-27 17:41:56
Yemanzhelinsk,RU,Russia,54.75,61.3167,Clear,clear sky,9.93,9.06,9.93,9.93,1034,79,1034,1004,10000,2.06,2,2026-09-27,22:02:09,2026-09-27 06:48:44,2026-09-27 18:42:54
Vermillion,US,United States,42.7811,-96.9256,Clouds,overcast clouds,19.63,20.0,19.63,19.63,1019,90,1019,976,10000,1.71,100,2026-09-27,12:02:11,2026-09-27 07:20:25,2026-09-27 19:16:51
Granadilla de Abona,ES,Spain,28.0761,-16.5581,Rain,light rain,27.07,28.25,27.07,27.07,1018,61,1018,877,3444,3.6,100,2026-09-27,18:02:13,2026-09-27 07:56:56,2026-09-27 19:57:34
Bikramganj,IN,India,25.25,84.0667,Clear,clear sky,24.75,25.55,24.75,24.75,1007,87,1007,997,10000,3.18,3,2026-09-27,22:32:15,2026-09-27 05:44:01,2026-09-27 17:45:40
Revelganj,IN,India,25.8513,84.6308,Clear,clear sky,26.09,26.09,26.09,26.09,1007,81,1007,1000,10000,2.26,7,2026-09-27,22:32:16,2026-09-27 05:41:49,2026-09-27 17:43:21
As Suqaylibīyah,SY,Syria,35.3656,36.3939,Clear,clear sky,24.17,24.24,24.17,24.17,1012,61,1012,986,10000,1.27,10,2026-09-27,20:02:18,2026-09-27 06:25:51,2026-09-27 18:25:08
Indiana,US,United States,40.621,-79.1513,Clouds,broken clouds,18.28,17.7,17.42,18.28,1012,59,1012,967,10000,5.33,83,2026-09-27,13:02:20,2026-09-27 07:08:58,2026-09-27 19:06:09
Jichang,CN,China,36.3351,110.2612,Clouds,overcast clouds,19.5,18.76,19.5,19.5,1011,48,1011,906,10000,1.25,100,2026-09-28,01:02:23,2026-09-28 06:31:07,2026-09-28 18:28:22
Angoulême,FR,France,45.6494,0.1594,Clouds,overcast clouds,27.26,27.47,27.15,27.26,1016,47,1016,1006,10000,1.03,100,2026-09-27,19:02:25,2026-09-27 07:52:11,2026-09-27 19:48:36
Bonate Sopra,IT,Italy,45.6819,9.5586,Clear,clear sky,21.0,20.64,19.82,23.08,1022,57,1022,993,10000,2.06,0,2026-09-27,19:02:27,2026-09-27 07:14:33,2026-09-27 19:11:03
Chittūr,IN,India,10.68,76.7,Clear,clear sky,27.1,30.48,27.1,27.1,1012,85,1012,983,10000,3.11,2,2026-09-27,22:32:29,2026-09-27 06:12:04,2026-09-27 18:16:32
Vesëlyy,RU,Russia,47.0934,40.7422,Clouds,overcast clouds,20.57,19.75,19.87,20.75,1021,41,1021,1018,10000,6.46,100,2026-09-27,20:02:30,2026-09-27 06:09:55,2026-09-27 18:06:17
Bairāgnia,IN,India,26.7086,85.359,Clear,clear sky,25.01,25.79,25.01,25.01,1007,85,1007,998,10000,2.25,4,2026-09-27,22:32:32,2026-09-27 05:38:59,2026-09-27 17:40:22
Emiliano Zapata,MX,Mexico,19.6667,-98.6,Clouds,broken clouds,19.52,18.78,19.52,19.52,1017,48,1017,754,10000,4.42,62,2026-09-27,11:02:34,2026-09-27 06:24:15,2026-09-27 18:26:25
Ad Dānā,SY,Syria,36.1833,36.7167,Clear,clear sky,22.59,22.58,22.59,22.59,1011,64,1011,975,10000,5.99,1,2026-09-27,20:02:36,2026-09-27 06:24:39,2026-09-27 18:23:45
Sitiawan,MY,Malaysia,4.2167,100.7,Clouds,overcast clouds,27.0,30.63,27.0,27.0,1011,89,1011,1010,10000,0.0,100,2026-09-28,01:02:38,2026-09-28 07:05:12,2026-09-28 19:10:45
Pāli,IN,India,24.3055,78.5283,Clouds,few clouds,23.04,23.59,23.04,23.04,1008,84,1008,959,10000,4.03,12,2026-09-27,22:32:39,2026-09-27 06:06:05,2026-09-27 18:07:54
Batken,KG,Kyrgyzstan,40.0625,70.8194,Clouds,scattered clouds,15.68,14.37,15.68,15.68,1018,41,1018,887,10000,2.52,48,2026-09-27,23:02:41,2026-09-27 07:08:36,2026-09-27 19:07:02
Suchitoto,SV,El Salvador,13.9367,-89.0259,Rain,light rain,27.73,32.75,27.73,27.73,1015,89,1015,971,10000,0.92,100,2026-09-27,11:02:43,2026-09-27 05:45:18,2026-09-27 17:48:47
Ciudad Tecún Umán,GT,Guatemala,14.6774,-92.1404,Rain,light rain,29.97,36.97,29.97,29.97,1014,83,1014,1011,5942,3.74,96,2026-09-27,11:02:45,2026-09-27 05:57:51,2026-09-27 18:01:09
Dhule,IN,India,20.9014,74.7775,Clear,clear sky,25.51,26.18,25.51,25.51,1010,79,1010,974,10000,3.25,2,2026-09-27,22:32:47,2026-09-27 06:20:45,2026-09-27 18:23:14
Nedumangād,IN,India,8.6312,76.9555,Clear,clear sky,27.49,31.24,27.49,27.49,1011,83,1011,1003,10000,4.63,0,2026-09-27,22:32:49,2026-09-27 06:10:51,2026-09-27 18:15:43
Lubsko,PL,Poland,51.7877,14.9724,Clear,clear sky,18.91,18.4,18.89,19.44,1024,59,1024,1013,10000,3.64,0,2026-09-27,19:02:50,2026-09-27 06:53:49,2026-09-27 18:48:29
Novoye Plato,RU,Russia,68.9667,33.0833,Clouds,few clouds,9.22,8.62,9.22,9.22,1019,99,1019,1005,10000,1.63,12,2026-09-27,20:02:52,2026-09-27 06:45:44,2026-09-27 18:31:43
Saen Suk,TH,Thailand,13.3364,100.9278,Clouds,overcast clouds,26.66,26.66,24.73,28.95,1008,99,1008,1004,10000,5.73,100,2026-09-28,00:02:54,2026-09-28 06:05:26,2026-09-28 18:08:42
Tupanciretã,BR,Brazil,-29.0808,-53.8358,Rain,moderate rain,24.01,24.84,24.01,24.01,1013,91,1013,964,10000,6.57,100,2026-09-27,14:02:56,2026-09-27 06:18:50,2026-09-27 18:33:48
Mers el Hajer,MA,Morocco,32.7314,-9.0339,Clouds,overcast clouds,20.96,21.62,20.96,20.96,1016,96,1016,1017,3566,2.89,100,2026-09-27,18:02:58,2026-09-27 07:27:21,2026-09-27 19:26:58
Weragampita,LK,Sri Lanka,5.95,80.55,Clouds,broken clouds,29.24,35.89,29.24,29.24,1011,82,1011,1011,10000,4.31,58,2026-09-27,22:33:00,2026-09-27 05:56:12,2026-09-27 18:01:37
Sagauli,IN,India,26.7308,84.6263,Clouds,few clouds,25.5,26.3,25.5,25.5,1006,84,1006,998,10000,1.01,14,2026-09-27,22:33:01,2026-09-27 05:41:55,2026-09-27 17:43:17
Borna,DE,Germany,51.1167,12.5,Clear,clear sky,19.46,18.98,19.36,19.66,1021,58,1021,1003,10000,4.19,0,2026-09-27,19:03:03,2026-09-27 07:03:37,2026-09-27 18:58:28
Nordwalde,DE,Germany,52.0833,7.4833,Clouds,broken clouds,23.54,23.36,22.44,23.9,1015,54,1015,1008,10000,0.51,77,2026-09-27,19:03:05,2026-09-27 07:23:52,2026-09-27 19:18:20
Sint-Pieters-Leeuw,BE,Belgium,50.7833,4.25,Clouds,overcast clouds,22.44,22.36,22.06,23.4,1015,62,1015,1009,10000,2.17,86,2026-09-27,19:03:07,2026-09-27 07:36:36,2026-09-27 19:31:28
Peterborough,GB,United Kingdom,52.5661,-0.2364,Clouds,overcast clouds,20.18,20.06,19.99,21.72,1010,69,1010,1007,7460,8.75,97,2026-09-27,18:03:09,2026-09-27 06:54:52,2026-09-27 18:49:05
Sergiyev Posad,RU,Russia,56.3,38.1333,Rain,light rain,12.4,11.89,12.4,12.4,1030,84,1030,1003,4229,1.87,97,2026-09-27,20:03:11,2026-09-27 06:21:53,2026-09-27 18:15:11
Farmington,US,United States,42.4614,-83.3784,Clear,clear sky,21.49,21.08,20.02,22.68,1018,53,1018,985,10000,4.63,0,2026-09-27,13:03:12,2026-09-27 07:26:08,2026-09-27 19:22:47
Guyana,GY,Guyana,5.2825,-59.15,Clouds,few clouds,36.24,38.59,36.24,36.24,1011,37,1011,985,10000,1.4,16,2026-09-27,13:03:14,2026-09-27 05:44:51,2026-09-27 17:50:17
Wakuya,JP,Japan,38.5397,141.1282,Clouds,broken clouds,17.72,18.08,17.72,17.72,1010,97,1010,1008,10000,0.94,80,2026-09-28,02:03:16,2026-09-28 05:27:54,2026-09-28 17:24:42
Pinole,US,United States,37.9931,-122.2833,Clouds,scattered clouds,15.78,15.48,14.41,16.99,1012,79,1012,1009,10000,4.63,40,2026-09-27,10:03:18,2026-09-27 07:01:14,2026-09-27 18:58:51
Devrek,TR,Turkey,41.2333,31.9667,Clouds,overcast clouds,17.41,17.71,17.41,17.41,1016,96,1016,968,10000,1.77,97,2026-09-27,20:03:20,2026-09-27 06:44:16,2026-09-27 18:42:08
Luckeesarai,IN,India,25.248,86.2347,Clouds,scattered clouds,25.88,26.61,25.88,25.88,1006,80,1006,998,10000,2.6,32,2026-09-27,22:33:21,2026-09-27 05:35:20,2026-09-27 17:37:00
Khagaria,IN,India,25.614,86.4258,Clouds,scattered clouds,26.76,29.3,26.76,26.76,1006,81,1006,1002,10000,2.54,29,2026-09-27,22:33:23,2026-09-27 05:34:37,2026-09-27 17:36:12
Orizaba,MX,Mexico,18.85,-97.1,Clouds,scattered clouds,24.97,25.35,24.97,24.97,1016,70,1016,851,10000,2.22,34,2026-09-27,10:59:30,2026-09-27 06:18:09,2026-09-27 18:20:31
Botolan,PH,Philippines,15.2896,120.0245,Clouds,overcast clouds,27.27,31.03,27.27,27.27,1012,86,1012,999,10000,1.53,100,2026-09-28,01:03:27,2026-09-28 05:49:17,2026-09-28 17:52:06
Thanh Pho Uong Bi,VN,Vietnam,21.3158,106.8472,Clear,clear sky,27.05,30.99,27.05,27.05,1009,91,1009,983,10000,1.56,5,2026-09-28,00:03:29,2026-09-28 05:42:45,2026-09-28 17:44:02
Kumul,CN,China,42.8322,93.5155,Clouds,scattered clouds,18.06,16.5,18.06,18.06,1012,22,1012,930,10000,4.07,31,2026-09-28,01:03:31,2026-09-28 07:39:10,2026-09-28 19:34:14
Bishopbriggs,GB,United Kingdom,55.9046,-4.225,Clouds,few clouds,11.42,10.94,10.44,11.7,1006,89,1006,992,10000,3.6,16,2026-09-27,18:03:32,2026-09-27 07:11:28,2026-09-27 19:04:22
Bāpatla,IN,India,15.9,80.6667,Clear,clear sky,28.9,33.65,28.9,28.9,1008,76,1008,1008,10000,2.84,10,2026-09-27,22:33:34,2026-09-27 05:56:43,2026-09-27 18:00:10
Jangipur,IN,India,24.47,88.07,Clouds,few clouds,27.4,30.3,27.4,27.4,1006,77,1006,1003,10000,1.78,13,2026-09-27,22:33:36,2026-09-27 05:27:55,2026-09-27 17:29:45
Brades,MS,Montserrat,16.7928,-62.2106,Clear,clear sky,30.76,36.96,30.76,30.76,1014,70,1014,1012,10000,7.72,9,2026-09-27,13:03:38,2026-09-27 05:58:21,2026-09-27 18:01:16
Westerlo,BE,Belgium,51.0897,4.9153,Clouds,overcast clouds,22.7,22.38,21.66,23.6,1015,52,1015,1014,10000,2.1,93,2026-09-27,19:03:40,2026-09-27 07:33:59,2026-09-27 19:28:46
Alginet,ES,Spain,39.2625,-0.4683,Clouds,scattered clouds,26.46,26.46,25.03,26.68,1017,71,1017,1003,10000,3.58,32,2026-09-27,19:03:42,2026-09-27 07:53:50,2026-09-27 19:51:58
Argostoli,GR,Greece,38.1739,20.4883,Clear,clear sky,24.77,24.29,22.94,24.77,1018,38,1018,994,10000,1.54,5,2026-09-27,20:03:43,2026-09-27 07:29:50,2026-09-27 19:28:22
Hibbing,US,United States,47.398,-92.9486,Clouds,overcast clouds,15.62,15.69,15.25,16.89,1020,94,1020,966,10000,0.0,100,2026-09-27,12:03:45,2026-09-27 07:05:13,2026-09-27 19:00:15
Mīrpur Batoro,PK,Pakistan,24.7264,68.2608,Clear,clear sky,26.69,28.7,26.69,26.69,1007,75,1007,1005,10000,5.79,0,2026-09-27,22:03:47,2026-09-27 06:17:12,2026-09-27 18:18:54
Samāstipur,IN,India,25.9456,85.9759,Clouds,few clouds,26.27,26.27,26.27,26.27,1006,86,1006,1000,10000,2.7,13,2026-09-27,22:33:49,2026-09-27 05:36:27,2026-09-27 17:37:58
Acquappesa,IT,Italy,39.5,15.95,Clear,clear sky,22.63,22.38,22.63,22.63,1020,55,1020,973,10000,1.9,5,2026-09-27,19:03:51,2026-09-27 06:48:09,2026-09-27 18:46:20
Saharsa,IN,India,25.8973,86.655,Clouds,few clouds,26.76,29.38,26.76,26.76,1006,82,1006,1000,10000,2.63,24,2026-09-27,22:33:53,2026-09-27 05:33:43,2026-09-27 17:35:16
Ararat,AU,Australia,-37.285,142.933,Clouds,few clouds,3.34,-0.2,3.34,3.34,1034,93,1034,996,10000,4.04,17,2026-09-28,03:03:54,2026-09-28 06:09:19,2026-09-28 18:28:51
Carapeguá,PY,Paraguay,-25.8,-57.2333,Clear,clear sky,39.77,46.57,39.77,39.77,1007,38,1007,994,10000,5.8,5,2026-09-27,14:03:56,2026-09-27 06:33:00,2026-09-27 18:46:48
Udangudi,IN,India,8.4815,77.9972,Clouds,few clouds,29.15,32.49,29.15,29.15,1009,67,1009,1008,10000,2.72,11,2026-09-27,22:33:58,2026-09-27 06:06:40,2026-09-27 18:11:34
Chāh Gachī,IR,Iran,27.6256,52.4756,Clear,clear sky,36.17,39.85,36.17,36.17,1008,41,1008,938,10000,0.4,1,2026-09-27,20:34:00,2026-09-27 05:50:39,2026-09-27 17:51:42
Ambositra,MG,Madagascar,-20.6833,47.5667,Clouds,scattered clouds,16.91,17.16,16.91,16.91,1022,96,1022,947,10000,0.23,40,2026-09-27,20:04:02,2026-09-27 05:34:55,2026-09-27 17:46:42
Badvel,IN,India,14.5715,79.4075,Clouds,broken clouds,29.11,31.71,29.11,29.11,1009,63,1009,993,10000,0.82,58,2026-09-27,22:34:03,2026-09-27 06:01:37,2026-09-27 18:05:20
Jesús Gómez Portugal,MX,Mexico,22.02,-102.225,Clouds,overcast clouds,24.6,24.37,24.6,24.6,1016,48,1016,808,10000,0.91,96,2026-09-27,11:04:05,2026-09-27 06:39:01,2026-09-27 18:40:39
Anren,CN,China,28.0733,119.1277,Clouds,scattered clouds,24.47,25.09,24.47,24.47,1010,81,1010,937,10000,0.42,36,2026-09-28,01:04:07,2026-09-28 05:54:29,2026-09-28 17:54:05
Oqtosh,UZ,Uzbekistan,39.7389,65.9922,Clouds,broken clouds,16.81,15.25,16.81,16.81,1019,27,1019,942,10000,4.88,70,2026-09-27,22:04:09,2026-09-27 06:27:53,2026-09-27 18:26:22
Shichinohe,JP,Japan,40.7279,141.2579,Clouds,broken clouds,15.21,15.29,15.21,15.21,1010,96,1010,1001,10000,1.69,74,2026-09-28,02:04:11,2026-09-28 05:27:43,2026-09-28 17:23:51
Slatina,RO,Romania,44.4297,24.3642,Clouds,broken clouds,18.67,17.85,18.67,18.67,1024,48,1024,1008,10000,1.99,62,2026-09-27,20:04:13,2026-09-27 07:15:07,2026-09-27 19:12:05
Jouy-le-Moutier,FR,France,49.0108,2.0386,Clouds,overcast clouds,25.11,25.03,24.34,26.02,1015,52,1015,1006,10000,4.12,100,2026-09-27,19:04:15,2026-09-27 07:45:10,2026-09-27 19:40:35
Pithampur,IN,India,22.5748,75.7445,Clouds,scattered clouds,23.92,24.4,23.92,23.92,1012,78,1012,945,10000,3.09,42,2026-09-27,22:34:17,2026-09-27 06:17:03,2026-09-27 18:19:12
São Nicolau,BR,Brazil,-6.5739,-40.1239,Clear,clear sky,36.52,34.36,36.52,36.52,1009,17,1009,959,10000,4.5,5,2026-09-27,14:04:18,2026-09-27 05:27:23,2026-09-27 17:35:35
Shwebo,MM,Burma,22.5667,95.7,Clouds,broken clouds,27.88,31.23,27.88,27.88,1004,76,1004,992,10000,1.79,73,2026-09-27,23:34:20,2026-09-27 05:57:13,2026-09-27 17:59:26
Zhuhai,CN,China,22.3566,113.5919,Clouds,scattered clouds,28.95,35.48,28.95,28.95,1010,84,1010,1006,10000,5.37,37,2026-09-28,01:04:22,2026-09-28 06:15:54,2026-09-28 18:16:57
Rājmahal,IN,India,25.2611,87.8947,Clouds,broken clouds,28.57,32.14,28.57,28.57,1006,72,1006,1001,10000,2.53,63,2026-09-27,22:34:24,2026-09-27 05:28:42,2026-09-27 17:30:22
Bihar,IN,India,25.7986,85.6218,Clear,clear sky,26.63,26.63,26.63,26.63,1006,82,1006,1000,10000,1.81,10,2026-09-27,22:34:26,2026-09-27 05:37:51,2026-09-27 17:39:24
Tongchuan,CN,China,35.4969,107.4914,Clouds,overcast clouds,14.81,14.75,14.81,14.81,1013,92,1013,879,10000,1.21,100,2026-09-28,01:04:28,2026-09-28 06:42:05,2026-09-28 18:39:33
Beverungen,DE,Germany,51.6628,9.3725,Rain,light rain,21.72,21.07,20.92,24.07,1017,43,1017,993,10000,3.69,11,2026-09-27,19:04:29,2026-09-27 07:16:14,2026-09-27 19:10:52
Pakur,IN,India,24.5863,87.9294,Clouds,few clouds,27.52,30.33,27.52,27.52,1006,75,1006,1002,10000,1.94,16,2026-09-27,22:34:31,2026-09-27 05:28:30,2026-09-27 17:30:18
Quang Tri,VN,Vietnam,16.7512,107.1857,Clouds,broken clouds,25.23,26.11,25.23,25.23,1010,88,1010,1008,10000,1.88,72,2026-09-28,00:04:33,2026-09-28 05:40:49,2026-09-28 17:43:15
Roncq,FR,France,50.7536,3.1203,Clouds,overcast clouds,22.93,22.95,22.04,24.03,1014,64,1014,1012,10000,1.95,100,2026-09-27,19:04:35,2026-09-27 07:41:07,2026-09-27 19:35:59
Tikaitnagar,IN,India,26.8922,81.5556,Clear,clear sky,23.0,23.57,23.0,23.0,1007,85,1007,994,10000,0.86,4,2026-09-27,22:34:37,2026-09-27 05:54:14,2026-09-27 17:55:33
Veromies,FI,Finland,60.3144,24.8469,Clear,clear sky,11.61,10.86,9.68,12.88,1026,78,1026,1021,10000,2.57,0,2026-09-27,20:04:38,2026-09-27 07:15:59,2026-09-27 19:07:20
Vicopisano,IT,Italy,43.6991,10.5831,Clear,clear sky,22.88,22.87,22.14,24.42,1020,63,1020,1006,10000,3.09,0,2026-09-27,19:04:40,2026-09-27 07:10:11,2026-09-27 19:07:14
Bhāndāria,BD,Bangladesh,22.489,90.0627,Clouds,few clouds,27.28,30.48,27.28,27.28,1006,81,1006,1006,10000,1.7,12,2026-09-27,23:04:42,2026-09-27 05:49:45,2026-09-27 17:51:58
Lynwood,US,United States,33.924,-118.2016,Clouds,overcast clouds,23.99,24.69,22.61,25.67,1012,86,1012,1009,10000,2.06,95,2026-09-27,10:04:44,2026-09-27 06:44:22,2026-09-27 18:43:05
Gembloux,BE,Belgium,50.561,4.697,Clouds,overcast clouds,22.23,22.1,21.64,23.18,1016,61,1016,1000,10000,2.35,94,2026-09-27,19:04:46,2026-09-27 07:34:46,2026-09-27 19:29:43
Cabriès,FR,France,43.4411,5.3797,Clear,clear sky,24.46,24.42,23.55,25.29,1019,56,1019,1000,10000,5.14,1,2026-09-27,19:04:48,2026-09-27 07:30:58,2026-09-27 19:28:03
Lehututu,BW,Botswana,-23.9169,21.8264,Clear,clear sky,26.44,26.44,26.44,26.44,1011,21,1011,889,10000,4.77,2,2026-09-27,19:04:49,2026-09-27 06:17:19,2026-09-27 18:30:10
Mbaïki,CF,Central African Republic,3.8833,18.0,Rain,light rain,22.7,23.38,22.7,22.7,1011,90,1011,954,10000,0.63,79,2026-09-27,18:04:51,2026-09-27 05:36:09,2026-09-27 17:41:57
Batié,BF,Burkina Faso,9.8833,-2.9167,Rain,light rain,27.78,31.7,27.78,27.78,1009,81,1009,974,10000,3.08,72,2026-09-27,17:04:53,2026-09-27 06:00:26,2026-09-27 18:04:57
Donghu,CN,China,23.267,113.2304,Clouds,broken clouds,29.04,33.59,29.04,29.04,1009,74,1009,1007,10000,4.0,66,2026-09-28,01:04:55,2026-09-28 06:17:27,2026-09-28 18:18:16
Sukuta,GM,"Gambia, The",13.4144,-16.7072,Clouds,overcast clouds,30.02,35.09,30.02,30.02,1012,70,1012,1011,10000,3.6,100,2026-09-27,17:04:57,2026-09-27 06:55:58,2026-09-27 18:59:43
Temple Terrace,US,United States,28.0436,-82.3773,Clouds,overcast clouds,28.26,28.47,26.62,29.54,1014,47,1014,1011,10000,3.6,95,2026-09-27,13:04:59,2026-09-27 07:20:17,2026-09-27 19:20:37
Xiaojiang,CN,China,24.6725,112.6106,Clear,clear sky,21.87,22.41,21.87,21.87,1010,88,1010,962,10000,1.46,4,2026-09-28,01:05:00,2026-09-28 06:20:07,2026-09-28 18:20:34
Iapu,BR,Brazil,-19.4369,-42.2178,Clear,clear sky,31.73,30.41,31.73,31.73,1014,29,1014,961,10000,2.61,0,2026-09-27,14:05:02,2026-09-27 05:34:01,2026-09-27 17:45:42
Malanje,AO,Angola,-9.6942,14.4228,Clouds,overcast clouds,30.84,31.47,30.84,30.84,1010,45,1010,1005,10000,4.58,95,2026-09-27,18:05:04,2026-09-27 05:48:54,2026-09-27 17:57:48
Kırıkkale,TR,Turkey,39.8417,33.5139,Clouds,overcast clouds,19.95,19.31,19.95,19.95,1014,50,1014,918,5620,7.15,86,2026-09-27,20:05:06,2026-09-27 06:37:54,2026-09-27 18:36:07
Ollioules,FR,France,43.1394,5.8469,Clouds,scattered clouds,23.95,24.2,23.27,24.43,1019,69,1019,981,10000,1.34,30,2026-09-27,19:05:08,2026-09-27 07:29:04,2026-09-27 19:26:14
Nea Smyrni,GR,Greece,37.9433,23.7106,Clouds,broken clouds,20.35,20.24,19.5,21.17,1017,69,1017,996,10000,5.14,54,2026-09-27,20:05:10,2026-09-27 07:16:54,2026-09-27 19:15:31
Yataity,PY,Paraguay,-26.4794,-56.0961,Clear,clear sky,38.02,40.18,38.02,38.02,1008,32,1008,994,10000,4.04,3,2026-09-27,14:05:11,2026-09-27 06:28:20,2026-09-27 18:42:23
Karabulak,RU,Russia,43.3,44.9,Clouds,overcast clouds,17.67,17.53,17.67,17.67,1019,78,1019,969,10000,3.52,91,2026-09-27,20:05:13,2026-09-27 05:52:45,2026-09-27 17:50:12
Khapalu,PK,Pakistan,35.1518,76.4454,Clouds,few clouds,16.93,15.33,16.93,16.93,1013,25,1013,626,10000,2.03,24,2026-09-27,22:05:15,2026-09-27 05:45:32,2026-09-27 17:45:07
Lampang,TH,Thailand,18.3,99.5,Rain,light rain,25.45,26.56,25.45,25.45,1009,96,1009,974,10000,1.11,76,2026-09-28,00:05:17,2026-09-28 06:11:46,2026-09-28 18:13:47
Khun Tan,TH,Thailand,19.9223,100.3057,Clear,clear sky,24.84,25.78,24.84,24.84,1009,92,1009,948,10000,1.04,3,2026-09-28,00:05:19,2026-09-28 06:08:45,2026-09-28 18:10:22
Bas-Congo Province,CD,Congo (Kinshasa),-4.95,14.1333,Clouds,broken clouds,32.13,33.24,32.13,32.13,1008,44,1008,986,10000,3.82,83,2026-09-27,18:05:21,2026-09-27 05:50:38,2026-09-27 17:58:24
Dayr Ḩāfir,SY,Syria,36.1592,37.704,Clear,clear sky,23.68,23.64,23.68,23.68,1011,59,1011,967,10000,5.19,0,2026-09-27,20:05:22,2026-09-27 06:20:41,2026-09-27 18:19:49
East Rockaway,US,United States,40.6432,-73.6672,Clouds,overcast clouds,18.49,18.74,16.76,19.43,1004,90,1004,1000,4671,7.72,100,2026-09-27,13:05:24,2026-09-27 06:47:01,2026-09-27 18:44:14
Ciudad Madero,MX,Mexico,22.2833,-97.8167,Clouds,scattered clouds,31.1,38.1,31.1,33.91,1013,74,1013,1012,6514,2.06,38,2026-09-27,11:05:26,2026-09-27 06:21:24,2026-09-27 18:23:00
Torgau,DE,Germany,51.5603,13.0056,Clouds,few clouds,20.9,20.38,19.47,20.9,1021,51,1021,1010,10000,4.09,14,2026-09-27,19:05:28,2026-09-27 07:01:40,2026-09-27 18:56:22
Charlton Kings,GB,United Kingdom,51.8877,-2.0413,Clouds,overcast clouds,17.62,17.58,16.88,18.35,1011,82,1011,999,10000,4.12,96,2026-09-27,18:05:30,2026-09-27 07:01:58,2026-09-27 18:56:25
Chiva,ES,Spain,39.4714,-0.7197,Clouds,broken clouds,24.45,24.67,23.57,24.96,1017,66,1017,971,10000,3.43,67,2026-09-27,19:05:31,2026-09-27 07:54:52,2026-09-27 19:52:56
Delījān,IR,Iran,33.9906,50.6839,Clear,clear sky,22.32,21.44,22.32,22.32,1014,32,1014,848,10000,1.22,0,2026-09-27,20:35:33,2026-09-27 05:58:30,2026-09-27 17:58:11
Bolinao,PH,Philippines,16.3881,119.8947,Clouds,overcast clouds,28.29,31.85,28.29,28.29,1011,74,1011,1009,10000,1.83,96,2026-09-28,01:05:35,2026-09-28 05:49:56,2026-09-28 17:52:29
Puliyūr,IN,India,10.7244,78.8108,Clear,clear sky,31.03,37.68,31.03,31.03,1009,70,1009,1000,10000,3.09,8,2026-09-27,22:35:37,2026-09-27 06:03:38,2026-09-27 18:08:06
Rayón,MX,Mexico,17.2005,-93.0112,Rain,moderate rain,21.37,21.6,21.37,21.37,1016,78,1016,852,5205,0.86,100,2026-09-27,11:05:39,2026-09-27 06:01:37,2026-09-27 18:04:21
Manzanares,ES,Spain,38.9961,-3.3724,Clouds,broken clouds,28.79,27.33,28.79,28.79,1015,21,1015,943,10000,2.22,60,2026-09-27,19:05:41,2026-09-27 08:05:26,2026-09-27 20:03:36
Quibala,AO,Angola,-10.7336,14.98,Clouds,overcast clouds,24.12,24.08,24.12,24.12,1012,57,1012,875,10000,1.1,99,2026-09-27,18:05:42,2026-09-27 05:46:32,2026-09-27 17:55:42
San Marcos,HN,Honduras,14.4093,-88.9545,Clouds,overcast clouds,23.12,23.58,23.12,23.12,1016,80,1016,849,10000,1.48,95,2026-09-27,11:05:44,2026-09-27 05:45:04,2026-09-27 17:48:27
Jomboy,UZ,Uzbekistan,39.6989,67.0933,Clouds,scattered clouds,17.49,16.1,17.49,17.49,1018,31,1018,935,10000,3.17,39,2026-09-27,22:05:46,2026-09-27 06:23:28,2026-09-27 18:21:58
Malappuram,IN,India,11.0,76.1583,Clear,clear sky,27.26,30.77,27.26,27.26,1011,84,1011,1007,10000,0.34,10,2026-09-27,22:35:48,2026-09-27 06:14:16,2026-09-27 18:18:40
Irinjālakuda,IN,India,10.3667,76.1333,Clear,clear sky,27.08,30.32,27.08,27.08,1011,84,1011,1012,10000,1.24,7,2026-09-27,22:35:50,2026-09-27 06:14:18,2026-09-27 18:18:50
Bangui,CF,Central African Republic,4.3313,18.5163,Rain,light rain,28.95,33.37,28.95,28.95,1011,74,1011,969,10000,3.09,96,2026-09-27,18:05:52,2026-09-27 05:34:08,2026-09-27 17:39:50
Tamanrasset Province,DZ,Algeria,23.6911,5.1508,Clouds,scattered clouds,32.82,30.64,32.82,32.82,1010,18,1010,903,10000,4.34,26,2026-09-27,18:05:53,2026-09-27 06:29:36,2026-09-27 18:31:16
Yecapixtla,MX,Mexico,18.8833,-98.865,Rain,light rain,24.85,24.88,24.85,24.85,1016,57,1016,830,8949,0.87,57,2026-09-27,11:05:55,2026-09-27 06:25:13,2026-09-27 18:27:34
Barisal Division,BD,Bangladesh,22.5333,90.3167,Clouds,few clouds,27.29,30.73,27.29,27.29,1006,83,1006,1006,10000,2.05,20,2026-09-27,23:05:57,2026-09-27 05:48:45,2026-09-27 17:50:57
Martorell,ES,Spain,41.474,1.9306,Clouds,overcast clouds,25.14,25.59,23.54,25.79,1018,72,1018,979,10000,3.6,100,2026-09-27,19:05:59,2026-09-27 07:44:31,2026-09-27 19:42:06
Milford,US,United States,42.8178,-71.6736,Rain,light rain,13.85,13.64,13.03,14.6,1011,90,1011,981,7125,2.57,100,2026-09-27,13:06:01,2026-09-27 06:39:20,2026-09-27 18:35:58
Tandlianwala,PK,Pakistan,31.0317,73.1317,Clear,clear sky,29.91,28.6,29.91,29.91,1004,29,1004,984,10000,3.45,0,2026-09-27,22:06:03,2026-09-27 05:58:21,2026-09-27 17:58:48
Kerala,IN,India,9.9667,76.4167,Clear,clear sky,26.75,29.69,26.75,26.75,1011,86,1011,1009,10000,0.92,5,2026-09-27,22:36:05,2026-09-27 06:13:08,2026-09-27 18:17:45
Třebíč,CZ,Czechia,49.215,15.8817,Clear,clear sky,15.75,15.05,14.3,17.34,1025,64,1025,962,10000,4.63,8,2026-09-27,19:06:07,2026-09-27 06:49:46,2026-09-27 18:45:16
Windsor,US,United States,40.469,-104.9198,Clouds,broken clouds,26.18,26.18,24.94,27.55,1015,34,1015,852,10000,2.57,56,2026-09-27,11:06:09,2026-09-27 06:52:05,2026-09-27 18:49:08
Penal/Debe,TT,Trinidad and Tobago,10.1678,-61.4544,Rain,moderate rain,29.99,34.54,29.99,29.99,1012,68,1012,1010,2462,3.53,94,2026-09-27,13:06:12,2026-09-27 05:54:36,2026-09-27 17:58:58
Thanjavur,IN,India,10.787,79.1378,Clouds,scattered clouds,29.3,35.83,29.3,29.5,1008,81,1008,1003,10000,4.47,26,2026-09-27,22:35:32,2026-09-27 06:02:20,2026-09-27 18:06:47
Chambellan,HT,Haiti,18.5483,-74.32,Rain,light rain,30.44,36.96,30.44,30.44,1014,73,1014,1005,9823,3.59,37,2026-09-27,13:06:15,2026-09-27 06:46:59,2026-09-27 18:49:29
Çubuk,TR,Turkey,40.2386,33.0322,Clouds,broken clouds,18.7,18.06,18.7,18.7,1013,55,1013,873,10000,8.23,71,2026-09-27,20:06:17,2026-09-27 06:39:52,2026-09-27 18:38:00
Farafangana,MG,Madagascar,-22.5333,47.6,Clear,clear sky,21.07,21.16,21.07,21.07,1020,74,1020,1017,10000,2.98,2,2026-09-27,20:06:19,2026-09-27 05:34:31,2026-09-27 17:46:50
Vriddhāchalam,IN,India,11.5,79.33,Rain,light rain,29.5,35.43,29.5,29.5,1009,77,1009,1003,10000,0.45,42,2026-09-27,22:36:21,2026-09-27 06:01:38,2026-09-27 18:05:57
Anse-à-Veau,HT,Haiti,18.5025,-73.3439,Clouds,scattered clouds,31.37,37.97,31.37,31.37,1014,68,1014,1012,10000,3.87,35,2026-09-27,13:06:23,2026-09-27 06:43:05,2026-09-27 18:45:35
Alpurai,PK,Pakistan,35.0533,72.5608,Clear,clear sky,13.66,12.75,13.66,13.66,1014,64,1014,801,10000,3.52,0,2026-09-27,22:06:24,2026-09-27 06:01:04,2026-09-27 18:00:39
Suwa,JP,Japan,36.0392,138.114,Clouds,overcast clouds,17.75,18.14,17.75,19.58,1011,98,1011,886,10000,1.74,99,2026-09-28,02:06:26,2026-09-28 05:39:36,2026-09-28 17:37:07
Östringen,DE,Germany,49.2194,8.7108,Clouds,few clouds,24.24,23.66,22.99,26.25,1017,36,1017,1000,10000,1.42,11,2026-09-27,19:06:28,2026-09-27 07:18:29,2026-09-27 19:13:54
Formosa,AR,Argentina,-26.185,-58.145,Clouds,scattered clouds,39.02,44.32,39.02,39.02,1002,37,1002,998,10000,6.17,38,2026-09-27,14:06:30,2026-09-27 06:36:35,2026-09-27 18:50:31
Dunkirk,US,United States,42.4801,-79.3324,Clouds,broken clouds,18.33,18.02,18.33,19.13,1014,69,1014,997,10000,6.17,75,2026-09-27,13:06:32,2026-09-27 07:09:57,2026-09-27 19:06:37
Laranjeiras,BR,Brazil,-10.8061,-37.1717,Clear,clear sky,27.97,27.92,27.97,27.97,1014,44,1014,1007,10000,5.73,0,2026-09-27,14:06:34,2026-09-27 05:15:03,2026-09-27 17:24:19
Chuāri Khās,IN,India,32.3286,76.1153,Clear,clear sky,16.87,16.31,16.87,16.87,1011,65,1011,871,10000,3.5,1,2026-09-27,22:36:35,2026-09-27 06:16:33,2026-09-27 18:16:44
Icatu,BR,Brazil,-2.7758,-44.0658,Clouds,broken clouds,32.24,38.62,32.24,32.24,1011,63,1011,1006,10000,5.31,66,2026-09-27,14:06:37,2026-09-27 05:43:36,2026-09-27 17:50:54
Babol,IR,Iran,36.5511,52.6786,Clouds,scattered clouds,22.99,23.51,22.99,22.99,1018,83,1018,1021,10000,0.0,48,2026-09-27,20:36:39,2026-09-27 05:50:48,2026-09-27 17:49:56
Loufan,CN,China,38.0694,111.7911,Clouds,overcast clouds,15.61,14.77,15.61,15.61,1014,59,1014,857,10000,0.71,100,2026-09-28,01:06:41,2026-09-28 06:25:15,2026-09-28 18:21:59
Savigny-sur-Orge,FR,France,48.6739,2.3525,Clouds,overcast clouds,25.53,25.44,24.1,26.32,1015,50,1015,1004,10000,3.6,100,2026-09-27,19:06:43,2026-09-27 07:43:51,2026-09-27 19:39:23
Descalvado,BR,Brazil,-21.9039,-47.6189,Clear,clear sky,33.81,33.97,33.81,33.81,1012,35,1012,933,10000,3.34,0,2026-09-27,14:06:45,2026-09-27 05:55:13,2026-09-27 18:07:42
Kollam,IN,India,9.0167,76.55,Clear,clear sky,27.17,30.77,27.17,27.17,1011,86,1011,1011,10000,2.86,0,2026-09-27,22:36:46,2026-09-27 06:12:30,2026-09-27 18:17:18
Lindau,DE,Germany,47.5458,9.6839,Clear,clear sky,19.0,18.6,18.99,19.52,1020,63,1020,968,10000,0.51,0,2026-09-27,19:06:48,2026-09-27 07:14:20,2026-09-27 19:10:17
Udaipura,IN,India,22.9589,78.5782,Clear,clear sky,23.38,23.99,23.38,23.38,1009,85,1009,972,10000,3.14,2,2026-09-27,22:36:50,2026-09-27 06:05:45,2026-09-27 18:07:50
Province of Lanao del Sur,PH,Philippines,7.9,124.3345,Clouds,overcast clouds,21.29,21.9,21.29,21.29,1014,93,1014,903,10000,1.43,89,2026-09-28,01:06:52,2026-09-28 05:31:08,2026-09-28 17:35:47
Morombe,MG,Madagascar,-21.7,43.9,Clouds,scattered clouds,24.17,24.47,24.17,24.17,1016,70,1016,1011,10000,2.77,32,2026-09-27,20:06:54,2026-09-27 05:49:26,2026-09-27 18:01:31
Brackenheim,DE,Germany,49.0833,9.0667,Clouds,scattered clouds,24.38,23.55,24.38,24.38,1018,26,1018,988,10000,2.36,26,2026-09-27,19:06:56,2026-09-27 07:17:02,2026-09-27 19:12:30
Newport East,US,United States,41.5159,-71.2878,Clouds,overcast clouds,18.3,18.43,17.08,19.14,1007,86,1007,1005,3395,1.79,92,2026-09-27,13:06:57,2026-09-27 06:37:36,2026-09-27 18:34:37
Birigui,BR,Brazil,-21.2889,-50.34,Clear,clear sky,37.91,37.24,37.91,37.91,1011,23,1011,966,10000,3.42,0,2026-09-27,14:06:59,2026-09-27 06:06:12,2026-09-27 18:18:29
Ellsworth,US,United States,44.5847,-68.4875,Clouds,overcast clouds,18.53,17.8,18.53,18.53,1017,52,1017,1004,10000,6.17,100,2026-09-27,13:07:01,2026-09-27 06:26:51,2026-09-27 18:22:59
Belokurikha,RU,Russia,52.0,84.9833,Clouds,scattered clouds,4.23,4.23,4.23,4.23,1029,77,1029,998,10000,1.16,32,2026-09-28,00:07:03,2026-09-28 07:15:08,2026-09-28 19:06:31
Bellary,IN,India,15.3598,77.067,Clouds,overcast clouds,30.24,30.63,30.24,30.24,1009,45,1009,962,10000,1.4,87,2026-09-27,22:37:05,2026-09-27 06:11:03,2026-09-27 18:14:37
San Juan,PH,Philippines,10.2833,125.1333,Clouds,broken clouds,25.69,26.56,25.69,25.69,1011,86,1011,996,10000,1.07,73,2026-09-28,01:07:07,2026-09-28 05:28:14,2026-09-28 17:32:18
Saint-André-lez-Lille,FR,France,50.6603,3.0439,Clouds,overcast clouds,23.48,23.4,22.26,24.16,1014,58,1014,1012,10000,3.6,87,2026-09-27,19:07:08,2026-09-27 07:41:24,2026-09-27 19:36:19
Mangaldai,IN,India,26.43,92.03,Clear,clear sky,26.12,26.12,26.12,26.12,1006,88,1006,996,10000,2.48,10,2026-09-27,22:37:10,2026-09-27 05:12:16,2026-09-27 17:13:44
Soyaniquilpan,MX,Mexico,20.05,-99.5167,Clouds,overcast clouds,20.15,19.79,20.15,20.15,1019,60,1019,764,10000,4.04,96,2026-09-27,11:07:12,2026-09-27 06:27:57,2026-09-27 18:30:03
Mozhaysk,RU,Russia,55.5,36.0333,Rain,light rain,12.96,12.48,12.96,12.96,1030,83,1030,1006,10000,0.21,96,2026-09-27,20:07:14,2026-09-27 06:30:09,2026-09-27 18:23:43
Beverly Hills,US,United States,34.1141,-118.4068,Clouds,broken clouds,23.42,23.57,21.49,26.54,1012,67,1012,986,10000,1.54,63,2026-09-27,10:07:16,2026-09-27 06:45:12,2026-09-27 18:43:52
Medinīpur,IN,India,22.4333,87.3333,Clouds,overcast clouds,26.89,28.99,26.89,26.89,1006,74,1006,1001,10000,1.95,95,2026-09-27,22:37:18,2026-09-27 05:30:40,2026-09-27 17:32:53
Penafiel,PT,Portugal,41.2,-8.2833,Rain,light rain,23.72,23.79,23.68,24.14,1018,63,1018,982,10000,2.83,99,2026-09-27,18:07:19,2026-09-27 07:25:22,2026-09-27 19:22:56
Tetela del Volcán,MX,Mexico,18.8933,-98.7291,Rain,light rain,20.35,20.01,20.35,20.35,1018,60,1018,767,10000,1.36,76,2026-09-27,11:07:21,2026-09-27 06:24:40,2026-09-27 18:27:01
Dhidhdhoo,MV,Maldives,6.8874,73.114,Rain,light rain,28.36,32.84,28.36,28.36,1012,79,1012,1012,10000,4.68,47,2026-09-27,22:07:23,2026-09-27 05:56:02,2026-09-27 18:01:15
Chhātāpur,IN,India,26.1633,86.9645,Clouds,few clouds,26.74,28.86,26.74,26.74,1006,76,1006,999,10000,2.48,16,2026-09-27,22:37:25,2026-09-27 05:32:31,2026-09-27 17:34:00
Navan,IE,Ireland,53.6528,-6.6814,Clouds,few clouds,14.83,14.07,14.83,14.83,1010,65,1010,1003,10000,5.78,24,2026-09-27,18:07:27,2026-09-27 07:20:52,2026-09-27 19:14:37
Suihua,CN,China,46.6384,126.9808,Clouds,broken clouds,8.79,8.79,8.79,8.79,1011,86,1011,992,10000,1.33,73,2026-09-28,01:07:29,2026-09-28 05:25:53,2026-09-28 17:19:52
Wattignies,FR,France,50.585,3.0431,Clouds,broken clouds,23.67,23.55,22.68,24.08,1014,56,1014,1012,10000,3.6,80,2026-09-27,19:07:30,2026-09-27 07:41:24,2026-09-27 19:36:19
Opar,EC,Ecuador,-2.7333,-78.8333,Rain,light rain,17.12,16.58,17.12,17.12,1018,65,1018,750,10000,3.45,68,2026-09-27,12:07:32,2026-09-27 06:02:38,2026-09-27 18:09:56
Zongolica,MX,Mexico,18.5985,-96.9779,Rain,moderate rain,18.54,18.49,18.54,18.54,1016,78,1016,851,6223,1.46,79,2026-09-27,11:07:34,2026-09-27 06:17:38,2026-09-27 18:20:03
Cortez,US,United States,37.3503,-108.5768,Clouds,overcast clouds,20.45,19.67,20.45,21.53,1019,43,1019,807,10000,1.54,96,2026-09-27,11:07:36,2026-09-27 07:06:17,2026-09-27 19:04:10
Gaeta,IT,Italy,41.2167,13.5667,Clear,clear sky,22.8,22.83,22.8,22.8,1020,65,1020,981,10000,1.83,5,2026-09-27,19:07:38,2026-09-27 06:57:55,2026-09-27 18:55:38
La Farlède,FR,France,43.1678,6.0431,Clouds,broken clouds,23.32,23.33,23.12,24.42,1020,62,1020,972,10000,2.06,53,2026-09-27,19:07:40,2026-09-27 07:28:17,2026-09-27 19:25:26
Guatajiagua,SV,El Salvador,13.6646,-88.2083,Clouds,scattered clouds,28.94,33.55,28.94,28.94,1015,75,1015,975,10000,0.48,31,2026-09-27,11:07:41,2026-09-27 05:42:00,2026-09-27 17:45:33
Borazjan,IR,Iran,29.4822,51.2367,Clear,clear sky,32.49,35.03,32.49,32.49,1006,49,1006,977,10000,1.11,0,2026-09-27,20:37:44,2026-09-27 05:55:48,2026-09-27 17:56:27
Bantayan,PH,Philippines,11.2,123.7333,Rain,light rain,28.59,32.35,28.59,28.59,1011,73,1011,1011,10000,1.24,37,2026-09-28,01:07:46,2026-09-28 05:33:57,2026-09-28 17:37:47
Ak-Suu,KG,Kyrgyzstan,42.5,78.525,Clear,clear sky,10.02,8.28,10.02,10.02,1020,46,1020,792,10000,1.7,0,2026-09-27,23:07:48,2026-09-27 06:38:03,2026-09-27 18:35:58
Gjirokastër,AL,Albania,40.0758,20.1389,Clear,clear sky,19.13,18.59,19.13,19.13,1020,57,1020,928,10000,0.74,6,2026-09-27,19:07:50,2026-09-27 06:31:28,2026-09-27 18:29:32
Vostochnyy,RU,Russia,50.5167,42.6667,Clouds,overcast clouds,14.33,13.23,14.33,14.33,1028,54,1028,1017,10000,3.74,100,2026-09-27,20:07:52,2026-09-27 06:02:43,2026-09-27 17:58:05
Manggar,ID,Indonesia,-2.89,108.27,Clouds,broken clouds,26.37,26.37,26.37,26.37,1013,83,1013,1012,10000,3.3,83,2026-09-28,00:07:54,2026-09-28 05:34:00,2026-09-28 17:41:24
Matara,LK,Sri Lanka,5.95,80.5333,Clouds,broken clouds,29.24,35.89,29.24,29.24,1011,82,1011,1011,10000,4.31,58,2026-09-27,22:37:55,2026-09-27 05:56:16,2026-09-27 18:01:41
Dalby,AU,Australia,-27.1833,151.2667,Clouds,broken clouds,14.87,14.66,14.87,14.87,1026,86,1026,985,10000,3.44,62,2026-09-28,03:07:57,2026-09-28 05:38:16,2026-09-28 17:53:15
Siderópolis,BR,Brazil,-28.5978,-49.4244,Clouds,overcast clouds,24.36,25.02,24.36,24.36,1018,83,1018,989,10000,1.99,100,2026-09-27,14:07:59,2026-09-27 06:01:17,2026-09-27 18:16:04
Osterholz-Scharmbeck,DE,Germany,53.2269,8.7947,Clouds,overcast clouds,23.27,22.91,22.7,23.87,1016,48,1016,1015,10000,4.63,87,2026-09-27,19:08:01,2026-09-27 07:18:49,2026-09-27 19:12:54
Balasore,IN,India,21.5033,86.925,Clear,clear sky,26.22,26.22,26.22,26.22,1007,84,1007,1005,10000,1.29,8,2026-09-27,22:38:04,2026-09-27 05:32:13,2026-09-27 17:34:37
Tbilisskaya,RU,Russia,45.3667,40.2,Clouds,broken clouds,20.72,20.36,20.72,20.72,1016,58,1016,1007,10000,6.07,72,2026-09-27,20:08:06,2026-09-27 06:11:50,2026-09-27 18:08:42
Villefontaine,FR,France,45.6133,5.1486,Clouds,broken clouds,25.03,24.89,23.93,25.75,1019,50,1019,983,10000,4.63,78,2026-09-27,19:08:07,2026-09-27 07:32:12,2026-09-27 19:28:41
Quime,BO,Bolivia,-16.9814,-67.2172,Clear,clear sky,22.37,21.45,22.37,22.37,1019,30,1019,649,10000,4.53,2,2026-09-27,13:08:09,2026-09-27 06:14:19,2026-09-27 18:25:21
Rheden,NL,Netherlands,52.0,6.0167,Clouds,overcast clouds,21.25,21.18,20.16,21.67,1015,67,1015,1012,10000,2.06,92,2026-09-27,19:08:11,2026-09-27 07:29:43,2026-09-27 19:24:13
Edmond,US,United States,35.6689,-97.416,Clouds,scattered clouds,29.02,30.2,27.36,30.7,1014,54,1014,974,10000,1.79,42,2026-09-27,12:08:13,2026-09-27 07:21:24,2026-09-27 19:19:48
Āzādshahr,IR,Iran,36.9083,54.8689,Clouds,scattered clouds,21.94,22.25,21.94,21.94,1018,79,1018,1012,10000,1.04,31,2026-09-27,20:38:15,2026-09-27 05:42:05,2026-09-27 17:41:08
Chuzhou,CN,China,32.3062,118.3115,Rain,light rain,21.86,22.56,21.86,21.86,1009,94,1009,1004,10000,1.73,100,2026-09-28,01:08:17,2026-09-28 05:58:19,2026-09-28 17:56:46
Wele-Nzas Province,GQ,Equatorial Guinea,1.6931,11.0342,Rain,light rain,21.44,22.2,21.44,21.44,1012,98,1012,939,10000,1.93,97,2026-09-27,18:08:18,2026-09-27 06:03:46,2026-09-27 18:10:02
Chaltyr,RU,Russia,47.2833,39.5,Clouds,overcast clouds,18.88,17.97,18.88,18.88,1020,44,1020,1015,10000,6.5,99,2026-09-27,20:08:20,2026-09-27 06:14:55,2026-09-27 18:11:13
Gerlimpont,BE,Belgium,50.2534,4.4347,Clouds,broken clouds,22.63,22.57,21.51,23.09,1015,62,1015,991,10000,2.52,76,2026-09-27,19:08:22,2026-09-27 07:35:46,2026-09-27 19:30:49
Sibiti,CG,Congo (Brazzaville),-3.685,13.3511,Rain,light rain,27.67,28.6,27.67,27.67,1009,56,1009,951,10000,2.37,100,2026-09-27,18:08:24,2026-09-27 05:53:54,2026-09-27 18:01:22
Stalowa Wola,PL,Poland,50.5833,22.05,Clear,clear sky,16.59,16.16,16.59,16.59,1028,71,1028,1009,10000,2.69,0,2026-09-27,19:08:26,2026-09-27 06:25:17,2026-09-27 18:20:25
Wenling,CN,China,28.3797,121.3718,Clouds,few clouds,25.43,26.51,25.43,25.43,1008,95,1008,1005,10000,2.16,22,2026-09-28,01:08:28,2026-09-28 05:45:33,2026-09-28 17:45:04
San Cataldo,IT,Italy,37.4833,13.9833,Clouds,scattered clouds,19.93,19.62,19.93,19.93,1018,63,1018,965,10000,1.16,43,2026-09-27,19:08:29,2026-09-27 06:55:47,2026-09-27 18:54:26
Barranco,PA,Panama,9.61,-82.972,Clouds,overcast clouds,29.39,34.24,29.39,29.39,1014,73,1014,987,10000,2.05,95,2026-09-27,11:08:31,2026-09-27 05:20:37,2026-09-27 17:25:04
Saharsa,IN,India,25.851,86.6739,Clouds,scattered clouds,26.78,29.42,26.78,26.78,1006,82,1006,1001,10000,2.62,26,2026-09-27,22:38:33,2026-09-27 05:33:39,2026-09-27 17:35:11
Ban Phaeo,TH,Thailand,13.5633,100.0564,Clouds,overcast clouds,27.27,31.52,27.27,27.27,1008,90,1008,1007,10000,5.45,100,2026-09-28,00:08:35,2026-09-28 06:08:57,2026-09-28 18:12:09
Dettingen an der Erms,DE,Germany,48.53,9.3472,Clear,clear sky,24.29,23.87,22.2,24.84,1018,42,1018,961,10000,3.07,0,2026-09-27,19:08:37,2026-09-27 07:15:49,2026-09-27 19:11:28
Bato,PH,Philippines,13.6,124.3,Clouds,broken clouds,26.61,26.61,26.61,26.61,1011,82,1011,998,10000,1.72,81,2026-09-28,01:08:39,2026-09-28 05:31:58,2026-09-28 17:35:13
Chetwayi,IN,India,10.55,76.1,Clear,clear sky,27.01,30.15,27.01,27.01,1011,84,1011,1011,10000,1.04,8,2026-09-27,22:38:40,2026-09-27 06:14:27,2026-09-27 18:18:57
Hartford,US,United States,41.7661,-72.6834,Clouds,overcast clouds,17.29,17.35,15.4,18.29,1008,87,1008,997,9100,8.23,100,2026-09-27,13:08:42,2026-09-27 06:43:14,2026-09-27 18:40:09
Castleton-on-Hudson,US,United States,42.5297,-73.6858,Rain,light rain,14.37,14.29,13.19,14.86,1010,93,1010,1003,3566,5.38,100,2026-09-27,13:08:44,2026-09-27 06:47:21,2026-09-27 18:44:03
Naju,KR,"Korea, South",35.0283,126.7175,Clouds,overcast clouds,18.94,19.37,18.94,18.94,1009,95,1009,1003,10000,1.2,100,2026-09-28,02:08:46,2026-09-28 06:25:04,2026-09-28 18:22:48
Residencial Porta,CU,Cuba,23.0436,-82.3328,Rain,light rain,28.84,32.38,28.84,29.9,1014,70,1014,1011,10000,2.06,61,2026-09-27,13:08:48,2026-09-27 07:19:32,2026-09-27 19:21:01
Losino-Petrovskiy,RU,Russia,55.8667,38.2,Clouds,overcast clouds,13.97,13.17,13.97,13.97,1030,67,1030,1011,10000,2.92,98,2026-09-27,20:08:50,2026-09-27 06:21:32,2026-09-27 18:15:00
Ionia,US,United States,42.9773,-85.0727,Clear,clear sky,21.73,21.37,20.92,22.26,1020,54,1020,990,10000,3.09,0,2026-09-27,13:08:51,2026-09-27 07:33:00,2026-09-27 19:29:28
Erstein,FR,France,48.4219,7.6611,Clear,clear sky,26.96,26.52,25.1,26.98,1017,33,1017,1000,10000,1.54,4,2026-09-27,19:08:53,2026-09-27 07:22:33,2026-09-27 19:18:13
South Australia,AU,Australia,-30.9,135.3,Clouds,scattered clouds,21.72,20.76,21.72,21.72,1023,31,1023,1006,10000,5.66,36,2026-09-28,02:38:55,2026-09-28 06:11:19,2026-09-28 18:27:54
Montesarchio,IT,Italy,41.0667,14.6333,Clear,clear sky,18.52,19.04,18.52,19.81,1020,100,1020,979,10000,2.23,0,2026-09-27,19:08:57,2026-09-27 06:53:37,2026-09-27 18:51:24
Sherman,US,United States,33.6273,-96.6221,Clouds,broken clouds,30.8,33.08,29.6,31.92,1014,54,1014,988,10000,5.14,59,2026-09-27,12:08:59,2026-09-27 07:17:58,2026-09-27 19:16:53
Kozhikode,IN,India,11.4116,75.735,Clouds,few clouds,26.15,26.15,26.15,26.15,1011,83,1011,1007,10000,1.54,17,2026-09-27,22:39:00,2026-09-27 06:16:00,2026-09-27 18:20:20
Jaundubulti,LV,Latvia,56.9665,23.7221,Clear,clear sky,11.04,10.63,11.04,11.04,1030,93,1030,1029,10000,0.51,2,2026-09-27,20:09:02,2026-09-27 07:19:45,2026-09-27 19:12:35
Pangil,PH,Philippines,14.4,121.4667,Clouds,overcast clouds,27.81,32.83,27.81,27.81,1012,88,1012,987,10000,0.36,100,2026-09-28,01:09:04,2026-09-28 05:43:24,2026-09-28 17:46:27
Bāruni,IN,India,25.4221,86.006,Clouds,scattered clouds,26.41,26.41,26.41,26.41,1006,82,1006,1001,10000,2.4,35,2026-09-27,22:39:06,2026-09-27 05:36:16,2026-09-27 17:37:54
Teleneşti,MD,Moldova,47.4997,28.3656,Clear,clear sky,16.71,15.79,16.71,16.71,1025,52,1025,1010,10000,3.57,3,2026-09-27,20:09:08,2026-09-27 06:59:31,2026-09-27 18:55:40
Hatfield,US,United States,40.2758,-75.2895,Rain,moderate rain,16.47,16.6,15.5,17.46,1002,93,1002,987,7462,6.17,100,2026-09-27,13:09:10,2026-09-27 06:53:27,2026-09-27 18:50:46
Les Avirons,RE,Reunion,-21.2419,55.3333,Clouds,broken clouds,21.45,21.43,21.45,21.45,1022,68,1022,992,10000,2.06,60,2026-09-27,21:09:12,2026-09-27 06:03:47,2026-09-27 18:15:42
Tambo,CD,Congo (Kinshasa),-7.8349,26.9985,Rain,light rain,22.57,23.0,22.57,22.57,1010,81,1010,943,10000,1.04,74,2026-09-27,19:09:13,2026-09-27 05:58:51,2026-09-27 18:07:17
Carlos Barbosa,BR,Brazil,-29.2978,-51.5039,Rain,light rain,22.13,22.75,22.13,22.13,1017,90,1017,955,10000,1.62,100,2026-09-27,14:09:15,2026-09-27 06:09:28,2026-09-27 18:24:31
Savigneux,FR,France,45.6075,4.0653,Clouds,scattered clouds,26.99,26.91,25.73,26.99,1017,41,1017,922,10000,3.09,50,2026-09-27,19:09:17,2026-09-27 07:36:32,2026-09-27 19:33:00
Wasaga Beach,CA,Canada,44.5206,-80.0167,Clouds,overcast clouds,20.47,20.19,20.47,20.47,1016,62,1016,998,10000,5.18,100,2026-09-27,13:09:19,2026-09-27 07:12:59,2026-09-27 19:09:03
Sablan,PH,Philippines,16.4967,120.4875,Clouds,overcast clouds,22.18,22.99,22.18,22.18,1012,97,1012,962,10000,1.16,92,2026-09-28,01:09:21,2026-09-28 05:47:35,2026-09-28 17:50:06
Talant,FR,France,47.3364,5.0056,Clouds,scattered clouds,26.19,26.19,26.19,26.19,1017,41,1017,972,10000,3.09,27,2026-09-27,19:09:23,2026-09-27 07:33:02,2026-09-27 19:29:00
Tirur,IN,India,10.9542,75.9167,Clouds,few clouds,27.51,31.16,27.51,27.51,1011,82,1011,1008,10000,1.83,13,2026-09-27,22:39:25,2026-09-27 06:15:14,2026-09-27 18:19:39
Vriddhāchalam,IN,India,11.692,79.2899,Rain,light rain,29.78,35.7,29.78,29.78,1009,75,1009,1002,10000,2.06,57,2026-09-27,22:39:26,2026-09-27 06:01:48,2026-09-27 18:06:05
Horsham,AU,Australia,-36.7167,142.2,Clouds,few clouds,4.4,1.79,4.4,4.4,1032,86,1032,1016,10000,3.0,24,2026-09-28,03:08:57,2026-09-28 06:12:24,2026-09-28 18:31:38
Sathupalli,IN,India,17.1036,81.0781,Clouds,scattered clouds,26.1,26.1,26.1,26.1,1009,76,1009,990,10000,3.25,43,2026-09-27,22:39:30,2026-09-27 05:55:11,2026-09-27 17:58:25
Carmo da Cachoeira,BR,Brazil,-21.4608,-45.2239,Clear,clear sky,31.67,30.45,31.67,31.67,1014,30,1014,907,10000,2.03,0,2026-09-27,14:09:32,2026-09-27 05:45:43,2026-09-27 17:58:02
Gorod Shebekino,RU,Russia,50.4167,36.9,Clouds,overcast clouds,14.47,14.3,14.47,14.47,1027,89,1027,1009,10000,4.93,100,2026-09-27,20:09:34,2026-09-27 06:25:48,2026-09-27 18:21:08
Dancagan,PH,Philippines,7.6119,125.0028,Clouds,broken clouds,23.68,24.56,23.68,23.68,1012,94,1012,984,10000,0.73,64,2026-09-28,01:09:36,2026-09-28 05:28:26,2026-09-28 17:33:09
Ciney,BE,Belgium,50.2963,5.1007,Clouds,broken clouds,22.78,22.6,21.16,23.12,1016,57,1016,986,10000,3.09,82,2026-09-27,19:09:37,2026-09-27 07:33:06,2026-09-27 19:28:09
Imaichi,JP,Japan,36.7199,139.6982,Clouds,overcast clouds,18.93,19.28,18.93,18.93,1011,92,1011,950,10000,0.77,100,2026-09-28,02:09:39,2026-09-28 05:33:21,2026-09-28 17:30:41
Kırkağaç,TR,Turkey,39.1056,27.6731,Clouds,overcast clouds,16.16,15.89,16.16,16.16,1014,79,1014,974,7723,4.47,100,2026-09-27,20:09:41,2026-09-27 07:01:11,2026-09-27 18:59:33
Harnoli,PK,Pakistan,32.4159,71.694,Clear,clear sky,31.52,30.18,31.52,31.52,1004,29,1004,981,10000,4.08,0,2026-09-27,22:09:43,2026-09-27 06:04:15,2026-09-27 18:04:24
Ad Darb,SA,Saudi Arabia,17.7167,42.25,Clouds,scattered clouds,33.34,40.34,33.34,33.34,1009,64,1009,1001,10000,2.44,39,2026-09-27,20:09:45,2026-09-27 06:00:34,2026-09-27 18:03:34
Rusera,IN,India,25.746,86.325,Clouds,few clouds,26.83,29.62,26.83,26.83,1006,83,1006,1001,10000,2.44,15,2026-09-27,22:39:47,2026-09-27 05:35:02,2026-09-27 17:36:36
Angers,FR,France,47.4728,-0.5556,Clouds,overcast clouds,23.78,23.73,23.78,24.04,1015,58,1015,1012,10000,2.73,100,2026-09-27,19:09:49,2026-09-27 07:55:19,2026-09-27 19:51:11
Sheoganj,IN,India,25.18,73.1,Clear,clear sky,25.87,26.13,25.87,25.87,1008,62,1008,977,10000,3.41,0,2026-09-27,22:39:50,2026-09-27 06:27:53,2026-09-27 18:29:31
Fatehpur,IN,India,25.93,80.8,Clouds,few clouds,23.05,23.73,23.05,23.05,1007,89,1007,993,10000,2.78,22,2026-09-27,22:39:52,2026-09-27 05:57:09,2026-09-27 17:58:40
Ixtapa,MX,Mexico,17.661,-101.601,Clouds,overcast clouds,30.97,37.52,30.97,30.97,1009,70,1009,1009,10000,0.0,93,2026-09-27,11:09:54,2026-09-27 06:36:01,2026-09-27 18:38:39
Ministro Rivadavia,AR,Argentina,-34.8167,-58.3667,Clouds,overcast clouds,16.32,15.99,15.86,16.59,1014,76,1014,1012,10000,10.8,97,2026-09-27,14:09:56,2026-09-27 06:35:46,2026-09-27 18:53:07
Bārā,NP,Nepal,27.0333,85.0,Clear,clear sky,24.94,25.79,24.94,24.94,1007,88,1007,996,10000,1.88,5,2026-09-27,22:54:58,2026-09-27 05:55:27,2026-09-27 17:56:46
La Tola,CO,Colombia,2.3469,-78.3256,Rain,moderate rain,26.9,29.88,26.9,26.9,1013,84,1013,1012,9616,2.88,95,2026-09-27,12:10:00,2026-09-27 06:01:12,2026-09-27 18:07:18
Monteriggioni,IT,Italy,43.367,11.218,Clear,clear sky,21.57,21.06,21.57,21.57,1020,49,1020,986,10000,0.73,1,2026-09-27,19:10:02,2026-09-27 07:07:36,2026-09-27 19:04:44
Kāsaragod,IN,India,12.5862,75.0307,Clear,clear sky,25.33,26.32,25.33,25.33,1011,92,1011,1005,10000,1.41,5,2026-09-27,22:40:03,2026-09-27 06:18:56,2026-09-27 18:23:02
Teplice,CZ,Czechia,50.6333,13.8167,Clear,clear sky,16.45,15.77,16.45,17.49,1023,62,1023,975,10000,3.13,6,2026-09-27,19:10:05,2026-09-27 06:58:16,2026-09-27 18:53:17
Timurni,IN,India,22.3712,77.2274,Clouds,few clouds,23.7,24.24,23.7,23.7,1010,81,1010,976,10000,1.59,15,2026-09-27,22:40:07,2026-09-27 06:11:06,2026-09-27 18:13:17
Bien Unido,PH,Philippines,10.1373,124.3776,Rain,light rain,27.05,29.85,27.05,27.05,1011,80,1011,1009,10000,2.28,35,2026-09-28,01:10:09,2026-09-28 05:31:14,2026-09-28 17:35:20
Akçadağ,TR,Turkey,38.3442,37.9742,Clear,clear sky,22.67,22.06,22.67,22.78,1010,41,1010,867,10000,2.57,4,2026-09-27,20:10:11,2026-09-27 06:19:52,2026-09-27 18:18:28
Sabana de la Mar,DO,Dominican Republic,19.07,-69.39,Rain,light rain,32.16,39.16,32.16,32.16,1014,66,1014,1010,7773,3.09,21,2026-09-27,13:10:12,2026-09-27 06:27:19,2026-09-27 18:29:43
Belon'i Tsiribihina,MG,Madagascar,-19.1,44.51,Clear,clear sky,24.56,25.11,24.56,24.56,1016,78,1016,1014,10000,1.21,1,2026-09-27,20:10:14,2026-09-27 05:47:22,2026-09-27 17:58:42
Thionville,FR,France,49.3581,6.1683,Clear,clear sky,24.91,24.74,23.72,25.91,1017,49,1017,987,10000,1.95,2,2026-09-27,19:10:16,2026-09-27 07:28:41,2026-09-27 19:24:02
Deoband,IN,India,29.6167,77.65,Rain,light rain,21.34,21.85,21.34,21.34,1008,89,1008,978,10000,2.48,100,2026-09-27,22:40:18,2026-09-27 06:10:08,2026-09-27 18:10:53
Boshkengash,TJ,Tajikistan,38.4422,68.7769,Clouds,overcast clouds,19.25,18.12,19.25,19.25,1019,34,1019,915,10000,2.0,93,2026-09-27,22:10:20,2026-09-27 06:16:35,2026-09-27 18:15:23
Tilbury,GB,United Kingdom,51.4606,0.3582,Clouds,overcast clouds,19.33,19.3,18.49,20.16,1012,76,1012,1008,10000,0.89,100,2026-09-27,18:10:22,2026-09-27 06:52:17,2026-09-27 18:46:54
Tizgane,MA,Morocco,35.4136,-5.0694,Clouds,scattered clouds,25.33,25.98,25.33,25.33,1016,79,1016,1002,10000,0.8,39,2026-09-27,18:10:23,2026-09-27 07:11:47,2026-09-27 19:10:49
Komuna e Decanit,XK,Kosovo,42.5333,20.2833,Clouds,scattered clouds,13.77,12.74,13.77,13.77,1024,59,1024,863,10000,0.45,33,2026-09-27,19:10:25,2026-09-27 06:31:12,2026-09-27 18:28:38
Karachi,PK,Pakistan,24.86,67.01,Clear,clear sky,28.08,31.39,28.08,28.08,1007,74,1007,1005,10000,4.12,0,2026-09-27,22:10:27,2026-09-27 06:22:13,2026-09-27 18:23:53
Żary,PL,Poland,51.6419,15.1372,Clear,clear sky,18.36,17.66,18.32,18.51,1023,54,1023,1007,10000,3.4,0,2026-09-27,19:10:29,2026-09-27 06:53:08,2026-09-27 18:47:51
Yermolino,RU,Russia,55.2,36.6,Clouds,scattered clouds,14.18,13.56,14.18,14.18,1029,73,1029,1008,10000,1.79,30,2026-09-27,20:10:31,2026-09-27 06:27:49,2026-09-27 18:21:31
Ashton in Makerfield,GB,United Kingdom,53.499,-2.657,Clouds,few clouds,15.45,14.88,14.64,15.86,1009,70,1009,1003,10000,2.68,22,2026-09-27,18:10:33,2026-09-27 07:04:44,2026-09-27 18:58:35
Fussa,JP,Japan,35.7386,139.3268,Clouds,overcast clouds,20.33,20.72,19.82,20.87,1011,88,1011,983,10000,1.79,100,2026-09-28,02:10:35,2026-09-28 05:34:42,2026-09-28 17:32:18
San Pelayo,CO,Colombia,8.9578,-75.8375,Rain,light rain,28.88,33.02,28.88,28.88,1012,73,1012,1007,6598,1.02,93,2026-09-27,12:10:38,2026-09-27 05:52:00,2026-09-27 17:56:36
Mattanur,IN,India,12.0051,75.583,Clouds,few clouds,25.53,26.57,25.53,25.53,1011,93,1011,998,10000,0.7,13,2026-09-27,22:40:39,2026-09-27 06:16:40,2026-09-27 18:20:53
Novoaltaysk,RU,Russia,53.4,83.9333,Clouds,few clouds,7.73,6.07,7.73,7.73,1029,73,1029,1012,10000,2.58,19,2026-09-28,00:10:41,2026-09-28 07:19:40,2026-09-28 19:10:23
Brus,RS,Serbia,43.3836,21.0336,Clear,clear sky,15.25,14.42,15.25,15.25,1024,61,1024,943,10000,1.3,8,2026-09-27,19:10:43,2026-09-27 06:28:18,2026-09-27 18:25:32
Starkville,US,United States,33.4608,-88.8297,Clear,clear sky,27.13,26.81,27.12,28.82,1016,37,1016,1005,10000,0.89,3,2026-09-27,12:10:45,2026-09-27 06:46:46,2026-09-27 18:45:46
Lannion,FR,France,48.7325,-3.4553,Clouds,overcast clouds,18.34,18.37,18.34,18.34,1016,82,1016,1010,10000,4.63,100,2026-09-27,19:10:47,2026-09-27 08:07:07,2026-09-27 20:02:35
Mācherla,IN,India,16.5927,79.7174,Clouds,scattered clouds,26.49,26.49,26.49,26.49,1009,77,1009,996,10000,1.36,25,2026-09-27,22:40:49,2026-09-27 06:00:34,2026-09-27 18:03:54
Nidadavole,IN,India,16.9698,81.5922,Clouds,scattered clouds,28.86,33.94,28.86,28.86,1008,78,1008,1004,10000,3.15,36,2026-09-27,22:40:51,2026-09-27 05:53:07,2026-09-27 17:56:22
Shikārpur,IN,India,14.27,75.35,Clear,clear sky,21.27,21.83,21.27,21.27,1013,91,1013,940,10000,2.5,2,2026-09-27,22:40:53,2026-09-27 06:17:49,2026-09-27 18:21:35
Saint Clair,US,United States,38.5534,-89.9161,Rain,light rain,19.63,19.61,18.76,21.36,1019,75,1019,1001,10000,0.89,99,2026-09-27,12:10:55,2026-09-27 06:51:46,2026-09-27 18:49:27
KwaDukuza,ZA,South Africa,-29.3281,31.2894,Rain,light rain,18.5,18.57,18.5,18.5,1019,83,1019,1007,10000,7.09,95,2026-09-27,19:10:57,2026-09-27 05:38:34,2026-09-27 17:53:14
Reisterstown,US,United States,39.455,-76.814,Rain,light rain,14.41,14.33,13.82,15.55,1005,93,1005,981,4387,4.92,100,2026-09-27,13:10:59,2026-09-27 06:59:27,2026-09-27 18:56:58
Des Peres,US,United States,38.5973,-90.448,Rain,light rain,22.25,22.05,20.4,22.89,1019,58,1019,998,7185,2.06,98,2026-09-27,12:11:01,2026-09-27 06:53:54,2026-09-27 18:51:34
Balakhna,RU,Russia,56.4899,43.6011,Clouds,scattered clouds,11.06,10.55,11.06,11.06,1032,89,1032,1022,10000,1.74,34,2026-09-27,20:11:03,2026-09-27 06:00:01,2026-09-27 17:53:19
Strzegom,PL,Poland,50.9586,16.3483,Clear,clear sky,13.68,13.17,12.56,15.49,1025,79,1025,996,10000,2.85,0,2026-09-27,19:11:05,2026-09-27 06:48:11,2026-09-27 18:43:08
Sidi Khaled,DZ,Algeria,34.4167,5.0667,Clouds,overcast clouds,31.1,29.5,31.1,31.1,1016,26,1016,989,10000,3.09,100,2026-09-27,18:11:07,2026-09-27 06:31:06,2026-09-27 18:30:26
Bondy,FR,France,48.9028,2.4836,Clouds,overcast clouds,25.73,25.61,24.48,26.72,1015,48,1015,1009,10000,4.12,100,2026-09-27,19:11:08,2026-09-27 07:43:22,2026-09-27 19:38:50
Kerben,KG,Kyrgyzstan,40.3,72.1333,Clouds,broken clouds,14.98,13.71,14.98,14.98,1019,45,1019,900,10000,1.69,61,2026-09-27,23:11:10,2026-09-27 07:03:22,2026-09-27 19:01:46
Lovington,US,United States,32.9128,-103.3276,Clouds,broken clouds,29.62,29.06,29.55,29.62,1014,38,1014,884,10000,1.28,74,2026-09-27,11:11:12,2026-09-27 06:44:43,2026-09-27 18:43:46
Pallattūr,IN,India,10.1461,78.8031,Clear,clear sky,30.21,34.57,30.21,30.21,1010,66,1010,1000,10000,3.48,10,2026-09-27,22:41:14,2026-09-27 06:03:36,2026-09-27 18:08:11
San Agustin,PH,Philippines,12.5689,122.1314,Rain,light rain,26.85,29.41,26.85,26.85,1011,80,1011,1008,10000,2.63,99,2026-09-28,01:11:16,2026-09-28 05:40:31,2026-09-28 17:44:01
Ayotoxco de Guerrero,MX,Mexico,20.0667,-97.4,Rain,light rain,31.64,37.73,31.64,31.64,1013,65,1013,980,5776,2.08,39,2026-09-27,11:11:18,2026-09-27 06:19:29,2026-09-27 18:21:35
Wang Hin,TH,Thailand,14.9602,104.1657,Clouds,overcast clouds,26.78,29.94,26.78,26.78,1011,88,1011,996,10000,2.27,100,2026-09-28,00:11:20,2026-09-28 05:52:41,2026-09-28 17:55:33
Ouricuri,BR,Brazil,-7.8828,-40.0819,Clouds,few clouds,34.84,32.57,34.84,34.84,1011,17,1011,960,10000,3.99,11,2026-09-27,14:11:21,2026-09-27 05:27:03,2026-09-27 17:35:35
Jakiri,CM,Cameroon,6.0333,10.5792,Rain,moderate rain,20.27,20.75,20.27,20.27,1013,92,1013,884,6527,0.47,79,2026-09-27,18:11:24,2026-09-27 06:06:03,2026-09-27 18:11:23
Grandview,US,United States,38.8802,-94.5227,Clouds,broken clouds,22.46,22.88,21.97,22.92,1017,81,1017,983,10000,1.54,78,2026-09-27,12:11:26,2026-09-27 07:10:15,2026-09-27 19:07:48
Damascus Governorate,SY,Syria,33.4247,36.3214,Clear,clear sky,24.66,24.25,23.68,26.39,1014,41,1014,939,10000,7.2,0,2026-09-27,20:11:27,2026-09-27 06:25:55,2026-09-27 18:25:38
Lake Telemark,US,United States,40.9602,-74.4988,Clouds,overcast clouds,15.48,15.46,14.39,16.23,1004,91,1004,968,4561,1.79,100,2026-09-27,13:11:29,2026-09-27 06:50:23,2026-09-27 18:47:31
Uman,MX,Mexico,20.8833,-89.75,Clouds,scattered clouds,32.79,39.79,32.01,32.79,1014,69,1014,1012,10000,3.09,30,2026-09-27,11:11:31,2026-09-27 05:48:58,2026-09-27 17:50:54
Zarqa,JO,Jordan,32.0833,36.1,Clear,clear sky,23.57,23.44,23.57,23.57,1014,56,1014,948,10000,2.28,0,2026-09-27,20:11:33,2026-09-27 06:26:39,2026-09-27 18:26:40
Kapangan,PH,Philippines,16.5764,120.6053,Clouds,overcast clouds,19.83,20.43,19.83,19.83,1012,98,1012,901,10000,1.15,98,2026-09-28,01:11:35,2026-09-28 05:47:07,2026-09-28 17:49:38
Apastepeque,SV,El Salvador,13.6679,-88.7796,Rain,light rain,25.56,26.42,25.56,25.56,1015,86,1015,937,9494,1.28,94,2026-09-27,11:11:37,2026-09-27 05:44:17,2026-09-27 17:47:50
Wheaton,US,United States,39.0492,-77.0573,Rain,light rain,15.98,15.8,14.6,17.27,1005,83,1005,992,5676,3.09,100,2026-09-27,13:11:39,2026-09-27 07:00:22,2026-09-27 18:58:00
Amparihy,MG,Madagascar,-24.25,47.2,Clear,clear sky,20.41,20.83,20.41,20.41,1020,89,1020,1018,10000,2.48,10,2026-09-27,20:11:41,2026-09-27 05:35:50,2026-09-27 17:48:42
Dadhar,PK,Pakistan,29.4753,67.6511,Clear,clear sky,33.96,31.52,33.96,33.96,1002,14,1002,976,10000,2.16,0,2026-09-27,22:11:43,2026-09-27 06:20:07,2026-09-27 18:20:51
Novocherkassk,RU,Russia,47.4222,40.0939,Clouds,overcast clouds,17.92,16.84,17.92,17.92,1021,41,1021,1016,10000,6.11,100,2026-09-27,20:11:44,2026-09-27 06:12:33,2026-09-27 18:08:50
Atambua,ID,Indonesia,-9.1061,124.8925,Clear,clear sky,19.69,19.93,19.69,19.69,1015,85,1015,969,10000,2.43,7,2026-09-28,01:11:46,2026-09-28 05:26:40,2026-09-28 17:35:47
Ochakiv,UA,Ukraine,46.6186,31.5392,Clouds,broken clouds,19.22,18.63,19.22,19.22,1021,55,1021,1021,10000,6.46,80,2026-09-27,20:11:48,2026-09-27 06:46:41,2026-09-27 18:43:07
Deoghar,IN,India,24.4828,86.6952,Clouds,broken clouds,25.23,25.82,25.23,25.23,1007,77,1007,978,10000,2.29,63,2026-09-27,22:35:35,2026-09-27 05:33:25,2026-09-27 17:35:14
Maspe,DE,Germany,51.9331,9.0831,Clouds,scattered clouds,21.59,21.16,21.59,21.59,1016,52,1016,992,10000,4.17,50,2026-09-27,19:11:52,2026-09-27 07:17:26,2026-09-27 19:11:59
Littlehampton,GB,United Kingdom,50.8181,-0.5442,Clouds,overcast clouds,18.93,19.15,17.99,19.41,1012,87,1012,1010,10000,6.69,96,2026-09-27,18:11:54,2026-09-27 06:55:48,2026-09-27 18:50:37
Sigtuna,SE,Sweden,59.6173,17.7236,Clouds,few clouds,13.09,12.44,13.01,13.09,1025,76,1025,1023,10000,3.6,20,2026-09-27,19:11:56,2026-09-27 06:44:22,2026-09-27 18:35:56
Indi,IN,India,17.3126,75.6581,Clear,clear sky,28.15,29.12,28.15,28.15,1010,55,1010,955,10000,3.55,0,2026-09-27,22:41:58,2026-09-27 06:16:53,2026-09-27 18:20:03
Beryozovsky,RU,Russia,56.9,60.8,Clear,clear sky,6.82,6.82,6.82,6.82,1035,87,1035,1002,10000,0.0,0,2026-09-27,22:12:00,2026-09-27 06:51:13,2026-09-27 18:44:34
Nantou City,TW,Taiwan,23.9611,120.5736,Clouds,scattered clouds,27.66,31.27,27.66,27.66,1010,80,1010,1002,10000,1.86,28,2026-09-28,01:12:02,2026-09-28 05:48:10,2026-09-28 17:48:50
Udupi,IN,India,13.3347,74.7462,Clear,clear sky,25.55,26.51,25.55,25.55,1011,90,1011,1009,10000,1.91,3,2026-09-27,22:42:03,2026-09-27 06:20:09,2026-09-27 18:24:05
Sheikhpura,IN,India,24.9365,85.925,Clouds,scattered clouds,25.66,26.37,25.66,25.66,1006,80,1006,995,10000,2.07,25,2026-09-27,22:42:05,2026-09-27 05:36:33,2026-09-27 17:38:16
Manuguru,IN,India,18.0506,80.7375,Clouds,few clouds,24.64,25.48,24.64,24.64,1009,89,1009,992,10000,2.08,15,2026-09-27,22:42:07,2026-09-27 05:56:38,2026-09-27 17:59:41
Osaka,JP,Japan,34.694,135.501,Rain,heavy intensity rain,22.32,23.09,21.89,22.84,1009,95,1009,1005,6659,2.06,99,2026-09-28,02:06:24,2026-09-28 05:49:52,2026-09-28 17:47:45
Lunda Norte,AO,Angola,-8.4316,18.6328,Rain,moderate rain,19.75,20.18,19.75,19.75,1012,92,1012,892,10000,0.87,100,2026-09-27,18:12:11,2026-09-27 05:32:13,2026-09-27 17:40:49
Abnūb,EG,Egypt,27.2667,31.15,Clouds,scattered clouds,33.47,32.03,33.47,33.47,1012,26,1012,1002,10000,2.57,26,2026-09-27,20:12:13,2026-09-27 06:45:57,2026-09-27 18:46:58
Thiruvarur,IN,India,10.7525,79.6352,Clouds,broken clouds,29.42,35.45,29.42,29.42,1009,78,1009,1008,10000,4.96,58,2026-09-27,22:42:15,2026-09-27 06:00:20,2026-09-27 18:04:48
Euxton,GB,United Kingdom,53.662,-2.674,Clouds,few clouds,15.52,13.94,14.89,15.9,1009,31,1009,1002,10000,5.63,20,2026-09-27,18:12:17,2026-09-27 07:04:50,2026-09-27 18:58:37
Rusera,IN,India,25.8937,86.13,Clouds,scattered clouds,26.5,26.5,26.5,26.5,1006,85,1006,1001,10000,2.73,31,2026-09-27,22:42:19,2026-09-27 05:35:49,2026-09-27 17:37:22
Dogbo,BJ,Benin,6.8,1.783,Clouds,broken clouds,26.91,29.45,26.91,26.91,1010,79,1010,1003,10000,3.41,80,2026-09-27,18:12:21,2026-09-27 06:41:19,2026-09-27 18:46:29
Arantāngi,IN,India,10.1686,78.992,Clear,clear sky,30.1,35.79,30.1,30.1,1010,72,1010,1004,10000,4.63,3,2026-09-27,22:42:23,2026-09-27 06:02:51,2026-09-27 18:07:26
Koganei,JP,Japan,35.6995,139.503,Clouds,overcast clouds,21.09,21.55,20.8,22.59,1010,88,1010,1001,10000,2.4,100,2026-09-28,02:12:25,2026-09-28 05:33:59,2026-09-28 17:31:37
Córdoba,CO,Colombia,9.5869,-74.827,Clouds,overcast clouds,31.02,35.66,31.02,31.02,1012,63,1012,1004,10000,0.78,95,2026-09-27,12:12:27,2026-09-27 05:48:02,2026-09-27 17:52:30
Épinay-sous-Sénart,FR,France,48.6931,2.5158,Clouds,overcast clouds,25.4,25.33,24.39,26.63,1015,51,1015,1007,10000,3.6,100,2026-09-27,19:12:28,2026-09-27 07:43:12,2026-09-27 19:38:44
