name_city,country_id,country_name,lat,lon,weather,description,temp,feels_like,temp_min,temp_max,pressure,humidity,sea_level,grnd_level,visibility,wind_speed,clouds_closed_percent,date,time,sunrise,sunset
Ouargla,DZ,Algeria,31.9366,5.3354,Clouds,overcast clouds,25.04,24.75,25.04,25.04,1019,44,1019,1000,10000,5.66,100,2026-09-30,02:27:34,2026-09-30 06:31:37,2026-09-30 18:25:41
Medicine Hat,CA,Canada,50.0417,-110.6775,Clouds,scattered clouds,17.83,16.77,17.01,18.41,1003,42,1003,921,10000,5.66,37,2026-09-29,19:27:36,2026-09-29 07:19:41,2026-09-29 19:06:11
Taunggyi,MM,Burma,20.7636,96.9408,Clouds,overcast clouds,20.02,20.64,20.02,20.02,1015,98,1015,885,10000,1.87,100,2026-09-30,07:57:38,2026-09-30 05:52:48,2026-09-30 17:51:50
Provadia,BG,Bulgaria,43.1694,27.4428,Clouds,overcast clouds,13.96,13.32,13.96,13.96,1026,73,1026,1005,10000,4.87,100,2026-09-30,04:27:40,2026-09-30 07:05:57,2026-09-30 18:54:32
Fuchūchō,JP,Japan,34.5868,133.0566,Clear,clear sky,20.94,20.97,18.48,20.94,1014,72,1014,974,10000,0.16,1,2026-09-30,10:27:42,2026-09-30 06:01:05,2026-09-30 17:54:41
Siachoque,CO,Colombia,5.5131,-73.2442,Rain,light rain,12.0,11.68,12.0,12.0,1018,93,1018,725,4175,1.57,64,2026-09-29,20:27:44,2026-09-29 05:40:51,2026-09-29 17:45:38
Sulingen,DE,Germany,52.6667,8.8,Clouds,few clouds,16.56,16.07,16.56,16.56,1019,69,1019,1015,10000,3.43,14,2026-09-30,03:27:45,2026-09-30 07:23:47,2026-09-30 19:05:49
Multan,PK,Pakistan,30.0866,71.6543,Clear,clear sky,26.97,28.57,26.97,26.97,1010,67,1010,995,10000,3.34,0,2026-09-30,06:27:47,2026-09-30 06:05:50,2026-09-30 18:01:03
Willmar,US,United States,45.1216,-95.0569,Clouds,scattered clouds,16.99,17.36,16.04,16.99,1006,100,1006,964,10000,2.57,30,2026-09-29,20:27:49,2026-09-29 07:15:43,2026-09-29 19:05:13
Pionerskiy,RU,Russia,54.95,20.2167,Clouds,overcast clouds,9.93,8.25,9.93,9.93,1033,84,1033,1030,10000,3.32,95,2026-09-30,03:27:51,2026-09-30 06:39:01,2026-09-30 18:19:16
Charallave,VE,Venezuela,10.2431,-66.8622,Clouds,overcast clouds,25.06,25.89,25.06,25.06,1014,87,1014,944,4836,1.77,91,2026-09-29,21:27:53,2026-09-29 06:16:06,2026-09-29 18:19:19
Soanierana Ivongo,MG,Madagascar,-16.6833,49.7333,Clouds,overcast clouds,22.09,22.44,22.09,22.09,1020,80,1020,1018,10000,0.84,99,2026-09-30,04:27:55,2026-09-30 05:24:23,2026-09-30 17:37:50
Kulunda,RU,Russia,52.5667,78.9472,Clear,clear sky,9.38,7.65,9.38,9.38,1027,90,1027,1011,10000,3.2,0,2026-09-30,08:27:57,2026-09-30 07:42:49,2026-09-30 19:25:43
Monção,PT,Portugal,42.0733,-8.48,Clouds,scattered clouds,15.34,15.38,15.34,18.21,1012,94,1012,996,10000,0.89,34,2026-09-30,02:27:59,2026-09-30 07:29:27,2026-09-30 19:18:21
Mao,DO,Dominican Republic,19.5556,-71.0778,Clouds,broken clouds,27.66,31.4,27.66,27.66,1013,81,1013,1001,10000,1.79,77,2026-09-29,21:28:01,2026-09-29 06:34:32,2026-09-29 18:34:37
Wapakoneta,US,United States,40.5664,-84.1916,Clouds,few clouds,16.33,16.0,16.02,17.12,1017,76,1017,986,10000,1.54,17,2026-09-29,21:28:03,2026-09-29 07:31:06,2026-09-29 19:22:56
Oita,JP,Japan,33.1801,131.4268,Clear,clear sky,24.35,24.64,24.35,24.35,1013,69,1013,964,10000,1.56,0,2026-09-30,10:28:05,2026-09-30 06:07:18,2026-09-30 18:01:31
Churchdown,GB,United Kingdom,51.88,-2.17,Rain,light rain,20.27,20.55,19.48,21.06,1006,84,1006,1001,10000,3.13,100,2026-09-30,02:28:06,2026-09-30 07:07:24,2026-09-30 18:49:56
Teplodar,UA,Ukraine,46.5036,30.3244,Clear,clear sky,11.61,10.84,11.61,11.61,1030,77,1030,1024,10000,4.33,0,2026-09-30,04:28:08,2026-09-30 06:55:25,2026-09-30 18:42:01
Cantemir,MD,Moldova,46.2781,28.2008,Clear,clear sky,10.51,9.71,10.51,10.51,1031,80,1031,1023,10000,3.01,3,2026-09-30,04:28:10,2026-09-30 07:03:51,2026-09-30 18:50:34
Toshbuloq,UZ,Uzbekistan,40.8633,71.4597,Clouds,broken clouds,16.76,15.59,16.76,16.76,1016,42,1016,966,10000,3.07,58,2026-09-30,06:28:12,2026-09-30 06:09:08,2026-09-30 17:59:18
Severomorsk,RU,Russia,69.0692,33.4167,Clouds,scattered clouds,7.91,5.18,7.91,7.91,1022,78,1022,1019,10000,4.54,30,2026-09-30,04:28:14,2026-09-30 06:55:38,2026-09-30 18:17:04
Ménaka,ML,Mali,15.4275,3.0175,Clouds,overcast clouds,26.02,26.02,26.02,26.02,1014,82,1014,981,10000,3.29,95,2026-09-30,01:28:16,2026-09-30 05:37:31,2026-09-30 17:38:19
Titiribí,CO,Colombia,6.0625,-75.7936,Rain,moderate rain,16.87,16.91,16.87,16.87,1014,88,1014,856,10000,0.04,100,2026-09-29,20:28:18,2026-09-29 05:51:08,2026-09-29 17:55:44
Chilakalūrupet,IN,India,16.0841,79.9874,Clouds,few clouds,26.21,26.21,26.21,26.21,1012,82,1012,1004,10000,1.33,19,2026-09-30,06:58:20,2026-09-30 05:59:45,2026-09-30 18:00:29
Mishima,JP,Japan,35.1394,138.9489,Rain,moderate rain,21.42,21.84,19.83,21.42,1013,85,1013,965,9348,0.45,100,2026-09-30,10:28:22,2026-09-30 05:37:38,2026-09-30 17:31:01
Coacalco,MX,Mexico,19.6345,-99.1005,Clouds,overcast clouds,20.65,20.31,20.42,21.69,1014,59,1014,772,10000,0.54,100,2026-09-29,19:28:24,2026-09-29 06:26:39,2026-09-29 18:26:37
Begamganj,IN,India,23.5992,78.3406,Clouds,overcast clouds,21.46,21.72,21.46,21.46,1014,79,1014,953,10000,1.7,95,2026-09-30,06:58:25,2026-09-30 06:07:46,2026-09-30 18:05:38
Ozherel'ye,RU,Russia,54.8,38.2667,Clouds,few clouds,4.76,3.57,4.76,4.76,1033,96,1033,1012,10000,1.58,18,2026-09-30,04:28:27,2026-09-30 06:26:39,2026-09-30 18:07:16
São Caetano do Sul,BR,Brazil,-23.6228,-46.5508,Clouds,overcast clouds,20.66,21.11,20.25,22.34,1014,89,1014,925,10000,2.06,99,2026-09-29,22:28:29,2026-09-29 05:48:37,2026-09-29 18:04:22
Ajacuba,MX,Mexico,20.0919,-99.1222,Rain,moderate rain,20.78,20.87,20.78,20.78,1013,75,1013,788,10000,0.35,99,2026-09-29,19:28:31,2026-09-29 06:26:49,2026-09-29 18:26:38
Navy Yard City,US,United States,47.5436,-122.7121,Rain,light rain,12.36,12.13,11.09,13.78,1014,95,1014,1004,1897,5.14,100,2026-09-29,18:28:33,2026-09-29 07:07:07,2026-09-29 18:55:00
Nāsriganj,IN,India,25.0768,84.2055,Clear,clear sky,23.89,24.68,23.89,23.89,1011,90,1011,999,10000,2.37,0,2026-09-30,06:58:35,2026-09-30 05:44:35,2026-09-30 17:41:54
Park Ridge,US,United States,41.0352,-74.0423,Clouds,overcast clouds,17.56,17.43,16.35,18.43,1017,79,1017,1001,10000,1.79,98,2026-09-29,21:28:37,2026-09-29 06:50:35,2026-09-29 18:42:17
Mooresville,US,United States,39.6022,-86.3681,Clouds,scattered clouds,17.66,17.47,16.27,19.26,1015,76,1015,986,10000,2.38,45,2026-09-29,21:28:39,2026-09-29 07:39:35,2026-09-29 19:31:51
Chiradzulu,MW,Malawi,-15.6746,35.1407,Rain,light rain,17.26,17.37,17.26,17.26,1020,89,1020,896,10000,2.77,99,2026-09-30,03:28:41,2026-09-30 05:22:56,2026-09-30 17:35:59
Qingyang,CN,China,36.0333,113.4667,Clouds,broken clouds,14.12,13.73,14.12,14.12,1018,82,1018,862,10000,3.41,65,2026-09-30,09:28:43,2026-09-30 06:19:49,2026-09-30 18:12:39
Gmina Stary Sącz,PL,Poland,49.5636,20.635,Clear,clear sky,9.5,8.77,9.5,9.5,1031,84,1031,973,10000,1.82,0,2026-09-30,03:28:44,2026-09-30 06:35:14,2026-09-30 18:19:42
Yongjiawan,CN,China,29.1409,113.1087,Clouds,few clouds,24.2,24.66,24.2,24.2,1014,76,1014,1010,10000,2.48,17,2026-09-30,09:28:46,2026-09-30 06:19:45,2026-09-30 18:15:34
Kostroma,RU,Russia,57.7681,40.9269,Clear,clear sky,5.87,4.65,5.87,5.87,1031,97,1031,1019,10000,1.74,0,2026-09-30,04:28:48,2026-09-30 06:17:22,2026-09-30 17:55:16
Vatutine,UA,Ukraine,49.0167,31.0667,Clear,clear sky,8.58,6.8,8.58,8.58,1033,91,1033,1011,10000,3.01,0,2026-09-30,04:28:50,2026-09-30 06:53:16,2026-09-30 18:38:14
Belmont,US,United States,37.5154,-122.2953,Clear,clear sky,21.53,21.25,17.33,24.66,1006,58,1006,998,10000,9.26,0,2026-09-29,18:28:52,2026-09-29 07:02:55,2026-09-29 18:55:52
Morada Nova de Minas,BR,Brazil,-18.2058,-45.2419,Clear,clear sky,28.16,27.17,28.16,28.16,1012,29,1012,938,10000,1.73,1,2026-09-29,22:28:54,2026-09-29 05:44:34,2026-09-29 17:57:57
Lydenburg,ZA,South Africa,-25.0958,30.4556,Clouds,overcast clouds,9.05,8.02,9.05,9.05,1029,92,1029,872,10000,2.08,100,2026-09-30,03:28:56,2026-09-30 05:39:24,2026-09-30 17:56:59
Santa Lucía,UY,Uruguay,-34.4589,-56.3897,Clouds,scattered clouds,13.12,12.81,13.12,13.12,1011,89,1011,1010,10000,6.54,47,2026-09-29,22:28:58,2026-09-29 06:25:06,2026-09-29 18:46:34
Kāsaragod,IN,India,12.5833,75.0667,Clouds,overcast clouds,24.06,24.87,24.06,24.06,1013,90,1013,1005,10000,1.1,95,2026-09-30,06:59:00,2026-09-30 06:18:47,2026-09-30 18:20:48
Lentate sul Seveso,IT,Italy,45.6784,9.1219,Clouds,broken clouds,16.7,16.51,15.05,17.66,1025,80,1025,1001,10000,2.2,55,2026-09-30,03:29:02,2026-09-30 07:20:03,2026-09-30 19:06:58
Wat Bot,TH,Thailand,16.904,100.3563,Clouds,overcast clouds,28.99,35.61,27.75,28.99,1013,84,1013,1003,10000,1.03,100,2026-09-30,08:29:04,2026-09-30 06:08:25,2026-09-30 18:08:54
Jaú,BR,Brazil,-22.2958,-48.5578,Clouds,few clouds,25.88,26.38,25.88,25.88,1012,71,1012,946,10000,0.71,19,2026-09-29,22:29:06,2026-09-29 05:56:56,2026-09-29 18:12:06
Kasi,PK,Pakistan,30.1958,67.0172,Clear,clear sky,16.24,15.36,16.24,16.24,1017,55,1017,813,10000,2.07,0,2026-09-30,06:29:08,2026-09-30 06:24:25,2026-09-30 18:19:33
Xo`jaobod,UZ,Uzbekistan,40.6667,72.5667,Clouds,broken clouds,14.43,13.65,14.43,14.43,1018,66,1018,934,10000,2.51,51,2026-09-30,06:29:10,2026-09-30 06:04:39,2026-09-30 17:54:56
Winnersh,GB,United Kingdom,51.4281,-0.8794,Clouds,overcast clouds,20.41,20.62,19.54,21.47,1008,81,1008,1002,10000,2.06,98,2026-09-30,02:29:12,2026-09-30 07:02:04,2026-09-30 18:44:57
Köşk,TR,Turkey,37.8533,28.0517,Clear,clear sky,12.71,12.49,12.71,12.71,1016,94,1016,919,10000,0.0,1,2026-09-30,04:29:14,2026-09-30 07:02:06,2026-09-30 18:53:30
Hamhung,KP,"Korea, North",39.9167,127.5333,Rain,light rain,18.82,18.51,18.82,18.82,1012,67,1012,1003,10000,0.12,100,2026-09-30,10:29:16,2026-09-30 06:24:26,2026-09-30 18:15:30
Shrīgonda,IN,India,18.7487,74.6367,Clouds,overcast clouds,24.43,24.65,24.43,24.43,1014,66,1014,945,10000,1.2,100,2026-09-30,06:59:18,2026-09-30 06:21:39,2026-09-30 18:21:22
Idappadi,IN,India,11.5849,77.8382,Rain,light rain,26.06,26.06,25.64,26.06,1016,88,1016,983,10000,1.29,90,2026-09-30,06:59:20,2026-09-30 06:07:31,2026-09-30 18:09:54
Leer,DE,Germany,53.2308,7.4528,Clear,clear sky,16.09,15.77,14.97,16.09,1018,77,1018,1019,10000,4.18,0,2026-09-30,03:29:22,2026-09-30 07:29:24,2026-09-30 19:10:58
Sāhibganj,IN,India,25.287,87.5469,Clouds,broken clouds,25.63,26.44,25.63,25.63,1010,84,1010,1002,10000,2.02,78,2026-09-30,06:59:24,2026-09-30 05:31:15,2026-09-30 17:28:30
Yovon,TJ,Tajikistan,38.2,68.9,Clear,clear sky,14.8,13.35,14.8,14.8,1015,39,1015,916,10000,3.76,3,2026-09-30,06:29:26,2026-09-30 06:18:42,2026-09-30 18:10:12
Mutsalaul,RU,Russia,43.2756,46.7308,Rain,light rain,15.68,15.78,15.68,15.68,1018,95,1018,1015,10000,2.77,100,2026-09-30,04:29:28,2026-09-30 05:48:47,2026-09-30 17:37:26
Minatitlán,MX,Mexico,19.3667,-104.05,Rain,moderate rain,23.07,23.81,23.07,23.07,1010,91,1010,884,5321,1.3,100,2026-09-29,19:29:30,2026-09-29 06:46:25,2026-09-29 18:46:27
Zachary,US,United States,30.6643,-91.1634,Clear,clear sky,27.39,28.5,26.51,28.19,1012,59,1012,1008,10000,2.57,3,2026-09-29,20:29:32,2026-09-29 06:56:54,2026-09-29 18:52:53
Agustin Codazzi,CO,Colombia,10.0367,-73.2369,Clouds,few clouds,29.27,32.93,29.27,29.27,1008,68,1008,995,10000,1.82,14,2026-09-29,20:29:33,2026-09-29 05:41:34,2026-09-29 17:44:51
Bousso,TD,Chad,10.4825,16.7161,Clouds,overcast clouds,22.06,22.72,22.06,22.06,1013,92,1013,974,10000,2.34,99,2026-09-30,02:29:36,2026-09-30 05:41:48,2026-09-30 17:44:29
Terdāl,IN,India,16.5,75.05,Clouds,few clouds,22.58,23.14,22.58,22.58,1014,86,1014,950,10000,1.98,14,2026-09-30,06:59:38,2026-09-30 06:19:34,2026-09-30 18:20:09
Yorii,JP,Japan,36.1183,139.193,Clouds,broken clouds,19.41,19.65,19.41,19.41,1015,86,1015,994,10000,1.07,83,2026-09-30,10:29:40,2026-09-30 05:36:52,2026-09-30 17:29:49
K’olīto,ET,Ethiopia,7.3333,37.8333,Clouds,broken clouds,12.25,11.72,12.25,12.25,1018,84,1018,775,10000,0.76,64,2026-09-30,04:29:42,2026-09-30 06:16:44,2026-09-30 18:20:38
Yura,JP,Japan,35.49,133.7584,Clear,clear sky,21.37,21.23,21.37,21.37,1014,64,1014,1002,10000,2.53,0,2026-09-30,10:29:44,2026-09-30 05:58:29,2026-09-30 17:51:41
Port Sudan,SD,Sudan,19.6158,37.2164,Clear,clear sky,27.96,30.46,27.96,27.96,1010,69,1010,1009,10000,2.69,2,2026-09-30,03:29:45,2026-09-30 05:21:31,2026-09-30 17:20:48
Krasyliv,UA,Ukraine,49.65,26.9667,Clear,clear sky,7.34,7.34,7.34,7.34,1034,92,1034,998,10000,1.29,0,2026-09-30,04:29:47,2026-09-30 07:09:54,2026-09-30 18:54:23
Tepoztlán,MX,Mexico,18.9862,-99.1005,Rain,moderate rain,23.21,23.28,23.21,23.21,1017,65,1017,763,5115,0.32,96,2026-09-29,19:29:49,2026-09-29 06:26:33,2026-09-29 18:26:44
Triesen,LI,Liechtenstein,47.11,9.5239,Clouds,overcast clouds,16.56,16.07,15.5,17.75,1021,69,1021,894,10000,1.41,93,2026-09-30,03:29:51,2026-09-30 07:18:53,2026-09-30 19:04:55
Zapala,AR,Argentina,-38.9028,-70.065,Clouds,overcast clouds,8.96,6.13,8.96,8.96,1015,38,1015,897,10000,5.42,93,2026-09-29,22:29:53,2026-09-29 07:18:19,2026-09-29 19:42:43
Carnaubais,BR,Brazil,-5.3408,-36.8328,Clear,clear sky,25.79,26.41,25.79,25.79,1014,76,1014,1007,10000,5.81,8,2026-09-29,22:29:55,2026-09-29 05:13:23,2026-09-29 17:21:52
Tarlac City,PH,Philippines,15.4869,120.59,Clouds,overcast clouds,30.92,37.92,30.92,30.92,1014,78,1014,1012,10000,1.04,96,2026-09-30,09:29:57,2026-09-30 05:47:13,2026-09-30 17:48:16
Nong Kung Si,TH,Thailand,16.65,103.3,Clouds,broken clouds,28.29,34.29,28.29,28.29,1014,88,1014,991,10000,1.4,57,2026-09-30,08:29:59,2026-09-30 05:56:36,2026-09-30 17:57:11
Doberlug-Kirchhain,DE,Germany,51.6374,13.5629,Clouds,overcast clouds,14.37,13.61,14.37,14.37,1024,67,1024,1011,10000,3.84,98,2026-09-30,03:30:01,2026-09-30 07:04:18,2026-09-30 18:47:11
Manlio Fabio Altamirano,MX,Mexico,19.0942,-96.3336,Clouds,overcast clouds,28.84,35.15,28.84,28.84,1007,84,1007,1006,5912,2.06,90,2026-09-29,19:30:03,2026-09-29 06:15:30,2026-09-29 18:15:39
Limassol,CY,Cyprus,34.7087,33.0504,Clear,clear sky,21.62,21.22,21.62,22.92,1015,53,1015,950,10000,1.03,9,2026-09-30,04:30:05,2026-09-30 06:41:21,2026-09-30 18:34:18
Begusarai,IN,India,25.3511,86.2122,Clouds,overcast clouds,27.36,30.33,27.36,27.36,1011,78,1011,1005,10000,2.99,92,2026-09-30,07:00:07,2026-09-30 05:36:37,2026-09-30 17:33:50
Kalávryta,GR,Greece,38.0308,22.1086,Clouds,scattered clouds,14.26,13.8,14.26,14.26,1025,79,1025,923,10000,1.67,49,2026-09-30,04:30:09,2026-09-30 07:25:56,2026-09-30 19:17:13
Tarasovskiy,RU,Russia,48.7292,40.3636,Clouds,overcast clouds,12.74,11.66,12.74,12.74,1025,61,1025,1010,10000,4.43,100,2026-09-30,04:30:11,2026-09-30 06:15:57,2026-09-30 18:01:12
Cagayan de Oro,PH,Philippines,8.4833,124.65,Clouds,few clouds,30.53,34.33,30.53,30.53,1014,62,1014,1003,10000,0.45,18,2026-09-30,09:30:13,2026-09-30 05:29:43,2026-09-30 17:33:18
Manthani,IN,India,18.4475,79.8414,Clouds,few clouds,25.0,25.75,25.0,25.0,1014,84,1014,992,10000,1.38,21,2026-09-30,07:00:15,2026-09-30 06:00:46,2026-09-30 18:00:37
Kovačica,RS,Serbia,45.1117,20.6214,Clear,clear sky,13.29,12.45,13.29,13.29,1028,68,1028,1020,10000,3.79,1,2026-09-30,03:30:17,2026-09-30 06:33:50,2026-09-30 18:21:12
Kranidi,GR,Greece,37.375,23.1583,Clouds,scattered clouds,16.69,16.37,16.69,16.69,1023,75,1023,1000,10000,3.47,37,2026-09-30,04:30:19,2026-09-30 07:21:34,2026-09-30 19:13:11
Sceaux,FR,France,48.7786,2.2906,Clouds,overcast clouds,21.16,21.03,19.01,22.37,1014,65,1014,1003,10000,4.12,98,2026-09-30,03:30:21,2026-09-30 07:48:24,2026-09-30 19:33:15
Krasnoslobodsk,RU,Russia,48.7,44.5667,Clouds,overcast clouds,12.92,11.89,12.92,12.92,1024,62,1024,1018,10000,6.0,98,2026-09-30,04:30:23,2026-09-30 05:59:07,2026-09-30 17:44:25
Massenya,TD,Chad,11.4028,16.17,Clouds,overcast clouds,23.14,23.65,23.14,23.14,1012,82,1012,975,10000,2.8,99,2026-09-30,02:30:25,2026-09-30 05:44:09,2026-09-30 17:46:30
Juan Griego,VE,Venezuela,11.0833,-63.9667,Clear,clear sky,27.61,31.54,27.61,27.61,1012,83,1012,1009,10000,4.58,9,2026-09-29,21:30:27,2026-09-29 06:04:40,2026-09-29 18:07:36
Montrose,US,United States,38.4689,-107.859,Clouds,overcast clouds,16.71,16.32,14.9,16.71,1008,72,1008,817,10000,3.09,96,2026-09-29,19:30:29,2026-09-29 07:05:21,2026-09-29 18:57:59
Saint-Vallier,FR,France,46.6419,4.3711,Clouds,scattered clouds,21.21,20.93,21.21,21.21,1018,59,1018,980,10000,3.7,31,2026-09-30,03:30:31,2026-09-30 07:39:22,2026-09-30 19:25:39
Hasbergen,DE,Germany,52.2431,7.9558,Clouds,scattered clouds,17.19,16.74,17.19,17.77,1018,68,1018,1007,10000,3.61,37,2026-09-30,03:30:33,2026-09-30 07:27:00,2026-09-30 19:09:21
Barrancas,CO,Colombia,11.0667,-72.7644,Clouds,few clouds,25.94,26.57,25.94,25.94,1012,76,1012,957,10000,2.76,17,2026-09-29,20:30:35,2026-09-29 05:39:51,2026-09-29 17:42:47
Tanuku,IN,India,16.705,81.647,Clouds,overcast clouds,27.97,32.33,27.97,27.97,1012,82,1012,1011,10000,1.51,92,2026-09-30,07:00:37,2026-09-30 05:53:13,2026-09-30 17:53:44
Santa Bernardina,UY,Uruguay,-33.3783,-56.5294,Clouds,broken clouds,12.02,11.65,12.02,12.02,1012,91,1012,1001,10000,4.8,60,2026-09-29,22:30:39,2026-09-29 06:25:59,2026-09-29 18:46:48
Alvarado,MX,Mexico,18.7714,-95.7618,Clouds,broken clouds,30.9,37.9,30.9,30.9,1007,81,1007,1009,10000,4.85,57,2026-09-29,19:30:41,2026-09-29 06:13:09,2026-09-29 18:13:25
Pūnch,IN,India,33.7667,74.1,Clear,clear sky,19.45,18.89,19.45,19.45,1015,55,1015,851,10000,2.76,0,2026-09-30,07:00:43,2026-09-30 06:26:51,2026-09-30 18:20:28
Antsirabe,MG,Madagascar,-19.87,47.03,Clouds,overcast clouds,16.64,16.21,16.64,16.64,1021,71,1021,859,10000,0.86,92,2026-09-30,04:21:10,2026-09-30 05:34:27,2026-09-30 17:49:23
Voinjama,LR,Liberia,8.4167,-9.75,Clouds,overcast clouds,19.86,20.51,19.86,19.86,1016,100,1016,954,10000,0.57,94,2026-09-30,01:30:47,2026-09-30 06:27:16,2026-09-30 18:30:42
Judaydat Khābūr,SY,Syria,35.9358,40.0367,Clouds,broken clouds,19.34,19.18,19.34,19.34,1015,71,1015,975,10000,2.7,65,2026-09-30,04:30:49,2026-09-30 06:13:40,2026-09-30 18:06:05
Belmont,AU,Australia,-27.4833,153.1,Clear,clear sky,22.53,22.22,21.21,24.31,1029,53,1029,1025,10000,4.63,0,2026-09-30,11:30:51,2026-09-30 05:28:34,2026-09-30 17:46:54
Asarganj,IN,India,25.15,86.68,Clear,clear sky,27.94,31.09,27.94,27.94,1011,74,1011,1003,10000,2.39,0,2026-09-30,07:00:54,2026-09-30 05:34:42,2026-09-30 17:32:00
Gobichettipalayam,IN,India,11.4536,77.4383,Clouds,overcast clouds,25.57,26.27,25.57,25.98,1014,80,1014,981,10000,0.81,100,2026-09-30,07:00:56,2026-09-30 06:09:05,2026-09-30 18:11:31
Potosí,CO,Colombia,0.8081,-77.5728,Clouds,overcast clouds,11.67,11.14,11.67,11.67,1019,86,1019,738,10000,1.62,95,2026-09-29,20:30:58,2026-09-29 05:57:22,2026-09-29 18:03:44
Lagoa Dourada,BR,Brazil,-20.9139,-44.0778,Clouds,overcast clouds,23.65,23.59,23.65,23.65,1014,58,1014,900,10000,2.46,92,2026-09-29,22:31:00,2026-09-29 05:39:20,2026-09-29 17:53:52
Cotorra,CO,Colombia,9.0389,-75.7933,Clouds,overcast clouds,27.62,32.42,27.62,27.62,1009,89,1009,1007,10000,2.16,100,2026-09-29,20:31:02,2026-09-29 05:51:38,2026-09-29 17:55:14
Bhopal,IN,India,23.25,77.4167,Clear,clear sky,21.07,21.53,21.07,21.07,1015,88,1015,957,10000,2.06,0,2026-09-30,07:01:04,2026-09-30 06:11:23,2026-09-30 18:09:24
Hódmezővásárhely,HU,Hungary,46.4303,20.3189,Clear,clear sky,15.59,14.98,15.59,15.59,1028,68,1028,1019,10000,2.1,0,2026-09-30,03:31:05,2026-09-30 06:35:27,2026-09-30 18:22:00
San Jacinto,PH,Philippines,12.5683,123.7336,Clouds,scattered clouds,29.27,32.93,29.27,29.27,1013,68,1013,1011,10000,0.76,36,2026-09-30,09:31:08,2026-09-30 05:34:07,2026-09-30 17:36:14
Tlachichilco,MX,Mexico,20.6217,-98.1994,Rain,light rain,24.81,25.7,24.81,24.81,1010,90,1010,940,10000,0.3,100,2026-09-29,19:31:10,2026-09-29 06:23:13,2026-09-29 18:22:51
Westerlo,BE,Belgium,51.0897,4.9153,Clouds,scattered clouds,18.21,18.04,16.29,18.86,1015,75,1015,1014,10000,1.34,41,2026-09-30,03:31:12,2026-09-30 07:38:44,2026-09-30 19:21:56
Penal/Debe,TT,Trinidad and Tobago,10.1678,-61.4544,Clouds,few clouds,25.71,26.61,25.71,25.71,1012,87,1012,1010,10000,2.04,12,2026-09-29,21:31:14,2026-09-29 05:54:28,2026-09-29 17:57:43
Harisakichō,JP,Japan,34.8645,137.1658,Rain,light rain,22.88,23.26,22.88,22.88,1012,78,1012,1006,10000,0.9,96,2026-09-30,10:31:16,2026-09-30 05:44:42,2026-09-30 17:38:12
Pawāyan,IN,India,28.0663,80.1031,Clear,clear sky,23.71,24.3,23.71,23.71,1011,83,1011,993,10000,1.63,0,2026-09-30,07:01:18,2026-09-30 06:01:36,2026-09-30 17:57:42
Zarumaurcu,EC,Ecuador,-3.6806,-79.6806,Rain,moderate rain,19.77,20.34,19.77,19.77,1014,97,1014,889,5233,0.69,96,2026-09-29,20:31:20,2026-09-29 06:05:01,2026-09-29 18:12:56
Santarém,PT,Portugal,39.2333,-8.6833,Clouds,overcast clouds,20.88,21.5,20.88,21.34,1015,95,1015,1007,4854,0.89,100,2026-09-30,02:31:22,2026-09-30 07:29:29,2026-09-30 19:19:56
Amahai,ID,Indonesia,-3.3331,128.919,Clouds,broken clouds,27.49,31.11,27.49,27.49,1016,82,1016,1016,10000,2.84,58,2026-09-30,10:31:24,2026-09-30 06:10:29,2026-09-30 18:18:23
Gehrden,DE,Germany,52.3135,9.6008,Clouds,scattered clouds,14.52,13.96,13.59,14.82,1020,74,1020,1007,10000,3.09,37,2026-09-30,03:31:26,2026-09-30 07:20:26,2026-09-30 19:02:45
Maroantsetra,MG,Madagascar,-15.7,49.65,Clouds,scattered clouds,20.82,21.23,20.82,20.82,1020,87,1020,1020,10000,0.97,38,2026-09-30,04:31:28,2026-09-30 05:24:56,2026-09-30 17:37:56
Bartın,TR,Turkey,41.6426,32.28,Rain,light rain,18.85,18.91,18.85,18.85,1020,81,1020,1016,9736,10.19,90,2026-09-30,04:31:30,2026-09-30 06:46:10,2026-09-30 18:35:38
Badulla,LK,Sri Lanka,6.9847,81.0564,Clouds,overcast clouds,23.98,24.34,23.98,23.98,1015,73,1015,919,10000,0.99,100,2026-09-30,07:01:32,2026-09-30 05:53:48,2026-09-30 17:57:52
Southborough,GB,United Kingdom,51.1598,0.2652,Clouds,overcast clouds,19.79,19.99,18.9,20.62,1009,83,1009,999,10000,1.3,100,2026-09-30,02:31:34,2026-09-30 06:57:23,2026-09-30 18:40:29
Piran,SI,Slovenia,45.5271,13.5685,Clear,clear sky,13.97,13.56,13.97,18.75,1025,82,1025,1026,10000,3.09,4,2026-09-30,03:31:36,2026-09-30 07:02:12,2026-09-30 18:49:15
Holt,US,United States,33.2348,-87.5268,Clear,clear sky,22.31,22.01,22.31,24.92,1015,54,1015,1004,10000,1.54,0,2026-09-29,20:31:38,2026-09-29 06:42:52,2026-09-29 18:37:51
Silago,PH,Philippines,10.5291,125.1618,Clouds,broken clouds,29.68,33.0,29.68,29.68,1013,64,1013,991,10000,2.08,79,2026-09-30,09:31:40,2026-09-30 05:28:02,2026-09-30 17:30:53
Barkly West,ZA,South Africa,-28.5381,24.5186,Clouds,overcast clouds,14.02,13.7,14.02,14.02,1024,85,1024,899,10000,5.58,94,2026-09-30,03:31:42,2026-09-30 06:02:11,2026-09-30 18:21:41
Tondabayashi,JP,Japan,34.5187,135.6476,Clouds,broken clouds,21.62,21.87,21.51,22.79,1013,78,1013,999,10000,2.06,72,2026-09-30,10:31:44,2026-09-30 05:50:42,2026-09-30 17:44:21
Pathanāmthitta,IN,India,9.2639,76.8833,Clouds,scattered clouds,26.86,30.06,26.86,26.86,1014,87,1014,999,10000,0.82,47,2026-09-30,07:01:46,2026-09-30 06:10:55,2026-09-30 18:14:09
Kherālu,IN,India,23.88,72.62,Clear,clear sky,24.66,24.93,24.66,24.66,1014,67,1014,995,10000,2.21,0,2026-09-30,07:01:48,2026-09-30 06:30:42,2026-09-30 18:28:27
Mill Valley,US,United States,37.9086,-122.5421,Clear,clear sky,19.47,19.09,16.31,21.95,1006,62,1006,987,10000,4.31,0,2026-09-29,18:31:50,2026-09-29 07:03:59,2026-09-29 18:56:46
Yekaterinopol’,UA,Ukraine,48.8863,30.7027,Clear,clear sky,8.28,6.28,8.28,8.28,1033,91,1033,1010,10000,3.27,0,2026-09-30,04:31:52,2026-09-30 06:54:41,2026-09-30 18:39:44
Nirmāli,IN,India,26.314,86.5854,Clouds,broken clouds,27.69,31.34,27.69,27.69,1010,80,1010,1004,10000,3.18,76,2026-09-30,07:01:54,2026-09-30 05:35:18,2026-09-30 17:32:09
Harenkarspel,NL,Netherlands,52.7344,4.7706,Clouds,broken clouds,16.97,16.89,16.11,18.21,1015,83,1015,1015,10000,4.36,65,2026-09-30,03:31:56,2026-09-30 07:39:57,2026-09-30 19:21:52
Ālangudi,IN,India,10.3418,79.0609,Rain,light rain,28.68,33.67,28.68,28.68,1012,79,1012,1006,10000,4.29,96,2026-09-30,07:01:58,2026-09-30 06:02:24,2026-09-30 18:05:14
Portland,US,United States,45.5371,-122.65,Clouds,overcast clouds,20.23,20.19,18.1,21.49,1015,72,1015,1008,10000,2.57,97,2026-09-29,18:32:01,2026-09-29 07:06:18,2026-09-29 18:55:19
Colgong,IN,India,25.3295,87.3018,Clouds,few clouds,27.79,31.03,27.79,27.79,1011,76,1011,1006,10000,2.4,21,2026-09-30,07:02:03,2026-09-30 05:32:15,2026-09-30 17:29:29
Mungeli,IN,India,22.07,81.68,Clouds,overcast clouds,24.25,24.77,24.25,24.25,1013,78,1013,981,10000,1.2,95,2026-09-30,07:02:05,2026-09-30 05:54:06,2026-09-30 17:52:35
Batac City,PH,Philippines,18.0554,120.5649,Clouds,few clouds,30.88,37.88,30.88,30.88,1014,74,1014,1004,10000,1.03,18,2026-09-30,09:32:07,2026-09-30 05:47:47,2026-09-30 17:47:54
Aramari,BR,Brazil,-12.0819,-38.4989,Clouds,few clouds,21.34,22.04,21.34,21.34,1017,96,1017,990,10000,2.46,12,2026-09-29,22:32:09,2026-09-29 05:18:49,2026-09-29 17:29:46
Sinjār,IQ,Iraq,36.2583,41.9431,Clear,clear sky,20.0,19.57,20.0,20.0,1015,58,1015,937,10000,0.55,1,2026-09-30,04:32:11,2026-09-30 06:06:07,2026-09-30 17:58:23
Calgary,CA,Canada,51.05,-114.0667,Clouds,broken clouds,13.58,12.33,11.71,14.38,1003,51,1003,877,10000,0.89,59,2026-09-29,19:32:13,2026-09-29 07:33:35,2026-09-29 19:19:24
Luiz Alves,BR,Brazil,-26.7208,-48.9328,Clouds,overcast clouds,20.25,20.92,20.25,20.25,1009,99,1009,991,2721,1.09,100,2026-09-29,22:32:15,2026-09-29 05:57:24,2026-09-29 18:14:38
Haiphong,VN,Vietnam,20.9906,106.5539,Clouds,broken clouds,29.99,36.81,29.99,29.99,1012,77,1012,1009,10000,4.8,62,2026-09-30,08:32:17,2026-09-30 05:44:23,2026-09-30 17:43:22
Hendon,GB,United Kingdom,51.5902,-0.1753,Clouds,overcast clouds,21.24,21.35,20.16,21.78,1009,74,1009,1002,10000,4.63,96,2026-09-30,02:32:19,2026-09-30 06:59:18,2026-09-30 18:42:04
Nkoteng,CM,Cameroon,4.5046,12.1184,Clouds,overcast clouds,19.89,20.52,19.89,19.89,1014,99,1014,947,10000,0.26,96,2026-09-30,02:32:21,2026-09-30 05:59:03,2026-09-30 18:04:00
Highland Lake,US,United States,41.1973,-74.4857,Clouds,broken clouds,15.59,15.55,15.06,17.01,1018,90,1018,992,10000,1.6,80,2026-09-29,21:32:23,2026-09-29 06:52:24,2026-09-29 18:44:01
Ouricuri,BR,Brazil,-7.7778,-39.9408,Clear,clear sky,27.46,27.39,27.46,27.46,1013,43,1013,956,10000,1.5,4,2026-09-29,22:32:25,2026-09-29 05:25:23,2026-09-29 17:34:44
Melchor Ocampo,MX,Mexico,19.7094,-99.1318,Clouds,overcast clouds,20.71,20.66,20.71,20.71,1015,70,1015,776,10000,0.77,98,2026-09-29,19:32:27,2026-09-29 06:26:48,2026-09-29 18:26:44
Beelitz,DE,Germany,52.2333,12.9667,Clouds,overcast clouds,14.04,13.41,13.38,15.06,1024,73,1024,1018,10000,4.03,100,2026-09-30,03:32:29,2026-09-30 07:06:55,2026-09-30 18:49:21
Cormeilles-en-Parisis,FR,France,48.9731,2.2006,Clouds,overcast clouds,21.52,21.35,20.93,23.02,1014,62,1014,1006,10000,3.09,96,2026-09-30,03:32:31,2026-09-30 07:48:50,2026-09-30 19:33:32
Zoetermeer,NL,Netherlands,52.0611,4.4933,Clouds,broken clouds,17.2,17.12,16.11,18.9,1015,82,1015,1015,10000,2.57,83,2026-09-30,03:32:33,2026-09-30 07:40:47,2026-09-30 19:23:15
Marovoay,MG,Madagascar,-16.2333,46.5167,Clear,clear sky,23.54,23.57,23.54,23.54,1017,62,1017,1016,10000,3.41,0,2026-09-30,04:32:34,2026-09-30 05:37:20,2026-09-30 17:50:36
Oliveira,BR,Brazil,-20.6958,-44.8269,Clouds,broken clouds,24.71,24.44,24.71,24.71,1013,46,1013,903,10000,1.42,67,2026-09-29,22:32:36,2026-09-29 05:42:22,2026-09-29 17:56:49
Ferentino,IT,Italy,41.6833,13.25,Clear,clear sky,16.43,16.43,16.16,18.81,1025,88,1025,963,10000,0.8,4,2026-09-30,03:32:38,2026-09-30 07:02:21,2026-09-30 18:51:39
Sullana,PE,Peru,-4.9039,-80.6853,Clouds,few clouds,25.15,25.37,25.15,25.15,1011,63,1011,1004,10000,6.59,11,2026-09-29,20:27:48,2026-09-29 06:08:49,2026-09-29 18:17:11
Wieruszów,PL,Poland,51.3,18.15,Clouds,scattered clouds,10.01,9.68,10.01,11.38,1029,100,1029,1008,10000,2.55,38,2026-09-30,03:32:43,2026-09-30 06:45:49,2026-09-30 18:29:00
Kollam,IN,India,9.0174,76.6509,Clouds,broken clouds,27.67,31.7,27.67,27.67,1014,83,1014,1012,10000,2.14,60,2026-09-30,07:02:45,2026-09-30 06:11:48,2026-09-30 18:15:07
Chorhat,IN,India,24.4274,81.6695,Clouds,few clouds,24.26,24.88,24.26,24.26,1013,82,1013,974,10000,2.89,11,2026-09-30,07:02:47,2026-09-30 05:54:36,2026-09-30 17:52:10
Vidnoye,RU,Russia,55.55,37.7,Clear,clear sky,7.43,6.44,4.76,7.43,1033,91,1033,1014,10000,1.75,0,2026-09-30,04:32:49,2026-09-30 06:29:15,2026-09-30 18:09:12
Madurai,IN,India,9.9092,78.1609,Clouds,broken clouds,28.07,31.96,28.07,28.07,1012,78,1012,998,10000,1.54,80,2026-09-30,07:02:52,2026-09-30 06:05:55,2026-09-30 18:08:55
Sotouboua,TG,Togo,8.3167,0.9833,Rain,light rain,21.54,22.33,21.54,21.54,1014,99,1014,980,10000,1.19,96,2026-09-30,01:32:54,2026-09-30 05:44:19,2026-09-30 17:47:48
Zubia,ES,Spain,37.1206,-3.585,Clouds,few clouds,19.01,18.9,18.44,19.01,1019,74,1019,947,10000,0.0,24,2026-09-30,03:32:56,2026-09-30 08:08:33,2026-09-30 20:00:06
Collingswood,US,United States,39.9063,-75.0625,Clouds,overcast clouds,19.7,19.81,18.16,20.59,1018,80,1018,1015,10000,0.45,100,2026-09-29,21:32:59,2026-09-29 06:54:24,2026-09-29 18:46:37
Tolosa,PH,Philippines,11.0633,125.0353,Clouds,overcast clouds,28.62,32.6,28.62,28.62,1013,74,1013,1010,10000,1.44,91,2026-09-30,09:33:01,2026-09-30 05:28:38,2026-09-30 17:31:18
Hewitt,US,United States,31.452,-97.196,Clouds,broken clouds,30.85,34.06,30.35,31.92,1009,58,1009,990,10000,7.2,52,2026-09-29,20:33:03,2026-09-29 07:21:12,2026-09-29 19:16:50
Nidzica,PL,Poland,53.3583,20.425,Clouds,overcast clouds,8.65,6.94,8.65,8.65,1033,92,1033,1010,10000,2.92,94,2026-09-30,03:33:05,2026-09-30 06:37:30,2026-09-30 18:19:07
Daugavpils,LV,Latvia,55.8714,26.5161,Clouds,overcast clouds,11.79,11.27,11.79,11.79,1035,86,1035,1020,10000,2.18,100,2026-09-30,04:33:07,2026-09-30 07:14:11,2026-09-30 18:53:42
Pimenta Bueno,BR,Brazil,-11.6725,-61.1936,Clear,clear sky,27.24,28.15,27.24,27.24,1010,57,1010,985,10000,2.2,4,2026-09-29,21:33:09,2026-09-29 05:49:38,2026-09-29 18:00:28
Rusera,IN,India,25.7721,86.1754,Clouds,broken clouds,27.7,30.96,27.7,27.7,1011,77,1011,1005,10000,2.78,73,2026-09-30,07:03:11,2026-09-30 05:36:50,2026-09-30 17:33:54
Pinotepa Nacional,MX,Mexico,16.29,-98.13,Clouds,overcast clouds,26.18,26.18,26.18,26.18,1011,88,1011,994,10000,1.73,100,2026-09-29,19:33:13,2026-09-29 06:22:12,2026-09-29 18:23:19
Hässleholm,SE,Sweden,56.1568,13.7702,Clouds,overcast clouds,14.06,13.92,14.06,14.06,1029,92,1029,1018,10000,3.35,100,2026-09-30,03:33:15,2026-09-30 07:05:22,2026-09-30 18:44:28
Ayr,CA,Canada,43.32,-80.38,Clouds,scattered clouds,14.88,14.72,14.88,14.96,1017,88,1017,978,10000,1.54,27,2026-09-29,21:33:17,2026-09-29 07:16:30,2026-09-29 19:07:03
Izyaslav,UA,Ukraine,50.1167,26.8,Clear,clear sky,6.92,6.2,6.92,6.92,1034,93,1034,1004,10000,1.45,0,2026-09-30,04:33:19,2026-09-30 07:10:44,2026-09-30 18:54:53
Pedra,BR,Brazil,-8.5006,-36.9456,Clouds,scattered clouds,20.05,20.46,20.05,20.05,1017,90,1017,941,10000,2.35,50,2026-09-29,22:33:21,2026-09-29 05:13:16,2026-09-29 17:22:53
Appleton,US,United States,44.278,-88.3892,Clouds,overcast clouds,18.91,18.81,17.93,19.52,1011,75,1011,982,8335,3.13,100,2026-09-29,20:33:24,2026-09-29 06:48:49,2026-09-29 18:38:48
Fonte Boa,BR,Brazil,-3.4808,-66.0689,Clouds,overcast clouds,27.71,29.88,27.71,27.71,1009,68,1009,1000,10000,1.47,100,2026-09-29,21:33:26,2026-09-29 06:10:37,2026-09-29 18:18:28
Pasni,PK,Pakistan,25.2653,63.4717,Clouds,overcast clouds,25.8,26.5,25.8,25.8,1013,79,1013,1012,10000,1.22,86,2026-09-30,06:33:28,2026-09-30 06:37:35,2026-09-30 18:34:44
Shirebrook,GB,United Kingdom,53.2048,-1.2197,Rain,light rain,18.33,18.57,17.77,18.47,1007,90,1007,992,10000,2.0,99,2026-09-30,02:33:30,2026-09-30 07:04:07,2026-09-30 18:45:36
Liulin,CN,China,34.5891,103.5081,Clouds,overcast clouds,8.56,7.51,8.56,8.56,1022,76,1022,716,10000,2.01,100,2026-09-30,09:33:32,2026-09-30 06:59:20,2026-09-30 18:52:46
Livingston,GB,United Kingdom,55.8834,-3.5157,Clouds,overcast clouds,17.02,17.05,16.41,17.44,1003,87,1003,979,10000,4.63,96,2026-09-30,02:33:34,2026-09-30 07:14:29,2026-09-30 18:53:36
Myszków,PL,Poland,50.5752,19.3246,Clear,clear sky,9.2,7.96,9.02,11.56,1030,88,1030,990,10000,2.38,1,2026-09-30,03:33:36,2026-09-30 06:40:50,2026-09-30 18:24:35
Ivisan,PH,Philippines,11.5217,122.6908,Clouds,scattered clouds,31.01,36.18,31.01,31.01,1013,65,1013,1013,10000,0.29,31,2026-09-30,09:33:38,2026-09-30 05:38:06,2026-09-30 17:40:35
Bāgli,IN,India,22.6412,76.3488,Clear,clear sky,22.9,23.31,22.9,22.9,1015,79,1015,961,10000,1.88,1,2026-09-30,07:03:40,2026-09-30 06:15:33,2026-09-30 18:13:47
Sfizef,DZ,Algeria,35.2344,-0.2434,Clear,clear sky,21.1,20.57,21.1,21.1,1019,50,1019,959,10000,1.97,0,2026-09-30,02:33:42,2026-09-30 06:54:43,2026-09-30 18:47:13
Grafton,AU,Australia,-29.6817,152.9344,Clear,clear sky,23.56,23.2,23.56,23.56,1028,47,1028,1023,10000,2.12,0,2026-09-30,11:33:44,2026-09-30 05:28:38,2026-09-30 17:48:09
Xingping,CN,China,34.2999,108.4816,Clouds,overcast clouds,19.4,18.91,19.4,19.4,1019,58,1019,974,10000,2.48,100,2026-09-30,09:33:46,2026-09-30 06:39:22,2026-09-30 18:32:57
Dayton,US,United States,40.384,-74.5256,Clouds,overcast clouds,18.28,18.3,17.21,19.15,1018,82,1018,1013,10000,0.45,94,2026-09-29,21:33:48,2026-09-29 06:52:22,2026-09-29 18:44:21
Camacupa,AO,Angola,-10.9,18.0833,Clouds,overcast clouds,18.8,18.96,18.8,18.8,1015,85,1015,868,10000,0.84,100,2026-09-30,02:33:50,2026-09-30 05:32:10,2026-09-30 17:43:10
Ankang,CN,China,32.6877,109.0235,Clouds,overcast clouds,20.0,20.48,20.0,20.0,1017,93,1017,962,10000,0.31,100,2026-09-30,09:33:52,2026-09-30 06:36:51,2026-09-30 18:31:09
Frýdlant nad Ostravicí,CZ,Czechia,49.5928,18.3597,Clear,clear sky,11.93,11.01,5.29,11.93,1029,70,1029,969,10000,9.83,0,2026-09-30,03:33:55,2026-09-30 06:44:21,2026-09-30 18:28:47
Moulay Brahim,MA,Morocco,31.3514,-7.9508,Clear,clear sky,21.89,21.49,21.89,21.89,1018,52,1018,936,10000,1.12,0,2026-09-30,01:33:57,2026-09-30 06:24:39,2026-09-30 18:18:55
Viamão,BR,Brazil,-30.0808,-51.0228,Clouds,scattered clouds,20.29,20.86,18.44,20.36,1009,95,1009,1003,10000,2.57,48,2026-09-29,22:33:59,2026-09-29 06:04:53,2026-09-29 18:23:51
Bocicoiu Mare,RO,Romania,47.9714,24.0047,Clear,clear sky,8.16,7.47,8.16,8.16,1032,84,1032,991,10000,1.57,0,2026-09-30,04:34:01,2026-09-30 07:21:12,2026-09-30 19:06:47
Barrington,US,United States,41.7443,-71.3145,Clouds,overcast clouds,16.18,16.31,15.64,17.3,1016,94,1016,1013,10000,1.54,100,2026-09-29,21:34:03,2026-09-29 06:39:50,2026-09-29 18:31:13
Langtoucun,CN,China,39.8734,124.1453,Rain,moderate rain,13.35,13.01,13.35,13.35,1014,87,1014,1014,10000,7.4,100,2026-09-30,09:34:05,2026-09-30 05:37:59,2026-09-30 17:29:03
Ulus,TR,Turkey,39.9777,32.867,Clouds,scattered clouds,13.29,12.92,10.48,13.43,1018,86,1018,897,10000,2.06,35,2026-09-30,04:34:07,2026-09-30 06:43:22,2026-09-30 18:33:44
Génova,CO,Colombia,4.2072,-75.7902,Rain,light rain,17.9,17.7,17.9,23.52,1015,75,1015,781,10000,1.99,100,2026-09-29,20:31:27,2026-09-29 05:50:49,2026-09-29 17:56:02
Khaur,IN,India,32.6079,74.7293,Clear,clear sky,23.1,24.08,20.9,23.1,1011,100,1011,982,10000,1.03,0,2026-09-30,07:04:12,2026-09-30 06:24:04,2026-09-30 18:18:13
Dos de Mayo,AR,Argentina,-27.0197,-54.6845,Clouds,overcast clouds,19.28,19.85,19.28,19.28,1010,99,1010,959,10000,3.31,100,2026-09-29,22:34:14,2026-09-29 06:20:19,2026-09-29 18:37:43
Cassino,IT,Italy,41.4917,13.8333,Clouds,few clouds,16.64,16.34,16.64,20.83,1024,76,1024,974,0,0.76,18,2026-09-30,03:34:16,2026-09-30 06:59:58,2026-09-30 18:49:22
Pinamalayan,PH,Philippines,13.0364,121.4889,Clouds,broken clouds,30.06,35.43,30.06,30.06,1014,71,1014,1009,10000,1.36,57,2026-09-30,09:34:18,2026-09-30 05:43:11,2026-09-30 17:45:07
Olecko,PL,Poland,54.0336,22.5069,Clouds,scattered clouds,8.59,7.69,8.59,8.59,1034,92,1034,1014,10000,1.85,42,2026-09-30,03:34:20,2026-09-30 06:29:27,2026-09-30 18:10:31
Woodmoor,US,United States,39.1063,-104.8456,Clouds,overcast clouds,13.26,12.5,11.95,14.57,1010,71,1010,770,10000,2.57,100,2026-09-29,19:34:22,2026-09-29 06:53:26,2026-09-29 18:45:48
Chāpra,IN,India,25.8828,84.7595,Clear,clear sky,26.6,26.6,26.6,26.6,1011,84,1011,1005,10000,2.78,0,2026-09-30,07:04:24,2026-09-30 05:42:32,2026-09-30 17:39:32
Cantanhede,PT,Portugal,40.3464,-8.5942,Rain,moderate rain,18.04,18.3,18.04,18.53,1015,92,1015,1010,3013,1.12,86,2026-09-30,02:34:26,2026-09-30 07:29:26,2026-09-30 19:19:17
Barras,BR,Brazil,-4.2469,-42.2958,Clouds,overcast clouds,27.54,30.14,27.54,27.54,1012,73,1012,1000,10000,2.99,100,2026-09-29,22:34:28,2026-09-29 05:35:25,2026-09-29 17:43:32
Frontera,MX,Mexico,26.9261,-101.4494,Clouds,broken clouds,33.82,36.46,33.82,33.82,1004,45,1004,946,10000,2.24,74,2026-09-29,19:34:31,2026-09-29 06:37:21,2026-09-29 18:34:42
Khmelnytskyi,UA,Ukraine,49.42,27.0,Clear,clear sky,7.59,6.79,7.59,7.59,1034,91,1034,996,10000,1.6,0,2026-09-30,04:34:33,2026-09-30 07:09:42,2026-09-30 18:54:20
Diamond Harbour,IN,India,22.1927,88.1895,Clouds,overcast clouds,28.5,33.76,28.5,28.5,1011,82,1011,1011,10000,2.77,100,2026-09-30,07:04:35,2026-09-30 05:28:05,2026-09-30 17:26:33
Siwān,IN,India,26.1593,84.4087,Clear,clear sky,26.4,26.4,26.4,26.4,1011,81,1011,1004,10000,2.27,6,2026-09-30,07:04:36,2026-09-30 05:43:59,2026-09-30 17:40:53
Siquijor,PH,Philippines,9.215,123.514,Clouds,scattered clouds,30.06,35.68,30.06,30.06,1014,72,1014,1008,10000,1.22,25,2026-09-30,09:34:38,2026-09-30 05:34:23,2026-09-30 17:37:42
Ortaköy,TR,Turkey,37.2167,40.7833,Clouds,overcast clouds,17.67,17.14,17.67,17.67,1015,63,1015,923,10000,0.51,88,2026-09-30,04:34:41,2026-09-30 06:11:00,2026-09-30 18:02:48
Nanguneri,IN,India,8.4906,77.6588,Clouds,overcast clouds,27.94,31.22,27.94,27.94,1013,75,1013,983,10000,1.88,96,2026-09-30,07:04:43,2026-09-30 06:07:40,2026-09-30 18:11:11
Dongzhuang,CN,China,40.0892,119.6019,Clouds,broken clouds,15.81,13.97,15.81,15.81,1019,20,1019,995,10000,6.0,53,2026-09-30,09:34:44,2026-09-30 05:56:14,2026-09-30 17:47:09
Damascus,SY,Syria,33.5333,36.2167,Clouds,broken clouds,17.84,17.3,17.3,18.27,1017,62,1017,873,10000,0.39,83,2026-09-30,04:34:46,2026-09-30 06:28:24,2026-09-30 18:21:55
Carrollwood Village,US,United States,28.0577,-82.5148,Clouds,scattered clouds,25.14,25.8,23.32,27.14,1015,80,1015,1014,10000,3.6,35,2026-09-29,21:34:48,2026-09-29 07:21:48,2026-09-29 19:18:49
Guizhou,CN,China,27.1017,106.7332,Clouds,broken clouds,23.74,24.31,23.74,23.74,1014,82,1014,883,10000,1.87,77,2026-09-30,09:34:50,2026-09-30 06:44:51,2026-09-30 18:41:28
Accokeek,US,United States,38.6745,-77.0023,Clear,clear sky,18.47,18.7,16.67,20.69,1018,89,1018,1014,10000,1.03,2,2026-09-29,21:34:52,2026-09-29 07:01:53,2026-09-29 18:54:38
Bani Walid,LY,Libya,31.7455,13.9835,Clear,clear sky,18.99,19.22,18.99,18.99,1022,87,1022,988,10000,1.11,7,2026-09-30,03:34:54,2026-09-30 06:56:58,2026-09-30 18:51:10
Lodi,US,United States,38.1218,-121.2932,Clear,clear sky,31.05,29.26,31.05,32.98,1004,23,1004,1003,10000,4.01,0,2026-09-29,18:34:56,2026-09-29 06:59:02,2026-09-29 18:51:44
Nantou City,TW,Taiwan,23.8747,120.5248,Clouds,scattered clouds,32.82,38.38,32.82,32.82,1013,58,1013,1009,10000,2.69,36,2026-09-30,09:34:58,2026-09-30 05:49:02,2026-09-30 17:46:58
Bouira Province,DZ,Algeria,36.2194,3.8161,Clouds,scattered clouds,18.48,17.98,18.48,18.48,1021,61,1021,943,10000,0.83,39,2026-09-30,02:35:00,2026-09-30 06:38:42,2026-09-30 18:30:45
Beaumont,FR,France,45.7517,3.0831,Clouds,overcast clouds,19.22,18.87,19.22,19.22,1018,64,1018,927,10000,6.69,87,2026-09-30,03:35:02,2026-09-30 07:44:15,2026-09-30 19:31:04
Stuart,US,United States,27.1959,-80.2444,Clouds,overcast clouds,24.79,25.65,23.88,25.01,1016,89,1016,1015,10000,2.06,97,2026-09-29,21:35:04,2026-09-29 07:12:34,2026-09-29 19:09:54
Bīdar,IN,India,17.8,77.36,Clear,clear sky,25.02,25.41,25.02,25.02,1015,70,1015,945,10000,2.26,9,2026-09-30,07:05:06,2026-09-30 06:10:35,2026-09-30 18:10:40
Jhunjhunūn,IN,India,28.1256,75.3978,Clear,clear sky,26.22,26.22,26.22,26.22,1012,53,1012,975,10000,2.75,0,2026-09-30,07:05:08,2026-09-30 06:20:26,2026-09-30 18:16:30
Conceição do Jacuípe,BR,Brazil,-12.3269,-38.765,Clouds,few clouds,21.54,22.26,21.54,21.54,1017,96,1017,996,10000,1.52,16,2026-09-29,22:35:10,2026-09-29 05:19:50,2026-09-29 17:30:52
West Covina,US,United States,34.0555,-117.9113,Clear,clear sky,27.44,27.5,25.23,29.08,1004,45,1004,982,10000,5.66,1,2026-09-29,18:35:12,2026-09-29 06:44:38,2026-09-29 18:39:06
Shāhgarh,IN,India,24.5059,79.0781,Clear,clear sky,24.46,25.05,24.46,24.46,1013,80,1013,972,10000,2.48,7,2026-09-30,07:05:14,2026-09-30 06:04:59,2026-09-30 18:02:31
Adalaj,IN,India,23.1647,72.5821,Clear,clear sky,22.92,23.43,22.92,22.92,1013,83,1013,1006,10000,0.0,0,2026-09-30,07:05:16,2026-09-30 06:30:43,2026-09-30 18:28:44
Perevolotskiy,RU,Russia,51.8764,54.1939,Clear,clear sky,6.66,4.0,6.66,6.66,1027,56,1027,1002,10000,3.81,0,2026-09-30,06:35:18,2026-09-30 07:21:41,2026-09-30 19:04:50
Igra,RU,Russia,57.55,53.0333,Clouds,few clouds,6.52,5.2,6.52,6.52,1028,91,1028,1003,10000,1.94,12,2026-09-30,05:35:20,2026-09-30 06:28:46,2026-09-30 18:07:03
Wurtsboro,US,United States,41.586,-74.4951,Clear,clear sky,15.0,14.85,14.13,15.67,1018,88,1018,972,10000,1.94,5,2026-09-29,21:35:22,2026-09-29 06:52:31,2026-09-29 18:43:57
Boekel,NL,Netherlands,51.6011,5.6742,Clouds,broken clouds,17.27,16.85,16.58,18.99,1016,69,1016,1015,10000,2.57,58,2026-09-30,03:35:24,2026-09-30 07:35:53,2026-09-30 19:18:43
Girau do Ponciano,BR,Brazil,-9.8839,-36.8289,Clear,clear sky,21.29,21.93,21.29,21.29,1016,94,1016,994,10000,3.46,3,2026-09-29,22:35:26,2026-09-29 05:12:33,2026-09-29 17:22:40
Faubourg Marceau,DZ,Algeria,35.1633,-0.6958,Clear,clear sky,22.68,22.2,22.68,22.68,1018,46,1018,956,10000,5.6,0,2026-09-30,02:35:28,2026-09-30 06:56:30,2026-09-30 18:49:02
Erpen,DE,Germany,52.1117,8.1606,Clouds,broken clouds,16.25,15.68,16.25,17.03,1019,67,1019,1006,10000,2.89,56,2026-09-30,03:35:30,2026-09-30 07:26:07,2026-09-30 19:08:35
Goranboy,AZ,Azerbaijan,40.61,46.7872,Clear,clear sky,17.2,17.14,17.2,17.2,1016,83,1016,1001,10000,0.35,4,2026-09-30,05:35:32,2026-09-30 06:47:49,2026-09-30 18:37:57
Botosani,RO,Romania,47.7486,26.6694,Clear,clear sky,11.58,10.91,11.58,11.62,1033,81,1033,1013,10000,1.16,4,2026-09-30,04:35:33,2026-09-30 07:10:27,2026-09-30 18:56:13
Apan,MX,Mexico,19.71,-98.4519,Clouds,overcast clouds,17.64,17.63,17.64,17.64,1018,83,1018,748,10000,2.08,95,2026-09-29,19:35:35,2026-09-29 06:24:04,2026-09-29 18:24:01
Kolkata,IN,India,22.5675,88.37,Clouds,overcast clouds,27.97,34.36,27.97,27.97,1010,94,1010,1010,10000,2.06,91,2026-09-30,07:05:37,2026-09-30 05:27:26,2026-09-30 17:25:45
Bariārpur,IN,India,25.3579,86.7174,Clear,clear sky,28.11,31.45,28.11,28.11,1011,74,1011,1006,10000,2.3,2,2026-09-30,07:05:39,2026-09-30 05:34:35,2026-09-30 17:31:49
Ub,RS,Serbia,44.45,20.0667,Clear,clear sky,14.65,14.18,14.65,15.18,1028,77,1028,1009,10000,1.89,0,2026-09-30,03:35:41,2026-09-30 06:35:51,2026-09-30 18:23:37
Coffeyville,US,United States,37.0519,-95.618,Clouds,overcast clouds,25.05,25.31,24.19,25.05,1010,65,1010,982,10000,3.09,100,2026-09-29,20:35:44,2026-09-29 07:16:02,2026-09-29 19:09:23
Haputale,LK,Sri Lanka,6.8333,80.9853,Clouds,overcast clouds,20.1,20.05,20.1,20.1,1016,72,1016,904,10000,0.61,100,2026-09-30,07:05:46,2026-09-30 05:54:04,2026-09-30 17:58:11
Upper Alton,US,United States,38.9037,-90.152,Clouds,overcast clouds,21.53,21.31,19.97,24.48,1013,60,1013,994,10000,2.06,100,2026-09-29,20:35:48,2026-09-29 06:54:34,2026-09-29 18:47:08
Ensanche Bella Vista,DO,Dominican Republic,18.4539,-69.6064,Clouds,broken clouds,27.94,32.41,27.71,28.06,1014,83,1014,1013,10000,5.81,66,2026-09-29,21:35:50,2026-09-29 06:28:28,2026-09-29 18:28:55
Sangīn,AF,Afghanistan,32.0733,64.8339,Clear,clear sky,20.59,19.15,20.59,20.59,1013,17,1013,906,10000,1.56,0,2026-09-30,06:05:52,2026-09-30 06:03:33,2026-09-30 17:57:52
Montelíbano,CO,Colombia,8.05,-75.3356,Clouds,overcast clouds,27.78,31.84,27.78,27.78,1009,82,1009,1005,10000,3.04,98,2026-09-29,20:35:54,2026-09-29 05:49:38,2026-09-29 17:53:34
Handan,CN,China,36.6123,114.4907,Clouds,broken clouds,20.01,18.82,20.01,20.01,1021,29,1021,1012,10000,9.66,76,2026-09-30,09:26:22,2026-09-30 06:15:51,2026-09-30 18:08:25
Los Altos Hills,US,United States,37.3905,-122.1468,Clear,clear sky,23.61,23.44,20.77,26.77,1006,54,1006,994,10000,6.17,0,2026-09-29,18:35:57,2026-09-29 07:02:17,2026-09-29 18:55:19
Merik,ID,Indonesia,-6.9,112.05,Clouds,few clouds,31.21,33.83,31.21,31.21,1015,54,1015,1007,10000,4.86,15,2026-09-30,08:35:59,2026-09-30 05:17:16,2026-09-30 17:26:31
Hosūr,IN,India,12.72,77.82,Rain,light rain,22.38,22.95,20.77,22.48,1016,87,1016,917,10000,1.5,97,2026-09-30,07:06:01,2026-09-30 06:07:48,2026-09-30 18:09:46
Jilib,SO,Somalia,0.4942,42.7744,Clouds,scattered clouds,23.22,24.0,23.22,23.22,1014,92,1014,1012,10000,1.88,42,2026-09-30,04:36:03,2026-09-30 05:55:42,2026-09-30 18:02:10
Chetumal,MX,Mexico,18.4939,-88.2979,Clouds,broken clouds,26.41,26.41,26.41,26.41,1011,94,1011,1009,10000,0.82,53,2026-09-29,20:36:05,2026-09-29 06:43:14,2026-09-29 18:43:38
Matadepera,ES,Spain,41.6036,2.0244,Clouds,scattered clouds,18.53,18.76,16.96,20.42,1019,89,1019,969,10000,1.34,37,2026-09-30,03:36:07,2026-09-30 07:47:16,2026-09-30 19:36:31
Coyotepec,MX,Mexico,19.7834,-99.2306,Rain,light rain,20.38,20.28,20.38,20.38,1015,69,1015,773,10000,0.52,97,2026-09-29,19:36:09,2026-09-29 06:27:12,2026-09-29 18:27:07
Bodinayakkanur,IN,India,9.9921,77.3566,Clouds,scattered clouds,25.9,26.48,25.9,25.9,1015,74,1015,919,10000,2.3,36,2026-09-30,07:06:11,2026-09-30 06:09:09,2026-09-30 18:12:07
Amparihy,MG,Madagascar,-24.3667,47.1667,Rain,light rain,20.97,21.6,20.97,20.97,1022,95,1022,1020,8521,1.73,98,2026-09-30,04:36:13,2026-09-30 05:32:47,2026-09-30 17:49:56
Ōi,JP,Japan,35.8566,139.5492,Clouds,overcast clouds,20.19,20.56,18.91,20.8,1015,88,1015,1009,10000,2.82,98,2026-09-30,10:36:15,2026-09-30 05:35:23,2026-09-30 17:28:28
Monção,BR,Brazil,-3.4919,-45.2508,Clouds,few clouds,25.53,26.25,25.53,25.53,1011,81,1011,1010,10000,2.92,16,2026-09-29,22:36:17,2026-09-29 05:47:22,2026-09-29 17:55:13
Niquinohomo,NI,Nicaragua,11.9041,-86.0946,Rain,light rain,20.51,20.34,19.97,20.51,1012,66,1012,947,1263,2.89,100,2026-09-29,19:36:19,2026-09-29 05:33:19,2026-09-29 17:35:56
Machang,CN,China,33.0059,97.0101,Clear,clear sky,12.39,11.09,12.39,12.39,1012,54,1012,607,10000,0.22,4,2026-09-30,09:36:21,2026-09-30 07:25:00,2026-09-30 19:19:05
Le Portel,FR,France,50.7067,1.5733,Clouds,overcast clouds,20.88,21.03,18.82,21.31,1012,77,1012,1010,10000,3.13,88,2026-09-30,03:36:23,2026-09-30 07:51:58,2026-09-30 19:35:25
Ewo,CG,Congo (Brazzaville),-0.8742,14.8167,Rain,light rain,22.35,23.07,22.35,22.35,1013,93,1013,970,10000,1.51,100,2026-09-30,02:36:24,2026-09-30 05:47:14,2026-09-30 17:54:14
Olovyannaya,RU,Russia,50.9456,115.5783,Clouds,broken clouds,3.35,-0.91,3.35,3.35,1009,70,1009,928,10000,5.38,84,2026-09-30,10:36:26,2026-09-30 07:15:32,2026-09-30 19:00:02
Valeggio sul Mincio,IT,Italy,45.35,10.7333,Clouds,scattered clouds,13.88,13.46,13.88,14.58,1025,82,1025,1016,10000,2.06,45,2026-09-30,03:36:28,2026-09-30 07:13:30,2026-09-30 19:00:38
Palmeira das Missões,BR,Brazil,-27.8994,-53.3136,Clouds,overcast clouds,17.53,17.74,17.53,17.53,1012,92,1012,948,10000,3.55,92,2026-09-29,22:36:30,2026-09-29 06:14:37,2026-09-29 18:32:27
Chikodi,IN,India,16.42,74.58,Rain,light rain,22.19,22.71,22.19,22.19,1015,86,1015,945,10000,1.91,33,2026-09-30,07:06:32,2026-09-30 06:21:26,2026-09-30 18:22:02
Amsterdam-Zuidoost,NL,Netherlands,52.2719,4.9703,Clouds,scattered clouds,17.63,17.3,16.1,18.46,1015,71,1015,1016,10000,5.14,45,2026-09-30,03:36:34,2026-09-30 07:38:58,2026-09-30 19:21:16
Cangaliguia,PH,Philippines,12.3739,123.6247,Clouds,few clouds,30.69,35.69,30.69,30.69,1014,66,1014,1002,10000,2.24,13,2026-09-30,09:36:36,2026-09-30 05:34:31,2026-09-30 17:36:42
Tālīkota,IN,India,16.4575,76.5239,Clouds,scattered clouds,26.63,26.63,26.63,26.63,1014,62,1014,961,10000,1.82,39,2026-09-30,07:06:38,2026-09-30 06:13:40,2026-09-30 18:14:15
Bedelia,ZA,South Africa,-27.9831,26.7208,Clouds,overcast clouds,11.52,10.69,11.52,11.52,1026,75,1026,874,10000,5.89,100,2026-09-30,03:36:40,2026-09-30 05:53:32,2026-09-30 18:12:43
Lokossa-Tchikomé,BJ,Benin,6.6333,1.9,Clouds,overcast clouds,22.87,23.69,22.87,22.87,1014,95,1014,1003,10000,1.76,97,2026-09-30,02:36:42,2026-09-30 06:40:20,2026-09-30 18:44:27
Bansko,BG,Bulgaria,41.8385,23.4888,Clouds,broken clouds,10.17,9.33,10.17,10.17,1028,80,1028,885,10000,0.86,76,2026-09-30,04:36:44,2026-09-30 07:21:25,2026-09-30 19:10:42
Bansud,PH,Philippines,12.8594,121.4567,Clouds,scattered clouds,30.57,35.93,30.57,30.57,1014,68,1014,994,10000,1.9,50,2026-09-30,09:36:46,2026-09-30 05:43:16,2026-09-30 17:45:17
Belebey,RU,Russia,54.1,54.1333,Clear,clear sky,4.95,3.09,4.95,4.95,1029,67,1029,992,10000,2.22,0,2026-09-30,06:36:48,2026-09-30 07:22:48,2026-09-30 19:04:12
Titagarh,IN,India,22.74,88.37,Clouds,broken clouds,27.97,34.36,27.97,28.36,1010,94,1010,1010,10000,2.06,66,2026-09-30,07:06:50,2026-09-30 05:27:28,2026-09-30 17:25:43
Ramanayyapeta,IN,India,17.0036,82.2534,Clouds,overcast clouds,28.05,32.22,28.05,28.05,1012,80,1012,1011,10000,1.77,97,2026-09-30,07:06:52,2026-09-30 05:50:51,2026-09-30 17:51:15
Melbourne,AU,Australia,-37.814,144.9633,Clouds,overcast clouds,21.26,20.85,20.51,22.42,1018,54,1018,1014,10000,3.13,100,2026-09-30,11:33:27,2026-09-30 05:57:57,2026-09-30 18:22:35
Port Augusta,AU,Australia,-32.4925,137.7658,Clouds,overcast clouds,25.72,25.44,25.72,25.72,1018,42,1018,1010,10000,4.5,100,2026-09-30,11:06:55,2026-09-30 05:58:26,2026-09-30 18:19:40
Higashimurayama,JP,Japan,35.7546,139.4685,Clouds,overcast clouds,19.29,19.65,18.23,20.34,1015,91,1015,1006,10000,3.6,98,2026-09-30,10:36:57,2026-09-30 05:35:41,2026-09-30 17:28:48
Gobārdānga,IN,India,22.8491,88.9023,Clouds,overcast clouds,28.95,34.82,28.95,28.95,1011,81,1011,1010,10000,2.37,100,2026-09-30,07:06:59,2026-09-30 05:25:21,2026-09-30 17:23:34
Bhisho,ZA,South Africa,-32.8494,27.4381,Clouds,few clouds,10.74,10.17,10.74,10.74,1031,88,1031,966,10000,4.41,12,2026-09-30,03:37:01,2026-09-30 05:49:14,2026-09-30 18:11:18
Etāwa,IN,India,24.2058,78.3639,Clear,clear sky,23.62,24.02,23.62,23.62,1014,76,1014,965,10000,2.44,9,2026-09-30,07:07:03,2026-09-30 06:07:47,2026-09-30 18:05:26
Palm Coast,US,United States,29.5389,-81.2457,Clouds,overcast clouds,25.98,25.98,24.95,27.17,1016,81,1016,1014,10000,3.58,88,2026-09-29,21:37:05,2026-09-29 07:17:00,2026-09-29 19:13:28
Kaniv,UA,Ukraine,49.7447,31.4558,Clear,clear sky,8.58,7.17,8.58,8.58,1033,93,1033,1017,10000,2.46,0,2026-09-30,04:37:07,2026-09-30 06:51:58,2026-09-30 18:36:25
Dracut,US,United States,42.6832,-71.301,Clouds,overcast clouds,16.15,16.25,15.17,17.05,1016,93,1016,1008,10000,0.0,100,2026-09-29,21:37:09,2026-09-29 06:40:00,2026-09-29 18:30:56
Tamorot,MA,Morocco,35.1372,-4.7106,Clouds,scattered clouds,20.81,21.04,20.81,20.81,1018,80,1018,974,10000,0.41,31,2026-09-30,01:37:11,2026-09-30 06:12:34,2026-09-30 18:05:05
Old Mombasa,KE,Kenya,-4.05,39.6667,Rain,light rain,23.9,24.57,23.9,23.9,1016,85,1016,1014,10000,4.71,83,2026-09-30,04:37:13,2026-09-30 06:07:15,2026-09-30 18:15:28
Mostaganem,DZ,Algeria,35.9513,0.1307,Clear,clear sky,24.87,24.74,24.87,24.87,1017,51,1017,1013,10000,6.17,9,2026-09-30,02:37:15,2026-09-30 06:53:23,2026-09-30 18:45:33
Campillos,ES,Spain,37.0476,-4.8626,Clouds,scattered clouds,20.1,20.18,20.1,20.1,1018,77,1018,965,10000,1.78,49,2026-09-30,03:37:17,2026-09-30 08:13:38,2026-09-30 20:05:14
Ottappālam,IN,India,10.727,76.3954,Clouds,overcast clouds,26.47,26.47,26.47,26.47,1014,86,1014,1005,10000,0.78,97,2026-09-30,07:07:19,2026-09-30 06:13:08,2026-09-30 18:15:50
Capilla del Señor,AR,Argentina,-34.2872,-59.1018,Clear,clear sky,13.9,13.51,13.88,13.9,1014,83,1014,1012,10000,3.46,4,2026-09-29,22:37:21,2026-09-29 06:36:00,2026-09-29 18:57:22
Zanica,IT,Italy,45.6394,9.6842,Clouds,broken clouds,16.96,16.57,16.08,17.91,1025,71,1025,1001,2620,2.06,74,2026-09-30,03:37:23,2026-09-30 07:17:47,2026-09-30 19:04:44
Amla,IN,India,21.9248,78.1279,Clouds,few clouds,22.23,22.62,22.23,22.23,1015,81,1015,936,10000,1.18,12,2026-09-30,07:07:25,2026-09-30 06:08:17,2026-09-30 18:06:49
Caguas,PR,Puerto Rico,18.2319,-66.0388,Rain,light rain,26.36,26.36,25.43,28.96,1016,79,1016,983,10000,1.09,17,2026-09-29,21:37:26,2026-09-29 06:14:09,2026-09-29 18:14:42
Cliza,BO,Bolivia,-17.5919,-65.9342,Rain,light rain,13.62,12.79,13.62,13.62,1016,67,1016,708,10000,2.93,100,2026-09-29,21:37:28,2026-09-29 06:07:25,2026-09-29 18:20:36
Naugachhia,IN,India,25.5612,87.1685,Clear,clear sky,28.28,31.83,28.28,28.28,1010,74,1010,1006,10000,2.37,9,2026-09-30,07:07:30,2026-09-30 05:32:50,2026-09-30 17:29:58
Lleco,CL,Chile,-39.1782,-73.1639,Rain,light rain,10.24,9.49,10.24,10.24,1017,83,1017,1006,10000,2.77,100,2026-09-29,22:37:32,2026-09-29 07:30:37,2026-09-29 19:55:13
Wedel,DE,Germany,53.5833,9.7,Clouds,few clouds,14.27,13.79,13.95,15.59,1021,78,1021,1021,10000,3.09,23,2026-09-30,03:37:34,2026-09-30 07:20:33,2026-09-30 19:01:51
Los Muermos,CL,Chile,-41.4,-73.4833,Clouds,overcast clouds,6.93,6.93,6.93,6.93,1015,90,1015,995,10000,0.43,100,2026-09-29,22:37:36,2026-09-29 07:31:05,2026-09-29 19:57:18
Mława,PL,Poland,53.1167,20.3667,Clouds,overcast clouds,8.96,7.21,8.96,8.96,1032,90,1032,1015,10000,3.08,89,2026-09-30,03:37:38,2026-09-30 06:37:38,2026-09-30 18:19:26
Malbork,PL,Poland,54.0285,19.0444,Clouds,overcast clouds,11.19,10.66,11.19,11.19,1032,88,1032,1030,10000,2.45,100,2026-09-30,03:37:40,2026-09-30 06:43:19,2026-09-30 18:24:21
Minamirinkan,JP,Japan,35.4875,139.458,Rain,moderate rain,18.57,18.91,17.98,19.58,1015,93,1015,1003,10000,3.09,100,2026-09-30,10:37:42,2026-09-30 05:35:40,2026-09-30 17:28:54
Arāria,IN,India,26.183,87.3873,Clear,clear sky,28.46,32.92,28.46,28.46,1010,78,1010,1003,10000,1.78,6,2026-09-30,07:07:44,2026-09-30 05:32:04,2026-09-30 17:28:58
Dongcun,CN,China,38.28,111.6751,Clouds,overcast clouds,10.27,8.01,10.27,10.27,1025,25,1025,872,10000,5.11,100,2026-09-30,09:37:46,2026-09-30 06:27:31,2026-09-30 18:19:16
Cloppenburg,DE,Germany,52.8478,8.0439,Clouds,few clouds,17.71,17.36,15.91,17.71,1019,70,1019,1014,10000,3.65,13,2026-09-30,03:37:48,2026-09-30 07:26:53,2026-09-30 19:08:45
Radès,TN,Tunisia,36.7667,10.2833,Clear,clear sky,24.02,24.28,24.02,24.02,1021,69,1021,1018,10000,1.54,0,2026-09-30,02:37:50,2026-09-30 06:12:57,2026-09-30 18:04:46
Yaritagua,VE,Venezuela,10.0753,-69.1283,Clouds,few clouds,25.19,25.83,25.19,25.19,1012,79,1012,964,10000,0.81,18,2026-09-29,21:37:52,2026-09-29 06:25:09,2026-09-29 18:28:25
Melipeuco,CL,Chile,-38.9167,-72.0333,Clouds,overcast clouds,8.3,8.3,8.3,8.3,1018,84,1018,948,10000,0.93,100,2026-09-29,22:37:54,2026-09-29 07:26:11,2026-09-29 19:50:36
Juanacatlán,MX,Mexico,20.5061,-103.1717,Rain,moderate rain,19.05,19.47,19.05,19.05,1013,94,1013,848,3586,6.17,100,2026-09-29,19:37:55,2026-09-29 06:43:06,2026-09-29 18:42:45
Assaba,MR,Mauritania,16.8196,-11.8375,Clear,clear sky,28.94,27.82,28.94,28.94,1012,30,1012,983,10000,2.03,0,2026-09-30,01:37:57,2026-09-30 06:37:13,2026-09-30 18:37:26
Polohy,UA,Ukraine,47.4796,36.2611,Clear,clear sky,10.66,9.95,10.66,10.66,1026,83,1026,1009,10000,4.67,1,2026-09-30,04:37:59,2026-09-30 06:31:58,2026-09-30 18:18:00
Csongrád,HU,Hungary,46.7111,20.1403,Clear,clear sky,15.01,13.85,15.01,15.56,1028,49,1028,1019,10000,2.23,0,2026-09-30,03:38:01,2026-09-30 06:36:15,2026-09-30 18:22:38
Stanford,US,United States,37.4252,-122.1674,Clear,clear sky,23.23,23.1,20.87,25.73,1006,57,1006,998,10000,5.14,0,2026-09-29,18:38:03,2026-09-29 07:02:23,2026-09-29 18:55:23
Nādāpuram,IN,India,11.65,75.7361,Clouds,overcast clouds,26.01,26.01,26.01,26.01,1015,84,1015,988,10000,0.63,100,2026-09-30,07:08:05,2026-09-30 06:15:56,2026-09-30 18:18:18
Lambeth,GB,United Kingdom,51.49,-0.119,Clouds,overcast clouds,21.6,21.77,20.7,22.62,1009,75,1009,1006,10000,5.8,97,2026-09-30,02:38:07,2026-09-30 06:59:02,2026-09-30 18:41:53
San Pédro Jocopilas,GT,Guatemala,15.0953,-91.1508,Clouds,broken clouds,15.25,15.34,15.25,15.25,1016,96,1016,806,10000,0.88,70,2026-09-29,19:38:09,2026-09-29 05:54:05,2026-09-29 17:55:37
El Alia,TN,Tunisia,37.1667,10.0333,Clear,clear sky,23.57,24.05,23.57,23.57,1021,79,1021,1016,10000,3.43,1,2026-09-30,02:38:10,2026-09-30 06:14:03,2026-09-30 18:05:41
Round Lake Beach,US,United States,42.3791,-88.0811,Clouds,overcast clouds,18.51,18.45,17.24,19.63,1013,78,1013,984,10000,3.09,100,2026-09-29,20:38:12,2026-09-29 06:47:06,2026-09-29 18:38:02
Shiroishi,JP,Japan,38.0025,140.6199,Clear,clear sky,22.97,22.92,22.97,22.97,1015,61,1015,972,10000,2.01,0,2026-09-30,10:38:14,2026-09-30 05:31:36,2026-09-30 17:23:41
Cedro,BR,Brazil,-6.6069,-39.0619,Clouds,broken clouds,28.11,29.61,28.11,28.11,1014,60,1014,984,10000,2.8,67,2026-09-29,22:38:16,2026-09-29 05:22:04,2026-09-29 17:31:00
Thiruvidaimaruthur,IN,India,11.0154,79.4344,Clouds,few clouds,29.3,35.59,29.3,29.3,1012,80,1012,1010,10000,3.22,12,2026-09-30,07:08:18,2026-09-30 06:01:02,2026-09-30 18:03:37
Mwanza,MW,Malawi,-15.6094,34.5234,Rain,light rain,19.13,19.58,19.13,19.13,1020,95,1020,942,5334,3.17,100,2026-09-30,03:38:20,2026-09-30 05:25:25,2026-09-30 17:38:26
Sacapulas,GT,Guatemala,15.2892,-91.0892,Clouds,broken clouds,20.59,21.24,20.59,20.59,1016,97,1016,822,10000,0.31,65,2026-09-29,19:38:22,2026-09-29 05:53:52,2026-09-29 17:55:20
Setana,JP,Japan,42.4505,139.8537,Clear,clear sky,18.86,18.26,18.86,18.86,1015,56,1015,1000,10000,2.39,10,2026-09-30,10:38:24,2026-09-30 05:35:46,2026-09-30 17:25:38
Schübelbach,CH,Switzerland,47.1733,8.9264,Clouds,few clouds,15.89,15.57,15.5,17.2,1021,78,1021,935,10000,1.55,11,2026-09-30,03:38:26,2026-09-30 07:21:18,2026-09-30 19:07:17
Jogbani,IN,India,26.4024,87.2656,Clear,clear sky,28.18,32.55,28.18,28.18,1010,80,1010,1002,10000,1.34,6,2026-09-30,07:08:28,2026-09-30 05:32:36,2026-09-30 17:29:25
Narasannapeta,IN,India,18.4151,84.0447,Clouds,broken clouds,26.67,28.95,26.67,26.67,1012,79,1012,1009,10000,2.64,65,2026-09-30,07:08:30,2026-09-30 05:43:57,2026-09-30 17:43:50
Mosquera,CO,Colombia,4.7078,-74.2328,Rain,light rain,16.43,16.17,15.95,16.69,1016,78,1016,755,10000,1.34,93,2026-09-29,20:38:31,2026-09-29 05:44:40,2026-09-29 17:49:43
Pelham,US,United States,42.7335,-71.324,Clouds,overcast clouds,16.38,16.5,15.38,17.26,1016,93,1016,1008,10000,0.0,100,2026-09-29,21:38:33,2026-09-29 06:40:06,2026-09-29 18:31:01
Sidi Bousber,MA,Morocco,34.5667,-5.3667,Clouds,scattered clouds,21.37,21.68,21.37,21.37,1018,81,1018,995,10000,0.29,49,2026-09-30,01:38:35,2026-09-30 06:15:03,2026-09-30 18:07:51
Rancaerang,ID,Indonesia,-7.4231,106.719,Clouds,scattered clouds,30.84,37.84,30.84,30.84,1016,76,1016,1005,10000,6.0,30,2026-09-30,08:38:37,2026-09-30 05:38:29,2026-09-30 17:47:57
Mergen,CN,China,48.6433,126.1408,Clear,clear sky,9.22,6.89,9.22,9.22,1007,35,1007,970,10000,4.33,0,2026-09-30,09:38:39,2026-09-30 05:32:28,2026-09-30 17:18:37
Op den Bosch,NL,Netherlands,51.5992,6.0336,Clouds,overcast clouds,16.97,16.6,16.61,18.92,1016,72,1016,1015,10000,3.6,85,2026-09-30,03:38:41,2026-09-30 07:34:27,2026-09-30 19:17:16
Antofagasta,CL,Chile,-23.6464,-70.3981,Clouds,overcast clouds,18.66,18.7,18.66,18.66,1016,81,1016,981,10000,1.42,100,2026-09-29,22:38:43,2026-09-29 07:23:56,2026-09-29 19:39:47
Laranjeiras,BR,Brazil,-10.7278,-37.1869,Clouds,few clouds,25.14,26.06,25.14,25.14,1016,90,1016,1006,10000,1.99,14,2026-09-29,22:38:45,2026-09-29 05:13:50,2026-09-29 17:24:15
Deniliquin,AU,Australia,-35.5297,144.9569,Clouds,overcast clouds,27.89,26.93,27.89,27.89,1020,28,1020,1008,10000,7.37,100,2026-09-30,11:38:47,2026-09-30 05:58:45,2026-09-30 18:21:51
Bushehr,IR,Iran,28.9689,50.8367,Clouds,broken clouds,32.05,32.92,32.05,32.05,1008,43,1008,1011,10000,4.63,54,2026-09-30,05:08:49,2026-09-30 05:58:54,2026-09-30 17:54:29
Nāngloi Jāt,IN,India,28.6906,77.0778,Clear,clear sky,24.08,24.71,23.0,24.08,1012,83,1012,986,10000,3.09,0,2026-09-30,07:08:51,2026-09-30 06:13:50,2026-09-30 18:09:40
Rossoh',RU,Russia,50.1983,39.5672,Clouds,broken clouds,10.35,9.82,10.35,10.35,1028,91,1028,1014,10000,4.35,74,2026-09-30,04:38:52,2026-09-30 06:19:39,2026-09-30 18:03:52
Terlizzi,IT,Italy,41.1168,16.5809,Clear,clear sky,14.14,13.75,14.14,14.14,1024,82,1024,1017,10000,3.09,0,2026-09-30,03:38:54,2026-09-30 06:48:52,2026-09-30 18:38:29
Duncan,CA,Canada,48.7787,-123.7079,Clouds,scattered clouds,13.74,13.52,12.8,14.32,1013,90,1013,982,10000,0.26,41,2026-09-29,18:38:56,2026-09-29 07:11:28,2026-09-29 18:58:37
Torrão,BR,Brazil,-7.0908,-40.0269,Clouds,scattered clouds,26.28,26.28,26.28,26.28,1014,44,1014,945,10000,1.48,40,2026-09-29,22:38:58,2026-09-29 05:25:51,2026-09-29 17:34:57
Xam Nua,LA,Laos,20.4133,104.048,Clouds,overcast clouds,26.51,26.51,26.51,26.51,1015,57,1015,884,10000,1.04,98,2026-09-30,08:39:00,2026-09-30 05:54:18,2026-09-30 17:53:29
Kaikalūr,IN,India,16.5014,81.2908,Clouds,few clouds,27.79,32.46,27.79,27.79,1012,86,1012,1012,10000,0.89,20,2026-09-30,07:09:02,2026-09-30 05:54:37,2026-09-30 17:55:12
El Gourarir Zaouiet,DZ,Algeria,33.4043,6.8263,Clouds,scattered clouds,23.93,23.76,23.93,23.93,1020,53,1020,1012,10000,3.6,36,2026-09-30,02:39:04,2026-09-30 06:25:59,2026-09-30 18:19:23
Trëkhgornyy,RU,Russia,54.8,58.45,Clear,clear sky,1.76,0.41,1.76,1.76,1031,94,1031,973,10000,1.4,0,2026-09-30,06:39:06,2026-09-30 07:05:49,2026-09-30 18:46:40
Königslutter am Elm,DE,Germany,52.25,10.8167,Clouds,broken clouds,14.37,13.64,13.63,15.8,1021,68,1021,1005,10000,13.2,56,2026-09-30,03:39:08,2026-09-30 07:15:32,2026-09-30 18:57:55
Safranbolu,TR,Turkey,41.2494,32.6832,Clouds,overcast clouds,13.6,13.6,13.6,13.6,1021,99,1021,898,0,1.09,100,2026-09-30,04:39:09,2026-09-30 06:44:27,2026-09-30 18:34:07
Śródmieście,PL,Poland,50.0614,19.9372,Clear,clear sky,8.1,6.93,7.43,8.1,1030,93,1030,1004,10000,2.06,0,2026-09-30,03:39:11,2026-09-30 06:38:12,2026-09-30 18:22:19
Saint-Cloud,FR,France,48.8464,2.2153,Clouds,overcast clouds,21.41,21.3,19.16,22.4,1014,65,1014,1003,10000,4.12,99,2026-09-30,03:39:13,2026-09-30 07:48:44,2026-09-30 19:33:31
Carhué,AR,Argentina,-37.1667,-62.7333,Clouds,overcast clouds,10.86,9.83,10.86,10.86,1016,70,1016,1000,10000,3.9,100,2026-09-29,22:39:15,2026-09-29 06:49:37,2026-09-29 19:12:48
Carlentini,IT,Italy,37.2758,15.0145,Clear,clear sky,20.25,20.37,20.22,21.28,1023,78,1023,1019,10000,1.44,7,2026-09-30,03:39:17,2026-09-30 06:54:09,2026-09-30 18:45:45
Al Qudayḩ,SA,Saudi Arabia,26.5685,50.0089,Clear,clear sky,25.12,25.41,25.12,25.12,1009,66,1009,1009,10000,2.74,7,2026-09-30,04:39:19,2026-09-30 05:31:43,2026-09-30 17:28:17
Alba,IT,Italy,44.6915,8.0256,Clouds,broken clouds,17.21,16.66,16.84,17.23,1026,64,1026,986,10000,1.56,80,2026-09-30,03:39:21,2026-09-30 07:24:08,2026-09-30 19:11:39
Makati City,PH,Philippines,14.562,121.0448,Clouds,broken clouds,31.87,38.87,30.54,32.19,1013,67,1013,1013,10000,1.79,51,2026-09-30,09:39:23,2026-09-30 05:45:14,2026-09-30 17:46:37
Tongchuan,CN,China,34.9057,108.9422,Clouds,overcast clouds,15.87,14.58,15.87,15.87,1020,41,1020,931,10000,5.55,100,2026-09-30,09:39:24,2026-09-30 06:37:40,2026-09-30 18:30:59
Jagna,PH,Philippines,9.65,124.3667,Clouds,broken clouds,28.04,30.74,28.04,28.04,1014,70,1014,993,10000,1.09,66,2026-09-30,09:39:26,2026-09-30 05:31:03,2026-09-30 17:34:13
Mineiros do Tietê,BR,Brazil,-22.4089,-48.4508,Clouds,few clouds,24.97,25.4,24.97,24.97,1011,72,1011,945,10000,0.89,23,2026-09-29,22:39:28,2026-09-29 05:56:29,2026-09-29 18:11:42
Portarlington,IE,Ireland,53.1611,-7.1903,Clouds,few clouds,13.91,13.73,13.49,13.92,997,91,997,988,10000,4.47,20,2026-09-30,02:39:30,2026-09-30 07:28:01,2026-09-30 19:09:28
Obo,CF,Central African Republic,5.3967,26.4925,Rain,moderate rain,19.04,19.58,19.04,19.04,1013,99,1013,941,7008,1.06,100,2026-09-30,02:39:32,2026-09-30 05:01:44,2026-09-30 17:06:21
Municipality of Arta,GR,Greece,39.165,20.9875,Clouds,broken clouds,17.47,16.97,17.47,17.47,1023,65,1023,994,10000,1.47,83,2026-09-30,04:39:34,2026-09-30 07:30:43,2026-09-30 19:21:24
Namangan,UZ,Uzbekistan,40.9,71.8472,Clouds,scattered clouds,17.64,16.53,17.64,17.64,1016,41,1016,967,10000,2.56,49,2026-09-30,06:39:36,2026-09-30 06:07:35,2026-09-30 17:57:45
Preiļi,LV,Latvia,56.2942,26.7247,Clouds,overcast clouds,9.89,9.33,9.89,9.89,1034,96,1034,1019,10000,1.7,93,2026-09-30,04:39:37,2026-09-30 07:13:33,2026-09-30 18:52:41
Karera,IN,India,25.4613,78.3205,Clear,clear sky,24.65,25.05,24.65,24.65,1013,72,1013,980,10000,3.15,5,2026-09-30,07:09:39,2026-09-30 06:08:12,2026-09-30 18:05:21
Swarthmore,US,United States,39.8971,-75.3697,Clouds,overcast clouds,18.03,18.21,16.69,19.77,1018,89,1018,1005,10000,1.27,100,2026-09-29,21:39:41,2026-09-29 06:55:38,2026-09-29 18:47:51
Třinec,CZ,Czechia,49.6667,18.6806,Clear,clear sky,12.08,11.48,12.08,13.98,1029,82,1029,973,10000,3.0,0,2026-09-30,03:39:43,2026-09-30 06:43:05,2026-09-30 18:27:28
Tábor,CZ,Czechia,49.41,14.66,Clear,clear sky,10.73,9.58,10.73,10.73,1025,66,1025,970,10000,4.54,0,2026-09-30,03:35:54,2026-09-30 06:59:06,2026-09-30 18:43:37
Iwo,NG,Nigeria,7.6756,4.1414,Clouds,overcast clouds,21.52,22.31,21.52,21.52,1014,99,1014,986,513,1.29,96,2026-09-30,02:39:47,2026-09-30 06:31:34,2026-09-30 18:35:17
Kafr Qāsim,IL,Israel,32.1142,34.9772,Clouds,scattered clouds,21.79,21.96,21.53,22.35,1015,74,1015,1006,10000,3.09,47,2026-09-30,04:39:49,2026-09-30 06:33:02,2026-09-30 18:27:11
Kaliro,UG,Uganda,0.895,33.505,Clouds,overcast clouds,18.59,18.75,18.59,18.59,1013,86,1013,893,10000,0.78,100,2026-09-30,04:39:51,2026-09-30 06:32:51,2026-09-30 18:39:09
Ingrāj Bāzār,IN,India,24.8566,88.1248,Clouds,broken clouds,28.17,31.29,28.17,28.17,1011,72,1011,1008,10000,2.07,63,2026-09-30,07:09:53,2026-09-30 05:28:52,2026-09-30 17:26:17
Pithorāgarh,IN,India,29.7,80.2167,Clear,clear sky,15.35,14.93,15.35,15.35,1015,76,1015,864,10000,0.48,7,2026-09-30,07:09:55,2026-09-30 06:01:29,2026-09-30 17:56:54
Springs,US,United States,41.0212,-72.1584,Clouds,overcast clouds,17.58,17.64,17.33,18.92,1017,86,1017,1016,10000,4.02,98,2026-09-29,21:39:57,2026-09-29 06:43:02,2026-09-29 18:34:45
Goražde,BA,Bosnia and Herzegovina,43.6667,18.9778,Clear,clear sky,10.2,9.55,10.2,10.2,1028,87,1028,937,10000,0.09,0,2026-09-30,03:40:00,2026-09-30 06:39:59,2026-09-30 18:28:12
Zamānia,IN,India,25.4319,83.6662,Clear,clear sky,25.56,26.34,25.56,25.56,1012,83,1012,1004,10000,3.16,2,2026-09-30,07:10:02,2026-09-30 05:46:49,2026-09-30 17:43:59
Yaransk,RU,Russia,57.3033,47.8688,Clouds,overcast clouds,8.81,7.7,8.81,8.81,1028,98,1028,1013,10000,2.13,99,2026-09-30,04:40:04,2026-09-30 05:49:20,2026-09-30 17:27:47
La Libertad,SV,El Salvador,13.4888,-89.3191,Clouds,overcast clouds,27.87,32.85,27.06,27.87,1011,87,1011,989,10000,1.09,93,2026-09-29,19:40:06,2026-09-29 05:46:29,2026-09-29 17:48:34
São Mateus do Sul,BR,Brazil,-25.8739,-50.3828,Clouds,overcast clouds,18.43,18.65,18.43,18.43,1012,89,1012,920,10000,2.27,100,2026-09-29,22:40:08,2026-09-29 06:03:24,2026-09-29 18:20:14
Algorta,ES,Spain,43.3528,-3.0117,Rain,heavy intensity rain,23.56,23.83,23.56,26.88,1012,71,1012,1010,5372,4.12,98,2026-09-30,03:40:10,2026-09-30 08:07:55,2026-09-30 19:56:08
Hilzingen,DE,Germany,47.7653,8.7844,Clouds,few clouds,13.68,13.22,12.84,13.98,1021,81,1021,959,10000,0.65,16,2026-09-30,03:40:12,2026-09-30 07:22:04,2026-09-30 19:07:39
Amelia,IT,Italy,42.5589,12.412,Clouds,few clouds,14.15,13.87,13.44,15.52,1024,86,1024,986,10000,0.41,19,2026-09-30,03:40:14,2026-09-30 07:05:57,2026-09-30 18:54:45
Rajapalaiyam,IN,India,9.4052,77.5408,Clouds,scattered clouds,28.08,30.04,28.08,28.08,1013,64,1013,985,10000,1.79,35,2026-09-30,07:10:16,2026-09-30 06:08:18,2026-09-30 18:11:29
Binissalem,ES,Spain,39.6831,2.8333,Clear,clear sky,22.55,23.18,21.62,22.71,1019,89,1019,981,10000,1.54,8,2026-09-30,03:40:18,2026-09-30 07:43:31,2026-09-30 19:33:48
Tinglayan,PH,Philippines,17.265,121.1489,Rain,light rain,25.61,26.03,25.61,25.61,1016,69,1016,877,10000,1.49,97,2026-09-30,09:40:20,2026-09-30 05:45:18,2026-09-30 17:45:43
Porto-Novo,BJ,Benin,6.5333,2.6667,Clouds,broken clouds,23.55,24.36,23.55,23.55,1014,92,1014,1011,10000,2.17,54,2026-09-30,02:40:22,2026-09-30 06:37:15,2026-09-30 18:41:24
Eloida,CA,Canada,44.7,-75.8833,Clear,clear sky,13.06,12.82,12.57,13.06,1018,92,1018,1004,10000,1.97,10,2026-09-29,21:40:24,2026-09-29 06:58:51,2026-09-29 18:48:44
Sangli,IN,India,16.8667,74.5667,Rain,light rain,22.5,23.05,22.5,22.5,1015,86,1015,950,10000,2.08,19,2026-09-30,07:10:26,2026-09-30 06:21:35,2026-09-30 18:22:00
Bainbridge Island,US,United States,47.6439,-122.5434,Clouds,overcast clouds,12.38,12.05,11.49,13.67,1014,91,1014,1009,4573,0.89,100,2026-09-29,18:40:28,2026-09-29 07:06:28,2026-09-29 18:54:18
Arrondissement of Ghent,BE,Belgium,51.0717,3.6733,Clouds,overcast clouds,18.9,18.67,17.85,19.49,1014,70,1014,1014,10000,3.66,86,2026-09-30,03:40:30,2026-09-30 07:43:42,2026-09-30 19:26:54
Águia,BR,Brazil,-6.425,-68.2528,Rain,light rain,23.44,24.32,23.44,23.44,1009,95,1009,995,10000,1.21,98,2026-09-29,21:40:31,2026-09-29 06:18:50,2026-09-29 18:27:44
Mahkawshan,MM,Burma,27.3526,97.4004,Clouds,overcast clouds,23.42,24.27,23.42,23.42,1014,94,1014,943,10000,0.38,100,2026-09-30,08:10:33,2026-09-30 05:52:15,2026-09-30 17:48:43
Limbang,MY,Malaysia,4.7592,115.0067,Clouds,few clouds,31.05,38.04,31.05,31.05,1013,71,1013,1010,10000,0.98,14,2026-09-30,09:40:35,2026-09-30 06:07:37,2026-09-30 18:12:31
Raxaul,IN,India,26.8975,84.8182,Clear,clear sky,26.84,29.74,26.84,26.84,1011,84,1011,1002,10000,2.83,3,2026-09-30,07:10:37,2026-09-30 05:42:30,2026-09-30 17:39:06
Bāruni,IN,India,25.4069,86.0234,Clouds,broken clouds,26.82,29.35,26.82,26.82,1011,80,1011,1006,10000,3.45,80,2026-09-30,07:10:39,2026-09-30 05:37:23,2026-09-30 17:34:34
Fishers,US,United States,39.9588,-85.9659,Clouds,overcast clouds,16.25,15.91,15.05,17.34,1015,76,1015,986,10000,2.06,87,2026-09-29,21:40:41,2026-09-29 07:38:03,2026-09-29 19:30:10
Slavgorod,RU,Russia,53.0,78.65,Clear,clear sky,10.95,10.4,10.95,10.95,1028,88,1028,1014,10000,3.32,0,2026-09-30,08:40:43,2026-09-30 07:44:11,2026-09-30 19:26:45
Gastonia,US,United States,35.2494,-81.1854,Clear,clear sky,18.04,18.15,16.55,19.45,1018,86,1018,987,10000,0.0,0,2026-09-29,21:40:45,2026-09-29 07:17:54,2026-09-29 19:12:06
Mbandaka,CD,Congo (Kinshasa),0.0486,18.2603,Rain,light rain,21.54,22.33,21.54,21.54,1013,99,1013,977,10000,1.11,100,2026-09-30,02:40:47,2026-09-30 05:33:39,2026-09-30 17:40:17
Yarim,YE,Yemen,14.2978,44.3778,Clear,clear sky,13.5,12.81,13.5,13.5,1021,73,1021,757,10000,0.37,0,2026-09-30,04:40:48,2026-09-30 05:51:52,2026-09-30 17:53:11
Buenavista,PH,Philippines,13.25,121.95,Rain,light rain,30.42,36.9,30.42,30.42,1014,73,1014,995,10000,1.87,54,2026-09-30,09:40:50,2026-09-30 05:41:22,2026-09-30 17:43:14
Westville,US,United States,40.8488,-74.2971,Clouds,broken clouds,17.48,17.29,16.45,18.61,1018,77,1018,1000,10000,3.6,62,2026-09-29,21:40:53,2026-09-29 06:51:33,2026-09-29 18:43:20
Okigwe,NG,Nigeria,5.6703,7.2825,Clouds,overcast clouds,22.82,23.69,22.82,22.82,1014,97,1014,1000,10000,1.25,100,2026-09-30,02:40:54,2026-09-30 06:18:37,2026-09-30 18:23:07
Munger,IN,India,25.381,86.465,Clouds,few clouds,28.28,31.67,28.28,28.28,1011,73,1011,1004,10000,2.07,17,2026-09-30,07:10:56,2026-09-30 05:35:36,2026-09-30 17:32:49
Paliā Kalān,IN,India,28.45,80.5833,Clear,clear sky,24.14,24.86,24.14,24.14,1011,86,1011,991,10000,1.08,0,2026-09-30,07:10:58,2026-09-30 05:59:46,2026-09-30 17:55:42
Itamogi,BR,Brazil,-21.0778,-47.0478,Clouds,scattered clouds,25.14,25.15,25.14,25.14,1013,55,1013,907,10000,1.32,41,2026-09-29,22:41:00,2026-09-29 05:51:10,2026-09-29 18:05:47
Ayotzintepec,MX,Mexico,17.6333,-95.9833,Clouds,overcast clouds,28.33,34.42,28.33,28.33,1009,88,1009,979,10000,1.9,96,2026-09-29,19:41:02,2026-09-29 06:13:50,2026-09-29 18:14:30
Chumbicha,AR,Argentina,-28.8667,-66.2333,Clouds,overcast clouds,20.01,19.74,20.01,20.01,1014,64,1014,938,10000,1.97,100,2026-09-29,22:41:04,2026-09-29 07:06:00,2026-09-29 19:24:24
Nioro Rufis,ML,Mali,15.1833,-9.55,Clouds,few clouds,26.24,26.24,26.24,26.24,1012,76,1012,983,10000,2.41,22,2026-09-30,01:41:06,2026-09-30 06:27:45,2026-09-30 18:28:36
Nowshahr,IR,Iran,36.6486,51.4961,Rain,heavy intensity rain,21.97,22.68,21.97,21.97,1014,94,1014,1024,1746,1.03,100,2026-09-30,05:11:08,2026-09-30 05:57:59,2026-09-30 17:50:07
Mao,TD,Chad,14.1194,15.3133,Clouds,overcast clouds,23.93,24.34,23.93,23.93,1013,75,1013,974,10000,4.45,95,2026-09-30,02:41:10,2026-09-30 05:48:05,2026-09-30 17:49:25
Accrington,GB,United Kingdom,53.7534,-2.3638,Rain,light rain,19.73,20.37,19.73,19.73,1005,100,1005,984,10000,6.86,100,2026-09-30,02:41:12,2026-09-30 07:08:56,2026-09-30 18:49:57
Jandiāla Gurū,IN,India,31.5333,74.9833,Clear,clear sky,20.97,21.03,20.97,20.97,1011,73,1011,985,10000,1.21,0,2026-09-30,07:11:14,2026-09-30 06:22:49,2026-09-30 18:17:26
Çorovodë,AL,Albania,40.5042,20.2272,Clouds,few clouds,12.9,12.15,12.9,12.9,1025,73,1025,930,10000,1.09,23,2026-09-30,03:41:16,2026-09-30 06:34:06,2026-09-30 18:24:05
Chihuahua City,MX,Mexico,28.6369,-106.0769,Clouds,overcast clouds,27.49,27.36,27.49,27.49,1005,42,1005,849,10000,6.17,88,2026-09-29,19:41:18,2026-09-29 06:56:12,2026-09-29 18:52:53
Ar Rass,SA,Saudi Arabia,25.8667,43.5,Clear,clear sky,27.26,26.37,27.26,27.26,1012,24,1012,938,10000,4.34,0,2026-09-30,04:41:20,2026-09-30 05:57:37,2026-09-30 17:54:27
Malnate,IT,Italy,45.8,8.8833,Clouds,scattered clouds,15.02,14.77,13.36,16.94,1026,84,1026,978,10000,1.37,43,2026-09-30,03:41:21,2026-09-30 07:21:02,2026-09-30 19:07:53
Bealanana,MG,Madagascar,-15.0167,48.6333,Clouds,scattered clouds,13.33,13.02,13.33,13.33,1020,88,1020,884,10000,2.0,35,2026-09-30,04:41:24,2026-09-30 05:29:09,2026-09-30 17:41:51
Baoding,CN,China,38.8671,115.4845,Clouds,overcast clouds,19.24,17.72,19.24,19.24,1022,19,1022,1018,10000,7.06,99,2026-09-30,09:41:25,2026-09-30 06:12:25,2026-09-30 18:03:54
Welwyn,GB,United Kingdom,51.831,-0.215,Clouds,overcast clouds,19.76,19.93,19.45,21.87,1009,82,1009,995,10000,3.6,95,2026-09-30,02:41:27,2026-09-30 06:59:33,2026-09-30 18:42:08
Clayton,US,United States,35.659,-78.4498,Clouds,few clouds,20.98,21.27,19.63,21.84,1018,82,1018,1008,10000,0.45,16,2026-09-29,21:41:29,2026-09-29 07:07:02,2026-09-29 19:01:05
Rowlett,US,United States,32.9155,-96.5489,Clouds,overcast clouds,30.59,32.32,29.53,31.56,1009,52,1009,990,10000,5.14,98,2026-09-29,20:41:31,2026-09-29 07:18:54,2026-09-29 19:13:58
Riverside,US,United States,39.2004,-76.859,Clear,clear sky,18.65,18.92,17.67,19.74,1018,90,1018,1002,10000,0.0,2,2026-09-29,21:41:33,2026-09-29 07:01:26,2026-09-29 18:53:57
Chongshan,CN,China,18.7787,109.5117,Clouds,few clouds,30.36,33.75,30.36,30.36,1014,61,1014,950,10000,1.02,14,2026-09-30,09:41:36,2026-09-30 06:32:08,2026-09-30 18:31:57
Washington,US,United States,37.1303,-113.4878,Clouds,overcast clouds,20.75,20.63,20.4,22.18,1006,67,1006,879,10000,2.06,97,2026-09-29,19:41:38,2026-09-29 07:27:35,2026-09-29 19:20:46
Nakaseke,UG,Uganda,0.73,32.415,Clouds,overcast clouds,18.54,18.72,18.54,18.54,1013,87,1013,890,10000,0.29,100,2026-09-30,04:41:40,2026-09-30 06:37:10,2026-09-30 18:43:33
Demnate,MA,Morocco,31.6667,-7.0667,Clear,clear sky,19.05,18.47,19.05,19.05,1019,56,1019,916,10000,0.98,0,2026-09-30,01:41:42,2026-09-30 06:21:11,2026-09-30 18:15:18
Lakeland,US,United States,35.2585,-89.7308,Clouds,overcast clouds,21.94,21.81,20.68,23.4,1014,62,1014,1003,10000,0.0,90,2026-09-29,20:41:44,2026-09-29 06:52:06,2026-09-29 18:46:14
Watertown,US,United States,43.1893,-88.7285,Rain,light rain,19.52,19.2,18.23,20.68,1012,64,1012,982,10000,1.79,100,2026-09-29,20:41:45,2026-09-29 06:49:53,2026-09-29 18:40:26
Can Tho,VN,Vietnam,9.9167,105.8,Clouds,few clouds,27.99,31.92,27.99,27.99,1014,79,1014,1014,10000,1.54,11,2026-09-30,08:41:47,2026-09-30 05:45:22,2026-09-30 17:48:24
Dimbokro,CI,Côte d’Ivoire,6.6467,-4.705,Clouds,overcast clouds,21.28,22.05,21.28,21.28,1014,99,1014,1004,10000,1.79,100,2026-09-30,01:41:50,2026-09-30 06:06:45,2026-09-30 18:10:51
Şimian,RO,Romania,44.6323,22.7515,Clouds,overcast clouds,14.13,13.4,14.13,14.13,1030,69,1030,1008,10000,1.32,93,2026-09-30,04:41:52,2026-09-30 07:25:10,2026-09-30 19:12:50
Siasi,PH,Philippines,5.5423,120.8013,Clouds,few clouds,27.67,30.04,27.67,27.67,1014,70,1014,1014,10000,3.53,22,2026-09-30,09:41:54,2026-09-30 05:44:35,2026-09-30 17:49:13
Figeac,FR,France,44.6086,2.0317,Clouds,scattered clouds,22.18,22.54,22.18,22.18,1017,80,1017,983,10000,2.91,42,2026-09-30,03:41:55,2026-09-30 07:48:06,2026-09-30 19:35:37
Falconer,US,United States,42.133,-79.236,Clouds,few clouds,16.23,16.44,15.8,16.25,1018,97,1018,963,10000,1.54,13,2026-09-29,21:41:57,2026-09-29 07:11:38,2026-09-29 19:02:46
Cabatuan,PH,Philippines,16.9589,121.6692,Clouds,overcast clouds,29.59,35.93,29.59,29.59,1014,78,1014,1007,10000,0.39,94,2026-09-30,09:41:59,2026-09-30 05:43:10,2026-09-30 17:43:41
Orchards,US,United States,45.689,-122.5306,Clouds,overcast clouds,18.02,17.86,16.29,20.03,1015,76,1015,1005,10000,1.79,100,2026-09-29,18:42:01,2026-09-29 07:05:52,2026-09-29 18:54:48
Liancheng,CN,China,24.2634,105.0809,Clouds,scattered clouds,26.58,26.58,26.58,26.58,1013,67,1013,890,10000,0.58,47,2026-09-30,09:42:03,2026-09-30 06:50:54,2026-09-30 18:48:37
Kamwenge,UG,Uganda,0.0047,30.3661,Clouds,overcast clouds,18.6,18.47,18.6,18.6,1014,75,1014,870,10000,0.22,100,2026-09-30,04:42:05,2026-09-30 06:45:14,2026-09-30 18:51:53
Hadamar,DE,Germany,50.45,8.05,Clouds,overcast clouds,15.78,15.11,15.78,18.82,1020,65,1020,990,10000,1.91,86,2026-09-30,03:42:07,2026-09-30 07:25:56,2026-09-30 19:09:39
Betanzos,BO,Bolivia,-19.5531,-65.4539,Clouds,overcast clouds,9.09,7.99,9.09,9.09,1015,92,1015,669,2047,2.17,100,2026-09-29,21:42:09,2026-09-29 06:05:04,2026-09-29 18:19:05
Garoua,CM,Cameroon,9.3,13.4,Clouds,overcast clouds,21.41,22.17,21.41,21.41,1013,98,1013,991,10000,1.89,92,2026-09-30,02:42:11,2026-09-30 05:54:50,2026-09-30 17:57:58
Lerik,AZ,Azerbaijan,38.7753,48.4153,Clouds,scattered clouds,11.87,11.67,11.87,11.87,1017,98,1017,917,0,0.56,27,2026-09-30,05:42:13,2026-09-30 06:40:50,2026-09-30 18:31:55
Székesfehérvár,HU,Hungary,47.191,18.4108,Clear,clear sky,12.04,11.21,12.04,12.04,1028,73,1028,1013,10000,1.65,0,2026-09-30,03:42:14,2026-09-30 06:43:20,2026-09-30 18:29:23
São Francisco,BR,Brazil,-15.9489,-44.8639,Clear,clear sky,27.0,26.46,27.0,27.0,1012,31,1012,953,10000,1.79,0,2026-09-29,22:42:16,2026-09-29 05:43:31,2026-09-29 17:55:58
Ubay,PH,Philippines,10.056,124.4729,Clouds,few clouds,30.19,35.25,30.19,30.19,1013,69,1013,1010,10000,0.52,19,2026-09-30,09:42:18,2026-09-30 05:30:42,2026-09-30 17:33:43
Narasaraopet,IN,India,16.43,79.834,Clouds,overcast clouds,26.52,26.52,26.52,26.52,1013,75,1013,996,10000,1.39,89,2026-09-30,07:12:20,2026-09-30 06:00:25,2026-09-30 18:01:02
Mazabuka,ZM,Zambia,-15.8667,27.7667,Clouds,overcast clouds,19.67,19.68,19.67,19.67,1018,76,1018,898,10000,4.35,85,2026-09-30,03:42:22,2026-09-30 05:52:23,2026-09-30 18:05:31
Quthbullapur,IN,India,17.6297,78.4814,Clear,clear sky,26.12,26.12,26.12,26.12,1015,76,1015,949,10000,1.99,10,2026-09-30,07:12:24,2026-09-30 06:06:03,2026-09-30 18:06:13
Alto Río Senguer,AR,Argentina,-45.0419,-70.8234,Clouds,overcast clouds,4.32,2.45,4.32,4.32,1017,78,1017,934,10000,2.12,100,2026-09-29,22:42:26,2026-09-29 07:19:00,2026-09-29 19:48:06
Chhaprauli,IN,India,29.1667,77.2167,Clear,clear sky,24.79,25.31,24.79,24.79,1011,76,1011,985,10000,2.09,0,2026-09-30,07:12:28,2026-09-30 06:13:23,2026-09-30 18:09:00
South Miami,US,United States,25.7079,-80.2952,Rain,light rain,24.18,24.74,23.88,25.55,1016,80,1016,1015,10000,3.58,94,2026-09-29,21:42:30,2026-09-29 07:12:30,2026-09-29 19:10:23
Middlesbrough,GB,United Kingdom,54.5372,-1.2047,Clouds,overcast clouds,19.23,19.48,18.1,19.46,1007,87,1007,1003,10000,4.92,98,2026-09-30,02:42:32,2026-09-30 07:04:38,2026-09-30 18:44:59
Yelahanka,IN,India,13.0846,77.5014,Rain,light rain,21.78,22.18,20.96,22.14,1016,83,1016,916,10000,1.14,52,2026-09-30,07:12:34,2026-09-30 06:09:08,2026-09-30 18:10:58
Yangambi,CD,Congo (Kinshasa),0.7675,24.4414,Rain,light rain,21.55,22.35,21.55,21.55,1013,99,1013,963,10000,0.85,100,2026-09-30,03:42:36,2026-09-30 06:09:04,2026-09-30 18:15:25
Charqueada,BR,Brazil,-22.5097,-47.7781,Clouds,broken clouds,26.77,27.8,26.77,26.77,1011,60,1011,941,10000,0.72,60,2026-09-29,22:42:38,2026-09-29 05:53:46,2026-09-29 18:09:01
Qinhuangdao,CN,China,39.9686,119.5515,Clouds,broken clouds,16.6,14.84,16.6,16.6,1019,20,1019,1009,10000,5.98,58,2026-09-30,09:42:40,2026-09-30 05:56:24,2026-09-30 17:47:23
Dimitrovgrad,RS,Serbia,43.0167,22.7833,Clouds,broken clouds,11.37,10.7,11.37,11.37,1029,82,1029,950,10000,0.48,67,2026-09-30,03:42:42,2026-09-30 06:24:34,2026-09-30 18:13:11
Samāstipur,IN,India,25.9456,85.9759,Clouds,overcast clouds,27.02,29.88,27.02,27.02,1011,81,1011,1005,10000,3.49,100,2026-09-30,07:12:44,2026-09-30 05:37:40,2026-09-30 17:34:39
Milan,IT,Italy,45.4669,9.19,Clouds,scattered clouds,16.91,16.8,15.79,18.4,1025,82,1025,1010,10000,1.03,42,2026-09-30,03:42:46,2026-09-30 07:19:42,2026-09-30 19:06:46
Oromiya,ET,Ethiopia,7.75,39.15,Clouds,broken clouds,11.42,10.76,11.42,11.42,1020,82,1020,761,10000,2.34,81,2026-09-30,04:42:48,2026-09-30 06:11:33,2026-09-30 18:15:18
Colleferro,IT,Italy,41.7287,13.0031,Clear,clear sky,18.84,19.03,17.96,19.14,1024,86,1024,987,10000,0.61,0,2026-09-30,03:42:50,2026-09-30 07:03:21,2026-09-30 18:52:37
Kāzerūn,IR,Iran,29.6167,51.65,Clouds,scattered clouds,22.81,22.03,22.81,22.81,1013,34,1013,902,10000,0.41,25,2026-09-30,05:12:52,2026-09-30 05:55:47,2026-09-30 17:51:06
Rossington,GB,United Kingdom,53.4759,-1.0613,Clouds,overcast clouds,17.45,17.6,17.45,18.76,1007,90,1007,1003,10000,4.71,95,2026-09-30,02:42:54,2026-09-30 07:03:36,2026-09-30 18:44:52
Jiangmen,CN,China,22.5833,113.0833,Clear,clear sky,30.64,35.57,30.64,30.64,1013,66,1013,1012,10000,2.63,8,2026-09-30,09:42:02,2026-09-30 06:18:34,2026-09-30 18:16:58
Bom Jesus dos Perdões,BR,Brazil,-23.135,-46.4653,Clouds,broken clouds,23.76,24.28,23.76,23.76,1013,80,1013,914,10000,1.31,66,2026-09-29,22:42:58,2026-09-29 05:48:23,2026-09-29 18:03:55
Paianía,GR,Greece,37.9532,23.8523,Clouds,scattered clouds,17.0,16.56,15.67,18.12,1022,69,1022,985,10000,5.66,31,2026-09-30,04:43:00,2026-09-30 07:18:56,2026-09-30 19:10:16
Mākū,IR,Iran,39.2192,44.77,Clouds,few clouds,12.74,12.13,12.74,12.74,1016,79,1016,902,10000,0.85,12,2026-09-30,05:13:02,2026-09-30 06:25:32,2026-09-30 18:16:22
Chaklāsi,IN,India,22.65,72.93,Clear,clear sky,26.28,26.28,26.28,26.28,1013,71,1013,1009,10000,1.82,0,2026-09-30,07:13:04,2026-09-30 06:29:13,2026-09-30 18:27:27
Saint-André-lez-Lille,FR,France,50.6603,3.0439,Clouds,overcast clouds,18.64,18.47,17.77,19.41,1014,73,1014,1011,10000,3.6,95,2026-09-30,03:43:06,2026-09-30 07:46:04,2026-09-30 19:29:34
Shimla,IN,India,31.07,77.18,Clear,clear sky,14.15,13.61,14.15,14.15,1014,76,1014,846,10000,1.86,0,2026-09-30,07:13:07,2026-09-30 06:13:56,2026-09-30 18:08:45
Alihe,CN,China,50.5667,123.7167,Clouds,few clouds,7.86,7.86,7.86,7.86,1005,39,1005,940,10000,0.87,20,2026-09-30,09:43:09,2026-09-30 05:42:49,2026-09-30 17:27:40
Portoviejo,EC,Ecuador,-1.0544,-80.4544,Clouds,broken clouds,26.82,29.95,26.82,26.82,1011,87,1011,1006,10000,1.69,52,2026-09-29,20:43:11,2026-09-29 06:08:34,2026-09-29 18:15:35
Iapu,BR,Brazil,-19.4369,-42.2178,Clouds,broken clouds,20.73,20.74,20.73,20.73,1013,72,1013,960,10000,2.14,67,2026-09-29,22:43:13,2026-09-29 05:32:13,2026-09-29 17:46:06
Cehegín,ES,Spain,38.0925,-1.7988,Clouds,broken clouds,19.49,19.79,19.49,19.49,1019,88,1019,942,10000,0.42,63,2026-09-30,03:43:15,2026-09-30 08:01:38,2026-09-30 19:52:43
Kuřim,CZ,Czechia,49.2985,16.5315,Clear,clear sky,12.44,11.44,11.38,13.33,1028,65,1028,984,10000,2.92,0,2026-09-30,03:43:17,2026-09-30 06:51:34,2026-09-30 18:36:11
Tucker,US,United States,33.8436,-84.2024,Clear,clear sky,20.1,19.92,18.29,21.67,1017,67,1017,982,10000,0.0,0,2026-09-29,21:43:19,2026-09-29 07:29:41,2026-09-29 19:24:26
Sogndal,NO,Norway,61.2297,7.1006,Clouds,overcast clouds,13.21,12.07,13.21,13.21,1030,57,1030,973,10000,2.57,96,2026-09-30,03:43:21,2026-09-30 07:34:48,2026-09-30 19:08:23
Goundi,TD,Chad,9.3639,17.3644,Clouds,overcast clouds,20.84,21.49,20.84,20.84,1013,96,1013,970,10000,1.76,96,2026-09-30,02:43:23,2026-09-30 05:38:59,2026-09-30 17:42:06
Oak Grove,US,United States,45.4156,-122.6349,Clouds,scattered clouds,20.04,20.03,18.36,20.99,1015,74,1015,1006,10000,0.89,40,2026-09-29,18:43:25,2026-09-29 07:06:12,2026-09-29 18:55:18
Worb,CH,Switzerland,46.9306,7.5644,Clouds,scattered clouds,13.15,13.03,11.1,15.44,1021,96,1021,948,9635,0.95,37,2026-09-30,03:43:27,2026-09-30 07:26:41,2026-09-30 19:12:48
Nueve de Julio,AR,Argentina,-35.45,-60.8833,Clouds,overcast clouds,13.3,12.85,13.3,13.3,1015,83,1015,1006,10000,0.45,100,2026-09-29,22:43:29,2026-09-29 06:42:46,2026-09-29 19:04:51
Montenegro,CO,Colombia,4.5653,-75.7511,Clouds,overcast clouds,18.89,18.27,17.93,19.29,1013,55,1013,856,10000,0.45,100,2026-09-29,20:43:30,2026-09-29 05:50:43,2026-09-29 17:55:49
Monforte de Lemos,ES,Spain,42.5217,-7.5142,Clouds,few clouds,14.49,14.61,14.49,17.54,1013,100,1013,959,10000,2.52,11,2026-09-30,03:43:32,2026-09-30 08:25:42,2026-09-30 20:14:22
Rapid City,US,United States,44.0716,-103.2204,Clear,clear sky,18.19,17.63,16.21,19.16,1008,60,1008,891,10000,2.06,0,2026-09-29,19:43:34,2026-09-29 06:48:08,2026-09-29 18:38:06
Tasquillo,MX,Mexico,20.5484,-99.3135,Rain,light rain,22.27,22.75,22.27,22.27,1014,84,1014,807,10000,0.6,99,2026-09-29,19:43:36,2026-09-29 06:27:40,2026-09-29 18:27:19
Trincomalee,LK,Sri Lanka,8.5667,81.2333,Clouds,overcast clouds,26.86,29.87,26.86,26.86,1013,85,1013,1012,10000,5.69,100,2026-09-30,07:13:38,2026-09-30 05:53:23,2026-09-30 17:56:53
Trebišov,SK,Slovakia,48.6333,21.7167,Clear,clear sky,12.95,12.42,12.95,12.95,1031,81,1031,1012,10000,0.26,0,2026-09-30,03:43:40,2026-09-30 06:30:35,2026-09-30 18:15:42
Preševo,RS,Serbia,42.3067,21.65,Clouds,broken clouds,10.7,9.91,10.7,10.7,1028,80,1028,959,10000,0.74,68,2026-09-30,03:43:42,2026-09-30 06:28:54,2026-09-30 18:17:55
Beauharnois,CA,Canada,45.32,-73.87,Clear,clear sky,12.8,12.49,11.92,13.95,1018,90,1018,1014,10000,2.06,0,2026-09-29,21:43:44,2026-09-29 06:50:57,2026-09-29 18:40:31
Aguascalientes,MX,Mexico,21.8808,-102.2961,Rain,light rain,22.32,21.76,21.97,22.32,1014,44,1014,808,10000,0.0,93,2026-09-29,19:43:45,2026-09-29 06:39:50,2026-09-29 18:39:00
Abdurahmoni Jomí,TJ,Tajikistan,37.9458,68.8117,Clear,clear sky,15.15,14.37,15.15,15.15,1013,63,1013,954,10000,3.0,1,2026-09-30,06:43:47,2026-09-30 06:18:59,2026-09-30 18:10:37
Chelles,FR,France,48.8786,2.5889,Clouds,overcast clouds,21.96,21.8,21.23,22.33,1014,61,1014,1006,10000,3.6,97,2026-09-30,03:43:49,2026-09-30 07:47:15,2026-09-30 19:32:01
Monte Porzio Catone,IT,Italy,41.8167,12.7167,Clear,clear sky,17.42,17.33,16.72,17.9,1024,81,1024,1014,10000,1.34,0,2026-09-30,03:43:51,2026-09-30 07:04:32,2026-09-30 18:53:44
Pingtung,TW,Taiwan,22.488,120.581,Clear,clear sky,30.85,34.53,30.85,30.85,1014,60,1014,982,10000,2.37,10,2026-09-30,09:43:53,2026-09-30 05:48:33,2026-09-30 17:47:00
Manazuru,JP,Japan,35.1479,139.1083,Rain,moderate rain,22.21,22.84,20.63,22.21,1014,90,1014,985,9803,4.02,100,2026-09-30,10:43:55,2026-09-30 05:36:59,2026-09-30 17:30:23
Shijiazhuang,CN,China,37.9151,114.4126,Clouds,overcast clouds,19.52,18.31,19.52,19.52,1022,30,1022,1006,10000,2.12,100,2026-09-30,09:43:57,2026-09-30 06:16:28,2026-09-30 18:08:25
Jizayy,EG,Egypt,30.4122,30.8536,Clear,clear sky,21.22,21.3,21.22,21.22,1017,73,1017,1015,10000,1.53,0,2026-09-30,04:43:59,2026-09-30 06:49:10,2026-09-30 18:44:02
Sak Lek,TH,Thailand,16.6199,100.4802,Rain,light rain,28.98,35.98,28.98,28.98,1013,87,1013,1006,10000,2.86,100,2026-09-30,08:44:01,2026-09-30 06:07:52,2026-09-30 18:08:27
Broadview Heights,US,United States,41.3196,-81.6779,Clouds,scattered clouds,14.41,14.05,12.65,16.12,1017,82,1017,986,10000,0.45,50,2026-09-29,21:44:02,2026-09-29 07:21:13,2026-09-29 19:12:43
Steinfurt,DE,Germany,52.1504,7.3366,Clouds,few clouds,16.39,16.15,15.5,18.46,1018,79,1018,1010,10000,3.36,22,2026-09-30,03:44:04,2026-09-30 07:29:26,2026-09-30 19:11:51
Bridgetown,US,United States,39.1552,-84.6359,Clear,clear sky,17.02,16.87,15.03,18.94,1016,80,1016,992,10000,0.45,1,2026-09-29,21:44:06,2026-09-29 07:32:33,2026-09-29 19:25:02
Nirmal,IN,India,18.9586,78.361,Clouds,few clouds,25.69,26.27,25.69,25.69,1014,75,1014,976,10000,0.2,18,2026-09-30,07:14:08,2026-09-30 06:06:47,2026-09-30 18:06:27
San José de Mayo,UY,Uruguay,-34.3397,-56.7143,Clouds,scattered clouds,12.25,11.93,12.25,12.25,1013,92,1013,1007,10000,3.75,28,2026-09-29,22:44:10,2026-09-29 06:26:26,2026-09-29 18:47:50
Seirō,JP,Japan,37.9745,139.2742,Clear,clear sky,22.95,22.68,22.95,22.95,1014,53,1014,1011,10000,3.09,0,2026-09-30,10:44:12,2026-09-30 05:36:59,2026-09-30 17:29:04
Labin,HR,Croatia,45.0833,14.1167,Clear,clear sky,15.43,14.83,15.43,16.1,1025,69,1025,1001,10000,1.42,0,2026-09-30,03:44:14,2026-09-30 06:59:52,2026-09-30 18:47:12
Giffnock,GB,United Kingdom,55.8051,-4.2946,Clouds,overcast clouds,18.65,18.66,18.12,19.36,1001,80,1001,991,10000,5.14,100,2026-09-30,02:44:16,2026-09-30 07:17:34,2026-09-30 18:56:45
Nagari,IN,India,13.3168,79.5678,Clear,clear sky,28.75,33.08,28.75,28.75,1013,75,1013,993,10000,1.84,9,2026-09-30,07:14:18,2026-09-30 06:00:55,2026-09-30 18:02:40
Eltham,NZ,New Zealand,-39.341,174.284,Clouds,broken clouds,14.07,13.36,14.07,14.07,1025,70,1025,991,10000,1.06,71,2026-09-30,14:44:20,2026-09-30 07:00:15,2026-09-30 19:25:47
Kollam,IN,India,8.95,76.6667,Clouds,broken clouds,27.63,31.6,27.63,27.63,1014,83,1014,1012,10000,2.36,61,2026-09-30,07:14:21,2026-09-30 06:11:43,2026-09-30 18:15:04
Palakkad,IN,India,10.6481,76.5383,Clouds,overcast clouds,26.64,26.64,26.64,26.64,1015,88,1015,995,10000,1.2,98,2026-09-30,07:14:24,2026-09-30 06:12:33,2026-09-30 18:15:16
Dumfries,GB,United Kingdom,55.07,-3.603,Clouds,overcast clouds,19.39,19.55,19.39,19.39,1002,83,1002,990,8363,1.79,100,2026-09-30,02:44:25,2026-09-30 07:14:28,2026-09-30 18:54:19
Saga,JP,Japan,33.2635,130.3008,Clear,clear sky,25.94,26.08,25.94,25.94,1012,57,1012,1000,10000,4.63,0,2026-09-30,10:44:27,2026-09-30 06:11:49,2026-09-30 18:05:59
Uki,JP,Japan,32.8352,130.1875,Clear,clear sky,23.92,24.17,23.92,23.92,1013,69,1013,995,10000,3.36,0,2026-09-30,10:44:29,2026-09-30 06:12:11,2026-09-30 18:06:32
Galway,IE,Ireland,53.2719,-9.0488,Clear,clear sky,14.82,14.52,14.82,14.82,994,83,994,992,10000,7.28,3,2026-09-30,02:44:31,2026-09-30 07:35:30,2026-09-30 19:16:50
Nirmāli,IN,India,26.3042,86.4729,Clouds,broken clouds,27.49,30.86,27.49,27.49,1010,80,1010,1004,10000,3.53,75,2026-09-30,07:14:33,2026-09-30 05:35:45,2026-09-30 17:32:36
Ardmore,US,United States,40.0033,-75.2947,Clouds,overcast clouds,18.34,18.5,16.8,19.47,1018,87,1018,1006,10000,0.0,100,2026-09-29,21:44:35,2026-09-29 06:55:21,2026-09-29 18:47:31
Santa Bárbara,HN,Honduras,14.9216,-88.2364,Rain,light rain,24.23,25.16,24.23,24.23,1012,94,1012,961,2674,0.88,98,2026-09-29,19:44:37,2026-09-29 05:42:23,2026-09-29 17:44:00
Guisa,CU,Cuba,20.2608,-76.5381,Clouds,overcast clouds,27.03,30.1,27.03,27.03,1014,83,1014,1012,10000,1.8,89,2026-09-29,21:44:39,2026-09-29 06:56:30,2026-09-29 18:56:19
Cao Lanh,VN,Vietnam,10.4603,105.6331,Clouds,broken clouds,29.15,33.25,29.15,29.15,1014,71,1014,1014,10000,1.46,74,2026-09-30,08:44:41,2026-09-30 05:46:08,2026-09-30 17:48:59
Stockton-on-Tees,GB,United Kingdom,54.589,-1.3157,Clouds,overcast clouds,19.03,19.16,16.62,19.65,1007,83,1007,1003,10000,4.63,98,2026-09-30,02:44:43,2026-09-30 07:05:06,2026-09-30 18:45:24
Puntarenas,CR,Costa Rica,9.9773,-84.8346,Clouds,overcast clouds,26.78,29.94,26.78,26.78,1010,88,1010,1008,10000,1.2,97,2026-09-29,19:44:45,2026-09-29 05:27:57,2026-09-29 17:31:13
Lynbrook,US,United States,40.6579,-73.6742,Clouds,overcast clouds,18.6,18.58,17.49,19.09,1017,79,1017,1015,10000,4.63,100,2026-09-29,21:44:47,2026-09-29 06:49:01,2026-09-29 18:40:54
Bouaké,CI,Côte d’Ivoire,7.6833,-5.0331,Rain,moderate rain,21.25,21.99,21.25,21.25,1014,98,1014,972,7200,2.5,100,2026-09-30,01:44:49,2026-09-30 06:08:15,2026-09-30 18:11:58
Ewell,GB,United Kingdom,51.35,-0.249,Clouds,overcast clouds,21.12,21.27,20.5,22.14,1009,76,1009,1003,10000,4.63,97,2026-09-30,02:44:51,2026-09-30 06:59:30,2026-09-30 18:42:28
Breuillet,FR,France,48.5661,2.1714,Clouds,overcast clouds,19.68,19.71,19.23,22.1,1014,77,1014,1000,10000,4.12,97,2026-09-30,03:44:53,2026-09-30 07:48:49,2026-09-30 19:33:48
Yelbarga,IN,India,15.6406,75.9531,Rain,light rain,23.11,23.64,23.11,23.11,1014,83,1014,944,10000,0.83,100,2026-09-30,07:14:54,2026-09-30 06:15:48,2026-09-30 18:16:41
Vemalwāda,IN,India,18.4736,78.9645,Clouds,broken clouds,26.17,26.17,26.17,26.17,1014,76,1014,975,10000,1.28,52,2026-09-30,07:14:56,2026-09-30 06:04:17,2026-09-30 18:04:07
Pendair Heights,US,United States,45.6757,-118.8201,Clouds,scattered clouds,20.32,19.95,19.82,21.29,1012,59,1012,965,10000,2.88,31,2026-09-29,18:44:58,2026-09-29 06:51:00,2026-09-29 18:39:59
Azov,RU,Russia,47.1,39.4167,Clouds,overcast clouds,13.38,12.24,13.38,13.38,1022,56,1022,1022,10000,4.14,99,2026-09-30,04:45:00,2026-09-30 06:19:12,2026-09-30 18:05:31
Khagaria,IN,India,25.614,86.4258,Clouds,few clouds,28.44,31.86,28.44,28.44,1011,72,1011,1006,10000,2.22,12,2026-09-30,07:15:02,2026-09-30 05:35:48,2026-09-30 17:32:55
Talence,FR,France,44.8086,-0.5883,Clouds,overcast clouds,23.11,23.49,22.99,23.54,1013,77,1013,1009,10000,5.66,99,2026-09-30,03:45:04,2026-09-30 07:58:39,2026-09-30 19:46:02
Guelmim-Es Semara,MA,Morocco,29.0565,-9.428,Clear,clear sky,22.92,22.49,22.92,22.92,1017,47,1017,931,10000,1.74,5,2026-09-30,01:45:06,2026-09-30 06:30:04,2026-09-30 18:25:19
Uradalmi Szőllőtelep,HU,Hungary,47.65,18.3167,Clear,clear sky,11.82,10.78,11.82,11.82,1028,66,1028,1009,10000,3.52,0,2026-09-30,03:45:08,2026-09-30 06:43:52,2026-09-30 18:29:37
Robāţ Karīm,IR,Iran,35.5714,51.0839,Clear,clear sky,21.46,20.26,21.37,22.57,1013,23,1013,881,10000,4.12,3,2026-09-30,05:15:10,2026-09-30 05:59:22,2026-09-30 17:52:02
Sabáudia,BR,Brazil,-23.3178,-51.5528,Clouds,overcast clouds,20.27,20.7,20.27,20.27,1012,90,1012,939,10000,2.8,100,2026-09-29,22:45:12,2026-09-29 06:08:40,2026-09-29 18:24:19
Partāpur,IN,India,23.68,74.02,Clear,clear sky,24.97,25.19,24.97,24.97,1014,64,1014,992,10000,0.25,0,2026-09-30,07:15:14,2026-09-30 06:25:04,2026-09-30 18:22:54
Guiyang,CN,China,26.997,106.4376,Clouds,overcast clouds,23.95,24.65,23.95,23.95,1015,86,1015,880,10000,1.48,100,2026-09-30,09:45:16,2026-09-30 06:46:01,2026-09-30 18:42:40
Ikhorbane,MA,Morocco,30.3761,-9.3203,Clear,clear sky,19.93,19.75,19.93,19.93,1017,68,1017,995,10000,2.06,4,2026-09-30,01:45:18,2026-09-30 06:29:55,2026-09-30 18:24:36
Royal Leamington Spa,GB,United Kingdom,52.268,-1.524,Rain,light rain,19.64,19.88,19.13,19.82,1007,85,1007,999,10000,5.64,100,2026-09-30,02:45:20,2026-09-30 07:04:58,2026-09-30 18:47:12
Ballwin,US,United States,38.595,-90.55,Clouds,overcast clouds,23.59,23.28,21.85,24.81,1013,49,1013,993,10000,3.94,99,2026-09-29,20:45:22,2026-09-29 06:56:06,2026-09-29 18:48:47
Fornaka,DZ,Algeria,35.7526,-0.017,Clear,clear sky,24.22,24.08,24.22,24.22,1017,53,1017,1013,10000,5.19,4,2026-09-30,02:45:24,2026-09-30 06:53:56,2026-09-30 18:46:11
Radolfzell,DE,Germany,47.7369,8.9697,Clear,clear sky,13.68,13.45,12.85,14.44,1021,90,1021,971,10000,0.58,5,2026-09-30,03:45:26,2026-09-30 07:21:19,2026-09-30 19:06:55
Lagangilang,PH,Philippines,17.6103,120.7344,Clouds,overcast clouds,30.57,37.57,30.57,30.57,1014,78,1014,978,10000,0.94,98,2026-09-30,09:45:28,2026-09-30 05:47:01,2026-09-30 17:47:18
Cayastá,AR,Argentina,-31.1,-60.0833,Clouds,overcast clouds,15.93,15.59,15.93,15.93,1014,77,1014,1012,10000,2.89,100,2026-09-29,22:45:30,2026-09-29 06:40:50,2026-09-29 19:00:23
Kafr Zaytā,SY,Syria,35.3736,36.6017,Clouds,few clouds,18.02,18.1,18.02,18.02,1015,85,1015,964,10000,0.15,24,2026-09-30,04:45:32,2026-09-30 06:27:17,2026-09-30 18:19:57
Gobārdānga,IN,India,22.87,88.76,Clouds,overcast clouds,29.06,35.36,29.06,29.06,1011,82,1011,1010,10000,2.52,87,2026-09-30,07:15:34,2026-09-30 05:25:56,2026-09-30 17:24:08
Araranguá,BR,Brazil,-28.935,-49.4858,Clouds,overcast clouds,19.36,19.86,19.36,19.36,1009,96,1009,1009,10000,0.63,89,2026-09-29,22:45:36,2026-09-29 05:59:03,2026-09-29 18:17:24
Chiniot,PK,Pakistan,31.75,72.9167,Clear,clear sky,26.55,26.55,26.55,26.55,1010,48,1010,989,10000,1.26,0,2026-09-30,06:45:38,2026-09-30 06:01:08,2026-09-30 17:55:39
Māngrol,IN,India,21.0167,70.2333,Clear,clear sky,25.4,26.06,25.4,25.4,1014,79,1014,1012,10000,3.13,0,2026-09-30,07:15:40,2026-09-30 06:39:42,2026-09-30 18:38:33
Concord,US,United States,38.5117,-90.3574,Clouds,overcast clouds,23.26,22.92,21.67,24.9,1013,49,1013,995,10000,2.06,99,2026-09-29,20:45:42,2026-09-29 06:55:18,2026-09-29 18:48:02
Clonmel,IE,Ireland,52.3539,-7.7116,Clouds,few clouds,14.11,13.93,14.11,14.11,997,90,997,984,10000,5.59,18,2026-09-30,02:45:44,2026-09-30 07:29:47,2026-09-30 19:11:52
Fengrun,CN,China,40.1399,118.303,Clear,clear sky,14.4,12.37,14.4,14.4,1020,18,1020,998,10000,8.12,0,2026-09-30,09:45:46,2026-09-30 06:01:27,2026-09-30 17:52:20
Oqtosh,UZ,Uzbekistan,39.7389,65.9922,Clouds,overcast clouds,14.84,13.45,14.84,14.84,1013,41,1013,937,10000,3.07,100,2026-09-30,06:45:47,2026-09-30 06:30:43,2026-09-30 18:21:26
Magdalena,PH,Philippines,14.2,121.4333,Clouds,broken clouds,30.71,36.27,30.71,30.71,1014,68,1014,988,10000,1.61,65,2026-09-30,09:45:49,2026-09-30 05:43:36,2026-09-30 17:45:08
Taquara,BR,Brazil,-29.6506,-50.7806,Clouds,broken clouds,20.48,21.01,20.48,20.48,1010,93,1010,993,10000,1.59,64,2026-09-29,22:45:51,2026-09-29 06:04:02,2026-09-29 18:22:46
Kouffo Department,BJ,Benin,7.1,1.6667,Clouds,overcast clouds,22.4,23.23,22.4,22.4,1014,97,1014,998,10000,1.74,96,2026-09-30,02:45:53,2026-09-30 06:41:21,2026-09-30 18:45:18
Castel Mella,IT,Italy,45.5,10.15,Clouds,scattered clouds,16.99,16.62,16.99,16.99,1025,72,1025,1017,10000,2.57,34,2026-09-30,03:45:55,2026-09-30 07:15:53,2026-09-30 19:02:55
Orange City,US,United States,28.9348,-81.2881,Clouds,overcast clouds,25.36,26.12,24.12,26.17,1015,83,1015,1014,10000,3.09,96,2026-09-29,21:45:57,2026-09-29 07:17:04,2026-09-29 19:13:45
Cairo,US,United States,30.879,-84.205,Clear,clear sky,25.58,25.86,25.58,25.58,1015,64,1015,1005,10000,1.51,0,2026-09-29,21:45:59,2026-09-29 07:29:06,2026-09-29 19:25:02
Nimba County,LR,Liberia,6.9625,-8.8406,Clouds,overcast clouds,21.75,22.57,21.75,21.75,1015,99,1015,987,10000,0.99,87,2026-09-30,01:46:01,2026-09-30 06:23:21,2026-09-30 18:27:20
Rancho San Diego,US,United States,32.7624,-116.9197,Clouds,few clouds,23.68,23.96,21.82,24.94,1005,71,1005,979,10000,1.341,14,2026-09-29,18:46:03,2026-09-29 06:40:23,2026-09-29 18:35:24
Perumbavoor,IN,India,10.1083,76.4167,Clouds,overcast clouds,24.95,25.96,24.95,24.95,1014,94,1014,1010,10000,1.03,97,2026-09-30,07:16:05,2026-09-30 06:12:56,2026-09-30 18:15:51
Kuroishi,JP,Japan,40.6426,140.5946,Clear,clear sky,20.95,20.77,20.95,22.47,1016,64,1016,993,10000,2.06,3,2026-09-30,10:46:07,2026-09-30 05:32:21,2026-09-30 17:23:09
Zlin,CZ,Czechia,49.2331,17.6669,Clear,clear sky,9.43,7.79,7.59,10.76,1028,86,1028,993,10000,3.06,0,2026-09-30,03:46:09,2026-09-30 06:47:00,2026-09-30 18:31:40
Roxby Downs,AU,Australia,-30.447,137.166,Clouds,overcast clouds,28.98,27.65,28.98,28.98,1017,26,1017,1006,10000,1.43,95,2026-09-30,11:16:11,2026-09-30 06:01:26,2026-09-30 18:21:28
Potrerillos,HN,Honduras,15.2309,-87.9643,Rain,moderate rain,28.95,35.95,28.95,28.95,1012,93,1012,977,1879,0.86,100,2026-09-29,19:46:12,2026-09-29 05:41:21,2026-09-29 17:42:51
Fnidek,MA,Morocco,35.7877,-5.4709,Clouds,scattered clouds,19.83,20.3,19.83,19.83,1017,93,1017,1004,10000,3.3,28,2026-09-30,01:46:14,2026-09-30 06:15:46,2026-09-30 18:07:58
Rolesville,US,United States,35.9223,-78.4656,Clear,clear sky,20.46,20.73,19.15,21.51,1018,83,1018,1005,10000,1.65,1,2026-09-29,21:46:16,2026-09-29 07:07:09,2026-09-29 19:01:05
Mantes-la-Jolie,FR,France,48.9906,1.7167,Clouds,overcast clouds,22.38,22.5,22.38,22.38,1013,70,1013,1001,10000,4.95,100,2026-09-30,03:46:19,2026-09-30 07:50:47,2026-09-30 19:35:28
Saharsa,IN,India,25.6831,86.5909,Clear,clear sky,28.48,31.94,28.48,28.48,1011,72,1011,1006,10000,2.3,0,2026-09-30,07:16:20,2026-09-30 05:35:10,2026-09-30 17:32:15
Kot Mumin,PK,Pakistan,32.1883,73.0286,Clear,clear sky,25.5,25.44,25.5,25.5,1010,51,1010,987,10000,0.52,0,2026-09-30,06:46:22,2026-09-30 06:00:47,2026-09-30 17:55:06
Upper Matsiatra,MG,Madagascar,-21.315,45.99,Clear,clear sky,22.22,22.12,22.22,22.22,1018,62,1018,950,10000,1.72,0,2026-09-30,04:46:24,2026-09-30 05:38:16,2026-09-30 17:53:53
Byādgi,IN,India,14.8333,75.6333,Rain,light rain,22.65,23.22,22.65,22.65,1015,86,1015,951,10000,2.69,88,2026-09-30,07:16:26,2026-09-30 06:16:56,2026-09-30 18:18:07
Barki Saria,IN,India,24.1822,85.8734,Clear,clear sky,25.4,26.08,25.4,25.4,1012,80,1012,972,10000,3.83,9,2026-09-30,07:16:28,2026-09-30 05:37:44,2026-09-30 17:35:25
Zhongguan,CN,China,29.382,116.5362,Clear,clear sky,27.91,30.62,27.91,27.91,1014,71,1014,1006,10000,2.43,1,2026-09-30,09:46:30,2026-09-30 06:06:05,2026-09-30 18:01:49
Tādepallegūdem,IN,India,16.95,81.4,Clouds,overcast clouds,27.59,31.23,27.59,27.59,1013,81,1013,1007,10000,1.37,96,2026-09-30,07:16:33,2026-09-30 05:54:15,2026-09-30 17:54:40
Araban,TR,Turkey,37.4247,37.6928,Clouds,broken clouds,16.52,15.9,16.52,16.52,1015,64,1015,926,10000,1.48,58,2026-09-30,04:46:35,2026-09-30 06:23:25,2026-09-30 18:15:05
Lons-le-Saunier,FR,France,46.6744,5.5539,Clouds,scattered clouds,18.75,18.35,18.75,18.75,1020,64,1020,989,10000,4.31,46,2026-09-30,03:46:37,2026-09-30 07:34:39,2026-09-30 19:20:55
Gemeente Boskoop,NL,Netherlands,52.0667,4.6333,Clouds,broken clouds,17.11,16.97,16.17,18.37,1015,80,1015,1016,10000,3.09,66,2026-09-30,03:46:39,2026-09-30 07:40:14,2026-09-30 19:22:41
Jining,CN,China,35.4,116.5667,Clouds,broken clouds,24.34,24.58,24.34,24.34,1016,67,1016,1012,10000,3.08,58,2026-09-30,09:46:41,2026-09-30 06:07:16,2026-09-30 18:00:24
Maipú,AR,Argentina,-36.8667,-57.8667,Clouds,broken clouds,9.56,7.37,9.56,9.56,1014,85,1014,1012,10000,4.19,54,2026-09-29,22:46:44,2026-09-29 06:30:16,2026-09-29 18:53:13
Soyaló,MX,Mexico,16.9333,-92.9833,Clouds,few clouds,21.28,21.74,21.28,21.28,1013,87,1013,889,10000,0.67,19,2026-09-29,19:46:46,2026-09-29 06:01:43,2026-09-29 18:02:38
Sokol,RU,Russia,51.7378,107.5122,Clouds,few clouds,4.05,-0.31,4.05,4.05,1022,52,1022,944,10000,6.0,17,2026-09-30,09:46:48,2026-09-30 06:48:07,2026-09-30 18:31:58
Euskirchen,DE,Germany,50.6613,6.7873,Clouds,overcast clouds,17.39,16.88,16.46,18.85,1018,65,1018,991,10000,3.17,100,2026-09-30,03:46:50,2026-09-30 07:31:04,2026-09-30 19:14:37
Buraimi,OM,Oman,24.2558,55.8025,Clear,clear sky,30.64,29.14,30.64,30.64,1010,27,1010,976,10000,3.6,0,2026-09-30,05:46:52,2026-09-30 06:08:04,2026-09-30 18:05:36
Yakage,JP,Japan,34.6275,133.5872,Clear,clear sky,24.21,24.38,21.43,24.21,1013,65,1013,992,10000,0.52,0,2026-09-30,10:46:54,2026-09-30 05:58:58,2026-09-30 17:52:34
Marand,IR,Iran,38.4306,45.7741,Clear,clear sky,14.1,13.26,14.1,14.1,1016,65,1016,882,10000,0.28,5,2026-09-30,05:16:55,2026-09-30 06:21:19,2026-09-30 18:12:33
Susurluk,TR,Turkey,39.9136,28.1578,Rain,light rain,16.78,16.73,16.78,16.78,1021,85,1021,999,9575,1.74,73,2026-09-30,04:46:57,2026-09-30 07:02:12,2026-09-30 18:52:33
Mechraa Bel Ksiri,MA,Morocco,34.56,-5.95,Clouds,scattered clouds,21.4,21.89,21.4,21.4,1017,88,1017,1014,10000,0.53,43,2026-09-30,01:46:59,2026-09-30 06:17:23,2026-09-30 18:10:10
Nechí,CO,Colombia,8.0958,-74.775,Clouds,overcast clouds,28.02,33.29,28.02,28.02,1009,87,1009,1005,9293,0.37,93,2026-09-29,20:47:02,2026-09-29 05:47:24,2026-09-29 17:51:19
Le Kremlin-Bicêtre,FR,France,48.81,2.3581,Clouds,overcast clouds,21.33,21.22,19.74,22.48,1014,65,1014,1005,10000,4.12,98,2026-09-30,03:47:04,2026-09-30 07:48:09,2026-09-30 19:32:58
Chemmumiahpet,IN,India,16.1582,79.4293,Clouds,broken clouds,26.84,28.51,26.84,26.84,1013,69,1013,987,10000,1.4,56,2026-09-30,07:17:06,2026-09-30 06:02:00,2026-09-30 18:02:42
Pulivendla,IN,India,14.3971,78.1744,Clouds,scattered clouds,27.56,29.31,27.56,27.56,1013,65,1013,971,10000,0.66,26,2026-09-30,07:17:07,2026-09-30 06:06:41,2026-09-30 18:08:02
Barrington,US,United States,42.1515,-88.1281,Clouds,overcast clouds,18.33,18.07,17.19,20.08,1013,71,1013,983,10000,1.54,100,2026-09-29,20:47:09,2026-09-29 06:47:14,2026-09-29 18:38:17
Santa Cruz,BR,Brazil,-6.2289,-36.0228,Clouds,broken clouds,23.8,24.56,23.8,23.8,1015,89,1015,984,10000,3.95,68,2026-09-29,22:47:11,2026-09-29 05:09:59,2026-09-29 17:18:47
Burlington,US,United States,44.4622,-73.2202,Clouds,overcast clouds,12.88,12.7,12.2,13.58,1018,95,1018,1013,10000,0.0,100,2026-09-29,21:47:13,2026-09-29 06:48:08,2026-09-29 18:38:09
Antananarivo,MG,Madagascar,-18.9006,47.5997,Clouds,scattered clouds,14.99,15.0,14.99,14.99,1022,94,1022,881,10000,4.12,25,2026-09-30,04:47:15,2026-09-30 05:32:24,2026-09-30 17:46:52
Nsukka,NG,Nigeria,6.8567,7.3958,Clouds,overcast clouds,20.61,21.29,20.61,20.61,1014,98,1014,965,10000,0.63,100,2026-09-30,02:47:17,2026-09-30 06:18:23,2026-09-30 18:22:26
Kabanjahe,ID,Indonesia,3.1833,98.5167,Rain,moderate rain,19.06,19.32,19.06,19.06,1017,88,1017,891,10000,0.99,100,2026-09-30,08:47:19,2026-09-30 06:13:17,2026-09-30 18:18:45
Cosquín,AR,Argentina,-31.244,-64.4666,Clouds,overcast clouds,15.38,14.64,13.52,15.38,1017,64,1017,924,10000,0.49,91,2026-09-29,22:47:21,2026-09-29 06:58:18,2026-09-29 19:17:58
Uddevalla,SE,Sweden,58.3492,11.9381,Clouds,few clouds,13.93,13.78,13.93,14.18,1029,92,1029,1021,10000,4.17,22,2026-09-30,03:47:23,2026-09-30 07:13:47,2026-09-30 18:50:42
Tantangan,PH,Philippines,6.619,124.7482,Clouds,scattered clouds,31.42,36.03,31.42,31.42,1014,61,1014,1010,10000,0.64,38,2026-09-30,09:47:24,2026-09-30 05:28:59,2026-09-30 17:33:14
Sarmakovo,RU,Russia,43.7397,43.1894,Clouds,overcast clouds,10.82,10.57,10.82,10.82,1019,100,1019,925,0,2.83,100,2026-09-30,04:47:26,2026-09-30 06:03:05,2026-09-30 17:51:27
Longdu,CN,China,23.5726,116.7238,Clear,clear sky,30.97,37.97,30.97,30.97,1013,79,1013,1008,10000,1.0,0,2026-09-30,09:47:28,2026-09-30 06:04:11,2026-09-30 18:02:13
Lodhīkheda,IN,India,21.5824,78.8591,Clear,clear sky,24.6,25.1,24.6,24.6,1014,76,1014,968,10000,0.84,9,2026-09-30,07:17:30,2026-09-30 06:05:18,2026-09-30 18:03:57
Erfurt,DE,Germany,50.9787,11.0328,Clouds,broken clouds,15.92,15.21,15.75,17.8,1022,63,1022,994,10000,3.6,76,2026-09-30,03:47:32,2026-09-30 07:14:11,2026-09-30 18:57:33
Mariano,PH,Philippines,8.823,125.0976,Clouds,few clouds,32.53,38.34,32.53,32.53,1015,60,1015,936,10000,1.91,12,2026-09-30,09:38:02,2026-09-30 05:27:59,2026-09-30 17:31:27
Aracoiaba,BR,Brazil,-4.3708,-38.8139,Clouds,scattered clouds,25.48,26.36,25.48,25.48,1015,87,1015,982,10000,2.43,46,2026-09-29,22:47:36,2026-09-29 05:21:28,2026-09-29 17:29:37
Nandigāma,IN,India,16.903,80.2492,Clouds,scattered clouds,27.15,29.77,27.15,27.15,1013,77,1013,1005,10000,0.9,38,2026-09-30,07:17:38,2026-09-30 05:58:51,2026-09-30 17:59:17
Borna,DE,Germany,51.1167,12.5,Clouds,overcast clouds,12.68,11.91,11.03,13.98,1023,73,1023,1004,10000,3.37,96,2026-09-30,03:47:40,2026-09-30 07:08:22,2026-09-30 18:51:38
Al Wusayl,QA,Qatar,25.4175,51.5075,Clear,clear sky,32.03,39.03,30.97,32.03,1009,74,1009,1008,8231,2.57,1,2026-09-30,04:47:42,2026-09-30 05:25:29,2026-09-30 17:22:32
Parkway,US,United States,38.5172,-121.4573,Clear,clear sky,31.89,29.93,30.53,33.07,1004,21,1004,1003,10000,3.6,0,2026-09-29,18:47:44,2026-09-29 06:59:47,2026-09-29 18:52:18
Mahalaua Poştei,RO,Romania,45.1167,24.6667,Clouds,few clouds,9.25,8.8,9.25,9.25,1030,71,1030,975,10000,1.49,12,2026-09-30,04:47:46,2026-09-30 07:17:39,2026-09-30 19:05:03
Le Vésinet,FR,France,48.8939,2.1322,Clouds,overcast clouds,21.85,21.76,20.01,22.75,1014,64,1014,1003,10000,4.12,99,2026-09-30,03:47:48,2026-09-30 07:49:05,2026-09-30 19:33:50
Upper Matsiatra,MG,Madagascar,-21.4167,46.6167,Clear,clear sky,17.93,17.95,17.93,17.93,1020,83,1020,932,10000,2.27,1,2026-09-30,04:47:50,2026-09-30 05:35:44,2026-09-30 17:51:24
Taibao,TW,Taiwan,23.4666,120.179,Clouds,few clouds,32.91,39.65,32.91,32.91,1013,61,1013,1011,10000,3.33,16,2026-09-30,09:47:52,2026-09-30 05:50:20,2026-09-30 17:48:26
Tan An,VN,Vietnam,10.5322,106.4042,Clouds,overcast clouds,28.65,35.0,28.65,28.65,1014,86,1014,1014,10000,1.79,92,2026-09-30,08:47:54,2026-09-30 05:43:04,2026-09-30 17:45:53
Mayuelas,GT,Guatemala,15.1333,-89.3667,Clouds,overcast clouds,24.63,25.76,24.63,24.63,1014,100,1014,898,0,0.19,88,2026-09-29,19:47:56,2026-09-29 05:46:57,2026-09-29 17:48:29
Manakara,MG,Madagascar,-22.1333,47.7333,Clouds,scattered clouds,19.01,19.55,19.01,19.01,1021,99,1021,1020,10000,0.65,29,2026-09-30,04:47:58,2026-09-30 05:31:05,2026-09-30 17:47:07
Villa Svea,AR,Argentina,-27.4833,-55.1333,Clouds,overcast clouds,19.44,19.74,19.44,19.44,1010,88,1010,978,10000,2.03,100,2026-09-29,22:48:00,2026-09-29 06:21:59,2026-09-29 18:39:38
Lenexa,US,United States,38.9609,-94.8018,Rain,light rain,20.21,20.66,19.58,20.83,1010,91,1010,977,10000,3.09,96,2026-09-29,20:48:02,2026-09-29 07:13:12,2026-09-29 19:05:42
Jinshi,CN,China,29.6334,111.8746,Clouds,broken clouds,24.71,25.09,24.71,24.71,1015,71,1015,1010,10000,2.31,64,2026-09-30,09:48:04,2026-09-30 06:24:48,2026-09-30 18:20:24
Studeničane,MK,North Macedonia,41.9335,21.5247,Clouds,broken clouds,12.91,12.11,12.91,12.91,1028,71,1028,980,10000,1.03,80,2026-09-30,03:48:06,2026-09-30 06:29:18,2026-09-30 18:18:31
Jahānābād,IN,India,28.5969,79.7469,Clear,clear sky,22.87,23.48,22.87,22.87,1011,87,1011,989,10000,1.37,0,2026-09-30,07:18:08,2026-09-30 06:03:08,2026-09-30 17:59:01
Ribeirão,BR,Brazil,-8.5139,-35.3778,Clouds,overcast clouds,25.14,25.85,25.14,25.14,1016,82,1016,997,10000,0.64,98,2026-09-29,22:48:09,2026-09-29 05:07:00,2026-09-29 17:16:37
Senigallia,IT,Italy,43.7131,13.2183,Clouds,overcast clouds,17.48,17.58,15.46,17.55,1024,88,1024,1024,0,1.93,99,2026-09-30,03:48:11,2026-09-30 07:03:03,2026-09-30 18:51:12
Rathdrum,US,United States,47.7948,-116.8944,Clouds,overcast clouds,18.73,18.04,15.75,19.18,1009,53,1009,916,10000,3.6,98,2026-09-29,18:48:14,2026-09-29 06:43:54,2026-09-29 18:31:42
Tempe Junction,US,United States,33.3881,-111.9319,Clear,clear sky,25.26,25.07,24.08,26.1,1003,47,1003,963,10000,6.17,7,2026-09-29,18:48:16,2026-09-29 06:20:34,2026-09-29 18:15:21
Rocklin,US,United States,38.8075,-121.2489,Clear,clear sky,30.39,28.78,29.12,31.79,1004,25,1004,996,10000,2.57,0,2026-09-29,18:48:18,2026-09-29 06:59:01,2026-09-29 18:51:24
Jammalamadugu,IN,India,15.1322,78.5138,Clear,clear sky,28.46,30.98,28.46,28.46,1013,66,1013,991,10000,1.3,1,2026-09-30,07:18:20,2026-09-30 06:05:28,2026-09-30 18:06:33
Paysandu,UY,Uruguay,-32.2667,-58.0667,Clouds,overcast clouds,13.76,13.54,13.76,13.76,1012,90,1012,1009,10000,3.71,100,2026-09-29,22:48:23,2026-09-29 06:32:27,2026-09-29 18:52:38
Tit Mellil,MA,Morocco,33.5533,-7.4822,Clear,clear sky,22.43,22.4,19.46,22.53,1017,64,1017,1013,10000,0.51,8,2026-09-30,01:48:25,2026-09-30 06:23:17,2026-09-30 18:16:32
Xucun,CN,China,30.4355,120.3645,Clouds,overcast clouds,25.0,25.72,25.0,25.0,1014,83,1014,1013,10000,1.66,99,2026-09-30,09:48:27,2026-09-30 05:50:59,2026-09-30 17:46:18
Botad,IN,India,22.15,71.9,Clear,clear sky,26.94,29.0,26.94,26.94,1013,73,1013,1010,10000,3.78,0,2026-09-30,07:18:29,2026-09-30 06:33:15,2026-09-30 18:31:40
Zhangshi,CN,China,24.5477,113.524,Clear,clear sky,31.9,37.45,31.9,31.9,1013,62,1013,980,10000,0.42,4,2026-09-30,09:48:31,2026-09-30 06:17:11,2026-09-30 18:14:49
Sukhodil’s’k,UA,Ukraine,48.35,39.7167,Clouds,overcast clouds,12.11,11.07,12.11,12.11,1025,65,1025,1007,10000,3.46,100,2026-09-30,04:48:32,2026-09-30 06:18:25,2026-09-30 18:03:54
Keta,GH,Ghana,5.9167,0.9833,Clouds,broken clouds,24.57,25.35,24.57,24.57,1014,87,1014,1014,10000,3.72,61,2026-09-30,01:48:34,2026-09-30 05:43:52,2026-09-30 17:48:15
Elgoibar,ES,Spain,43.2142,-2.4169,Clouds,overcast clouds,23.61,23.59,23.61,23.61,1013,60,1013,993,10000,5.37,100,2026-09-30,03:48:36,2026-09-30 08:05:30,2026-09-30 19:53:48
Bang Ban,TH,Thailand,14.4247,100.4758,Clouds,overcast clouds,30.71,37.71,30.71,30.71,1014,81,1014,1014,10000,2.39,99,2026-09-30,08:48:38,2026-09-30 06:07:29,2026-09-30 18:08:53
Renens (VD),CH,Switzerland,46.5333,6.6,Clouds,overcast clouds,18.66,18.49,18.22,19.81,1021,73,1021,978,10000,0.67,96,2026-09-30,03:48:40,2026-09-30 07:30:25,2026-09-30 19:16:47
Beroroha,MG,Madagascar,-21.4333,44.3333,Clear,clear sky,21.76,21.85,21.76,21.76,1017,71,1017,988,10000,3.48,1,2026-09-30,04:48:42,2026-09-30 05:44:51,2026-09-30 18:00:32
Zelino,MK,North Macedonia,41.9794,21.0619,Clouds,broken clouds,10.75,9.94,10.75,10.75,1028,79,1028,910,10000,0.7,64,2026-09-30,03:48:44,2026-09-30 06:31:10,2026-09-30 18:20:21
Paraná,AR,Argentina,-31.7331,-60.5297,Clouds,broken clouds,17.01,16.8,16.68,17.47,1014,78,1014,1009,10000,3.98,54,2026-09-29,22:48:46,2026-09-29 06:42:26,2026-09-29 19:02:21
Pianoro,IT,Italy,44.3833,11.3333,Clouds,scattered clouds,14.53,14.26,14.25,15.83,1025,85,1025,988,10000,3.09,44,2026-09-30,03:48:48,2026-09-30 07:10:48,2026-09-30 18:58:32
Barkat Bhāi Town,PK,Pakistan,25.3792,68.3683,Clear,clear sky,24.88,25.46,24.88,24.88,1012,78,1012,1008,10000,6.56,0,2026-09-30,06:48:51,2026-09-30 06:18:01,2026-09-30 18:15:09
Teyateyaneng,LS,Lesotho,-29.15,27.7333,Clouds,overcast clouds,9.46,9.46,9.46,9.46,1027,77,1027,844,10000,0.63,100,2026-09-30,03:48:53,2026-09-30 05:49:10,2026-09-30 18:09:00
Sassenberg,DE,Germany,51.9897,8.0408,Clouds,broken clouds,16.09,15.53,15.5,16.44,1019,68,1019,1013,10000,2.46,51,2026-09-30,03:48:55,2026-09-30 07:26:33,2026-09-30 19:09:06
Agliana,IT,Italy,43.9,11.0,Clouds,broken clouds,17.77,17.59,15.73,19.75,1024,76,1024,1011,10000,2.68,53,2026-09-30,03:48:57,2026-09-30 07:12:00,2026-09-30 19:00:00
Darkov,CZ,Czechia,49.8449,18.5611,Clear,clear sky,10.21,9.51,10.21,10.44,1029,85,1029,1000,10000,1.74,0,2026-09-30,03:48:59,2026-09-30 06:43:38,2026-09-30 18:27:53
Taman Senai,MY,Malaysia,1.5833,103.6333,Rain,light rain,26.38,26.38,26.06,26.38,1014,89,1014,1010,10000,0.0,27,2026-09-30,09:49:01,2026-09-30 06:52:31,2026-09-30 18:58:35
Amatenango del Valle,MX,Mexico,16.5167,-92.4,Clouds,scattered clouds,17.68,17.83,17.68,17.68,1017,89,1017,795,10000,0.17,36,2026-09-29,19:49:03,2026-09-29 05:59:19,2026-09-29 18:00:22
Mannārakkāt,IN,India,11.0108,76.4457,Clouds,overcast clouds,26.52,26.52,26.52,26.52,1015,85,1015,966,10000,0.74,100,2026-09-30,07:19:05,2026-09-30 06:12:59,2026-09-30 18:15:34
Pitogo,PH,Philippines,10.121,124.553,Clear,clear sky,29.06,33.24,29.06,29.06,1013,72,1013,1013,10000,0.65,6,2026-09-30,09:49:06,2026-09-30 05:30:24,2026-09-30 17:33:23
Santa Luzia,BR,Brazil,-19.7697,-43.8514,Clouds,overcast clouds,26.6,26.6,26.19,27.78,1014,61,1014,917,10000,5.14,100,2026-09-29,22:49:08,2026-09-29 05:38:40,2026-09-29 17:52:43
Brier,US,United States,47.8056,-122.2401,Clouds,overcast clouds,11.24,10.82,10.22,12.51,1014,92,1014,1006,9284,1.34,100,2026-09-29,18:49:10,2026-09-29 07:05:18,2026-09-29 18:53:03
Emerald,AU,Australia,-23.5283,148.1578,Clouds,few clouds,26.06,26.06,26.06,26.06,1024,39,1024,1002,10000,5.55,19,2026-09-30,11:49:12,2026-09-30 05:49:20,2026-09-30 18:05:40
,Unknown,,62.4908,165.3298,Clear,clear sky,2.71,-1.13,2.71,2.71,1018,46,1018,1013,10000,4.28,0,2026-09-30,13:49:14,2026-09-30 07:01:31,2026-09-30 18:36:08
Kerman,IR,Iran,30.2911,57.0678,Clear,clear sky,18.92,17.65,18.92,18.92,1015,30,1015,823,10000,2.06,0,2026-09-30,05:19:16,2026-09-30 05:34:15,2026-09-30 17:29:18
Sam Phran,TH,Thailand,13.727,100.2153,Clouds,overcast clouds,30.74,37.74,30.74,30.74,1014,74,1014,1014,10000,1.25,100,2026-09-30,08:49:19,2026-09-30 06:08:24,2026-09-30 18:10:03
Sunbury,AU,Australia,-37.5811,144.714,Clouds,overcast clouds,18.64,18.15,18.12,19.71,1019,61,1019,989,10000,10.29,100,2026-09-30,11:49:21,2026-09-30 05:59:02,2026-09-30 18:23:30
Beočin,RS,Serbia,45.2333,19.7167,Clear,clear sky,14.82,14.13,14.82,14.82,1028,68,1028,1009,10000,1.95,0,2026-09-30,03:49:23,2026-09-30 06:37:30,2026-09-30 18:24:47
Waltham,US,United States,42.3889,-71.2423,Clouds,overcast clouds,16.53,16.56,15.43,17.29,1016,89,1016,1008,10000,2.06,100,2026-09-29,21:49:24,2026-09-29 06:39:42,2026-09-29 18:30:46
Coatesville,US,United States,39.9849,-75.82,Clouds,overcast clouds,16.67,16.82,15.4,18.05,1018,93,1018,995,10000,0.0,100,2026-09-29,21:49:26,2026-09-29 06:57:27,2026-09-29 18:49:37
Comé,BJ,Benin,6.5167,1.95,Clouds,overcast clouds,23.77,24.6,23.77,23.77,1014,92,1014,1011,10000,2.04,99,2026-09-30,02:49:28,2026-09-30 06:40:06,2026-09-30 18:44:16
Nandyāl,IN,India,15.2436,78.605,Clear,clear sky,27.68,30.42,27.68,27.68,1013,73,1013,983,10000,1.44,0,2026-09-30,07:19:30,2026-09-30 06:05:07,2026-09-30 18:06:10
Bargarh,IN,India,21.339,83.731,Clouds,scattered clouds,24.95,25.64,24.95,24.95,1013,82,1013,992,10000,1.2,47,2026-09-30,07:19:32,2026-09-30 05:45:45,2026-09-30 17:44:32
Zhubei,TW,Taiwan,24.9167,121.0,Clear,clear sky,30.56,34.16,30.54,33.03,1012,61,1012,1014,10000,3.15,10,2026-09-30,09:49:34,2026-09-30 05:47:20,2026-09-30 17:44:52
Burlington,US,United States,44.4876,-73.2316,Clouds,overcast clouds,12.8,12.62,12.14,13.52,1018,95,1018,1013,10000,0.0,100,2026-09-29,21:49:36,2026-09-29 06:48:11,2026-09-29 18:38:11
Naval,PH,Philippines,11.5833,124.45,Clouds,scattered clouds,29.09,32.55,29.09,29.09,1014,68,1014,993,10000,0.9,45,2026-09-30,09:49:38,2026-09-30 05:31:04,2026-09-30 17:33:32
Brazzavile Department,CG,Congo (Brazzaville),-4.2694,15.2711,Clouds,overcast clouds,24.05,24.55,24.05,25.02,1013,78,1013,978,10000,3.6,100,2026-09-30,02:49:40,2026-09-30 05:44:46,2026-09-30 17:53:04
Ingeniero Maschwitz,AR,Argentina,-34.3893,-58.7379,Clear,clear sky,14.1,13.65,13.3,14.94,1013,80,1013,1012,10000,5.14,1,2026-09-29,22:49:42,2026-09-29 06:34:30,2026-09-29 18:55:57
Gaozhou,CN,China,21.9135,110.8481,Clouds,few clouds,30.65,36.96,30.65,30.65,1013,71,1013,1006,10000,1.44,19,2026-09-30,09:49:44,2026-09-30 06:27:23,2026-09-30 18:26:01
Ghat,LY,Libya,24.555,9.4853,Clouds,overcast clouds,24.56,24.56,24.56,24.56,1020,57,1020,892,10000,2.25,85,2026-09-30,02:49:45,2026-09-30 06:13:26,2026-09-30 18:10:40
Colombo,BR,Brazil,-25.2919,-49.2239,Clouds,overcast clouds,18.05,18.39,16.45,18.51,1014,95,1014,902,10000,9.26,100,2026-09-29,22:49:47,2026-09-29 05:58:54,2026-09-29 18:15:27
Clinton,US,United States,38.7499,-76.9063,Clear,clear sky,18.71,18.91,16.99,20.68,1018,87,1018,1013,10000,1.03,3,2026-09-29,21:49:49,2026-09-29 07:01:31,2026-09-29 18:54:14
Kanija Bhavan,IN,India,13.0333,77.55,Clouds,broken clouds,21.56,22.04,20.72,22.23,1016,87,1016,917,10000,4.12,57,2026-09-30,07:19:51,2026-09-30 06:08:56,2026-09-30 18:10:47
Sébikhotane,SN,Senegal,14.7199,-17.1842,Clear,clear sky,27.42,33.38,27.42,27.42,1014,100,1014,1013,10000,3.6,4,2026-09-30,01:49:53,2026-09-30 06:58:12,2026-09-30 18:59:13
Zernograd,RU,Russia,46.85,40.3,Clouds,overcast clouds,13.21,12.0,13.1,13.88,1022,54,1022,1014,10000,4.11,100,2026-09-30,04:49:55,2026-09-30 06:15:35,2026-09-30 18:02:04
Kunnamangalam,IN,India,11.3583,75.8986,Clouds,broken clouds,25.4,26.24,25.4,25.4,1014,86,1014,994,10000,0.79,83,2026-09-30,07:19:57,2026-09-30 06:15:14,2026-09-30 18:17:42
Marovoay,MG,Madagascar,-16.1333,46.4,Clear,clear sky,23.49,23.64,23.49,23.49,1017,67,1017,1016,10000,3.62,0,2026-09-30,04:49:59,2026-09-30 05:37:49,2026-09-30 17:51:02
Musiri,IN,India,10.8692,78.5392,Clouds,scattered clouds,29.03,33.77,29.03,29.03,1013,75,1013,1003,10000,4.87,44,2026-09-30,07:20:01,2026-09-30 06:04:35,2026-09-30 18:07:14
Colwell,CA,Canada,44.25,-79.7833,Clouds,broken clouds,15.37,15.23,15.17,15.78,1017,87,1017,991,10000,3.33,54,2026-09-29,21:50:03,2026-09-29 07:14:21,2026-09-29 19:04:25
Nacogdoches,US,United States,31.6134,-94.6528,Clouds,few clouds,29.05,30.24,25.72,29.05,1011,54,1011,997,10000,0.0,21,2026-09-29,20:50:05,2026-09-29 07:11:03,2026-09-29 19:06:39
Camp Lake,US,United States,42.5366,-88.1306,Clouds,overcast clouds,18.24,18.13,17.64,19.6,1013,77,1013,984,10000,2.57,100,2026-09-29,20:50:06,2026-09-29 06:47:20,2026-09-29 18:38:12
Paula Cândido,BR,Brazil,-20.8739,-42.98,Rain,light rain,23.27,23.48,23.27,23.27,1014,70,1014,935,10000,0.29,94,2026-09-29,22:50:08,2026-09-29 05:34:57,2026-09-29 17:49:28
Malden,US,United States,42.4305,-71.0576,Clouds,overcast clouds,16.62,16.66,15.53,17.39,1016,89,1016,1011,10000,2.06,100,2026-09-29,21:50:10,2026-09-29 06:38:58,2026-09-29 18:30:01
San Giorgio a Cremano,IT,Italy,40.8333,14.3333,Clouds,few clouds,17.21,16.87,17.21,17.84,1024,72,1024,1019,10000,1.54,11,2026-09-30,03:50:12,2026-09-30 06:57:47,2026-09-30 18:47:33
Crestwood,US,United States,38.5569,-90.3783,Clouds,overcast clouds,23.08,22.72,20.97,24.86,1013,49,1013,993,10000,2.06,99,2026-09-29,20:50:14,2026-09-29 06:55:24,2026-09-29 18:48:07
Jalalpur Jattan,PK,Pakistan,32.6419,74.2033,Clear,clear sky,20.92,21.37,20.92,21.62,1011,88,1011,984,10000,0.0,0,2026-09-30,06:50:16,2026-09-30 05:56:11,2026-09-30 17:50:18
Wallington,US,United States,40.8536,-74.1069,Clouds,broken clouds,18.12,18.0,17.06,18.96,1017,77,1017,1010,10000,4.63,62,2026-09-29,21:50:17,2026-09-29 06:50:48,2026-09-29 18:42:35
Celle,DE,Germany,52.6256,10.0825,Clouds,broken clouds,14.45,13.8,13.96,14.98,1021,71,1021,1017,10000,3.14,77,2026-09-30,03:50:19,2026-09-30 07:18:38,2026-09-30 19:00:42
San Mateo,PH,Philippines,17.1356,121.735,Clouds,overcast clouds,29.4,35.4,29.4,29.4,1014,78,1014,1009,10000,0.7,96,2026-09-30,09:50:21,2026-09-30 05:42:56,2026-09-30 17:43:23
Taguing,PH,Philippines,17.9347,121.7733,Clouds,broken clouds,29.47,35.35,29.47,29.47,1014,77,1014,1004,10000,2.17,75,2026-09-30,09:50:23,2026-09-30 05:42:56,2026-09-30 17:43:05
Chapayevsk,RU,Russia,52.9771,49.7053,Clear,clear sky,6.56,5.05,6.56,6.56,1028,85,1028,1022,10000,2.14,10,2026-09-30,05:50:25,2026-09-30 06:40:05,2026-09-30 18:22:20
Laichingen,DE,Germany,48.4897,9.6861,Clear,clear sky,12.43,11.9,12.32,12.43,1021,83,1021,934,10000,1.03,3,2026-09-30,03:50:27,2026-09-30 07:18:42,2026-09-30 19:03:48
Ipil,PH,Philippines,7.6583,122.4639,Clouds,scattered clouds,28.86,32.6,28.86,28.86,1014,71,1014,996,10000,1.89,29,2026-09-30,09:50:29,2026-09-30 05:38:19,2026-09-30 17:42:11
Ōmagari,JP,Japan,39.4531,140.4754,Clear,clear sky,20.42,20.14,20.42,20.42,1016,62,1016,1011,10000,0.22,0,2026-09-30,10:50:31,2026-09-30 05:32:31,2026-09-30 17:23:55
Bobadela,PT,Portugal,38.8066,-9.0973,Rain,moderate rain,22.32,22.91,21.05,22.75,1016,88,1016,992,3889,6.17,100,2026-09-30,02:50:33,2026-09-30 07:31:02,2026-09-30 19:21:42
Mar de Espanha,BR,Brazil,-21.8669,-43.01,Clouds,broken clouds,23.08,23.69,23.08,23.08,1012,86,1012,954,10000,2.0,71,2026-09-29,22:50:36,2026-09-29 05:34:51,2026-09-29 17:49:48
Segovia,ES,Spain,40.9481,-4.1183,Clouds,overcast clouds,19.09,18.67,19.09,19.09,1017,62,1017,916,10000,4.89,94,2026-09-30,03:50:38,2026-09-30 08:11:41,2026-09-30 20:01:14
Puerto Wanda,AR,Argentina,-25.9693,-54.5697,Clouds,overcast clouds,22.43,23.03,22.43,22.43,1010,88,1010,984,10000,2.11,94,2026-09-29,22:50:40,2026-09-29 06:20:07,2026-09-29 18:37:00
Timbiras,BR,Brazil,-4.255,-43.9408,Clear,clear sky,26.82,28.71,26.82,26.82,1012,72,1012,1002,10000,2.62,1,2026-09-29,22:50:42,2026-09-29 05:42:00,2026-09-29 17:50:06
Kiunga,PG,Papua New Guinea,-5.275,141.2264,Rain,light rain,25.86,26.62,25.86,25.86,1017,81,1017,899,10000,1.83,68,2026-09-30,11:50:44,2026-09-30 06:20:55,2026-09-30 18:29:31
Pulivendla,IN,India,14.3667,78.4667,Clouds,broken clouds,27.85,30.01,27.85,27.85,1013,67,1013,979,10000,1.05,64,2026-09-30,07:20:46,2026-09-30 06:05:31,2026-09-30 18:06:53
Shendi,SD,Sudan,16.6914,33.4339,Clear,clear sky,29.09,27.95,29.09,29.09,1008,30,1008,967,10000,0.26,5,2026-09-30,03:50:48,2026-09-30 05:36:05,2026-09-30 17:36:29
Anyang-si,KR,"Korea, South",37.3925,126.9269,Clear,clear sky,23.76,23.73,22.66,23.76,1014,59,1014,1007,10000,2.68,0,2026-09-30,10:48:19,2026-09-30 06:26:15,2026-09-30 18:18:32
Villa Elisa,PY,Paraguay,-25.3797,-57.6097,Rain,light rain,22.05,22.71,21.93,22.05,1010,92,1010,1000,10000,6.17,100,2026-09-29,22:50:52,2026-09-29 06:32:24,2026-09-29 18:49:02
Villacidro,IT,Italy,39.4578,8.7424,Clouds,overcast clouds,20.79,20.86,20.79,20.79,1023,74,1023,997,10000,2.2,100,2026-09-30,03:50:54,2026-09-30 07:19:48,2026-09-30 19:10:15
Kharhiāl,IN,India,20.2885,82.7606,Clouds,few clouds,24.68,25.08,24.68,24.68,1014,72,1014,981,10000,0.81,16,2026-09-30,07:20:57,2026-09-30 05:49:26,2026-09-30 17:48:36
Eslöv,SE,Sweden,55.8386,13.2999,Clouds,overcast clouds,14.5,14.38,13.69,14.52,1028,91,1028,1021,10000,3.81,100,2026-09-30,03:50:59,2026-09-30 07:07:07,2026-09-30 18:46:29
Issum,DE,Germany,51.5389,6.4236,Clouds,broken clouds,17.43,17.0,16.06,18.83,1017,68,1017,1014,10000,3.97,60,2026-09-30,03:51:01,2026-09-30 07:32:51,2026-09-30 19:15:44
Erköklü,TR,Turkey,37.8617,41.1442,Clouds,scattered clouds,13.79,13.37,13.79,13.79,1015,82,1015,939,10000,2.57,49,2026-09-30,04:51:04,2026-09-30 06:09:42,2026-09-30 18:01:12
Espartinas,ES,Spain,37.3815,-6.1259,Clouds,scattered clouds,20.86,21.35,20.39,21.38,1017,90,1017,1010,10000,1.79,28,2026-09-30,03:51:06,2026-09-30 08:18:47,2026-09-30 20:10:11
Messaad,DZ,Algeria,34.1766,3.601,Clouds,overcast clouds,18.92,18.41,18.92,18.92,1022,59,1022,924,10000,1.4,90,2026-09-30,02:51:08,2026-09-30 06:39:04,2026-09-30 18:32:06
Caconda,AO,Angola,-13.7667,15.0833,Clear,clear sky,16.25,16.1,16.25,16.25,1017,83,1017,850,10000,1.18,9,2026-09-30,02:51:10,2026-09-30 05:43:33,2026-09-30 17:55:47
Bolgártelep,HU,Hungary,47.6092,19.1928,Clear,clear sky,15.85,14.93,14.82,16.04,1029,55,1029,1010,10000,4.12,0,2026-09-30,03:51:12,2026-09-30 06:40:20,2026-09-30 18:26:08
Troyan Municipality,BG,Bulgaria,42.8915,24.7105,Clouds,overcast clouds,11.97,11.83,11.97,11.97,1029,100,1029,969,10000,0.19,96,2026-09-30,04:51:14,2026-09-30 07:16:49,2026-09-30 19:05:31
Vişeu de Sus,RO,Romania,47.7111,24.4264,Clear,clear sky,6.67,5.99,6.67,6.67,1033,84,1033,960,10000,1.39,0,2026-09-30,04:51:16,2026-09-30 07:19:25,2026-09-30 19:05:11
Kampli,IN,India,15.4063,76.6001,Clouds,overcast clouds,25.49,26.11,25.49,25.49,1014,77,1014,962,10000,2.5,93,2026-09-30,07:21:19,2026-09-30 06:13:10,2026-09-30 18:14:09
Parma,US,United States,41.3843,-81.7286,Clouds,scattered clouds,14.58,14.23,13.08,16.15,1017,82,1017,992,10000,0.89,40,2026-09-29,21:51:21,2026-09-29 07:21:26,2026-09-29 19:12:54
Hamza,UZ,Uzbekistan,40.4264,71.4956,Clear,clear sky,18.08,16.88,18.08,18.08,1015,36,1015,964,10000,2.3,8,2026-09-30,06:51:22,2026-09-30 06:08:52,2026-09-30 17:59:16
Recife,BR,Brazil,-8.0539,-34.8808,Clouds,overcast clouds,27.02,29.23,27.02,27.02,1016,74,1016,1013,10000,4.12,100,2026-09-29,22:51:24,2026-09-29 05:05:06,2026-09-29 17:14:33
Quezon City,PH,Philippines,14.6172,121.0361,Clouds,scattered clouds,31.23,38.23,30.5,32.14,1013,72,1013,1012,10000,4.02,44,2026-09-30,09:51:26,2026-09-30 05:45:16,2026-09-30 17:46:39
San Sebastián Yutanino,MX,Mexico,16.6167,-97.5,Clouds,overcast clouds,17.81,18.07,17.81,17.81,1014,93,1014,893,10000,0.02,99,2026-09-29,19:51:28,2026-09-29 06:19:44,2026-09-29 18:20:44
Provincia de Matanzas,CU,Cuba,22.6761,-81.1156,Clouds,overcast clouds,23.84,24.84,23.84,23.84,1015,98,1015,1013,10000,1.47,99,2026-09-29,21:51:30,2026-09-29 07:15:14,2026-09-29 19:14:12
San José Acatempa,GT,Guatemala,14.2667,-90.1333,Clouds,broken clouds,17.31,17.58,17.31,17.31,1014,95,1014,895,6917,0.12,68,2026-09-29,19:51:32,2026-09-29 05:49:52,2026-09-29 17:51:41
Starodubskoye,RU,Russia,44.6186,44.0931,Clouds,overcast clouds,14.31,13.7,14.31,14.31,1019,73,1019,1002,10000,2.42,100,2026-09-30,04:51:34,2026-09-30 05:59:43,2026-09-30 17:47:35
Uckfield,GB,United Kingdom,50.97,0.1,Clouds,overcast clouds,20.53,20.86,19.96,21.24,1009,85,1009,1001,10000,2.24,100,2026-09-30,02:51:36,2026-09-30 06:57:58,2026-09-30 18:41:13
Harderwijk,NL,Netherlands,52.3506,5.6172,Clouds,broken clouds,17.54,17.2,15.93,18.35,1016,71,1016,1016,10000,3.28,80,2026-09-30,03:51:38,2026-09-30 07:36:24,2026-09-30 19:18:39
Kundla,IN,India,21.3422,71.3063,Clear,clear sky,24.92,25.58,24.92,24.92,1014,81,1014,993,10000,3.25,0,2026-09-30,07:21:40,2026-09-30 06:35:28,2026-09-30 18:34:12
Sāhibganj,IN,India,25.2443,87.6348,Clouds,scattered clouds,27.59,30.6,27.59,27.59,1011,76,1011,1002,10000,2.31,33,2026-09-30,07:21:42,2026-09-30 05:30:54,2026-09-30 17:28:10
Garden City,US,United States,42.3244,-83.3412,Clouds,overcast clouds,17.1,16.72,14.81,18.26,1016,71,1016,989,10000,2.06,86,2026-09-29,21:51:44,2026-09-29 07:28:07,2026-09-29 19:19:07
Goshen,US,United States,41.3817,-74.3498,Clouds,few clouds,15.33,15.24,14.66,16.08,1018,89,1018,996,10000,0.0,23,2026-09-29,21:51:46,2026-09-29 06:51:54,2026-09-29 18:43:25
Manavālakurichi,IN,India,8.1312,77.3067,Clouds,overcast clouds,27.56,32.24,27.56,27.56,1013,89,1013,1012,10000,5.74,100,2026-09-30,07:21:48,2026-09-30 06:09:01,2026-09-30 18:12:39
Soacha,CO,Colombia,4.5781,-74.2144,Rain,light rain,16.26,15.98,15.84,16.58,1017,78,1017,741,10000,1.86,92,2026-09-29,20:51:50,2026-09-29 05:44:34,2026-09-29 17:49:40
Alīpur,IN,India,28.85,77.1,Clear,clear sky,25.96,25.96,25.96,25.96,1011,71,1011,987,10000,2.16,0,2026-09-30,07:21:52,2026-09-30 06:13:47,2026-09-30 18:09:32
Turiaçu,BR,Brazil,-1.7028,-45.1339,Clouds,few clouds,25.57,26.27,25.57,25.57,1012,80,1012,1010,10000,2.77,21,2026-09-29,22:51:54,2026-09-29 05:47:12,2026-09-29 17:54:26
Villa Hermosa,CO,Colombia,4.7314,-74.4365,Clouds,overcast clouds,19.88,19.93,19.88,19.88,1015,77,1015,811,10000,1.93,100,2026-09-29,20:51:56,2026-09-29 05:45:29,2026-09-29 17:50:32
San Julian,PH,Philippines,11.7536,125.4558,Clouds,broken clouds,29.59,34.06,29.59,29.59,1013,70,1013,1004,10000,2.21,58,2026-09-30,09:51:58,2026-09-30 05:27:05,2026-09-30 17:29:29
Kushchëvskaya,RU,Russia,46.55,39.6667,Clouds,overcast clouds,13.54,12.39,13.54,13.54,1021,55,1021,1017,10000,4.64,99,2026-09-30,04:52:00,2026-09-30 06:18:02,2026-09-30 18:04:41
Saint Albans,US,United States,38.3769,-81.8198,Clear,clear sky,15.65,15.75,14.05,16.42,1018,95,1018,989,10000,2.48,0,2026-09-29,21:52:02,2026-09-29 07:21:06,2026-09-29 19:13:57
Cristinápolis,BR,Brazil,-11.4756,-37.7553,Clear,clear sky,22.63,23.38,22.63,22.63,1016,93,1016,1003,10000,2.49,0,2026-09-29,22:52:04,2026-09-29 05:15:57,2026-09-29 17:26:40
Perambalur,IN,India,11.236,78.8005,Rain,light rain,28.38,32.55,28.38,28.38,1013,77,1013,990,10000,1.46,34,2026-09-30,07:22:06,2026-09-30 06:03:36,2026-09-30 18:06:07
Traversetolo,IT,Italy,44.6399,10.3818,Clouds,scattered clouds,16.77,16.51,16.77,16.77,1025,77,1025,992,10000,0.47,40,2026-09-30,03:52:09,2026-09-30 07:14:41,2026-09-30 19:02:15
Portici,IT,Italy,40.8197,14.3411,Clouds,few clouds,17.11,16.76,17.11,17.74,1023,72,1023,1019,10000,1.54,12,2026-09-30,03:52:10,2026-09-30 06:57:45,2026-09-30 18:47:31
Nordwalde,DE,Germany,52.0833,7.4833,Clouds,few clouds,16.57,16.14,15.57,17.97,1018,71,1018,1011,10000,1.54,11,2026-09-30,03:52:12,2026-09-30 07:28:49,2026-09-30 19:11:18
Lakhipur,IN,India,24.7928,92.951,Rain,light rain,25.06,26.13,25.06,25.06,1011,96,1011,1004,10000,1.39,100,2026-09-30,07:22:14,2026-09-30 05:09:32,2026-09-30 17:07:00
Colgong,IN,India,25.2133,87.2147,Clouds,few clouds,27.61,30.64,27.61,27.61,1011,76,1011,1006,10000,2.23,17,2026-09-30,07:22:16,2026-09-30 05:32:34,2026-09-30 17:29:51
Madukkarai,IN,India,10.9057,76.9634,Clouds,scattered clouds,25.34,26.23,25.34,25.34,1015,88,1015,976,10000,2.57,48,2026-09-30,07:22:18,2026-09-30 06:10:53,2026-09-30 18:13:31
La Luz,ES,Spain,28.3667,-16.5167,Clear,clear sky,18.44,18.04,18.19,20.97,1018,65,1018,980,10000,0.89,0,2026-09-30,02:52:20,2026-09-30 07:58:17,2026-09-30 19:53:48
Minden,DE,Germany,52.2883,8.9167,Clouds,scattered clouds,20.1,19.26,18.57,20.1,1019,42,1019,1010,10000,4.12,39,2026-09-30,03:52:22,2026-09-30 07:23:10,2026-09-30 19:05:30
Mendefera,ER,Eritrea,14.8833,38.8167,Clear,clear sky,14.85,13.85,14.85,14.85,1017,56,1017,806,10000,1.37,1,2026-09-30,04:52:24,2026-09-30 06:14:13,2026-09-30 18:15:18
Tall Salḩab,SY,Syria,35.2609,36.3822,Clouds,scattered clouds,18.65,18.84,18.65,18.65,1015,87,1015,977,10000,0.17,36,2026-09-30,04:52:26,2026-09-30 06:28:08,2026-09-30 18:20:51
Bondoufle,FR,France,48.6133,2.3806,Clouds,overcast clouds,20.82,20.71,19.15,22.05,1014,67,1014,1004,10000,2.57,98,2026-09-30,03:52:28,2026-09-30 07:47:59,2026-09-30 19:32:57
Huichihuayan,MX,Mexico,21.5,-98.9,Clouds,overcast clouds,28.14,32.95,28.14,28.14,1008,83,1008,994,10000,1.11,97,2026-09-29,19:52:30,2026-09-29 06:26:11,2026-09-29 18:25:30
Américo Brasiliense,BR,Brazil,-21.7361,-48.1114,Clouds,few clouds,26.76,27.36,26.76,26.76,1011,53,1011,938,10000,1.16,12,2026-09-29,22:52:32,2026-09-29 05:55:16,2026-09-29 18:10:11
Linden,US,United States,40.6251,-74.2383,Clouds,overcast clouds,18.45,18.28,17.13,19.03,1017,74,1017,1009,10000,4.63,90,2026-09-29,21:52:34,2026-09-29 06:51:16,2026-09-29 18:43:09
Sopot,PL,Poland,54.4419,18.5478,Clouds,overcast clouds,11.7,11.38,10.42,12.71,1032,94,1032,1018,10000,0.51,100,2026-09-30,03:52:36,2026-09-30 06:45:28,2026-09-30 18:26:09
Siavonga,ZM,Zambia,-16.5181,28.7417,Rain,light rain,24.05,24.21,24.05,24.05,1018,65,1018,949,10000,7.11,100,2026-09-30,03:52:38,2026-09-30 05:48:20,2026-09-30 18:01:46
Magé,BR,Brazil,-22.6528,-43.0408,Rain,light rain,27.0,30.63,27.0,27.0,1011,89,1011,980,10000,1.59,98,2026-09-29,22:52:40,2026-09-29 05:34:48,2026-09-29 17:50:06
Pescantina,IT,Italy,45.4833,10.8667,Clouds,few clouds,13.87,13.45,13.87,19.4,1025,82,1025,1014,10000,2.06,11,2026-09-30,03:52:42,2026-09-30 07:13:00,2026-09-30 19:00:04
Arth,CH,Switzerland,47.0644,8.5242,Clouds,scattered clouds,14.71,14.43,13.0,15.14,1021,84,1021,952,10000,1.54,25,2026-09-30,03:52:44,2026-09-30 07:22:53,2026-09-30 19:08:55
Ingolstadt,DE,Germany,48.7631,11.425,Clouds,overcast clouds,9.9,9.9,8.96,10.75,1022,77,1022,977,10000,0.51,95,2026-09-30,03:52:46,2026-09-30 07:11:50,2026-09-30 18:56:46
Ryde,GB,United Kingdom,50.7271,-1.1618,Rain,moderate rain,19.81,20.09,19.3,20.89,1008,86,1008,1006,7329,2.24,100,2026-09-30,02:52:48,2026-09-30 07:02:56,2026-09-30 18:46:20
El Diamante,CO,Colombia,4.5672,-74.9533,Clouds,overcast clouds,25.8,26.0,25.8,25.8,1010,60,1010,934,10000,2.58,90,2026-09-29,20:52:50,2026-09-29 05:47:31,2026-09-29 17:52:37
Hyderabad,IN,India,17.3617,78.4747,Clouds,scattered clouds,23.19,23.86,23.19,23.68,1015,88,1015,951,10000,1.03,28,2026-09-30,07:22:52,2026-09-30 06:06:02,2026-09-30 18:06:17
Malanville,BJ,Benin,11.8667,3.3833,Clouds,overcast clouds,24.98,25.81,24.98,24.98,1013,87,1013,994,10000,3.98,97,2026-09-30,02:52:54,2026-09-30 06:35:23,2026-09-30 18:37:32
Belon'i Tsiribihina,MG,Madagascar,-19.7167,44.5833,Clouds,scattered clouds,22.57,23.08,22.57,22.57,1017,84,1017,1016,10000,0.97,43,2026-09-30,04:52:56,2026-09-30 05:44:16,2026-09-30 17:59:08
Itacarambi,BR,Brazil,-15.1019,-44.0919,Clear,clear sky,26.99,26.38,26.99,26.99,1012,29,1012,951,10000,1.56,3,2026-09-29,22:52:58,2026-09-29 05:40:36,2026-09-29 17:52:43
Amboasary,MG,Madagascar,-25.15,46.3167,Rain,light rain,18.9,18.93,18.9,18.9,1022,80,1022,989,10000,6.43,100,2026-09-30,04:53:01,2026-09-30 05:35:59,2026-09-30 17:53:33
Jacaraú,BR,Brazil,-6.6122,-35.2928,Clouds,scattered clouds,24.35,25.27,24.35,24.35,1015,93,1015,1002,10000,2.31,38,2026-09-29,22:53:03,2026-09-29 05:07:00,2026-09-29 17:15:56
San Martín,SV,El Salvador,13.7579,-88.9493,Clouds,overcast clouds,23.9,24.75,23.9,23.9,1012,92,1012,944,3760,1.91,99,2026-09-29,19:53:05,2026-09-29 05:45:03,2026-09-29 17:47:02
Odaka,JP,Japan,37.6422,140.9573,Clear,clear sky,21.04,20.92,21.04,21.04,1015,66,1015,999,10000,2.34,3,2026-09-30,10:53:07,2026-09-30 05:30:10,2026-09-30 17:22:25
Udangudi,IN,India,8.4815,77.9972,Clouds,overcast clouds,29.1,32.39,29.1,29.1,1012,67,1012,1011,10000,1.25,90,2026-09-30,07:23:09,2026-09-30 06:06:19,2026-09-30 18:09:50
Broek,BE,Belgium,50.8455,4.2862,Clouds,broken clouds,17.5,17.21,16.27,18.38,1015,73,1015,1009,10000,3.94,64,2026-09-30,03:53:11,2026-09-30 07:41:09,2026-09-30 19:24:32
Yogyakarta,ID,Indonesia,-7.8001,110.3926,Clouds,few clouds,28.03,32.65,27.4,30.51,1017,83,1017,995,10000,3.04,19,2026-09-30,08:43:30,2026-09-30 05:23:43,2026-09-30 17:33:20
Hakodate,JP,Japan,41.77,140.73,Clear,clear sky,19.16,18.78,19.16,19.16,1015,63,1015,1007,10000,3.09,1,2026-09-30,10:52:29,2026-09-30 05:32:05,2026-09-30 17:22:19
Vitim,RU,Russia,59.4433,112.5699,Clouds,overcast clouds,4.51,2.92,4.51,4.51,1024,61,1024,1000,10000,1.89,100,2026-09-30,10:53:17,2026-09-30 07:31:12,2026-09-30 19:08:25
Lenart v Slov. Goricah,SI,Slovenia,46.6076,15.7847,Clear,clear sky,7.9,7.9,7.17,7.9,1027,93,1027,996,10000,1.03,0,2026-09-30,03:53:18,2026-09-30 06:53:40,2026-09-30 18:40:04
Ciudad de Tlatlauquitepec,MX,Mexico,19.8514,-97.4961,Rain,light rain,18.95,19.3,18.95,18.95,1013,92,1013,830,10000,0.84,95,2026-09-29,19:53:20,2026-09-29 06:20:16,2026-09-29 18:20:10
Bafoulabé,ML,Mali,13.5939,-10.3775,Clouds,scattered clouds,26.33,26.33,26.33,26.33,1012,94,1012,990,10000,0.49,29,2026-09-30,01:53:22,2026-09-30 06:30:45,2026-09-30 18:32:13
Jhanjhārpur,IN,India,26.0504,86.218,Clear,clear sky,27.53,30.71,27.53,27.53,1011,78,1011,1005,10000,3.46,4,2026-09-30,07:23:24,2026-09-30 05:36:44,2026-09-30 17:33:40
Palani,IN,India,10.4504,77.5104,Clouds,scattered clouds,26.71,28.88,26.71,26.71,1015,77,1015,935,10000,0.95,45,2026-09-30,07:23:26,2026-09-30 06:08:37,2026-09-30 18:11:25
Tange Zhen,CN,China,34.5988,104.8963,Clouds,overcast clouds,11.96,10.6,11.96,11.96,1022,53,1022,796,10000,4.07,100,2026-09-30,09:53:29,2026-09-30 06:53:47,2026-09-30 18:47:13
Upper Saint Clair,US,United States,40.3336,-80.0842,Clear,clear sky,17.35,17.46,15.77,18.29,1018,89,1018,979,10000,2.06,2,2026-09-29,21:53:31,2026-09-29 07:14:36,2026-09-29 19:06:35
Hūn,LY,Libya,29.1268,15.9477,Clear,clear sky,19.94,19.87,19.94,19.94,1021,72,1021,990,10000,0.36,2,2026-09-30,03:53:33,2026-09-30 06:48:32,2026-09-30 18:43:53
Castellana Grotte,IT,Italy,40.8838,17.1679,Clear,clear sky,15.38,14.98,14.51,15.48,1024,77,1024,1010,10000,2.35,0,2026-09-30,03:53:35,2026-09-30 06:46:27,2026-09-30 18:36:13
Grimbergen,BE,Belgium,50.9103,4.3561,Clouds,broken clouds,16.69,16.45,15.86,18.43,1015,78,1015,1010,10000,3.85,61,2026-09-30,03:53:37,2026-09-30 07:40:54,2026-09-30 19:24:14
Qaraçuxur,AZ,Azerbaijan,40.3697,49.9825,Clouds,broken clouds,21.55,21.33,21.55,21.55,1015,60,1015,1012,10000,5.14,76,2026-09-30,05:53:40,2026-09-30 06:34:58,2026-09-30 18:25:14
Cumaru,BR,Brazil,-8.0058,-35.6969,Clouds,broken clouds,23.2,23.77,23.2,23.2,1016,84,1016,978,10000,2.95,84,2026-09-29,22:53:42,2026-09-29 05:08:22,2026-09-29 17:17:48
Port Elgin,CA,Canada,44.4333,-81.3833,Clouds,broken clouds,12.92,12.54,12.92,12.92,1015,87,1015,994,4287,3.34,84,2026-09-29,21:53:44,2026-09-29 07:20:48,2026-09-29 19:10:46
Loughborough,GB,United Kingdom,52.7725,-1.2078,Clouds,overcast clouds,19.75,20.05,19.38,20.43,1007,87,1007,996,10000,6.69,100,2026-09-30,02:53:46,2026-09-30 07:03:54,2026-09-30 18:45:44
Mohiuddinnagar,IN,India,25.5691,85.6441,Clouds,broken clouds,27.49,30.62,27.49,27.49,1011,78,1011,1005,10000,3.93,54,2026-09-30,07:23:48,2026-09-30 05:38:56,2026-09-30 17:36:03
Laudermarke,NL,Netherlands,52.8756,7.0597,Clouds,broken clouds,15.54,15.34,15.08,16.05,1017,84,1017,1017,10000,3.69,52,2026-09-30,03:53:50,2026-09-30 07:30:50,2026-09-30 19:12:41
Beni,CD,Congo (Kinshasa),0.4185,29.5507,Clouds,overcast clouds,19.46,19.84,19.46,19.46,1014,91,1014,917,10000,0.59,100,2026-09-30,03:53:52,2026-09-30 05:48:34,2026-09-30 17:55:03
Altadena,US,United States,34.1927,-118.1346,Clear,clear sky,26.22,26.22,23.77,28.15,1005,36,1005,900,10000,0.89,1,2026-09-29,18:53:54,2026-09-29 06:45:33,2026-09-29 18:39:58
Namakkal,IN,India,11.2388,78.1495,Rain,light rain,27.49,30.38,27.49,27.49,1014,76,1014,985,10000,1.2,99,2026-09-30,07:23:56,2026-09-30 06:06:12,2026-09-30 18:08:43
Zelenogorsk,RU,Russia,56.1,94.5833,Rain,light rain,6.26,3.74,6.26,6.26,1022,94,1022,1001,10000,3.42,100,2026-09-30,08:53:58,2026-09-30 06:41:39,2026-09-30 18:21:50
North Bellmore,US,United States,40.6904,-73.539,Clouds,overcast clouds,18.25,18.27,17.3,19.04,1017,82,1017,1013,10000,2.57,100,2026-09-29,21:54:00,2026-09-29 06:48:29,2026-09-29 18:40:21
Rānāpur,IN,India,22.647,74.5212,Clear,clear sky,23.95,24.18,23.95,23.95,1014,68,1014,972,10000,1.44,0,2026-09-30,07:24:02,2026-09-30 06:22:51,2026-09-30 18:21:05
Cajidiocan,PH,Philippines,12.3667,122.6833,Clouds,broken clouds,28.44,32.02,28.44,28.44,1014,73,1014,1007,10000,1.05,84,2026-09-30,09:54:04,2026-09-30 05:38:17,2026-09-30 17:40:28
Kodungallūr,IN,India,10.1862,76.2013,Clouds,overcast clouds,24.97,25.82,24.97,24.97,1014,88,1014,1014,10000,0.73,87,2026-09-30,07:24:06,2026-09-30 06:13:48,2026-09-30 18:16:42
Province des Banwa,BF,Burkina Faso,12.0804,-4.189,Rain,light rain,25.36,25.99,25.36,25.36,1012,78,1012,977,10000,2.2,91,2026-09-30,01:54:08,2026-09-30 06:05:43,2026-09-30 18:07:46
Gölbaşı,TR,Turkey,39.7964,32.8064,Clouds,broken clouds,10.51,9.99,10.51,12.16,1019,91,1019,908,3705,0.23,53,2026-09-30,04:54:10,2026-09-30 06:43:34,2026-09-30 18:34:01
Nonoichi,JP,Japan,36.5194,136.6098,Clear,clear sky,20.82,20.76,20.82,20.82,1014,69,1014,1000,10000,2.41,0,2026-09-30,10:54:11,2026-09-30 05:47:18,2026-09-30 17:40:03
Wake,JP,Japan,34.8029,134.1575,Clear,clear sky,21.45,21.35,21.45,21.45,1013,65,1013,999,10000,0.62,0,2026-09-30,10:54:13,2026-09-30 05:56:44,2026-09-30 17:50:14
Margate,GB,United Kingdom,51.3881,1.4046,Clouds,overcast clouds,18.75,18.87,18.7,21.01,1011,84,1011,1011,10000,6.48,89,2026-09-30,02:54:15,2026-09-30 06:52:54,2026-09-30 18:35:50
Bahía Blanca,AR,Argentina,-38.7182,-62.2673,Rain,heavy intensity rain,10.46,9.75,8.27,10.46,1017,84,1017,1014,10000,2.57,100,2026-09-29,22:54:17,2026-09-29 06:47:14,2026-09-29 19:11:27
San Cristóbal de las Casas,MX,Mexico,16.737,-92.6376,Clouds,scattered clouds,14.91,14.81,14.91,14.91,1017,90,1017,771,10000,0.44,43,2026-09-29,19:54:19,2026-09-29 06:00:18,2026-09-29 18:01:17
Jāsim,SY,Syria,33.05,36.0,Clouds,broken clouds,16.7,16.67,16.7,16.7,1017,86,1017,915,7437,1.83,70,2026-09-30,04:54:22,2026-09-30 06:29:09,2026-09-30 18:22:53
Ampopohona,MG,Madagascar,-21.419,47.207,Clouds,broken clouds,15.07,15.01,15.07,15.07,1022,91,1022,900,10000,1.6,83,2026-09-30,04:54:23,2026-09-30 05:33:22,2026-09-30 17:49:02
Dhamtari,IN,India,20.71,81.55,Clouds,few clouds,23.82,24.42,23.82,23.82,1014,83,1014,976,10000,0.66,11,2026-09-30,07:24:25,2026-09-30 05:54:22,2026-09-30 17:53:22
Alafaya,US,United States,28.528,-81.1868,Clouds,broken clouds,25.41,26.04,23.74,27.08,1016,78,1016,1012,10000,2.06,74,2026-09-29,21:54:27,2026-09-29 07:16:35,2026-09-29 19:13:25
Municipio Brion,VE,Venezuela,10.4286,-66.2717,Clouds,overcast clouds,23.62,24.54,23.62,23.62,1014,96,1014,948,2400,1.52,99,2026-09-29,21:54:29,2026-09-29 06:13:47,2026-09-29 18:16:56
Srivilliputhur,IN,India,9.6353,77.6389,Clouds,broken clouds,27.98,30.37,27.98,27.98,1013,68,1013,975,10000,1.07,52,2026-09-30,07:24:31,2026-09-30 06:07:57,2026-09-30 18:11:03
Valls,ES,Spain,41.2883,1.2508,Clouds,overcast clouds,21.12,21.66,19.99,22.23,1019,91,1019,961,2549,1.54,95,2026-09-30,03:54:33,2026-09-30 07:50:17,2026-09-30 19:39:42
Iwanai,JP,Japan,42.9798,140.5146,Clouds,scattered clouds,19.37,18.64,19.37,19.37,1015,49,1015,986,10000,2.08,40,2026-09-30,10:54:35,2026-09-30 05:33:16,2026-09-30 17:22:51
Chinique,GT,Guatemala,15.0411,-91.0269,Clouds,broken clouds,15.26,15.35,15.26,15.26,1016,96,1016,811,10000,0.48,65,2026-09-29,19:54:37,2026-09-29 05:53:34,2026-09-29 17:55:08
Richland,US,United States,46.2824,-119.2939,Clouds,broken clouds,22.03,21.75,20.86,22.99,1010,56,1010,997,10000,5.14,57,2026-09-29,18:54:39,2026-09-29 06:53:04,2026-09-29 18:41:43
Susner,IN,India,23.9467,76.0882,Clear,clear sky,23.44,23.67,23.44,23.44,1014,70,1014,965,10000,3.08,3,2026-09-30,07:24:41,2026-09-30 06:16:50,2026-09-30 18:14:34
Yanahuanca,PE,Peru,-10.4914,-76.5136,Rain,light rain,9.12,9.12,9.12,9.12,1018,68,1018,622,10000,0.62,74,2026-09-29,20:54:43,2026-09-29 05:51:06,2026-09-29 18:01:31
Alimodian,PH,Philippines,10.8196,122.4322,Clouds,scattered clouds,29.77,34.04,29.77,29.77,1014,68,1014,993,10000,1.04,37,2026-09-30,09:54:44,2026-09-30 05:39:00,2026-09-30 17:41:45
Anspach,DE,Germany,50.3003,8.5072,Clouds,broken clouds,15.22,14.34,12.72,16.98,1020,59,1020,970,10000,3.18,80,2026-09-30,03:54:46,2026-09-30 07:24:03,2026-09-30 19:07:53
Gemeente Capelle aan den IJssel,NL,Netherlands,51.9656,4.6083,Clouds,broken clouds,17.24,17.06,16.16,18.94,1015,78,1015,1016,10000,3.09,75,2026-09-30,03:54:48,2026-09-30 07:40:17,2026-09-30 19:22:50
Oku-ikutahara,JP,Japan,43.7884,143.6152,Clouds,broken clouds,15.13,14.19,15.13,15.13,1015,57,1015,977,10000,3.97,81,2026-09-30,10:54:50,2026-09-30 05:21:04,2026-09-30 17:10:15
Kamo,JP,Japan,37.6663,139.0402,Clear,clear sky,22.69,22.61,22.69,22.69,1014,61,1014,1005,10000,1.69,0,2026-09-30,10:54:52,2026-09-30 05:37:50,2026-09-30 17:30:05
Amuntai,ID,Indonesia,-1.719,114.8448,Clear,clear sky,34.84,38.16,34.84,34.84,1013,44,1013,1011,10000,0.38,0,2026-09-30,08:54:54,2026-09-30 05:07:04,2026-09-30 17:14:22
Pehowa,IN,India,29.98,76.58,Clear,clear sky,23.74,23.89,23.74,23.74,1011,66,1011,983,10000,2.05,0,2026-09-30,07:24:56,2026-09-30 06:16:06,2026-09-30 18:11:23
Lattes,FR,France,43.5678,3.9021,Rain,moderate rain,21.66,22.44,21.66,21.98,1019,98,1019,1008,1000,11.32,100,2026-09-30,03:54:58,2026-09-30 07:40:19,2026-09-30 19:28:27
Sbiba,TN,Tunisia,35.5433,9.0736,Clear,clear sky,17.07,17.08,17.07,17.07,1023,86,1023,939,10000,0.87,5,2026-09-30,02:55:00,2026-09-30 06:17:30,2026-09-30 18:09:54
Al Mikhlāf,SA,Saudi Arabia,18.5333,44.2,Clear,clear sky,23.41,22.33,23.41,23.41,1014,20,1014,874,10000,2.31,0,2026-09-30,04:55:02,2026-09-30 05:53:22,2026-09-30 17:53:05
Penne,IT,Italy,42.45,13.9167,Clouds,few clouds,16.9,16.84,13.33,16.94,1025,84,1025,986,9808,0.76,24,2026-09-30,03:55:04,2026-09-30 06:59:54,2026-09-30 18:48:46
Sun City,US,United States,33.6165,-112.2819,Clear,clear sky,24.66,24.51,23.44,25.58,1002,51,1002,960,10000,4.0,6,2026-09-29,18:55:06,2026-09-29 06:22:00,2026-09-29 18:16:42
Chāh Gachī,IR,Iran,27.4761,52.6075,Clear,clear sky,28.99,35.61,28.99,28.99,1009,84,1009,965,10000,2.06,0,2026-09-30,05:25:08,2026-09-30 05:51:30,2026-09-30 17:47:43
Kilmore,AU,Australia,-37.2833,144.95,Clouds,overcast clouds,18.39,17.83,17.39,19.02,1020,59,1020,977,10000,5.49,100,2026-09-30,11:55:10,2026-09-30 05:58:11,2026-09-30 18:22:28
Lūnāvāda,IN,India,23.1895,73.8928,Clear,clear sky,25.23,25.45,25.23,25.23,1014,63,1014,995,10000,0.32,0,2026-09-30,07:25:12,2026-09-30 06:25:28,2026-09-30 18:23:30
Suponevo,RU,Russia,53.2056,34.3111,Clear,clear sky,5.11,5.11,5.11,5.11,1034,93,1034,1014,10000,1.15,2,2026-09-30,04:55:14,2026-09-30 06:41:50,2026-09-30 18:23:43
Chichaoua,MA,Morocco,31.8,-8.7167,Clear,clear sky,21.62,21.2,21.62,21.62,1017,52,1017,984,10000,1.5,0,2026-09-30,01:55:16,2026-09-30 06:27:49,2026-09-30 18:21:52
Tetiiv,UA,Ukraine,49.3708,29.69,Clear,clear sky,6.79,5.52,6.79,6.79,1034,94,1034,1007,10000,1.93,0,2026-09-30,04:55:18,2026-09-30 06:58:54,2026-09-30 18:43:36
Kut,IQ,Iraq,32.5128,45.8182,Clear,clear sky,26.01,26.01,26.01,26.01,1012,41,1012,1010,10000,3.06,10,2026-09-30,04:55:20,2026-09-30 05:49:45,2026-09-30 17:43:46
Djenné,ML,Mali,13.7947,-4.3961,Clouds,overcast clouds,25.59,26.55,25.59,25.59,1012,90,1012,981,10000,3.06,100,2026-09-30,01:55:22,2026-09-30 06:06:52,2026-09-30 18:08:16
Ħamrun,MT,Malta,35.8847,14.4844,Clouds,scattered clouds,20.81,21.4,20.27,20.81,1022,94,1022,1018,10000,1.54,36,2026-09-30,03:55:24,2026-09-30 06:55:55,2026-09-30 18:48:12
Restrepo,CO,Colombia,3.9311,-76.4864,Rain,light rain,15.47,15.14,15.47,15.47,1014,79,1014,828,3146,1.74,100,2026-09-29,20:55:26,2026-09-29 05:53:33,2026-09-29 17:58:51
La Ligua,CL,Chile,-32.4494,-71.2317,Clouds,scattered clouds,14.16,13.85,14.16,14.16,1020,85,1020,978,10000,0.92,28,2026-09-29,22:55:28,2026-09-29 07:25:00,2026-09-29 19:45:23
Malārd,IR,Iran,35.7525,50.9428,Clear,clear sky,15.18,13.82,15.18,15.18,1014,41,1014,867,10000,5.14,1,2026-09-30,05:25:29,2026-09-30 05:59:59,2026-09-30 17:52:33
Celje,SI,Slovenia,46.2291,15.2641,Clear,clear sky,10.9,10.19,9.79,11.61,1027,82,1027,985,10000,0.54,0,2026-09-30,03:55:31,2026-09-30 06:55:38,2026-09-30 18:42:16
Tres Arroyos,AR,Argentina,-38.3667,-60.2667,Clouds,overcast clouds,6.87,4.21,6.87,6.87,1016,97,1016,1002,10000,3.9,86,2026-09-29,22:55:33,2026-09-29 06:39:21,2026-09-29 19:03:19
Hayfan,YE,Yemen,13.3781,44.3039,Clear,clear sky,24.7,24.69,24.7,24.7,1014,56,1014,901,10000,0.41,6,2026-09-30,04:55:35,2026-09-30 05:51:59,2026-09-30 17:53:39
Carcarañá,AR,Argentina,-32.85,-61.15,Clouds,overcast clouds,13.67,13.08,13.67,13.67,1015,76,1015,1008,10000,3.13,100,2026-09-29,22:55:37,2026-09-29 06:44:36,2026-09-29 19:05:09
Supaul,IN,India,26.0785,86.6809,Clouds,overcast clouds,28.0,31.65,28.0,28.0,1010,77,1010,1004,10000,2.89,98,2026-09-30,07:25:39,2026-09-30 05:34:53,2026-09-30 17:31:49
Bijapur,IN,India,16.83,75.73,Clouds,broken clouds,26.29,26.29,26.29,26.29,1014,64,1014,947,10000,1.4,61,2026-09-30,07:25:41,2026-09-30 06:16:55,2026-09-30 18:17:22
Tuzi,ME,Montenegro,42.3656,19.3314,Clear,clear sky,19.88,19.02,19.88,19.88,1025,42,1025,1005,10000,4.12,0,2026-09-30,03:55:43,2026-09-30 06:38:12,2026-09-30 18:27:10
Errachidia,MA,Morocco,31.9304,-4.4231,Clear,clear sky,22.05,21.09,22.05,22.05,1023,30,1023,877,10000,3.09,0,2026-09-30,01:55:45,2026-09-30 06:10:40,2026-09-30 18:04:41
Ikeda,JP,Japan,34.8794,135.4092,Clear,clear sky,22.42,22.47,22.09,24.92,1013,67,1013,984,10000,2.57,0,2026-09-30,10:55:47,2026-09-30 05:51:44,2026-09-30 17:45:13
Belluno,IT,Italy,46.1408,12.2156,Clouds,few clouds,15.1,14.99,13.33,15.32,1026,89,1026,939,930,0.91,19,2026-09-30,03:55:49,2026-09-30 07:07:48,2026-09-30 18:54:28
Sakib,JO,Jordan,32.2843,35.8092,Clouds,few clouds,16.26,16.06,16.26,16.26,1017,81,1017,921,10000,0.15,16,2026-09-30,04:55:51,2026-09-30 06:29:45,2026-09-30 18:23:49
Ulu Tiram,MY,Malaysia,1.6,103.82,Rain,light rain,30.55,37.55,29.9,30.88,1014,77,1014,1010,10000,0.54,20,2026-09-30,09:55:53,2026-09-30 06:51:47,2026-09-30 18:57:50
Oer-Erkenschwick,DE,Germany,51.6422,7.2508,Clouds,few clouds,19.61,19.27,17.7,20.97,1018,63,1018,1010,10000,2.85,21,2026-09-30,03:55:55,2026-09-30 07:29:35,2026-09-30 19:12:24
Netanya,IL,Israel,32.3286,34.8567,Clouds,scattered clouds,26.06,26.06,22.84,26.06,1015,58,1015,1017,10000,3.62,50,2026-09-30,04:55:57,2026-09-30 06:33:34,2026-09-30 18:27:37
Entebbe,UG,Uganda,0.05,32.46,Clouds,overcast clouds,20.01,20.52,20.01,20.01,1013,94,1013,887,10000,0.0,100,2026-09-30,04:55:59,2026-09-30 06:36:52,2026-09-30 18:43:30
Pathānkot,IN,India,32.3684,75.6782,Clear,clear sky,22.17,22.17,22.17,22.17,1011,66,1011,971,10000,1.39,0,2026-09-30,07:26:01,2026-09-30 06:20:13,2026-09-30 18:14:28
Inezgane,MA,Morocco,30.05,-9.6833,Clear,clear sky,20.75,21.15,20.75,20.75,1016,87,1016,1016,10000,2.74,0,2026-09-30,01:56:02,2026-09-30 06:31:18,2026-09-30 18:26:07
Kisoro,UG,Uganda,-1.35,29.7,Clouds,overcast clouds,13.75,13.14,13.75,13.75,1016,75,1016,775,10000,1.07,100,2026-09-30,04:56:04,2026-09-30 06:47:38,2026-09-30 18:54:48
Olenyok,RU,Russia,68.5042,112.4472,Clouds,few clouds,-0.55,-5.76,-0.55,-0.55,1018,74,1018,1003,10000,5.27,19,2026-09-30,10:56:06,2026-09-30 07:38:08,2026-09-30 19:02:29
Pathanāmthitta,IN,India,9.2063,76.7835,Clouds,broken clouds,27.28,31.06,27.28,27.28,1014,86,1014,1007,10000,0.98,51,2026-09-30,07:26:08,2026-09-30 06:11:18,2026-09-30 18:14:33
Kousa,EG,Egypt,25.8604,32.7779,Clear,clear sky,25.06,24.69,25.06,25.06,1013,41,1013,999,10000,2.55,3,2026-09-30,04:56:10,2026-09-30 06:40:31,2026-09-30 18:37:18
Moita Bonita,BR,Brazil,-10.5778,-37.3428,Clear,clear sky,22.5,23.23,22.5,22.5,1016,93,1016,995,10000,2.37,2,2026-09-29,22:52:18,2026-09-29 05:14:29,2026-09-29 17:24:51
Miimachi-yoromi,JP,Japan,37.4363,137.2605,Clear,clear sky,23.07,23.1,23.07,23.07,1014,64,1014,1007,10000,2.97,1,2026-09-30,10:56:14,2026-09-30 05:44:55,2026-09-30 17:37:14
Canal Winchester,US,United States,39.8437,-82.8126,Clear,clear sky,16.55,16.45,14.88,18.05,1017,84,1017,990,10000,2.57,3,2026-09-29,21:56:16,2026-09-29 07:25:25,2026-09-29 19:17:36
Reguiba,DZ,Algeria,33.5642,6.7123,Clouds,scattered clouds,24.03,23.87,24.03,24.03,1020,53,1020,1015,10000,3.6,25,2026-09-30,02:56:18,2026-09-30 06:26:29,2026-09-30 18:19:48
San Vincente,PH,Philippines,13.4071,121.1769,Clouds,scattered clouds,30.13,35.86,30.13,30.13,1014,72,1014,1004,10000,2.82,36,2026-09-30,09:55:32,2026-09-30 05:44:29,2026-09-30 17:46:18
Toledo,ES,Spain,39.8667,-4.0333,Clouds,overcast clouds,22.28,22.0,22.28,22.28,1017,55,1017,957,10000,1.63,91,2026-09-30,03:56:22,2026-09-30 08:11:03,2026-09-30 20:01:11
Bāruni,IN,India,25.4487,85.9924,Clouds,overcast clouds,26.98,29.7,26.98,26.98,1011,80,1011,1006,10000,3.33,89,2026-09-30,07:26:24,2026-09-30 05:37:31,2026-09-30 17:34:41
Forres,GB,United Kingdom,57.608,-3.62,Rain,moderate rain,16.92,16.83,16.0,17.14,1004,83,1004,1000,10000,6.69,99,2026-09-30,02:56:26,2026-09-30 07:15:44,2026-09-30 18:53:11
Bento Gonçalves,BR,Brazil,-29.1708,-51.5189,Clouds,overcast clouds,16.95,16.76,16.95,16.98,1011,79,1011,947,10000,0.89,98,2026-09-29,22:56:28,2026-09-29 06:07:07,2026-09-29 18:25:36
Sosnovoborsk,RU,Russia,56.1333,93.3667,Rain,light rain,6.72,4.85,6.72,6.72,1023,94,1023,1002,10000,2.61,100,2026-09-30,08:56:30,2026-09-30 06:46:32,2026-09-30 18:26:41
Province de la Kossi,BF,Burkina Faso,13.5025,-3.7661,Clouds,broken clouds,23.76,24.8,23.76,23.76,1013,100,1013,975,10000,0.56,54,2026-09-30,01:56:32,2026-09-30 06:04:17,2026-09-30 18:05:48
Chakradharpur,IN,India,22.7,85.63,Clouds,few clouds,26.0,26.0,26.0,26.0,1013,83,1013,972,10000,1.55,18,2026-09-30,07:26:34,2026-09-30 05:38:25,2026-09-30 17:36:41
Sydney,AU,Australia,-33.8688,151.2093,Clouds,few clouds,25.45,25.17,22.6,27.27,1024,43,1024,1019,10000,5.14,23,2026-09-30,11:48:33,2026-09-30 05:34:18,2026-09-30 17:56:18
Tiruvannamalai,IN,India,12.1533,78.9473,Clouds,few clouds,27.53,30.83,27.53,27.53,1013,79,1013,990,10000,1.57,19,2026-09-30,07:26:38,2026-09-30 06:03:11,2026-09-30 18:05:22
Sītāmau,IN,India,24.0147,75.3532,Clear,clear sky,23.12,23.26,23.12,23.12,1014,68,1014,963,10000,3.05,0,2026-09-30,07:26:39,2026-09-30 06:19:48,2026-09-30 18:17:30
Watford,GB,United Kingdom,51.655,-0.3957,Rain,light rain,21.45,21.58,20.09,21.99,1009,74,1009,996,10000,4.63,99,2026-09-30,02:56:41,2026-09-30 07:00:13,2026-09-30 18:42:56
Heber,US,United States,40.507,-111.3986,Clear,clear sky,16.19,15.25,14.69,16.26,1011,53,1011,806,10000,0.45,9,2026-09-29,19:56:43,2026-09-29 07:19:59,2026-09-29 19:11:39
Pandharpur,IN,India,17.8653,75.2964,Rain,light rain,26.5,26.5,26.5,26.5,1014,63,1014,958,10000,2.58,44,2026-09-30,07:26:45,2026-09-30 06:18:51,2026-09-30 18:18:54
Mamungan,PH,Philippines,8.1167,124.2167,Clouds,few clouds,28.55,31.0,28.55,28.55,1014,65,1014,970,10000,1.49,19,2026-09-30,09:56:47,2026-09-30 05:31:23,2026-09-30 17:35:06
Bānsbāria,IN,India,22.9793,88.3748,Clouds,broken clouds,28.9,35.56,28.9,28.9,1011,85,1011,1010,10000,2.86,57,2026-09-30,07:26:49,2026-09-30 05:27:30,2026-09-30 17:25:39
Lynden,US,United States,48.9502,-122.4545,Clouds,broken clouds,12.88,12.63,12.1,13.86,1014,92,1014,1008,10000,2.57,64,2026-09-29,18:56:51,2026-09-29 07:06:30,2026-09-29 18:53:34
Kouoro,ML,Mali,12.0147,-5.7081,Clouds,scattered clouds,25.15,25.73,25.15,25.15,1012,77,1012,978,10000,1.66,49,2026-09-30,01:56:53,2026-09-30 06:11:47,2026-09-30 18:13:51
Kasamatsuchō,JP,Japan,35.3199,136.7033,Clouds,few clouds,25.05,25.39,25.05,25.05,1012,68,1012,1006,10000,0.2,12,2026-09-30,10:56:55,2026-09-30 05:46:39,2026-09-30 17:39:57
DeKalb,US,United States,41.928,-88.7506,Clouds,overcast clouds,19.12,18.65,17.64,20.01,1013,60,1013,982,10000,3.09,100,2026-09-29,20:48:17,2026-09-29 06:49:40,2026-09-29 18:40:50
Ráckeve,HU,Hungary,47.1608,18.9456,Clear,clear sky,12.84,12.03,12.84,12.84,1029,71,1029,1016,10000,2.1,0,2026-09-30,03:56:59,2026-09-30 06:41:11,2026-09-30 18:27:16
Nangavalli,IN,India,11.7523,77.8779,Clouds,overcast clouds,25.73,26.53,25.73,25.73,1015,83,1015,976,10000,0.49,100,2026-09-30,07:27:01,2026-09-30 06:07:23,2026-09-30 18:09:43
La Boca,PA,Panama,8.95,-79.55,Rain,light rain,27.86,32.66,26.67,28.01,1010,86,1010,1002,10000,3.6,77,2026-09-29,20:57:03,2026-09-29 06:06:38,2026-09-29 18:10:16
Nova Russas,BR,Brazil,-4.7,-40.5667,Clouds,few clouds,27.17,28.07,27.17,27.17,1013,57,1013,979,10000,3.66,15,2026-09-29,22:57:05,2026-09-29 05:28:26,2026-09-29 17:36:41
Butare,RW,Rwanda,-2.6,29.75,Clouds,overcast clouds,16.23,15.95,16.23,16.23,1015,78,1015,836,10000,0.86,100,2026-09-30,03:57:06,2026-09-30 05:47:11,2026-09-30 17:54:50
Roetgen,DE,Germany,50.65,6.2,Rain,light rain,19.82,19.29,19.82,21.28,1017,55,1017,972,10000,2.79,83,2026-09-30,03:57:08,2026-09-30 07:33:25,2026-09-30 19:16:58
Dejen,ET,Ethiopia,10.1667,38.1333,Clear,clear sky,11.07,9.69,11.07,11.07,1018,56,1018,764,10000,2.01,9,2026-09-30,04:57:10,2026-09-30 06:16:04,2026-09-30 18:18:55
Ponta Porã,BR,Brazil,-22.5361,-55.7256,Rain,moderate rain,21.01,21.33,21.01,21.01,1011,83,1011,945,8215,3.01,86,2026-09-29,21:57:12,2026-09-29 05:25:32,2026-09-29 17:40:50
Dagotière,MU,Mauritius,-20.25,57.55,Clouds,few clouds,16.86,17.08,16.86,18.43,1022,95,1022,970,10000,0.89,14,2026-09-30,05:57:14,2026-09-30 05:52:18,2026-09-30 18:07:23
Nova Timboteua,BR,Brazil,-1.2058,-47.3858,Clouds,few clouds,23.66,24.43,23.66,23.66,1012,90,1012,1008,10000,2.44,21,2026-09-29,22:57:16,2026-09-29 05:56:18,2026-09-29 18:03:21
Porto Viro,IT,Italy,45.0167,12.2167,Clouds,few clouds,15.74,15.77,15.74,15.74,1025,92,1025,1025,3057,0.55,23,2026-09-30,03:55:40,2026-09-30 07:07:27,2026-09-30 18:54:49
Mchinji,MW,Malawi,-13.8,32.8833,Clouds,overcast clouds,18.81,18.63,18.81,18.81,1018,72,1018,887,10000,2.96,100,2026-09-30,03:57:20,2026-09-30 05:32:23,2026-09-30 17:44:36
Friendly,US,United States,38.7339,-77.0069,Clear,clear sky,18.96,19.21,16.94,20.96,1018,88,1018,1013,10000,1.03,3,2026-09-29,21:57:22,2026-09-29 07:01:55,2026-09-29 18:54:39
Beruniy,UZ,Uzbekistan,41.6833,60.75,Clouds,scattered clouds,12.85,11.44,12.85,12.85,1014,48,1014,1003,10000,1.86,29,2026-09-30,06:57:24,2026-09-30 06:52:13,2026-09-30 18:41:52
Zunilito,GT,Guatemala,14.6167,-91.5167,Clouds,broken clouds,23.61,24.53,23.09,24.43,1014,96,1014,889,10000,0.16,83,2026-09-29,19:57:25,2026-09-29 05:55:27,2026-09-29 17:57:10
Imperatriz,BR,Brazil,-5.6008,-47.6378,Clouds,overcast clouds,25.64,25.2,25.64,25.64,1010,36,1010,991,10000,1.09,94,2026-09-29,22:57:27,2026-09-29 05:56:33,2026-09-29 18:05:08
Dursunbey,TR,Turkey,39.5878,28.6275,Rain,light rain,12.62,12.39,12.62,12.62,1021,94,1021,934,1029,2.28,98,2026-09-30,04:57:29,2026-09-30 07:00:15,2026-09-30 18:50:46
Maladzyechna,BY,Belarus,54.3136,26.8517,Clouds,broken clouds,8.08,8.08,8.08,8.08,1036,90,1036,1014,10000,0.71,60,2026-09-30,04:57:31,2026-09-30 07:12:10,2026-09-30 18:53:03
Ise,JP,Japan,34.4875,136.7093,Clouds,overcast clouds,21.17,21.61,21.16,21.71,1014,87,1014,1007,10000,1.79,100,2026-09-30,10:57:33,2026-09-30 05:46:27,2026-09-30 17:40:07
Temara,MA,Morocco,33.9234,-6.9076,Clear,clear sky,16.03,15.88,16.03,22.78,1017,84,1017,1016,10000,0.34,10,2026-09-30,01:57:35,2026-09-30 06:21:04,2026-09-30 18:14:09
Ugento,IT,Italy,39.9333,18.1667,Clear,clear sky,17.23,17.15,17.23,17.23,1023,82,1023,1015,10000,2.72,5,2026-09-30,03:57:37,2026-09-30 06:42:12,2026-09-30 18:32:28
Hlybokaye,BY,Belarus,55.1333,27.6833,Clouds,overcast clouds,9.79,8.62,9.79,9.79,1035,85,1035,1015,10000,2.43,98,2026-09-30,04:57:39,2026-09-30 07:09:11,2026-09-30 18:49:23
Smara,EH,,26.158,-10.567,Clear,clear sky,26.32,26.32,26.32,26.32,1015,39,1015,962,10000,3.48,0,2026-09-30,01:57:41,2026-09-30 06:34:00,2026-09-30 18:30:29
Ma’anshan,CN,China,31.6858,118.5101,Clouds,overcast clouds,21.51,22.17,21.51,21.51,1015,94,1015,1013,10000,1.7,100,2026-09-30,09:57:43,2026-09-30 05:58:40,2026-09-30 17:53:27
Shingū,JP,Japan,33.7338,136.0097,Clouds,overcast clouds,22.88,23.47,22.88,22.88,1012,86,1012,998,10000,3.42,100,2026-09-30,10:57:44,2026-09-30 05:49:05,2026-09-30 17:43:04
Vāsudevanallūr,IN,India,9.24,77.53,Clouds,scattered clouds,28.15,30.04,28.15,28.15,1013,63,1013,987,10000,3.52,48,2026-09-30,07:27:46,2026-09-30 06:08:19,2026-09-30 18:11:34
Dresden,DE,Germany,51.0493,13.7381,Clouds,overcast clouds,15.86,14.86,14.99,16.66,1024,52,1024,1002,10000,3.6,92,2026-09-30,03:57:48,2026-09-30 07:03:23,2026-09-30 18:46:43
Ciudad Nezahualcoyotl,MX,Mexico,19.4006,-99.0148,Rain,light rain,20.57,20.04,20.57,20.72,1015,52,1015,780,10000,7.6,97,2026-09-29,19:57:50,2026-09-29 06:26:16,2026-09-29 18:26:19
Longwood,US,United States,28.7014,-81.3487,Clouds,overcast clouds,25.6,26.2,23.84,26.77,1016,76,1016,1013,10000,2.57,85,2026-09-29,21:57:52,2026-09-29 07:17:16,2026-09-29 19:14:02
Berkhamsted,GB,United Kingdom,51.76,-0.56,Clouds,overcast clouds,20.22,20.41,19.1,21.66,1009,81,1009,991,10000,3.6,99,2026-09-30,02:57:54,2026-09-30 07:00:55,2026-09-30 18:43:33
Daet,PH,Philippines,14.1142,122.9564,Clouds,overcast clouds,31.92,38.92,31.92,31.92,1014,70,1014,999,10000,1.71,98,2026-09-30,09:57:56,2026-09-30 05:37:30,2026-09-30 17:39:03
Egvekinot,RU,Russia,66.3217,-179.122,Clouds,scattered clouds,-0.35,-0.35,-0.35,-0.35,1019,55,1019,1018,10000,1.0,31,2026-09-30,13:57:58,2026-10-01 06:05:04,2026-10-01 17:27:33
Kimitsu,JP,Japan,35.3305,139.9025,Rain,moderate rain,19.51,19.87,19.47,20.0,1015,90,1015,1009,7619,5.26,100,2026-09-30,10:58:00,2026-09-30 05:33:51,2026-09-30 17:27:10
Barauli,IN,India,26.2255,84.7608,Clear,clear sky,26.78,29.18,26.78,26.78,1011,79,1011,1004,10000,2.57,5,2026-09-30,07:28:02,2026-09-30 05:42:35,2026-09-30 17:39:27
Llandybie,GB,United Kingdom,51.82,-4.001,Rain,light rain,17.13,17.33,15.48,17.85,1003,93,1003,987,1689,7.89,100,2026-09-30,02:58:04,2026-09-30 07:14:43,2026-09-30 18:57:16
Fengcheng,CN,China,40.4543,124.0646,Clouds,overcast clouds,14.94,14.06,14.94,14.94,1014,60,1014,994,10000,3.24,86,2026-09-30,09:58:06,2026-09-30 05:38:28,2026-09-30 17:29:14
Seryui-dong,KR,"Korea, South",37.22,126.9494,Clear,clear sky,22.82,23.06,22.77,23.84,1015,73,1015,1008,10000,0.0,0,2026-09-30,10:58:08,2026-09-30 06:26:08,2026-09-30 18:18:30
Izra‘,SY,Syria,32.8706,36.2544,Clouds,broken clouds,17.72,17.77,17.72,17.72,1016,85,1016,947,10000,1.92,69,2026-09-30,04:58:10,2026-09-30 06:28:06,2026-09-30 18:21:55
Darwen,GB,United Kingdom,53.698,-2.461,Clouds,overcast clouds,19.45,20.06,18.46,19.45,1005,100,1005,986,10000,7.24,100,2026-09-30,02:58:12,2026-09-30 07:09:18,2026-09-30 18:50:21
Dylym,RU,Russia,43.071,46.6345,Clouds,overcast clouds,12.26,11.97,12.26,12.26,1018,93,1018,983,10000,2.02,100,2026-09-30,04:58:14,2026-09-30 05:49:06,2026-09-30 17:37:53
Ugol’nyy,RU,Russia,67.6378,53.0067,Clouds,overcast clouds,9.1,6.8,9.1,9.1,1018,86,1018,1017,10000,4.21,100,2026-09-30,04:58:16,2026-09-30 05:35:39,2026-09-30 17:00:23
Cornélio Procópio,BR,Brazil,-23.1499,-50.52,Rain,moderate rain,21.62,22.14,21.62,21.62,1012,88,1012,959,10000,1.8,63,2026-09-29,22:58:18,2026-09-29 06:04:35,2026-09-29 18:20:08
Krasnoperekops’k,UA,Ukraine,45.9675,33.8003,Clear,clear sky,13.3,12.67,13.3,13.3,1026,76,1026,1025,10000,5.65,0,2026-09-30,04:58:20,2026-09-30 06:41:20,2026-09-30 18:28:18
Mokameh,IN,India,25.3882,85.9558,Clouds,broken clouds,26.74,29.25,26.74,26.74,1011,81,1011,1006,10000,3.65,76,2026-09-30,07:28:22,2026-09-30 05:37:39,2026-09-30 17:34:51
Abou el Hassan,DZ,Algeria,36.4179,1.1951,Clouds,few clouds,25.69,25.7,25.69,25.69,1018,53,1018,1003,10000,5.07,13,2026-09-30,02:58:24,2026-09-30 06:49:14,2026-09-30 18:41:11
Genoa,IT,Italy,44.4072,8.934,Clouds,broken clouds,20.1,19.92,17.97,21.79,1024,67,1024,1010,10000,4.63,83,2026-09-30,03:58:25,2026-09-30 07:20:25,2026-09-30 19:08:06
Freiberg am Neckar,DE,Germany,48.9347,9.1917,Clear,clear sky,14.28,13.83,13.32,16.65,1020,79,1020,990,10000,2.13,2,2026-09-30,03:58:27,2026-09-30 07:20:50,2026-09-30 19:05:38
Nobeoka,JP,Japan,32.5823,131.6649,Clear,clear sky,26.62,26.62,26.62,26.62,1012,62,1012,993,10000,2.04,0,2026-09-30,10:56:33,2026-09-30 06:06:13,2026-09-30 18:00:41
Lille,FR,France,50.6319,3.0575,Clouds,overcast clouds,18.47,18.28,17.73,19.37,1014,73,1014,1011,10000,3.6,95,2026-09-30,03:58:33,2026-09-30 07:46:00,2026-09-30 19:29:31
Whitefield,GB,United Kingdom,53.5521,-2.2992,Clouds,overcast clouds,20.19,20.61,18.94,20.41,1005,90,1005,989,10000,5.36,100,2026-09-30,02:58:35,2026-09-30 07:08:35,2026-09-30 18:49:46
Moanda,GA,Gabon,-1.5654,13.1894,Clouds,overcast clouds,21.11,21.76,21.11,21.11,1014,95,1014,965,10000,0.86,100,2026-09-30,02:58:37,2026-09-30 05:53:37,2026-09-30 18:00:52
Síndos,GR,Greece,40.6706,22.8056,Clouds,overcast clouds,19.16,18.62,17.49,20.27,1026,57,1026,1013,10000,0.89,85,2026-09-30,04:58:39,2026-09-30 07:23:50,2026-09-30 19:13:44
Sundarnagar,IN,India,31.5352,76.905,Clear,clear sky,20.4,20.22,20.4,20.4,1014,66,1014,891,10000,1.35,0,2026-09-30,07:28:40,2026-09-30 06:15:08,2026-09-30 18:09:45
Godalming,GB,United Kingdom,51.1855,-0.6155,Clouds,overcast clouds,20.77,20.97,19.39,21.52,1008,79,1008,998,4603,2.06,100,2026-09-30,02:58:42,2026-09-30 07:00:55,2026-09-30 18:43:59
Sztum,PL,Poland,53.9206,19.0306,Clouds,overcast clouds,10.84,10.28,10.84,10.84,1031,88,1031,1027,10000,3.05,100,2026-09-30,03:58:44,2026-09-30 06:43:19,2026-09-30 18:24:27
Hājīpur,IN,India,25.735,85.3376,Clear,clear sky,26.99,29.81,26.99,26.99,1011,81,1011,1005,10000,3.5,0,2026-09-30,07:28:46,2026-09-30 05:40:11,2026-09-30 17:37:15
Hamilton,US,United States,40.0355,-86.0042,Clouds,overcast clouds,16.52,16.39,15.12,17.96,1015,83,1015,984,10000,2.39,89,2026-09-29,21:58:48,2026-09-29 07:38:14,2026-09-29 19:30:18
Shamva,ZW,Zimbabwe,-17.3167,31.55,Clouds,overcast clouds,16.39,16.38,16.39,16.39,1022,88,1022,913,10000,1.37,86,2026-09-30,03:58:50,2026-09-30 05:36:55,2026-09-30 17:50:43
Victoria,CA,Canada,48.4283,-123.3647,Clouds,scattered clouds,14.19,13.73,12.83,14.97,1014,79,1014,1006,10000,13.38,47,2026-09-29,18:58:52,2026-09-29 07:09:59,2026-09-29 18:57:21
Jaqué,PA,Panama,7.5181,-78.1625,Clouds,broken clouds,28.83,32.18,28.83,28.83,1010,69,1010,1009,10000,0.45,74,2026-09-29,20:58:54,2026-09-29 06:00:51,2026-09-29 18:04:57
Mata Grande,BR,Brazil,-8.903,-37.827,Clear,clear sky,24.14,24.54,24.14,24.14,1016,74,1016,962,10000,2.51,5,2026-09-29,22:58:56,2026-09-29 05:16:43,2026-09-29 17:26:29
Maranello,IT,Italy,44.5264,10.8667,Clouds,scattered clouds,16.85,16.26,16.85,16.85,1025,64,1025,997,10000,0.45,40,2026-09-30,03:58:58,2026-09-30 07:12:43,2026-09-30 19:00:21
Virovitica,HR,Croatia,45.8333,17.3833,Clear,clear sky,10.43,9.64,10.43,10.43,1027,81,1027,1009,10000,2.55,0,2026-09-30,03:59:00,2026-09-30 06:47:01,2026-09-30 18:33:55
Sakado,JP,Japan,35.9572,139.4,Clouds,overcast clouds,20.34,20.54,18.72,20.63,1015,81,1015,1001,10000,1.8,100,2026-09-30,10:52:10,2026-09-30 05:36:00,2026-09-30 17:29:02
Orchha,IN,India,25.35,78.64,Clear,clear sky,24.99,25.42,24.99,24.99,1012,72,1012,983,10000,2.95,6,2026-09-30,07:29:04,2026-09-30 06:06:54,2026-09-30 18:04:06
Verde Village,US,United States,34.7119,-111.9941,Clouds,broken clouds,17.3,17.04,15.71,18.16,1006,75,1006,861,3465,1.79,63,2026-09-29,18:59:06,2026-09-29 06:21:05,2026-09-29 18:15:19
Shannon,IE,Ireland,52.7137,-8.8686,Clouds,few clouds,14.0,13.6,14.0,14.0,995,82,995,992,10000,7.2,23,2026-09-30,02:59:08,2026-09-30 07:34:33,2026-09-30 19:16:21
Yasinya,UA,Ukraine,48.2728,24.3747,Clear,clear sky,5.38,5.38,5.38,5.38,1033,87,1033,910,10000,0.28,0,2026-09-30,04:59:10,2026-09-30 07:19:49,2026-09-30 19:05:13
Qutqashen,AZ,Azerbaijan,40.9814,47.8458,Clouds,broken clouds,13.11,12.93,13.11,13.11,1017,94,1017,834,10000,0.22,84,2026-09-30,05:59:12,2026-09-30 06:43:41,2026-09-30 18:33:37
A Coruña,ES,Spain,43.3739,-8.4,Clouds,few clouds,15.42,15.39,14.78,16.46,1012,91,1012,1012,10000,3.6,20,2026-09-30,03:59:14,2026-09-30 08:29:30,2026-09-30 20:17:40
Estanzuela,GT,Guatemala,14.9979,-89.5705,Rain,moderate rain,25.21,26.27,25.21,25.21,1012,95,1012,937,0,0.49,99,2026-09-29,19:59:16,2026-09-29 05:47:44,2026-09-29 17:49:19
Mamaroneck,US,United States,40.9443,-73.7488,Clouds,overcast clouds,17.67,17.58,16.78,18.83,1017,80,1017,1011,10000,3.6,100,2026-09-29,21:59:18,2026-09-29 06:49:23,2026-09-29 18:41:07
Bang Racham,TH,Thailand,14.8864,100.3235,Clouds,overcast clouds,30.62,37.62,30.62,30.62,1014,82,1014,1014,10000,2.75,100,2026-09-30,08:59:20,2026-09-30 06:08:11,2026-09-30 18:09:24
Botad,IN,India,22.17,71.67,Clear,clear sky,26.24,26.24,26.24,26.24,1014,73,1014,1003,10000,3.65,0,2026-09-30,07:24:31,2026-09-30 06:34:10,2026-09-30 18:32:35
Guisser,MA,Morocco,32.6108,-7.625,Clear,clear sky,20.53,20.26,20.53,20.53,1018,62,1018,974,10000,1.51,2,2026-09-30,01:59:23,2026-09-30 06:23:38,2026-09-30 18:17:19
Kocaköy,TR,Turkey,38.2897,40.5014,Clouds,overcast clouds,14.69,13.73,14.69,14.69,1015,58,1015,910,10000,1.25,94,2026-09-30,04:59:25,2026-09-30 06:12:23,2026-09-30 18:03:39
Grevesmühlen,DE,Germany,53.8645,11.1909,Clouds,few clouds,16.42,15.97,16.25,16.55,1022,71,1022,1018,10000,4.56,16,2026-09-30,03:59:27,2026-09-30 07:14:42,2026-09-30 18:55:46
Amboasary,MG,Madagascar,-24.35,46.5667,Rain,light rain,20.11,20.5,20.11,20.11,1021,89,1021,983,10000,2.07,100,2026-09-30,04:59:29,2026-09-30 05:35:12,2026-09-30 17:52:20
Tālbahat,IN,India,25.0414,78.4322,Clear,clear sky,24.63,25.11,24.63,24.63,1013,75,1013,977,10000,2.77,3,2026-09-30,07:29:32,2026-09-30 06:07:41,2026-09-30 18:04:59
Senglea,MT,Malta,35.8878,14.5169,Clouds,scattered clouds,21.05,21.67,20.51,21.05,1022,94,1022,1019,10000,1.54,35,2026-09-30,03:59:34,2026-09-30 06:55:48,2026-09-30 18:48:04
Spa,BE,Belgium,50.4924,5.8648,Clouds,scattered clouds,21.59,21.16,19.88,21.61,1017,52,1017,981,10000,4.75,41,2026-09-30,03:59:36,2026-09-30 07:34:42,2026-09-30 19:18:22
Neihu,CN,China,22.9745,115.8343,Clouds,few clouds,31.2,36.64,31.2,31.2,1013,65,1013,1005,10000,1.32,11,2026-09-30,09:59:38,2026-09-30 06:07:38,2026-09-30 18:05:53
Deisenhofen,DE,Germany,48.0167,11.5833,Clouds,overcast clouds,9.29,9.29,7.91,10.9,1021,91,1021,949,0,1.25,100,2026-09-30,03:59:41,2026-09-30 07:10:57,2026-09-30 18:56:23
Baden,US,United States,40.6411,-80.1841,Clear,clear sky,14.99,15.03,13.61,16.95,1018,95,1018,981,10000,0.0,9,2026-09-29,21:59:43,2026-09-29 07:15:04,2026-09-29 19:06:54
Schenefeld,DE,Germany,53.6028,9.8233,Clouds,few clouds,14.55,13.99,13.63,15.81,1021,74,1021,1021,10000,3.09,16,2026-09-30,03:59:44,2026-09-30 07:20:04,2026-09-30 19:01:21
Murlīganj,IN,India,25.9,86.98,Clear,clear sky,28.49,32.3,28.49,28.49,1010,74,1010,1005,10000,2.0,6,2026-09-30,07:29:46,2026-09-30 05:33:39,2026-09-30 17:30:39
Barbacoas,CO,Colombia,1.6717,-78.1378,Rain,light rain,24.51,25.52,24.51,24.51,1011,96,1011,1003,10000,0.34,100,2026-09-29,20:59:48,2026-09-29 05:59:46,2026-09-29 18:05:51
Xinyi,CN,China,22.2272,110.863,Clouds,few clouds,30.13,36.39,30.13,30.13,1014,74,1014,999,10000,1.14,23,2026-09-30,09:59:50,2026-09-30 06:27:23,2026-09-30 18:25:54
Georgetown,US,United States,33.3594,-79.2958,Clear,clear sky,19.03,19.44,19.03,20.01,1018,94,1018,1016,10000,0.0,0,2026-09-29,21:59:52,2026-09-29 07:09:57,2026-09-29 19:04:56
Monte Alto,BR,Brazil,-21.2611,-48.4964,Clear,clear sky,27.21,27.69,27.21,27.21,1011,51,1011,943,10000,0.65,4,2026-09-29,22:59:54,2026-09-29 05:56:55,2026-09-29 18:11:37
Libreville,GA,Gabon,0.2833,9.5,Clouds,overcast clouds,26.06,26.06,26.06,26.06,1014,78,1014,1014,10000,3.03,100,2026-09-30,02:59:56,2026-09-30 06:08:44,2026-09-30 18:15:16
Ungsang,KR,"Korea, South",35.4038,129.2788,Clear,clear sky,24.19,24.31,24.19,24.19,1014,63,1014,1003,10000,1.27,0,2026-09-30,10:59:58,2026-09-30 06:16:23,2026-09-30 18:09:36
Bradford West Gwillimbury,CA,Canada,44.1333,-79.6333,Clouds,broken clouds,14.74,14.41,14.74,16.69,1017,82,1017,988,10000,2.57,57,2026-09-29,22:00:00,2026-09-29 07:13:43,2026-09-29 19:03:51
Chelak,UZ,Uzbekistan,39.9203,66.8611,Clouds,overcast clouds,16.08,14.76,16.08,16.08,1013,39,1013,946,10000,2.74,99,2026-09-30,06:57:49,2026-09-30 06:27:18,2026-09-30 18:17:55
Lithia Springs,US,United States,33.7811,-84.6487,Clear,clear sky,20.27,20.05,17.92,22.18,1017,65,1017,980,10000,1.03,0,2026-09-29,22:00:03,2026-09-29 07:31:27,2026-09-29 19:26:14
Sunagawa,JP,Japan,43.4948,141.9035,Clouds,overcast clouds,19.54,19.17,19.54,19.54,1015,62,1015,991,10000,0.78,94,2026-09-30,11:00:05,2026-09-30 05:27:51,2026-09-30 17:17:10
Volokonovka,RU,Russia,50.4827,37.8563,Clouds,few clouds,8.65,6.09,8.65,8.65,1030,95,1030,1009,10000,4.54,14,2026-09-30,05:00:07,2026-09-30 06:26:36,2026-09-30 18:10:36
Montes Altos,BR,Brazil,-5.5928,-47.0178,Clouds,few clouds,26.38,26.38,26.38,26.38,1011,50,1011,980,10000,1.36,11,2026-09-29,23:00:09,2026-09-29 05:54:04,2026-09-29 18:02:39
Jharol,IN,India,24.1167,73.3667,Clear,clear sky,22.58,22.62,22.58,22.58,1014,66,1014,961,10000,1.28,0,2026-09-30,07:30:11,2026-09-30 06:27:46,2026-09-30 18:25:25
Tobosi,CR,Costa Rica,9.85,-84.0019,Clouds,overcast clouds,17.45,17.78,17.29,17.54,1015,97,1015,870,10000,1.37,97,2026-09-29,20:00:13,2026-09-29 05:24:36,2026-09-29 17:27:55
Orotina,CR,Costa Rica,9.9024,-84.525,Clouds,overcast clouds,25.68,26.78,25.68,25.68,1012,95,1012,996,10000,0.62,97,2026-09-29,20:00:15,2026-09-29 05:26:42,2026-09-29 17:30:00
Uttiramerūr,IN,India,12.6,79.7667,Clouds,few clouds,29.2,33.98,29.2,29.2,1012,74,1012,1005,10000,1.82,20,2026-09-30,07:28:21,2026-09-30 05:59:59,2026-09-30 18:02:00
Sevran,FR,France,48.9414,2.5228,Clouds,overcast clouds,21.89,21.6,21.16,22.25,1014,56,1014,1007,10000,3.6,97,2026-09-30,04:00:19,2026-09-30 07:47:32,2026-09-30 19:32:16
Castilho,BR,Brazil,-20.8722,-51.4875,Clouds,overcast clouds,25.44,25.89,25.44,25.44,1010,71,1010,970,10000,1.55,100,2026-09-29,23:00:20,2026-09-29 06:08:58,2026-09-29 18:23:30
Bo'ao,CN,China,19.1607,110.5809,Clouds,few clouds,30.65,36.96,30.65,30.65,1013,71,1013,1012,10000,3.54,19,2026-09-30,10:00:22,2026-09-30 06:27:56,2026-09-30 18:27:36
Hakha,MM,Burma,22.6428,93.6096,Clouds,overcast clouds,16.99,17.23,16.99,16.99,1015,95,1015,845,10000,0.48,100,2026-09-30,08:30:24,2026-09-30 06:06:29,2026-09-30 18:04:47
