text_before,username,score,date
gem nya bagus boleh sih untuk dimainin,Delvin Sigra,5,2026-10-03 19:26:54
loding nya lama,Lusi Krissianto,1,2026-10-02 07:03:11
kenapa di saya patah banget parah bet padahal grafik paling rendah rata kiri semua ram 128giga cuma terpakai 49giga masih banyak tetap aja ngelag ini solusinya apa gw suka bet Ama nih game masa pakek versi lama 2.0 dari google,Hasan Rachman,2,2026-10-02 03:55:36
game ya seruu bangetttt,Moh Emoh,5,2026-10-01 16:50:07
"ko malah susah di buka game ya. hp sya android 13 Oppo.. dan game ya masih patah2. tolong perbaikin, geme ini sya sangat suka karena cerita dino. pengganti durango",Noor Edy,2,2026-10-01 14:53:26
2x save saya hilang di ulang dari 0 lagj,Yundhega Dirgandano,1,2026-09-30 21:56:22
gak bisa main aneh banget deh padahal paket gw lancar dan gak leg terus Keluar sendiri percuma download kalau gak bisa main 😡😡😡,Asiam Samuel,1,2026-09-30 14:53:51
keren banget adakah dino baru kalo apded,Mukhlis Annizar,5,2026-09-29 17:31:26
"AS-Rifle-smalltribe, error during more than 7 day. how we can play? our resourche and equipment lost in ark data. and many hacker there. it's not bug, but hack.",Prayudha dijaya,5,2026-09-29 15:47:39
"saya ingin mendownload permainan ini namun, saya tidak mendownload game ini karena device tidak kompatibel, dan saya harap saya dapat memainkan game ini di HP infinix gt 10",Haikal Anshar,5,2026-09-28 22:06:24
pls bisakah anda ganti layar pas pertama kali masuk,Dawat Ilallah,1,2026-09-28 16:27:46
"seru parah, cuman klo update tolong tambahkan creature supaya lebih mirip kayak yang asli",Ilham purnama wibowo,5,2026-09-28 15:30:37
game burik lodingnya lama tolong game burik ini lodingnya nggak lama game burik,Khoirul Putra,1,2026-09-28 13:46:14
"game yang sangat bagus banyak dino yang bisa di tame,bisa membangun rumah dan eksplorasi peta,tetapi game ini sangat membuat hp saya lag dan pengalaman bermain saya jadi kurang.",Athaillah Putra,4,2026-09-27 11:25:32
the game is amazing,Nroma Norma,4,2026-09-25 19:16:11
sering ada bug saat aku mau masuk ke dalam gamenya tiba-tiba keluar nggak bisa masuk dan akhirnya aku harus kehilangan Ya semua itu sayurnya gua harus hapus data tapi itu walaupun gua udah hapus data tidak bisa masuk,Al Rasyid,1,2026-09-24 21:38:54
"game ekstra gokil, buat yang belum bisa main di pc bisa nih cobain versi mobile",Tsubasa Ozora,5,2026-09-24 13:46:15
lag bet game nya tolong di optimisasi kan,Ibnu Raffa,3,2026-09-23 19:35:35
"saya baru pertamakali main ark,ternyata game bagus tapi mainya kalian harus di Ponsel yang kuat",Rusdianto Anto,5,2026-09-23 14:11:16
"ringankan dong, banyak player yang mau main tapi kehambat hp kentang, dulu Masi enak main di hanpone sekarang sering crash,fore close",Refi Verdinan,5,2026-09-21 22:05:27
udah ditunggu donglotnya lama loginnya juga lama gem apaan gini,Ahmad Tomi,1,2026-09-20 19:46:36
sementara rating 2 dulu karna mecha(mek) tidak bisa di cryopod dan juga tidak map baru seperti valguero udah gitu saja,Zean,2,2026-09-20 13:48:29
Loading terlalu lama males nunggunya pls loading nya di percepat 🙏,nay elmarwie,1,2026-09-20 10:32:02
"semua cara udah saya pakek perlebar raff, tapi tetep gak bisa, tolong segera di benahi",niko Setiawa,5,2026-09-19 23:13:32
tolong di tambah optimasinya untuk infinix gt 30 pro dan poco x7 pro ......|||||||...... JUJUR UNTUK ARK BAGUSAN GAME ARK SURVIVAL EVOLVED !!! KEMBALIKAN LAGI GAME ARK SURVIVAL EVOLVED !!!!,Ikbal Wahyudin,5,2026-09-19 21:50:57
punya ku sering fc dan lag parah tolong grafik nya di kurangi dan tambah kan fitur fps sampai 60,Stokburik,3,2026-09-19 18:55:26
"lebih bagus dari versi sebelum nya meski butuh divace yang tinggi tapi saya sangat puas dengan grafik , ui, dan dino2nya mirip dengan versi pc nya",Tofik Maulana,5,2026-09-19 17:22:29
percepat loading awal,Rasidha Azriel,3,2026-09-19 13:42:15
download data nya terlalu lama dan cepat menguras baterai👎,Aruh Aruh,1,2026-09-18 20:18:13
karena ada bug leg day,Iksan 87,3,2026-09-18 12:39:37
bagus banget game nya cuman minus map nya kurang banyak,Eehan Sigma,5,2026-09-18 05:51:39
"hallo kenapa di update kali ini ketika aku buka map Ragnarok yg aku mainkan selalu force closed ya?. aku coba di map the island mulai dari awal bisa gak FC. masa aku harus hapus save nya dlu ulang dari awal lagi hmm. coba di fix deh. kalau masalah spek HP, HP saya cukup mumpuni rata kanan pun bisa mana udah beli ark pass nih tolong fixed it, thank you",Ahmad Jazuli,5,2026-09-17 22:01:26
game berat suu,Yantod,1,2026-09-17 20:09:23
"kenapa... setelah update bukannya tambah bagus/kasih fitur baru malah ngeriset data pemain, masih mending yang di riset mineralnya (metal,kristal,kayu,batu,atau sebagainya) lah ini, harus main dari awal, sangat mengecewakan. aku kasih bintang 1 bintang tambahan karena aku masih suka game ini, walaupun banyak bug",Fajar Faiz Fathurahman,2,2026-09-17 14:33:58
ATV gak bisa jalan,T21 PUTRA,5,2026-09-17 12:22:28
kembalikan ark evolved kami😭,Az Zahwan Putra,2,2026-09-17 08:45:34
"buat saya yang seorang penyuka Survival dan dinosaurus saya sangat suka ini very very good pokoknya itu pun kalo bisa cepet adaptasi,Tapi saya minta agar Di tambahkan map lain,dino dino unik,Peralatan unik",Aduh Gantengnya,5,2026-09-16 21:41:30
Gw kasih bintang 🌟🌟 karna gw ga bisa main Pas masuk for close. Device: redmi not 5 ram 4/64,Zuzim Giming,5,2026-09-16 19:50:52
im want tame theri but my baryo is disapire and im lost my raft my all item in the baryo and plese fix bug lost dino,ABDUL ROHIM,1,2026-09-16 17:55:04
"bagus, tapi grafiknya burem walaupun sudah mentok kanan",Qwerty Read,5,2026-09-15 17:05:31
seru dan selesai,Hamdani Hasbi assidiQi,5,2026-09-14 14:08:20
game sangat bagus,Faustinous,5,2026-09-14 13:51:19
kenapa saddle petranodon ada di level 38 mungkin boleh di kurangi ke 28,Hidayatullah ali Ahmad,4,2026-09-14 13:46:45
Why can't I login to my epic games account in this app? why do i always get problem to re-download 4gb data and lose my progress in the game??,godzilasaurus king,1,2026-09-14 10:07:12
ini game gak bisa di mainin,Pengguna Google,1,2026-09-13 14:02:31
"karena di pvp sering rb jadi tak kasih tiga, udh habis rb barang ilang semua",Iman& Fiaye,3,2026-09-13 13:15:13
geme ini sangat bagus dan grafik yang berkualitas tapi sayang nya ngak ad spy glas biru di mobile,Tujuh Sembilan Multi Distribusi,5,2026-09-13 10:39:12
saya baru saja selesai mengupdate tapi ketika masuk game file additional tidak bisa di unduh,Mario Orochimaru,3,2026-09-12 23:20:23
GO ADD SOME DRAGONS/WYVERN😄,angela anca,4,2026-09-12 22:50:01
good but no deinotherium and deinosuchus also no gigantoraptor and dreadnaugthus,abercio august zevida,5,2026-09-12 08:21:11
kok ngak bisa beli map lain yah,Daeng Atack,5,2026-09-12 02:33:54
"jujur penasaran,tpi force close jir🥀",Bilal Wong Id,4,2026-09-11 21:30:05
bagus tapi masih ada bug yang ngeselin kayak kamera gak bisa digerakkan dan karakter mau di arahin kemana pun bakal tetap jalan lurus,Arkan Alfatih,4,2026-09-11 19:12:16
"gw salut yg bikin gamenya, sesuai sama tema favorit gw, kekurangannya cuman satu, hape gw gak kuat buat maininnya, crash mulu, tapi gpp, gamenya seru dan asik, apalagi kalo di PVP, behh rusuh parah",Benyamin Yunus,5,2026-09-10 22:36:35
bagus,Adam Ikhsan Fayyad,4,2026-09-10 05:25:50
i like it,King. Jester921 Gmail. Com,5,2026-09-09 22:09:14
Additional file download is extremely slow (~1 MB/s) even though my connection can reach ~9 MB/s on Google Play. The download also stops when the game is minimized. Please optimize/fix the in-game downloader. Downloading several GB at this speed takes hours.,Niftah Rizal,5,2026-09-09 20:25:06
bug force close saat loading sangat menggangu,Pujiati Juna,1,2026-09-09 18:32:22
Mantap. Yok bisa yok ke grafik yang lebih jernih Poco x8 pro menikmati,JHD6661,4,2026-09-09 13:44:35
pls ark yg versi lama jg dibalikin hpku gk kuat mainnya,Barman Lahat,1,2026-09-08 14:02:21
tidabisa login,Rina Rina,1,2026-09-08 13:55:26
plis Add Gyro on This game bruh,Daga Fozaqi,5,2026-09-08 08:58:08
woy ark nge#### gua kok main keluar terus,Ubin Cupang,1,2026-09-07 10:52:31
gacor,Dumbledore,5,2026-09-07 08:42:53
tolong kasi map gratis lagi kayak fyordur biar lebih seru,Ekadavilla Sukmajaya,3,2026-09-06 14:04:35
dulu punya godconsole tapi pas mau direstore katanya gaada maksudnya apa ini saya ada bukti telah kembali godconsole dulu,Fadlan Alrafa,3,2026-09-06 13:45:52
bagus tapi kayaknya kalau pakek hp kentang gak bisa dan juga gw pakek hp yang lumayan bagus tapi masih agak ngelek,Raffa Coin,5,2026-09-06 12:02:54
Keren kembangin terus!,Asa Yans,5,2026-09-06 09:35:03
kwnp download file lama kali lebih lama daripada umur saya,Tecno Goprot,1,2026-09-06 09:16:45
Game nya bagus tapi aku udh tamat semua map jadi plis tambah kan map yg lain terus mod nya Adain kayak yg di PC biar enak 👏,Reyfandri Rahmat,5,2026-09-05 20:08:11
game ini sangat bagus dan keren walaupun agak sedikit mahal untuk unlock god console,XNM Wibu,5,2026-09-05 17:21:02
tolong pemilihan kualitas grafis di perbanyak lagi🙏🏻 apalagi kalau malam. kualitas masi bisa di sesuaikan lagi supaya keseluruhan bisa lebih realistis:) overall semua aman. hanya itu yang sya butuh😁.,DS,5,2026-09-05 12:34:54
Mayan bagus tapi katanya banyak yang gak kompatibel hp nya jadi gak bisa main ni game,Arkan,5,2026-09-05 06:53:30
gem nya bagus,Esa Dimas,5,2026-09-05 06:21:37
"Luar biasa sih cuma kalau di mobile controlnya lo susah beda ama di PC, DLL tapi ya Overall sih S",Erlangga Keren,5,2026-09-04 14:18:04
add deinosuchus pls (tambah deinosuchus pls),Atma Zein Putrada,4,2026-09-04 13:47:02
bagus,Felis Bazikho,5,2026-09-04 06:35:36
"Mek ga bisa dimasukin ke cryo adalah kesalahan besar buat PvE dan solo, masih ada banyak bug yg belum diberesin seperti crash, pake orbit kamera menggunakan hover skiff langsung stuck controllernya, shoulder pet balik ke markas tapi kadang hilang kalo pake alat pembatas dino. Masa ga bisa full offline, kadang error ga bisa main offline dan harus online dulu!, ga seperti dulu pas cuman 3 map. Masuk acc Epicgames buat save aja sering error, makin parah nih game",Blitz Blaze,1,2026-09-03 06:18:54
game ko keluar sendiri ini game jelek parah jangan download game ini,wisnu anggara,1,2026-09-02 23:00:26
game nya udah bagus tapi saya tidak bisa menikmati nya karena lag aku berharap game ini bisa memberikan graphic yang sangat rendah agar kami yang memiliki masalah lag bisa teratasi dan kami bisa memainkan game ini dengan senang,Rikal Udin,4,2026-09-02 18:49:51
tidabisadimayika,jimi,1,2026-09-02 13:46:22
Gokil,Mas gusti Abdul qudus,5,2026-08-31 22:09:09
"tolong kembalikan game ark yg dulu karena game ini itu tidak lancar atau patah²(dikit) sama size-nya lebih kecilan yg dulu, emang gamenya seru tapi kalo patah² kan jadi males mainnya jadi tolong kembalikan game ark yg dulu🙏.",Ggfarq Aja,3,2026-08-31 21:01:53
bagus sih geme nya tapi hp kentang ku gak kuat dimansity 6300 btw chipset nya,LORD SIMURA,5,2026-08-31 05:48:17
Gilak gak masuk akal ni game ram 8 aja masih lek parah pakek kualitas smuth,Ruby Game,3,2026-08-30 20:03:00
"thanks dev, lu pinter, lu hebat... gw udah ambil 3 dossier dengan keadaan masih double xp, lalu ada crate yang mau gw buka dan mau gw upgrade pke key,, tiba tiba force close dan level gw turun jauh.. lalu pas gw mau ngambil ke 3 dossier tdi juga udah kebuka,, jdi gimna? force close pas mau upgrade crate, level ngulang jauh, dossier udh kebuka??",Fernand Ditrya,1,2026-08-30 03:34:57
"yeuuu kocak lu, udh lah update terus download data di game melulu yg gk ada pengaruh nya sama sekali di dunia yg pertama, udh tau kebanyakan player free to play buat apa update ber gb gb kalo yg diupdate wolrd baru, mending ada opsi tolak download data biar bisa main di world yg pertama dengan tenang, ini gk dikit dikit download 4gb dikit dikit download 3gb. mau nya developer apasih?!",Ardo,1,2026-08-29 09:44:13
balikin ARK yang dulu woii ini berat banget gamenya lagian Napa harus dihapus sih yang dulunya Napa gak dipertahanin buat yang gak kuat hp nya oiii,muhammad ibrahim,1,2026-08-28 16:29:25
kapan ini update dino lgi? kayak ga niat gini nyiptain game,Rizal Aziz,1,2026-08-28 06:00:30
sebenarnya suka sama ark cuma gabisa instal ada tulisan tidak dapat menginstal tolong di perbaiki,AEV Studio,3,2026-08-27 18:26:58
tidak bisa dibuka,Arijali Ainurrohim,2,2026-08-27 10:30:10
"game yang saya pikir saya engga akan bisa main karena ada di PC sekarang saya bisa main di mobile, seru dan sedikit susah walaupun udah milih easy yaa wajar sih kan namanya aja bertahan hidup di zaman purba",Sans _cihuy,5,2026-08-26 06:56:24
"can't even download additional files on background, it keep restarting to 0 and I wasted lot of internet downloading this shi.. and the download progress are slow asf",Arka Dimas Alfarezi,2,2026-08-25 22:27:47
Always being a very good game🔥🔥🔥,Mhr Srw,5,2026-08-25 20:18:18
Bagusan ark survival evolved,Abdul Aziz,1,2026-08-25 20:14:13
game seru,gus,5,2026-08-25 17:03:42
g99 patah² jirr tapi gamenya bagus,01. ADI RAHMAD ROMADHON,1,2026-08-25 16:16:58
"kontrol game sampah dan ribet, males donwload lagi kalo tidak di rubah kontrol game nya",Padlan Salman,1,2026-08-24 23:54:17
game nya lumayan bagus tapi masih banyak bug nya tolong di perbaiki 🥰😍,Alpino Ak,5,2026-08-24 20:09:00
udah lama nunggu nya sampai 24 menit tapi ga loding,Cocote,1,2026-08-24 19:27:29
"ayolah dev gamenya udah bagus cuma kontrolnya susah banget, masalahnya ada pada ukuran tombolnya, kecil banget buat hp layar 6,7inc. kalo mencet suka salah mulu😥 kamu tidak menjiplak game versi PC secara mentah-mentah kan? kontrol ARK versi lama itu udah bagus",Muhamad Faridz,5,2026-08-24 18:29:46
a good game someone has 10k + hours on this game cause it's goated,Colin Leroy,5,2026-08-23 19:14:46
game dino terbaik,Andra Deni,5,2026-08-23 19:13:53
fix your server please,MEHMET Möhsin Bey,3,2026-08-23 13:32:00
game absurd masa download data kudu mainin mini game mana kalau dodonya mati download datanya ngga lanjut kalau sistemnya diganti baru gua kasih bintang 5 btw buat yang mau download mending pertimbangkan mau ram hp cepet kekuras apa yah gitu btw kalau comment ini merugikan developer saya minta maaf karena juga daritadi saya kesal akrena sistemnya seperti ini,Dj Skywalker,3,2026-08-23 12:18:50
sangat bagus,Nini Harpiani,5,2026-08-23 11:22:16
"nge lag parah, dan bikin tablet ku cepet panas",Askayla A,1,2026-08-23 09:47:25
game yang sangat bagus,Brian ciko ciko,5,2026-08-23 05:53:52
"game udah bagus minus nya di server,kalo kita ngelag ke bacanya ngechet anjir langsung di kick gak bisa masuk server lagi,tolong lah developer benerin lah",SLXSINGLE,5,2026-08-22 23:32:25
tolong malam nya di pendekin karna sangat gelap jika tidak menggunakan obor danj juga sangat susah saat farming,Naimm gntg,2,2026-08-22 23:16:53
sangat seru,Mie Kocok Khas Bandung Mang Ewok,5,2026-08-22 21:28:19
"please developer kasih server unof, biar bisa mabar sama teman",30 Dandi Santoso X ambatukam,2,2026-08-22 15:05:48
"grafic di tap ancur udah maximal , terus pakai God mode juga tetep aja jelek",Al Fatih,1,2026-08-21 22:11:54
"Developer the game is bugged, my save file is resetted base, dinosaurs everything is gone as if there were nothing at all I LOST ALL MY PROGRESS",irgi messi,1,2026-08-21 18:09:42
"aku udah beli map extinction,pas masuk tiba tiba langsung keluar sendiri",Anjis Wahyu,1,2026-08-21 17:41:35
"new update, Force close",Ilman Alim,5,2026-08-21 12:18:26
sangat bagus,Ahmad Rafiu,5,2026-08-20 22:49:28
aku selalu download game dino untuk lihat seru atau tidak dan game ini yang terseru menegangkan tapi bisakah ark ditambahkan rate megalosaurus spawn soalnya susah spawn dan setiap aku tame megalo tiba tiba megalosaurus despaun😭😭😭😭😭😭😭 aku suka megalosaurus tapi susah spawn tapi ini tetap menyanangkan,Khalif Broeri,5,2026-08-20 16:40:10
fix speedhack issue,Ian217,1,2026-08-20 15:38:02
game nya bagus baget tapi ngelag baget,Putra,4,2026-08-20 13:26:30
aku download gegara bang deril😁😁😁😁tapi bagus sih ngelek dikit cuman mungkin kalo di pc mulus sih👍,Gavin2410 . Ooh tenan,4,2026-08-19 20:44:13
game nya keren banyak banget dino nya dan udah mirip sama yang di pc,Mimi Dhimastha,5,2026-08-19 18:07:06
seru saat main ini game walaupun patah patah tapi bagus ini game karna bisa jinakin dino dan survive dari predator setelah aku main ini game aku jadi tau semua nama dino dan hewan purba atau hewan legenda,Koko Dumbela,5,2026-08-18 09:02:53
"download datanya lelet padahal gua udah isi kuota 10 GB apa lah gua download data blue archive aja cepat padahal blue archive itu datanya aja 14 GB cepet cepet aja tuh gua downloadnya gak kayak ark cuma download data 8 GB aja lamanya kebangetan, keburu gua tua ini mah, paling pas gua tua juga baru 6 GB selesai",rafka mend,1,2026-08-17 18:37:08
sangat bagus,Juan Peleotaksakit,5,2026-08-17 13:04:04
geme ini grafik nya bagus bangettt,Haidar Caile,5,2026-08-16 21:39:28
bagus lah cuman gk ramah bagi hp kentang,WIDIARTO WIDIARTO,5,2026-08-16 19:30:32
fix the blackscreen,fruty koe,1,2026-08-16 16:59:12
"setelah lama saya Memakai SOC 7+gen 2 waktunya upgrade ke SOC 8s gen 4 yang lebih efisien daya dan bertenaga untuk menjalankan game berat Ark Ultimate Mobile Edition, Karna di SOC 7+ gen 2 sering2 trotling Untuk Menjalankan game ARK Ultimate mobile edition",Yoga Petualang,5,2026-08-16 15:55:36
download datanya lama sambil ngelag pas download datanya kurangin dong,AFZ_Aprilio Growtopia,1,2026-08-16 10:44:40
developer ada opsi grafik di ark survival evolve biar hp ram 4 gak gosgosan,Deki Sek,3,2026-08-16 03:08:44
baru juga install mau dibuka malah force close,priyadi penonton,1,2026-08-15 16:50:43
tolong progesnya harus cepat,Rakha Andira,1,2026-08-15 13:54:17
lama banget buat opening nya doang,Yabiarka N,1,2026-08-15 10:03:22
ah game nostalgia saat karantina corona,Muhammad Bintang Putera Sigit,5,2026-08-15 01:31:41
aku baru login tiba² keluar tolong di perbaiki,Thia Santos,1,2026-08-15 00:07:11
bagus banget tapi ngelag sama pay to win,sasha sasha,4,2026-08-14 13:01:34
tolong developer game ini turunin dikitlah beratnya hp saya ngelag-ngelag kalau main game ini gamenya ringanin dikitlah please,M_daffa Al_aziz'u,3,2026-08-14 12:14:33
game nya seru banget real listis 😁😁😁😁😁😁😍,Reza Alfatih,5,2026-08-13 18:39:23
servernya busuk atau gimana dah di kick mulu perasaan,Hasta Hasto,2,2026-08-12 22:10:27
gamenya mantap tapi tidak cocok untuk hp kentang,Muhamad Fikri,5,2026-08-12 21:00:18
i hope deinosuchus will released long or short,Atma Zeinp,4,2026-08-12 18:03:29
"fps is very bad, only support 30fps, that's very unsatisfying, the graphics are also very outdated",Vin O,2,2026-08-12 17:48:36
"tolong kembalikan ark yang dulu, itu bahkan tidak merugikan kalian loh banyak orang orang yang tetap ingin memainkan game ark survival evolved, dari pada Ark ultimate",Indra,1,2026-08-11 19:48:51
bagus banget gem nya,Risky Aditya,3,2026-08-11 17:31:33
sangat seru dimainkan,Veven Arizona,5,2026-08-09 22:08:24
nvm ini game super seru dan kalian bisa jelajah kemana mana!,ing ing,5,2026-08-09 18:16:47
Add more dino please,Muhammad Rajaunal,5,2026-08-09 16:23:33
"gamenya udah bagus, cuma kontolnya masih kaku, coba aja hudnya bisa di edit di pindah atau di besarin mungkin lebih enak lagi, enggel kamera busuk misi yang harusnya mudah jdi sulit",Hanif Abdullah,1,2026-08-09 15:51:26
"Broo, anti cheatnya gajelas banget, aku lagi naik wyvern, servernya ngeleg, terus di kick speed hacking, jatuh dari ketinggian, di kick speed hacking, terus ga bisa join lagi kayak ke ban dari server, apaan sihh!!!!?",Jati Pawenang (Juzo),1,2026-08-09 07:16:20
"setelah di instal, saya di suruh main game di di sambil dowload data sebesar 8 giga lagi. apa kalian juga sama? karena butuh waktu yang super lama ahirnya saya menyerah dan uninstall",Agus Aza,4,2026-08-09 04:57:36
gua tau gam ini dari BG Deril katanya bagus aku coba semoga hasilnya bagus dan semoga sama kayak di ulasan bang Deril dan semoga gem ini enggak engcewein sih,Naufal Billah,5,2026-08-08 22:02:21
Please create a mod feature for ARK Mobile to make the game more exciting.,Adim,5,2026-08-08 19:37:32
"cryopod jangan dibuat berbayar lah, kalo map masih kita wajarin kalo harus bayar, tapi cryopod gimana jir, bossing susah harus bawa dino 20 biji, harus lewat jalur laut biar bisa ke obelisk tanpa ada dino yg ketinggalan, pls lah developer, belum lagi extinction ga ada sumber key sama sekali selain dari daily login, mau gimana dapet cryopod, mana di extinction ga ada laut + dino rese rese suka gigit",Ahmadzakiarizki,2,2026-08-08 12:56:40
pliss bug cavenya di fix,A. Muh Ibnu Saud,5,2026-08-07 23:50:35
loding masuk game sangat lamban,Zoe Aneska,1,2026-08-07 12:14:35
"gamenya bagus, tapi perlu distabilkan lagi dan lebih lancar di snapdragon 685,semoga kedepannya ada mode multiplayer offline atau co-op, sedikit keluhan sering error saat masuk game menggunakan mode offline jadi harus online dulu baru bisa main singel player",Ego Ramondo,4,2026-08-06 17:46:31
seru banget,Zevanya Adelyn Hasibuan,5,2026-08-05 20:33:20
game yang sangat peak! tapi. tolong adain fitur fitur untuk handphone yang chipset nya cukup rendah seperti grafiknya bisa di otak atik dan jarak pandangnya bisa di setting,ahmad nizam,4,2026-08-05 20:28:34
game bosok,Erwin Muslihat,1,2026-08-05 17:24:57
baik,Refan Arfian,5,2026-08-05 16:43:25
file dowload dalemannya besar bgt njirrr,Hendar Wungkul,3,2026-08-05 01:27:14
full download 12 gban tapi grafiknya burik,Yunus Firmansyah,1,2026-08-02 19:55:29
game seru,Athar Jaya,5,2026-08-02 19:05:14
gede bet mb nya cokkkk,Farel Ilman Al faqih,3,2026-08-02 18:48:52
"Tolong dong buat kan room yang bisa di buat sendiri, saya mau bermain bersama teman saya saja seperti room private, tidak masalah jika harus bayar asalkan bisa buat room sendiri seperti ark dulu pertama rilis",irlan syah,5,2026-08-02 17:13:39
update terus game nya,Bagas Hilmawan,5,2026-08-02 14:25:20
Kasi 3 dulu karena buka map nya ribet trus save nya juga ribet trus control nya juga nggak enak lebih bagusan yang old. udah itu aja😌😌,Farid Farkhrizal,3,2026-08-02 02:36:06
"Please add toggle damage for f2p players, I also want to see how much damage my dino can do",Vanzzz,4,2026-08-01 23:37:17
gamenya bagus,Evano Alvin Satrio,5,2026-08-01 19:47:45
"sengaja kasih bintang 1 karena progres game gw dulu udah nggak bisa d lanjut cape² grinding dulu eh tiba-tiba nggak bisa lanjut. dan indikator memasak nggak ada padahal penting agar kita tau, ini udah mulai proses masak apa belum. padahal versi dulu ada setelah berubah nama jd ark ultimate malah jadi makin buruk game nya. bagusan yang dulu sih menurut gw",Hadesgaming,1,2026-08-01 12:16:50
untuk HP bosok jangan main,JOJON Senpai,1,2026-08-01 12:16:29
this is really good,Ummi Ibnu,5,2026-08-01 10:47:49
game bagus dan menyenangkan dan akhirnya bisa main walau dalam 2 minggu sudah mulai bosan padahal sudah di tunggu dari dua tahun lalu karena device kentang😓,Destra Wiguna,5,2026-08-01 09:27:05
plisss add forr support infinix gt 30 pro android 16 i can't install,Oscar Manangkalangi,2,2026-08-01 08:00:33
tambahkan fps. 20000 dan bisa di mainkan di ram 4+4 gb,Muhammad Rafki,2,2026-07-31 19:18:13
gamenya gede sih tapi ya lumayanlah ya tapi ya bagus gitu grafiknya Gemini cocok untuk orang yang gabut main aja nih kalau mau game Dino,Dzikril Hakim,5,2026-07-30 21:14:56
game ini benar benar luar biasa tapi mohon untuk di optimalkan lagi Karena masih ada lag mohon 🙏,Daris,5,2026-07-30 17:39:57
"I have been grinding up to level 33, then I logged out before I had saved the game, but when I logged in I was directed to start from the beginning again, to be precise level 10",ARI TOPAN,1,2026-07-30 16:34:38
semua nya bagus cuma ya kalo ark 2.0 level dino nya sampek 450 lah disini mentok 150 jelek nya disini aja sih. sementara bintang 3 dulu nanti kalo udah bisa dino liar nya level 450++ baru gua kasi bintang 5,Ady Narayana,3,2026-07-30 10:20:35
kenapa gak bisa di buka udah download 4 x. masih tetep gak bisa di buka geme ny,Dedek,1,2026-07-29 15:29:47
"rhyanata ku ngga bisa menggfollow kuu knp padahal udh di whistle follow, bug kah?",VISNU RISQI,1,2026-07-29 11:47:44
gua suka gem ini tapi pas main dibserver agak kecewa bes udah gede dan kuat malah hancur tak bersisa makanya gua sakit hati tapi gua masih main :(,Marhen Ario,3,2026-07-28 20:51:45
sangat bagoesss,Aliarysatya,5,2026-07-28 13:25:57
gimana nih masak aku udah beli beberapa map nya kayak Ragnarok sama Genesis 2 tapi malah kekunci lagi mapnya cuman gara gara gamenya gak ku mainin 3 bulan padahal gamenya sama sekali gak ku hapus. tolong dong buat developer benerin bugnya. rasanya sia sia nih udah beli lumayan mahal tapi gak sempet nikmatin mapnya. gamenya udah bagus kok walaupun memang masih ada bug pas main yang ku permasalahin cuman kenapa map yang sudah ku beli Tiba-tiba kekunci lagi gak bisa di mainin tolong dong beneri.,Mara Chan,1,2026-07-28 02:34:55
nggak bisa dimainkan nggak bisa masuk ke dalam gamenya tolong developernya dibantu ya kalau nggak saya doain * 1 amin,Rajendra Fadil,1,2026-07-27 16:06:54
Request for Android 16 Compatibility Update ARK Clasicc ARK : Survival Evolved Mobile,Droz Kia,3,2026-07-27 07:09:41
perbaiki agar main di hp samsung bisa full screen :v,ilhamfautos,5,2026-07-26 23:51:05
"seru sih tapi semua yg udah ku dapat dino,item,pokoknya apapun kok ke restart udalah bed GK bisa semua gak bisa padahal GK ada mati tapi semua progres nya hilang gitu aja makanya aku download ulang karena kesal aku tolong nih ya bagi developer nya di perbaikin dong males looooooohhhh 😠",Taufiq Kurniawan,4,2026-07-26 15:20:49
gabisa main,Rina Setiawati,1,2026-07-25 22:07:25
game kontol,Nova risti Ferdinan,1,2026-07-25 19:40:10
sering force close,Mhissaw28,1,2026-07-25 19:09:24
"ini game bagus banget dari segi grafik, taming, survival. Akan tetapi, semoga di update berikutnya ada optimisasi grafik dan maks fps sampai 60. kuharap begitu. Terima kasih.",ryandra mirza,4,2026-07-25 18:38:41
kapan ya ada map Valguero,Umar Sidik,5,2026-07-25 08:02:05
"suka ada bug saat login jadi seperti membuat player baru tapi level masih yang lama padahal tidak menghapus save data sebelumnya udh gitu semua bangunan hilang, progres sudah jauh jadi terulang lagi",Hanif Adya,3,2026-07-25 06:58:30
mau main fc terus tolong di fix,Titan R. P.,1,2026-07-25 00:40:53
"tertulis aplikasi tidak kompatibel, padahal hp saya sudah sangat mendukung",Onde Mande,1,2026-07-24 21:40:28
nge lag bet anjir,Deny Budi,1,2026-07-24 20:58:20
mantap,fathan adafa,4,2026-07-24 14:26:01
tambahin mod awesome spy glass please,Messi Pardede,4,2026-07-23 20:01:54
"overall sudah bagus banget, tapi lebih baik ditambahkab setingan keluasan POV saat firstperson atau thirdperson agar membuat pandangan lebih baik, dan tolong fitur mabarnya di perbarui, jangan cuma bisa join server yang sudah ada doang, tapi buat teman bisa masuk world yang kita punya agar mempermudah jalannya permainan, jika hanya bisa join server itu ribet banget, belum lagi kalo servernya lag atau resources nya udah di habisin sama player lain, itu nyebelin",Aurelius Saka,3,2026-07-22 19:33:03
"download luar 1.39 gb, di dalem nya download lagi 8.8 gb, kalo yang punya wifi sih ga masalah",Fadil,1,2026-07-21 17:14:00
tolong gua pas main ngeleg.,Rafa Fitri,2,2026-07-21 16:45:13
"Saya berharap game ini bisa dapat 60fps. Kelemahan pada saat *live stream* di platform TikTok adalah gambar menjadi tersendat-sendat, jadi tidak terlihat *smooth*. Saya berharap *game* ini bisa dapat meningkatkan lagi terkait dengan grafik. Akan saya beri ulasan bintang 5 jika sudah di-*update*.",LRonde Dota2,4,2026-07-21 12:52:25
"tolong dong kontrolnya dibikin mirip sama ark mobile old, kontrol yang sekarang terasa ringkih, panelnya kecil banget, mau nambah stat sama liat storage ajah kudu nyipitin mata, sakit mata gwe, game android harusnya pakai kontrol yang simple, jangan disamain kayak pc yang jelas-jelas layarnya gede",Muhamad faridz,4,2026-07-21 05:10:47
map yang sangat bagus,Farhan Akbar,5,2026-07-21 04:49:15
"developer tolong kasi mod game ini, bosen lama lama gaada mod nya",Daffa Zp,4,2026-07-20 12:34:10
keren,Arkhan Arya,5,2026-07-20 01:39:37
asek untuk di mainkan,Lialha 16,5,2026-07-19 21:28:24
gajelas game nya,Abad Abrizam12,1,2026-07-19 20:29:01
"baru install di suruh mainin game dodo tebang² pohon, malah diharuskan lagi, capek nying gak minat",M. Noorfaiz,3,2026-07-19 15:44:29
bagus aja,Keyzhal Khambali,4,2026-07-19 05:36:15
seru bgt tpi msih kurang hd/realistis aja sama kadang ada bug suara nya ilang,Ardan Giyan putra,5,2026-07-19 01:32:34
"Ih.....ini kan game yang dimainin bang WINDAH!!!?? Langsung ku download saja karena bang WINDAH sangat seru memainkan nya,aku ingin melawan t-rex dan Yeti seperti bang WINDAH juga,semoga hp ku kuat untuk memainkan game ini",Bayu Suta25,5,2026-07-18 22:33:41
Please add mods to the game and add new dinos,Kirana Ardania,5,2026-07-18 14:45:08
"please update the game on low devices like Snapdragon 685 , everyone wants to eat it",AWAN Nawa,1,2026-07-17 20:01:11
good,Anak agung gede wisnu ardana,5,2026-07-16 20:10:03
EXP nya stuck.. EXP BAR is stuck.. it is bug .?,Fredi JD,4,2026-07-16 11:29:58
Force close saat mau masuk game,Frost Gaming,1,2026-07-16 00:15:27
tolong di perbaiki . saat Ascension item di hotbar yang ber timer hilang seperti crypod atau apapun yang memiliki timer tapi di inventory tetap ada barang bertimer,Se223 Sa335,5,2026-07-15 23:05:38
"game kunyuk sering force close, rusak ini game makin kesini",Achmad satria hazimulfikri,2,2026-07-15 20:04:19
gamenya bagus tapi lumayan banyak bug tolong perbaiki beberapa bug nya,Faruq1046,5,2026-07-15 19:47:05
akhirnya bang Lutfi halimawan main ARK lagi,Willia,5,2026-07-15 14:12:00
ngga mau masukin,patir celoo,1,2026-07-15 07:30:11
"tolong berikan fitur penambah mod seperti yang di pc, di karnakan level kalau sudah metok tapi berat inventorinya penuh jadi usah untuk ngebuild rumah atau bangunan bangunan lainnya dan prime meat kalau tidak pakai mod telalu banyak memakan ruang karna tidak bisa di stack. semoga kedepannya di tambahkan fiturnya :)",Ryan Ardiansyah,4,2026-07-14 20:40:03
"GAME INI BAGUS,tapi banyak bug disana,this game is perfect,but so much bug in this game",Al ghanim,3,2026-07-14 20:13:09
g bisa download d hp tah,Seraphim2 Malik,2,2026-07-14 09:22:06
"bagus si bagus, per map bayar 200k jir, tidak harga pelajar",ananta,2,2026-07-13 14:16:50
game ini sangat bagus,Fathul Huda,5,2026-07-13 12:45:58
"gamenya bagus, ini game survival yang paling kerasa dibandingkan game survival mobile lainnya, tapi bisakah wall torch di buff?, biaya pembuatan nya cukup mahal tapi penerangan nya bahkan tidak seterang torch biasa, torch biasa terasa jauh lebih berguna karena bisa dijatuhkan dan penerangan nya jauh lebih besar dari wall torch, kalo bisa perluas penerangan wall torch atau kurangi biaya pembuatan nya, atau mungkin buat penyangga untuk torch biasa untuk menggantikan wall torch",Qiana Kayara,5,2026-07-13 12:30:21
gem survival nya bagus udah ga kayak jaman dulu lagi,Aqil Salim,5,2026-07-13 12:08:33
gamenya bagus keren paling yang harus di tambah ada kayak mod gitu,atthar Farid,4,2026-07-13 11:00:32
ada bug keluar terus gak bisa masuk please di benerin,Indah Permatasari,1,2026-07-12 15:09:13
"ga rekomen buat yang kesabarannya setipis tisu . Bug,isu kualitas jaringan dan koneksi alias dikit2 DC,rollback yang intens,server yang sering raib,dan masih banyak lagi pokoknya . buat kalian yang punya hipertensi,jangan pernah sekali2 nyoba game ini,pokoknya jangan",Riza Lestari,1,2026-07-12 13:27:44
terlalu bags grafik sample gak visa mask,Lea Vika,2,2026-07-12 11:00:18
kurang mb nya,Mutar Angga,5,2026-07-12 09:16:58
jelek lama nunggunya mending di unintal aja deh,Dvddd,1,2026-07-12 07:10:42
bisa diturunin gk grafik nya manual sesuai hp yang di pake soal nya leg jadi susah main,Muhamad Alfan,3,2026-07-11 22:24:39
tidak bisa di update,REXAN Drama,1,2026-07-11 21:23:27
mending yang dulu,Gdx Noval,1,2026-07-11 12:36:56
seru,Alfath Ajis Saputra,5,2026-07-11 11:22:42
Game banyakan bug,Yo,1,2026-07-11 10:18:41
ini adalah my favorite game gue,Gheo Al Jazari,5,2026-07-11 00:21:18
"bagus bet cok game nya mirip bet sama versi pc nya, semoga kedepannya di tambah lagi map map nya kayak di pc",Khairul Azmi,5,2026-07-10 20:43:31
gamenya bagus bagus aja tapi optimisasi grafiknya kurang yaa walaupun HP saya ga flagship terbaik,muh daffa athallah jassin,3,2026-07-10 19:16:23
"game survival mobile terkeren dan kumplit menurut ku dan kalau masalah tantangan jangan di tanya lagi jelas sumper menantang dan kalau bisa tolong dong pindah map jangan berbayar tapi misalkan harus lawan bos berbeda 3x baru kebuka map selanjutnya, soalnya lost island mulu bosen udh gk ada tantangan sama sekali. dan di sarankan kalau mau main game ini minimal kalau mau lancar pake cipset helio G99 ultimate yah",Misbah Surhanudin,5,2026-07-10 15:45:06
bagus,Kelvin Phutra,4,2026-07-10 10:39:17
"pembelian god console ku hilang, masa 200rb menguap gitu aja",Agung Nugroho,1,2026-07-10 08:12:47
"malah di Batasin hbis update , barang jga susah di cari bahannya ehh percuma klo server masih macet itu di update mau full player atau tidak hrus lancar",widhi pra,2,2026-07-09 22:21:46
mantap. ditunggu updatenya lagi,Julian Prastio,5,2026-07-09 07:51:18
gamenya seru cuma HP gua yang udh nyerah mungkin kalo ada rezeki gua bakalan up perangkat dlu baru nanti maen lagi. makasih buat ark game lu seru kok cuma gua aja yg blom mampu,Muhammad akbar,5,2026-07-08 14:03:45
Re log,akil ptsb,5,2026-07-08 10:44:35
game gajelas gatau disuruh ngpain,khoirul fajarkafa,1,2026-07-08 05:34:38
"gila Sih selesai Download 1,4 GB eh masuk aplikasi Download data lagi 8 Gigaan Lebih. set@n Bener.",Febry Gunawan,1,2026-07-07 19:59:55
untuk memasuki server terlalu rumit,galang galang,4,2026-07-07 18:44:06
"kapan rilis map terbaru lagi , sudah mulai bosen dengan map yg lama. semoga cepat rilip buat map-map barunya.",Iwan Permana,5,2026-07-07 13:41:48
game is so good,Rafif Arzan,5,2026-07-07 07:14:08
game nya sudah bagus.. tapi akan lebih bagus kalau bisa cross play.. jadi save dari cloud mobile bisa di lanjut di save cloud PC.. soalnya kadang kalau lagi di luar main di mobile.. tapi kalau di rumah pengen main di PC.. secara map dan gameplay sudah hampir sama persis dari kedua versi mobile maupun PC.. jadi kedepan nya semoga bisa.. 👍👍,Aobox Dino,5,2026-07-06 23:15:07
"Dulu ga begini dah ,skrg force close Mulu njer",Meidy fatkhur Rohman,1,2026-07-06 22:47:32
game keren,BlazeHunter,5,2026-07-06 21:17:45
download file tambahannya aja lamanya lama banget😩,Syifa,1,2026-07-06 12:38:39
tolol ga bisa log in data sudah ada susah log in,angga wijaya (Angga),1,2026-07-06 07:15:34
Game nya sangat seru tapi yang aku harapkan aku ingin ada ark ume tapi versi lebih ringannya dengan dino yang juga masih ark ume tapi grafik seperti ark mobile lama,Habibrasyid,5,2026-07-05 07:11:07
mantap,Syahdan,5,2026-07-05 03:53:25
tidak disarankan untuk hp kentang 🥔,Faiq 125,2,2026-07-05 00:28:55
bug loding dan lag,pemula pemula,1,2026-07-04 16:52:05
good games,Winarsih Ilham,5,2026-07-04 16:02:23
NICE,7A-12-Fransiskus Saverio Jerome prasetya,5,2026-07-04 11:36:24
1.tolong bug ketika mati tas nyangkut tidak bisa di akses 2.tolong buatkan creature finder deluxe 3.upgrade dino dengan variasi warna seperti pc,Kandar,1,2026-07-04 10:34:43
gamenya bagus tapi saya ingin spawn chance Equus nya naikan,M Irfan Afandi,4,2026-07-03 18:33:14
so fun,Maxi Milian,5,2026-07-03 17:36:03
RELEASE PRIVATE SERVER FOR ME AND MY FRIEND TO PLAYING,Rehan Linggau,1,2026-07-03 12:58:27
game tolol gak bisa main malah di suruh download file apa coba game tolol hapus aja dari plaistore,Andi Habibi,1,2026-07-03 11:29:12
aku dapat 14 fps badahal udah rata kiri pake hp Samsung s23,AYNTO FERDI,3,2026-07-03 08:46:33
gatau nya game ya 20 bit kaga mirip,Muhammad Syahir Khoiron,1,2026-07-02 15:31:10
bagus cuma kadang masih ada bug,DaQiao DaQiao,4,2026-07-02 09:06:28
game gokil bagus bet gila cuman mines nya hp gua yang kentang kalo bagus mah auto tamat gua,Alan Fadlan,5,2026-07-02 06:13:34
GK bisa di buka app nya Keluar sendiri auto close,Jack Wilson,1,2026-07-01 23:13:32
"Bagus game nya, cuma kasih render distance nya aja biar gak ngeleg, Pasti yang marah marah itu device nya kentang😹😹 Overall bagus cuma di render distance aja sih kurang enak di pandang",Anna Manisha,5,2026-07-01 21:28:43
"kasi 5 biar teratas dan di baca, ini kenapa ya saya main di map Ragnarok dan membuat base di dalam gua, dino saya menghilang dengan sendirinya, hewan yang saya jinakan tiba tiba tergerak seakan akan mau ngejar sesuatu, jadi horor gitu gamenya, btw gua nya di tempat tower warna biru",ditzwibu 27,5,2026-07-01 20:40:43
game bagus tapi boleh cepatkan downloading file di percepat terima kasih,Zikri Fathir,5,2026-07-01 20:05:44
kapan Acrocanthosaurus?,Valentino Axelle Adelio,5,2026-07-01 14:21:46
Aku walaupun main di HP temen ku tapi Aku seneng bgt jiirr,Sulastri lastri,5,2026-07-01 13:09:01
"Tambahkan multiplayer dari hosting yang bukan server, biar bisa mabar sama temen",ALIAUFA RIAYATSYAH,5,2026-07-01 10:44:23
game ini gk bisa😡😡😡😡😡,ade kuswanda,1,2026-07-01 09:46:25
game survival terbaik yang pernah ada,Aziz N.H,5,2026-07-01 07:45:33
"halo ark, game not download file",Muhammad Zikri,5,2026-06-30 14:36:56
controlnya agak susah dr versi yg lama,freddy tanzil,4,2026-06-30 12:52:07
"Please make it for the phone, there are shortcomings like I made for Persi Lite",Bilal Azka,5,2026-06-30 10:20:51
satu kata buatin game kayak gini tapi yang fersi GB nya lebih rendah gw jamin pasti banyak yang main,Irsyad El Ibad,3,2026-06-30 01:39:39
tolong geme ini bisa dimainin di mobile,Albie Ferdinand,5,2026-06-29 19:03:45
apalah kaga mlh ngestuck 100,Katzzz,1,2026-06-29 17:43:59
Poko nya bagus gc download gcgcgcgcgc dapet bronto aing,Rangga1714,5,2026-06-29 17:41:19
game nya bagus jadi saya kasih rating 5,Sixtus Adriel,5,2026-06-29 09:49:26
"Sering forclose saat sedang main .,,untuk prangkat sudah terbaik .,,tolong segera di perbaiki .,,sudah download untuk ke 9x nya masih sama penyakitnya saat main tiba2 keluar sendiri dari permainan .,,sampai sekarang masih tidak bisa save data permainan setelah update .,,terima kasih",Supri Widodo,1,2026-06-29 09:12:16
karna saya pencinta dinosaurus dan ini game peak,Raditya arka,5,2026-06-28 17:22:49
tolong di perbaiki masa gua crash mulu mau masuk pliss devloper perbaiki gua mau main,Apri,1,2026-06-28 17:10:31
Let it be mods⚡,Raenaldy,5,2026-06-28 17:07:52
"lag banget walau hp saya support gini tpi masih lag,mending ke kalimantan",Alfariq Ridwan,1,2026-06-28 16:09:49
agak mengecewakan karna harus download lagi tapi gameplay nya seru banget sih🫪,Ahmad Wafiq,4,2026-06-27 14:28:38
"very very BIG leap from the old ark mobile,but PLEASE add back photo mode and damage indicator we need it DESPERATELY",RPBzee,5,2026-06-27 00:59:01
keren,Rahmat Sovy Alvan,5,2026-06-26 19:28:12
"busuk, nih ya saran buat dev, agar gamenya bisa mulus di mainkan di hp, tolong dibuatkan sistem download map di ingame seperti game game fps di mobile, jadi kita hanya perlu mendownload map yang kita mau mainkan saja, misal saya hanya ingin main di The island, saya hanya perlu mendownload map the island saja map yang lainnya tidak perlu di download. satu lagi untuk texture tanah, pohon, dino dll menurut saya lebih baik disamakan dengan ark survival evolve yang lama saja, agar lebih optimal",Dimas Sarippudin,1,2026-06-26 15:27:08
semoga update dyno yang lebih galak lagi,Sidik m,5,2026-06-25 19:39:12
game nya bagus tapi pas saya hapus dan saya mau download lagi tiba tiba ark Uda gak ada lagi di play store,Mhd Khairul,3,2026-06-25 18:14:22
KAMIII BUTUHHHHHH UNOFFICIAL SERVERRR PASAR LU DI HP AJG UPDATE PLSSS JAN JADIIN ANAK TIRI,Andara ze Aya,5,2026-06-24 20:32:06
best,Mawar Merah,5,2026-06-24 13:30:09
so fun frr,HELMI YUSUF ABDAT,5,2026-06-24 10:07:10
GIMANA CARA LOGINNYA,Nella,1,2026-06-24 07:23:11
game belum cukup stabil lumayan banyak bug spawn dan juga tak pernah update setelah 1 tahun game ini jujur sangat bagus tapi masih kurang dari segi creature ataupun setting sederhana seperti text damage dll,Yaafisigma,4,2026-06-23 18:56:05
aku baru masuk udah lag bageeeeeeeeeeeeeeet dan aku gak akan main lagi,nur hidayati,1,2026-06-23 17:13:03
"tolong UI kontrol tombol gamenya bisa di setting player, sayang loh game bagus bgini jadi rusak cuman karna penempatan tombolnya yang ga bisa de setting player sendiri",Andi Riansyah,4,2026-06-23 10:34:31
karebagus,Sri Samadi,5,2026-06-22 17:34:03
"kenapa tidak bisa di mainkan?, selalu keluar sendiri",Andi Fathir,1,2026-06-22 05:35:14
harus lakukan mini game untuk main,narezzanoor,2,2026-06-21 23:05:53
saya suka terhadap game yang unik seperti ini karna game ini menggabungkan dua elemen yaitu elemen teknologi medren dan zaman dissaurus,Fitria Ajja,5,2026-06-21 12:53:34
rasanya sia-sia aja di download. nge-lag banget walau grafik udah low. lagian jarak pandang nya jauh banget. nggak ketemu juga settingan buat turunin jarak pandang nya supaya mengurangi lag.,Mio,2,2026-06-21 08:57:29
kapan map baru rilis nih 😁😁,Dicky Gaming 01,5,2026-06-20 15:04:32
"After the ultimate update, the game became heavier which made my phone lag.",Yusuf Gaming,5,2026-06-20 13:23:41
Download file nya Lama banget Mana gak boleh mati layar nya sama harus main mini Game nya baru jalan download nya mohon diperbaiki lagi,andre “Andre” Adriandre,1,2026-06-20 08:17:36
karena gampely yang bagus,Laedenta,5,2026-06-20 07:34:07
enak,Nurfajri ali Fajri,5,2026-06-19 13:01:50
"game lag, patah patah, fps drop padahal udah pakek setingan paling jelek, dowload fail lama 11gb anj ni game",Adit 123,1,2026-06-18 19:03:01
"game nya bagus, tapi sangat tidak di saran kan untuk player yang tidak sabaran",Dapaefotball,5,2026-06-18 17:25:05
seruuu bgt tpi suka ngebut pas save mode,Bima Renaldy Septian,4,2026-06-17 09:35:46
"game nya bagus, tapi lebih diperbaiki game nya karena sering keluar sendiri game nya udah sering saya alami, kemudian kadang loot crate di ark masuk² dalam tanah atau batu yang dimana mau gwa ambil tapi tidak bisa, jadi mohon developer diperbaiki kembali, supaya mainnya lebih aman dan tentang",Ahmad Jailani,5,2026-06-16 21:05:48
game bodo gak bisa instal file stuck di 0 perbaiki sekarang,Alfino Sbs,1,2026-06-16 16:01:35
sebenernya bagus sih ini game tapi entah emang HP saya yang spek nya kurang atau emang game nya masih blm terlalu stabil fps cuman 20 an padahal kangen banget main ark,Arvin Channel,3,2026-06-16 14:56:07
jelek cave sepi,Jurlou Ofer,1,2026-06-16 09:17:14
lama downloadnya,Fadel fadel,3,2026-06-14 19:08:37
saya perna memainkan game tetapi sangat lama waktunya maaf ya,Sai Priya,3,2026-06-14 17:32:52
klo mau bikin akun malah masuk crome,dfi,1,2026-06-14 13:22:34
Good Game But Update Anti cheat No mesh No Dupe No rollback player keep strong dev please fix it in next update,Agung Wiranata,4,2026-06-13 19:25:25
good,AGUS ABDULLAH,4,2026-06-13 19:03:02
"dari pengalamanku yang main ark dari awal rilis yg versi mobile masih bagus banget, semenjak update ultimate malah semakin banyak bug, gak bisa main offline, susah bikin akun epic games (padahal gak ribet), dan paling mengecewakan untuk banyak kaum adalah ukuran penyimpanan makin besar",HAFIZH ARRASYID SUTRISNO,2,2026-06-13 18:32:43
GG (Game Gokil),Edsel warajaya,5,2026-06-13 15:38:10
"waktu masuk ke world tiba"" semua dino gw ga ke tame,padahal masih ada yg kepasang saddle,terus gw jadi ada 2 njing",Nathanael Aruan,1,2026-06-12 20:30:26
game bagus buat yang bilang jelek pada gak bisa main wkwk tapi dari gw gw kasih 👍 gameplay bagus tapi boleh kali tambahin dino yang ada di ase ato asa,Muhammadhapit Alhafizt,5,2026-06-12 15:52:56
"I've already built a fence but none of the developers are going to fix it, you're stingy.",ROMEO RAMDHANI,1,2026-06-12 13:30:25
optimasi soal fps dong masa main di map ringan dan grafik terendah masih aja frame drop padahal device saya harusnya bisa optimal 60 fps lowest padahal pas awal download masih optimal,Vinny Ozai,2,2026-06-11 13:44:38
game dinoo,Raihan Naufan,5,2026-06-11 05:26:49
"bro we need more complicated building systems in here, so when we build something we don't feel bored, need some wooden beam and some bush on the roof need some conical roof more like a system building in ark pc please add it, I've been buying god console and it feels bored we create something only with that structure",The God,5,2026-06-10 16:30:02
jangan di kasih mini game pas download data,Salman Alferisi,4,2026-06-10 10:36:32
"knp cuma stag di download trus cuma main dodo doank ia.. gimana cara downloadnya jadi ribet pas masuk playstore, enak dulu pas ada di google",Samuel Christian,1,2026-06-09 23:06:38
Nice game,Syahrul Gunawan (GUGUN),4,2026-06-09 20:18:54
oke,Jaka Farel,5,2026-06-08 20:15:28
"Grafik bagus main di Infinix GT 30 Pro ram 8/256Gb smooth sangat, sangat disayangkan di antara mayoritas game survival yg kumainkan game ini PALING TIDAK ENAK kontrolnya pusing aku mainnya kameranya d ubah setinganpun gak enak banget. Padahal sangat ingin buat base keren kayak di youtube, maaf baru nyoba gak sampai 10 menit aku uninstall, mungkin bisa contoh gane serupa yang kontrolnya enak pergeseran kamera enak",arez mauriezt,3,2026-06-08 18:27:24
kontrolnya terlalu susah saran saya tambahkan kontrol joystick dan untuk attacknya pake tombol kalo cuma geser geser gak enak,Faishal Imammul Hakim,1,2026-06-08 16:22:42
"Please update it next so that all devices can play this game. Some phones, such as the Poco F5, are not compatible with this version, even though they could previously. Please fix this.",Dendi Prayoga,5,2026-06-08 11:24:36
kontrol nya ribet sama ngeleh mulu,Oke Rafardhan,4,2026-06-08 11:05:29
"APAKAH ADA UPDATE TERBARU LAGI DI GAME ARK INI, SEMOGA ADA UPDATEAN TERBARU UNTUK MULTIPLAYER",Hilal Rismawan,5,2026-06-07 22:38:26
game nya sangat bagus dan dino yang saya belum ketahui sekarang menjadi tahu!.,hajj,5,2026-06-07 18:57:33
lag dan sering keluar dengan sendiri,Della Akwan,1,2026-06-07 09:06:58
susah bet control nya,Muhammad alif athar,1,2026-06-06 20:37:13
"lagi main tiba2 keluar sendiri dibilang ngecheat speed hacking,game aneh ngelag2, teleport2,ini game gausah dimainin,capek gw tame dino tiba2 keluar sendiri,kalo udah diperbaikin gw kasih bintang 5,gausah dimainin server lag,lagi ngambil telur bronto malah lag terus ngulang dari awal,game ga guna,dino gw udah di setel netral masih nyerang dino lain,server lag padahal sepi,mending main pou aj",Rezta Saputra,1,2026-06-05 22:20:50
singkat saja HP saya gak kuat padahal udah rata kiri udah itu aja:),Dedek Wahyu,1,2026-06-05 14:23:20
gamenya bagus tapi bisa gak kalau attack target jangkauannya lebih jauh aku kesusahan apalagi taming quetzal,lukman hakim CT,4,2026-06-05 11:27:02
"game nya bagus tapi lebih bagus dulu, dulu grafik nya lebih realistic kalo sekarang ga dan lebih lag kalo dulu ga lag padahal ga grafik hd",Yulina Armawati,5,2026-06-04 15:29:14
game tidak stabil setelah update,Royan Defiran,2,2026-06-03 21:56:23
game aneh padahal ga pake chit tapi langsung di kick game rusak giliran yang pakai chit ga di ban ini game bikin mental rusak capek gw nge tame dino abistu langsung di kick kalo game nya sudah di perbaiki saya kasi bintang 5,Raja (huu),1,2026-06-03 21:10:06
kenapa tadi aku donlod kok ngulang lagi kenapa hah jelaskan,ahmad yani,3,2026-06-03 16:34:00
crash?,Ahnaf Bilal,1,2026-06-03 15:00:08
"ga jelas bgt tiba tiba ilang semua dino yg gw taming ,rumah nya juga ikutan ilang ,apalah tadinya pengen kasih bintang lima",Nazmi Rafa,1,2026-06-03 14:59:06
game ini sangat bagus aku kasih bintang lima👍👍👍,Daffa Daffaalfatih,5,2026-06-03 14:35:53
dangat bagus,Gunawan -,5,2026-06-03 03:39:43
saya sangat merekomendasi gem ini,Gusti Wibowo,5,2026-06-02 08:36:31
gameplay nya bagus cuma aga ngebug aja,Dedy A. Munandar,5,2026-06-01 19:07:42
game nya bagus banget👍🏻👍🏻,rahmat solihin,5,2026-06-01 15:28:18
"I keep fainting dont know why is it bug?, I tried eat and drink too but I keep faint, I did relog too, doesnt help, please fix it",Anita Puji Rahayu,5,2026-06-01 11:40:54
"gameplay nya dah bagus, tapi ngelaggggggg",Lemari Mari,3,2026-05-31 15:07:56
"game nya sudah bagus dari segi grafik , namun tambahkan fitur kontrol yg bisah di atur, dan optimal kan lagi kelancaran game nya supaya tidak lag makasih, tambah kan skin rumah nya lagi kayak di pc bisah di kasi skin.",Sesi 1 Adil riyan sababalat,5,2026-05-31 13:07:23
game nya seru cuma sedikit lag,Dedeefratanatalius,5,2026-05-31 09:48:16
Update game mu Wok tambahin noh deinoshucus sama ceratosaurus di mobile dan jangan lupa tambahin setting layoutnya biar bisa di custom sendiri WOK,Naxy,5,2026-05-31 01:13:39
ark ini mainya pake paket gak sih,Bang Eko,4,2026-05-30 20:11:11
game nya bole tapi waktu udah download dalam gak mau di masukin lagi tolong developer perbaiki.,izzul haqqi,1,2026-05-30 18:27:14
akhirnya bisa main guwa,Dandy Okta,5,2026-05-30 17:50:06
"so far bagus, cmn di beberapa server masih suka bug ilang kapalnya",Elfandra Dirgama,4,2026-05-30 15:30:17
keren paket data saya habis 20 GB untuk game satu ini,Sem Boy,1,2026-05-29 14:54:10
good,EDI Muliana,5,2026-05-28 19:03:59
game rusak jngn mainkan tidak bisa masuk lobi,Riandi Enriko,1,2026-05-28 09:51:23
gatau kenapa tapi tidak bisa di mainkan,Fathan Rabbani,1,2026-05-28 09:34:01
game sampah tidak peduli dengan bug yang ada,Reza Indrayana,1,2026-05-28 07:03:00
Netral,Panji Pratama,5,2026-05-28 05:04:18
"masih suka lag sih, sama save nya kadang gak fungsi",TAgustian,5,2026-05-28 01:31:11
"tolong, saya main game ini lag banget, padahal hp baru",Tiwi Partiwi,3,2026-05-28 01:24:01
game nya sangat bagus,Rafly oka Pratama,5,2026-05-27 22:14:25
"Game nya seru, seru bgt tapi aku dapet bug semua dino yg udh dikumpulin ngebug jadi liar sama download nya super lama",ade abut,2,2026-05-27 18:26:02
woi urusin lah bug nya udah 3x progres ku hilang,Reza Tuwo,1,2026-05-27 17:20:10
boleh ga sih tantangan keep download Dodo alive di ilangin ribet banget mau main aja susahana di suruh gituan kan tambah stres,Made Sony,5,2026-05-27 09:26:47
"Saya kasih rating 5, sumpah game ini adalah game yang sangat amat ingin saya mainkan melihat banyak orang yang bermain ark saya jadi penasaran ""ada apa sebenarnya di game ini?"" setelah saya memainkannya dengan genre berpetualang dan dunia open world yang luas, menjinakkan beberapa dinosaurus, lalu tema aksi cave dan boss sangat seru dan menantang. untuk developer saya sarankan tambah lagi map seperti Ragnarok seperti fjordur, lost island, dan crystal isle, tapi beberapa perangkat tidak bisa main",Idris Baba,5,2026-05-26 18:06:40
mantap bosqu,Opang Naufal,5,2026-05-26 12:23:25
bagus banget,Harizt Agta,5,2026-05-26 09:18:17
Allahuakbar harus download data 8gb njir gak ngotak Cok tapi masuk akal,Ayyib Andhani,5,2026-05-25 18:38:02
bagus,Ramda Ni,5,2026-05-25 10:54:30
baru kali ini Nemu game terbaik sepanjang masa semoga kedepannya makin berkembang agar lebih menarik dan lebih seru memainkan nya,ラファイス,5,2026-05-24 22:49:18
please fix rhynioghnata bug its so bad :(,Al Haliim,3,2026-05-24 20:06:21
"untuk developer,tolong ditambahkan lagi untuk map ark yang lain seperti lost colony.",rahamada_iguchi,5,2026-05-24 08:41:25
"Game lolok suka tiba² nge crash, padahal lancar² aja pas main",Danish Abhipraya,3,2026-05-23 23:17:05
aneh ada bug pas mau ganti map tiba tiba dino gw gak muncul udh granding lama lama malah hilang,Adika Alifiandra,1,2026-05-23 11:52:51
"ni game ngeleg banget udah mah download nya lama, kalo HP kentang jangan coba coba dah download",Mini Ons,3,2026-05-23 11:33:11
gem nya sangat bagus 🤩🤩🤩🤩,Ismul Ismul Qadri,5,2026-05-23 09:20:29
gamenya sangat seru,Adyastha Damar,5,2026-05-22 19:59:00
coba lu Mai di hp,Samudra 5111,1,2026-05-22 16:43:11
tolong beri tahu saya di mana bisa melihat peta,David,3,2026-05-22 10:10:18
good game,Funny Videos,5,2026-05-21 03:05:11
sudah bagus tapi aku cuman mau yg bisa mabar bareng,gan teng,5,2026-05-20 15:04:29
"game rusak, bisa-bisa rhyniognatha yang terbilang dino late game dan punya max spawn, malah over spawn, bahkan sejauh ini aku sudah ketemu lebih dari delapan, dengan keadaan lv ku yang bahkan belum menyentuh 40",yohanes fransisco xaverius,3,2026-05-19 19:54:10
Why does my world often disappear? Is it my device? Am I using Dimensity 9500s? Is it still not enough?,ALDI 145,1,2026-05-19 15:47:19
"untuk studio wildcard, game nya sangat seru dan bagus saya juga sangat menyukainya saya berharap untuk studio wildcard menambahkan fitur-fitur tambahan seperti fitur memasang mod atau custom map, menambahkan beberapa map lagi seperti the center dan lainya, fitur joystik, dapat di mainkan multiplayer tanpa server official, dan fitur custom control minimal 3 custom control.",Adji Gumilar,5,2026-05-19 14:58:14
"game yang sangat menarik dan banyak keseruan yang belum gw ketahui tapi sayangnya gamenya sangat.. sangat.. sangat berat di HP RAM 5,6,7,8, seriuss tapi saran pakai HP ROG fiks langsung gak patah² sama lag² yang penting jangan dimainin oleh pengguna yang memakai HP vivo, samasung kentang, redmi, sekian dari saya makasih buat developer tlkarna telah membuat ini game seru dan sangat.. sangat.. sangat berat 😇😇🤯😮‍💨",Embuse buseds,4,2026-05-18 19:05:56
tidak bisa dimain,Rafa,1,2026-05-18 00:14:03
mau masuk game nya malah keluar terus,Shontol Bhirowo,1,2026-05-16 19:15:43
ini game seru bgt apa lagi kalo main bareng temen pokoknya ni game seru👍,willi Wilm,5,2026-05-16 17:51:11
beberapa orang tidak bisa mengakses game ini,Ric Co,3,2026-05-16 09:44:44
aku suk dino,syarifuddinrafqi0902,5,2026-05-16 09:08:28
"gamenya kurang lebih bagus aja, tapi fitur save game nya yang kurang bagus dan kurang maksimal, capek capek leveling malah terulang dari awal",RAGAMEZ,3,2026-05-16 00:01:15
game ini bagus ini gb nya bisa di kurang gak pls untuk HP kentang grafik nya terlalu bagus jadi pls di kurangin,Jevan Lucio,5,2026-05-15 15:53:18
setting ngan bahasannya gk ada bahasa indo sama settingan kontrolnya ribet agak sulit buat ngerti apalagi kususnya gw orang yg gk terlalu paham bahasa inggris,Putu Mahardika,1,2026-05-15 11:42:48
gua penggemar topi sihir banget jadi aku rekomen ini untuk pengalaman atau yang udah jadi youtuber kaya dryll yaitu animasi,Pengguna Google,5,2026-05-15 10:43:35
mantap,destin 1,5,2026-05-15 07:38:59
PEAK GAMEEEEE🌹🌹🌹🌹🌹🌹🌹🌹🌹🌹🌹🌹🌹🌹🌹🌹🌹🌹🌹🌹🔥🔥🔥🔥🔥🔥,Fathan,5,2026-05-14 14:41:49
game gila grafik gak main main realistis banget,Marsel Marcelino,5,2026-05-14 09:46:45
"game bagus walaupun lg tapi masih bisa di mainkan, alhamdulillah nya game nya geratis jadi gak perlu beli , Terimakasih untuk developer semoga umur nya panjang dan sehat selalu amin🙏🙏",Putra Ivander,5,2026-05-14 07:32:11
tolong tambahkan hewan di ark ascendant ke ark mobile,Muh.Anugrah Pratama,3,2026-05-14 07:31:44
"sialan dasar penipuan!!!😡 saya beli paket map bundle di HP saya dengan akun yang sama tapi tidak ada di tablet, ini gimana caranya agar map yang saya bel tadi di ada di tablet saya?😡😡😡😡😡😡",Fadil Islami,1,2026-05-13 23:15:48
mantap,VAYZQ,5,2026-05-13 18:06:27
nge lag jir tapi bagus kok,Mandala Abu Thoriq,5,2026-05-12 09:47:46
game nya bagus dan seru banget aku sampe ketagihan main nya tapi saat beli map extincion dan melindungi orbital supply drop hadiahnya yaitu cryopod ga muncul di inventory jadi bisa di ambil tapi ga masuk inventory tolong perbaiki ya karena saya sudah beli map extincion nya mahal banget,Syahrul Hidayat,2,2026-05-11 14:01:52
bug terus kalo main suka kelaur gem nya tolong di per baiki,Khariz Mustabiq,1,2026-05-11 12:48:28
"new map please,",Bima Dwi Andrianto 8,5,2026-05-10 13:57:56
lama masuk nya,ENI PURWIJIYANTI,1,2026-05-10 13:38:08
"Game jelek. kendali susah, tombol acak-acakan, tombol bidik di taruh pas di dekat kontrol jalan, tidak adanya joystick mengakibatkan susah untuk berjalan, Tiba-tiba berhenti lari, atau tidak bisa berjalan mundur ketika situasi genting",Fathahillah Akhza,1,2026-05-10 12:07:08
tolong ringan kan lagi game nya,alkha fina,2,2026-05-10 10:53:53
game ternak bug,Mohamad Iman Ramadhan,1,2026-05-09 23:30:51
bagus banget tapi gbnya lumayan besar,Ghany Gnr,5,2026-05-09 20:49:37
peri gud peri nais,Garda Sahaja,5,2026-05-09 19:07:29
tambahin map lain plisss,Abidzar Putra Viediansyah,5,2026-05-09 07:56:31
tolong optimal kan grafik low lagi rumput kecil di tanah masih bikin lag padahal setting sudah rendah.render distance dan gerakan kamera juga kasih kurang smooth di hp menengah,Hasby,3,2026-05-09 07:45:23
download nya lama banget,Prabu Siliwangi,1,2026-05-09 07:43:12
"tolong dong perbaiki bugnya si stego, gw mau farming pakai ekor si stego malah ga bisa ke farm jir, padahal tuh semak semaknya udah di bawah ekor cuman kagak bisa di farming bagian buah buahan, malah kayu yang di tebang pakai ekor stego. padahal kemarin aja bisa loh sampai stego gw aja ga bisa jalan gara gara kepenuhan buah buahan hasil farming, kok sekarang jadi ga bisa sih? terus 2 kali pula kena bug stegonya anjir, saya harap di perbaiki bagian bugnya 🙏",Dylan Jj,1,2026-05-08 22:53:35
geam ini seru tapg ga bisa dimainin di hp kentang nanti bunyi mesin cukur dan juga ada bug aku taming reeper dan aku ambil telur rocdrek tapi reeper aku ilang dan telur hilang menurut kalian gimana,ETI MURTATI,5,2026-05-08 19:54:21
patah patah,Septi Sumarni,5,2026-05-08 19:09:58
"pliss saya mau yg versi dlu, versi ini hp saya ga kuat",Pop Step,1,2026-05-08 14:31:15
gema bagussss banget kayak di PC,Fenn Harr,5,2026-05-08 13:04:32
"kontrol masih susah dan ribet, wajar sih banyak yg baru main atau nyoba paling dpt 3 hari udah uninstal lagi, engrams ngebug jadi minus jadi susah buat buka blueprint, kalo memang gak siap buat versi mobile yaudah gak usah rilis",Yanuar Cahyo,2,2026-05-08 11:36:47
sangat bagus permainan nya bikin seru tapi ngelek tapi boleh sedikit permintaan untuk fpsnya di turuni,Juan Cristian Toli,5,2026-05-07 17:57:55
konyol belom beli map tapi dah download datanya jadinya ukuran gamenya jadi bengkak 11 gb tan lebih,kutu movie,2,2026-05-06 11:02:07
NGEDOWNLOAD DATA NYA LAMA SAMPAH!!!,Abiyasa Aditia,1,2026-05-06 10:43:46
saat saya ingin download files tidak naik naik poin nya padahal jaringan saya kenceng,Gibrandewa,1,2026-05-06 08:41:48
"saya kasih bintang 5 karena seru banget pas di mainin, game ini tidak di sarankan untuk hp kentang, saya cuma mengingatkan saja, saya memakai Poco x7 pro itu sudah lancar banget keren dah pokok nya, apalagi di map Ragnarok",Ucup Azhar,5,2026-05-05 20:11:04
dah bagus cuma grafiknya agak diturunin sedikit agar hp saya yang kentang bisa bermain di 30 fps,Galuh Srirahayu81,5,2026-05-05 14:37:05
bang timnya ngebak gua mau telepon salju malah kagak bisa padahal sudah bayar 50.000 🙏,Anggi Anggi,1,2026-05-05 09:32:48
ahh pdhl ini game impian gua tapi pas gua masuk keluar lagi memang hp ku kentang pengen beli hp baru,Rini Sri Ayuni,5,2026-05-04 17:24:16
ini gimana ya developer,Kela Laa,4,2026-05-04 16:12:19
game nga memang seru tapi butuh banyak waktu saya menunggu sampai 20 jam buat download padahal saya sudah kosongin aplikasi saya,acha ichi,4,2026-05-04 15:18:28
"anjeng game gaadill bgt, dino terlalu op, player gadikasi kesempatan di early, pdhl settingan udh easy, kocak",Irsya naafi Ardi putra,1,2026-05-03 22:58:08
kenapa ark nya ga bisa di mainin ya 🤔,akuFariz & saksters,1,2026-05-03 12:17:39
bagus,Hariyandi Hamzaeny,5,2026-05-03 11:50:05
"sekarang jadi sering force close, dulu awal awal update genesis 1 2 masi lancar.",Kenzie Suryo,3,2026-05-02 12:31:56
bagus banget ya walaupun agak susah tapi masih ok lah,King David Poluan,5,2026-05-02 10:43:52
"tolong refund uang saya, saya unrecognized pembeliannya karna saya lupa mematikan subscription, tolon saya membutuhkan uang itu untuk membayar hal yang lebih penting, aku mohon",Claudio Raka,1,2026-05-01 00:58:20
dalam game sering ngecrash sama dino dino susah di taming permudah sedikit gamenya,Charles Nathan,4,2026-04-30 20:17:25
mencari grafiknya bagus 😳,Naswa Putri Nabila,5,2026-04-30 14:34:31
Game Ini Sangat Bagus! Saya Tau Alasan Kenapa Game Ini Rating Kecil Karena Grafik Game Yang Gila! Membuat Game Sangat Berat Dan Lag Lag! Saya Harap Lain Kali Bisa Tambahkan Dino Lain Yang Bagus,Kapten Mirzani,5,2026-04-29 23:07:17
Seru banget,Dinnar 04,5,2026-04-29 21:53:52
dari segi gameplay nya bagus,Arjuna Efalino,5,2026-04-29 20:42:45
good game,rise of kingdoms,5,2026-04-28 13:32:52
tolong munculkan apknya di playstore untuk Poco F5 tolong soalnya tidak kompatibel 😭😭😭😭😭😭😭😭,Iyange Konja,1,2026-04-28 04:25:54
masih patah² tolong tingkatkan terus,Nona mirza,3,2026-04-27 23:46:45
"Bagus, namun Game ini terlalu berat untuk game Android, di hp Xiaomi Redmi 15 masih mengalami masalah lag dan frame tolong di optimalkan lagi",03. Bagas wisnu aji nur wahid,4,2026-04-27 23:26:49
bagus DA welllllll,Ainun Fitri,5,2026-04-27 16:11:42
"the most annoying part is, Why you can't pick up your structure back, like picking up back your traps when you done taming some creatures, and moving out your structure to elsewhere. That is so dumb..",Abby,3,2026-04-27 06:44:29
game ngebug udah di save malah ngulang dari awal lagi,SENDAL BETAT,5,2026-04-26 00:07:47
"waduh saya kira download 1,4gb langsung main teryata harus download lagi 9gban",Rizky Riezky,3,2026-04-25 20:33:20
"bagus bgt pls, apalagi mekanik nya itu bagus²agak susah juga.",Kuzeku456 Kuze,5,2026-04-25 19:38:39
saya sudah mendownload tapi malah ngestuck 100%,MUHAMMAD FAHRI RAJAB,5,2026-04-25 15:14:24
game nya seru gk sia sia main dri 2017 sampe skrang main di HP snapdragon 8s gen 3 kuat banget,Welki4 Rianto,5,2026-04-25 11:20:19
"udah ga bagus, padahal 2024 gw main grafik tinggi pun masih support tanpa patah2",Yoga Sadewa,3,2026-04-25 08:31:19
tolong di benerin bug stack tombol nya,fatih satya,1,2026-04-24 18:53:14
"Bagus, mines cuman kontrol, perlu adaptasi dulu",RegaST CH,5,2026-04-24 17:17:34
tolong dino rerhyniognatha nya klo dijinakkan masih ada bug yaitu ga ngikutin klo disuruh follow sama bug dino didalam goa ditinggal bentar malah masuk tanah tolong yh update secepatnya,Loss Ajaa,5,2026-04-24 03:38:43
the best dino survival... HP kentang skip minggir dlu daripada nanti ga bs main baper ngasi review buruk...,Timothy's EntertainmentTM,5,2026-04-23 22:25:29
gilaaa aku udah dapet spino disini,yopi rahayu,5,2026-04-23 17:48:31
seru,Muhammad Azhar,5,2026-04-23 16:15:48
"plis wildcard dino tim jangan nge damage osd nya, biar dino corupted aja di map extinction, mau osd ancur mulu gara² dino tim bisa nge damage osd apalagi pas osd ungu pake ice titan baru ronde 2 udah ancur. gara² ice titan dari tim sendiri, kan aneh",Abi yansah,4,2026-04-23 13:24:17
"Udh save data tapi ga ke save, reset lagi jdnya progresnya",Muhammad Ihsan,1,2026-04-22 21:23:13
sangat menyenangkan kan,Aku Siapa123,5,2026-04-22 21:07:23
"bagus, seru,tapi BUG NYA BENERIN LAH GW DAH 1 MINGGU GA MAIN SERVER, BOSEN BANG NI TAIK",Abnal Maulana,5,2026-04-22 18:14:14
gamenya sudah bagus tapi tolong update supaya tanaman dan rumputnya menjadi lebih sedikit dan render jaraknya dibatasi karena game ini ada di android supaya bisa merasakan bermain game ini dengan lancar,Wayan Putrayana,1,2026-04-22 17:56:17
mantap gw mah,Afrizal Gibran,5,2026-04-22 16:00:20
game ini bisa main di ps dan aku baru liat ada game ini,Dian Kharisman,5,2026-04-22 15:18:29
game nya lama kali mendownload dan juga susah tidak ada petunjuknya 😡🤬🤬😡💢💢💢💢,Asmer Pasaribu,1,2026-04-22 13:42:30
nice,Fathur Ramdhani,5,2026-04-22 01:18:20
game nya bagus tapi banyak bug yg bikin kesel,Qheysar,3,2026-04-21 08:51:42
bagus jir walopun downloadnya lana tapi kayak lega banget akhirnya bisa kayak yutuber yutuber main ark seruuuu😘 seruuu parahhhh,ambil radioku ambil radioku,5,2026-04-21 05:11:28
gak bisa di mainin solanya lama aloding,DR•dream Yt,1,2026-04-20 20:44:03
sangat bagus dan grafik lebih bagus,Andra,5,2026-04-20 16:40:55
tambahkan deinosuchus sama deinotherium dong,REX LORD,5,2026-04-20 06:33:16
dowload lama harus iflel lama kali cok,Puji Ginting,4,2026-04-20 01:15:03
bagus banget gemes ya aku suka makasih bang udah buatin gem sebagus ini,Putra Candra winata,5,2026-04-19 18:50:33
pls eliminate game in newbie,Arya A,5,2026-04-19 17:20:31
"mirip bgt sama yang di pc, saking miripnya jdi agak susah buat maen di mobile. device juga udh lumayan bagus pake Snapdragon 8 Gen 1, ram 12/256 tpi tetep cepet panas klo maen game ini. mungkin harus di simplifikasi ajh biar cocok jdi mobile game, lebih dipermudah karena klo di pc kita maen pake 2 tangan, sedangkan di mobile cuma 2-3 jari",Patrick Star,3,2026-04-18 14:00:38
fun to play,Andika Junian,5,2026-04-18 11:19:57
game nya sangat bagus,TGR Guma,2,2026-04-18 01:24:36
"pelit banget tombolnya, gakbisa custome tombol lg...",tyo penyo,4,2026-04-18 01:06:55
I HOPE THE DEV FIX THE BUG ON ENTIRE GAME AND ADD FOR LOW SETTING FOR low device so anyone can play,Nurmalina Nurmalina,3,2026-04-17 22:00:04
good game,Made Kobe,5,2026-04-17 21:38:08
sangat bagus tapi kasih Cave plsss,Abrisam Al fatih,5,2026-04-17 20:51:29
bagus banget buat pencinta dino termasuk sya bisa explore punya temen dino best lah💯💯💯,Khalif Fauzy,5,2026-04-17 19:59:46
"game gajelas, udah susah susah ngumpulin dino, uda dapet mutasi, trex, giga, charca, tiba tiba item sama dino ilang semua ajg,",Hares Budi pratama,1,2026-04-17 18:48:11
lama banget loding nya di percepet dong diveloper ark ya sekarang lahhh plissssss,soraya evayuliana,4,2026-04-17 18:18:22
"Dear developer, this game really lives up to my expectations. I lost track of time playing it. It's not perfect yet, but that can be improved over time. Maybe I'll give some feedback, especially on the optimizations that are still lacking, there are still a lot of bugs, but that's okay. Then I hope the cryopod will be free like ARK PC, and there are features viewing torpor creatures like the old ARK, then the damage viewing feature, I hope the developers consider it.",Garentod Govlok,5,2026-04-16 23:19:10
aku kecewa gk ad deinosuchus di ark mobil,Gogo Welin,2,2026-04-16 21:55:08
Bagus game nya,Adi juniar Heryana,5,2026-04-16 18:04:07
kok gw gk bisa unduh data awal padahal internet bagus,Kipasman,1,2026-04-15 18:26:53
Kenapa pas gak bisa main udah banyak progressnya,Alta Daudzul Aidi,3,2026-04-15 15:21:59
"dulu pernah main tapi belum bisa tamatkan , setelah update besar di hp gw gk kuat,saran hp ap yg bisa main tanpa leg",Aksin Berbakti,5,2026-04-14 21:04:47
gamenya lag parah mending ark yg dulu cmn 2 gb,Gombloh Gombloh,1,2026-04-13 20:39:20
sangat seruh dan menantang -kesalaha lag,Muhammad Faiz,5,2026-04-13 15:14:56
saat sudh selesai ulang lagi dari awal,Rehan Han,1,2026-04-12 14:25:26
data-data nya tiba-tiba hilang dan selalu terjadi,Growth,5,2026-04-11 17:08:30
jelek ga ada ultraman,Satria Kaka,1,2026-04-11 15:51:56
udh di siapin kuota 100gb eh malah stuck download,Firli Maulana,1,2026-04-10 15:47:12
bagus xhhchcc,Fildan Fildan,5,2026-04-10 15:41:14
"rame kali Bug nya ini game , dikit dikit nge bug , dari game survival jadi game restart",Radit Ramadhan,1,2026-04-09 20:16:28
saat aku coba tidak bisa itu kenapa ya?,Ahmad Fahfi,1,2026-04-09 19:29:12
"bundle map gak include cheat console, beda sama di PC not worth to buy",User,3,2026-04-09 18:51:50
"game keren keren banyak bug, download additonal file dri tdi ngestuck terus paket data habis tpi ark main aja belum,bngst",Leah Gaines,3,2026-04-09 17:55:32
aku lumayan males main game ini karena udah nge habisin lebih dari 8gb tapi tetap ngelag mungkin kalo aku bisa main bakal bintang 5,Verly Willian,3,2026-04-09 13:35:14
memiliki gerafik yang sangat ok,Rey Reyga,5,2026-04-09 12:17:33
good,Rafael Christian Renata,5,2026-04-09 01:38:08
servernya ga jelas.sering keluar sendiri.dan ditambah frame banget di hp,gamsky inun,1,2026-04-08 22:30:51
"ternyata enak klo udah di mainin, dan di atur grafis nya... lancar jaya.",Ipan Hendri Yapandi Subagya,5,2026-04-08 17:34:45
game nya bagus tapi loading nya di perbaiki agar tidak lama semua nya bagus kok,Raska 15,5,2026-04-08 15:21:58
game nya keren dan lumayan susah dan lama buat di main kan cocok buat yang suka game tentang dinosaurus dan ada survival nya👍,Chiko Ciko,5,2026-04-07 23:43:39
mohon untuk developer biar kalo main di dimensity buat lancar jangan frame drop tbtb,Rafi Mauli,5,2026-04-07 21:05:57
"lebih suka ark versi lama karna lebih ringan, skrng sangat tidak mendukung dihp saya pdhl sudah lama saya nanti kan versi terbaru ark tetapi saya sngat kcewa",Reed Fraser,3,2026-04-07 19:38:13
gamenya sangat alam,Jesicca Manna,5,2026-04-07 15:37:32
aku cuman ingin ark yang dulu ark survival evoved,Abidzar Ardzaky,1,2026-04-07 14:02:02
ini game berat melebihi genshin. mainn genshin lancar main ini lag bat tiba tiba crash. tolong di ringankan pemerintah,Azis Ambon,3,2026-04-07 13:09:52
saya kasi 5 bintang karena ini game yang sudah saya tunggu sejak lama meskipun ada beberapa bug,putra deona,5,2026-04-07 04:37:08
MANTEPPP POLLLLLL,Syahdika Petrik,5,2026-04-06 22:10:28
tolong grafis nya kecilkan ini sangat lag untuk di bawah ram 6 dan 8!,Muhammad Hariba'an,5,2026-04-05 22:57:20
"Dulu pernah main ark lancar lancar aja tapi kok sekarang nggak bisa login,malah black screen,tiba tiba malah out,diulang ulang masih aja black screen.Habis update malah kayak gini,KECEWA BERAT",Ridho,4,2026-04-05 22:13:13
"tolong untuk developer, buatkan ark ume yang mode single player, bisa mabar, tapi menggunakan hotspot seperti minicraft, biar seru dan hemat batrai, + tidak ada yang mengganggu",Ani ariani Ani,5,2026-04-05 20:17:05
mantap grafiknya bagusss👍,Mesiyanto.,5,2026-04-05 17:23:42
Nice,Hendra,5,2026-04-05 14:18:56
game terbagus,Haikyurawr Joko,5,2026-04-05 13:53:58
keren,Eza,5,2026-04-05 09:01:53
"leg parah tolong ukuran gem nya agak di kecilin kayak ark yg lama cuma 2 GB,katanya data tambahan nya 2 GB,lah ini 8 GB.tolong defiloper agak di perkecil ya ukuran gem nya untuk update selanjutnya itu aja sih",M dimas Algibran,4,2026-04-04 21:55:59
bagus,Airlangga Djenar,5,2026-04-04 21:41:43
Game ini sangat bagus tidak ada bug yang saya alami namun untuk hp yang ram 12kebawah grafik nya harus memakai battery saffer mode agar tidak ngeleg,Marquez Tlgkau,5,2026-04-04 07:02:36
Kenapa di Xiaomi pad 7 langsung crash ? 🥹,Rifal Maulana,1,2026-04-04 00:14:07
kerenn,Nikita Angel,5,2026-04-03 22:45:24
kenapa harus ada mini game untuk main,Mudhaffar Ahmad,1,2026-04-03 21:31:27
sistem room play onlinenya tidak jelas saya tidak bisa melakukan chat global atau chat lainnya saat di room bahkan tiba-tiba di kick dari room dengan alasan cheat padahal baru masuk room belom buat ini itu room PvE pula di tambah lagi tidak ada room fresh yang mana saat bergabung sudah 99% dinonya sudah di tham tinggal dodo yang ke sisa kalau dibandingin sama yang versi steam seperti langit dan bumi njir bisa di sebut game yang sudah di telantarkan developnya untung ga jadi beli paket Gc,Necro Genesis,3,2026-04-03 19:48:38
"saya hanya kurang suka dengan bug Cave nya, sistem spawn dino d cave masih belum lancar dino yg muncul hanya sedikit d cave padahal udah lama rilis kirain dah di benerin. untuk sisanya masih aman lah walau ya masalah wajib online dan storage yg gede buat agak² jg tapi masih ok namanya jg game PC.",Tegar Sukmawan,4,2026-04-03 19:11:05
gua suka game ini tapi lama loadingnya please developer cepatin dong,Sadam Sari,3,2026-04-03 15:37:01
pliss gua dah beli ragnarog Genesis 2 1 bulan kemudian game nya gak bisa GUA MASUKIN tolong benerin bag nya biar GK kena oranglain nya,Nur Janah,1,2026-04-03 14:35:41
"gajelas tiba"" kereset dunia padahal udah di save",akun only Nobezs,2,2026-04-03 13:01:45
"game nya sih keren banget dan lengkap juga,tapi karna hp ku kentang banget dan game nya berat itu jadi berat banget buat hp kentang ,saran tambahin grafik halus dan nonaktifkan rumput agar fps bisa lebih baik",BANG YUHAN RAFFA,2,2026-04-03 12:52:55
aku suka game ini karna aku nonton org lain !!,Clarice,5,2026-04-03 11:24:10
bagus,Reva Rafz,5,2026-04-02 22:06:54
pengen main tapi hp patah2 ga seperti dulu yg masih enak buat main coba roam 4 normal pasti banyak yg main,Bowo Aja,2,2026-04-02 01:54:41
game nya bagus banget bintang ⭐⭐⭐⭐⭐ 5/5 BISA MABAR JUGA,Muhammad Rifqi,5,2026-04-01 19:33:11
god console tidak bisa di restore,Dicky maulana,1,2026-04-01 17:39:27
bagus tapi susah,Stenly Setiawan,5,2026-04-01 17:39:08
good game but to hard for my phone So please make it easier for cellphones that can't afford it and I have a complaint that my dino doesn't want to follow the whistle.,Ahmad Rizki,5,2026-03-31 22:27:05
support play pass dong,I wayan ruta Tanaya,5,2026-03-31 22:04:15
saya mau main tapi gak bisa karena Ram Saya kecil Ram 8 😭😭😭😭😭,Marhen,5,2026-03-31 20:59:50
semoga bisa dimainin di hp kentang juga,Reza JJK,5,2026-03-31 17:29:47
"ngatel ngakbisa dibuka,pas dibuka keluar sendiri terus,aku belum pernah mencoba memainkan nya karna tidak bisa dibuka",Joko Ardiansyah,1,2026-03-31 10:45:55
udah download nya lama abis di dalam game nya disuruh dowload lagi hadeh hadeh😤,Dims,1,2026-03-30 19:27:56
"bagus si tapi mengapa saat saya masuk ke world survival sering terjadi force close padahal hp saya baru beli + precesor helio g99, sedangkan hp saya yabg hp oppo a58 tidak terjadi force close saat masuk ke world",Ahlul Mustafa,4,2026-03-30 16:34:45
dlu gw main grafik rata kanan gak lag tapi kok skrg grafik sedang lag bgt ya?pdh device masih sama dan penyimpanan gak penuh,Ahmad Ahsan,1,2026-03-30 14:03:56
kalau nggak niat buat game buat apa di susahin buat masuk game nya,Raden Fatulyusup,1,2026-03-29 22:46:07
kayaknya hp nya yg masalah tapi bagus game nya,Tamajambi,5,2026-03-29 21:39:29
"saya suka dino dan berpetualangan, dan game ini cocok buat saya walaupun ngelag, tapi overall bagus",Diky Bta,5,2026-03-29 21:34:15
"It's actually good but there's a bug where dinos often disappear, items often disappear",Delta scylla,4,2026-03-29 18:38:11
"bro kalian harus memberikan game ini fitur Setting yg ada di Ark Pc, seperti wilddino food drain atau semacamnya,selebihnya ini game sudah bagus",Shiro khai,3,2026-03-29 15:27:25
game nya bagus tapi mohon untuk tambahan sering grafik nya soal nya meskipun semua rata kiri tetep ngelag,Willy 7c Willy 7c,3,2026-03-29 09:01:36
ok,Sabir Husain,5,2026-03-28 21:50:38
gamenya bagus tapi pas udah donlot data pas pencet Strat gabisa masuk malah tiba tiba restard sendiri padahal ini teb Infinix,Diamond 84,1,2026-03-28 21:00:08
tidak dapat di mainkan,Ririn andela,1,2026-03-28 18:22:50
"ini untuk yang mau install game ARK ultimate mobile edition -pastikan mempunyai hp yang memiliki ram yang lebih banyak dari 8 -kalian harus nunggu agak lama saat download data dan minigame -kalau sudah bisa mulai main tapi hanya di satu map utama -hati hati semua makhluk/dino yang ada di game ini sangat berbahaya dan mematikan untuk player, jadi disarankan untuk spawn di safe zone -saat malam hari game ini berubah menjadi game horor🗿 -kalau mau main multiplayer bisa buat akun dulu",naufal indra,5,2026-03-28 15:53:57
seru banget,Zhafran Azka Pramana,5,2026-03-28 12:02:42
gamenyabagus,Juang Haidir,5,2026-03-28 08:28:01
please add a setting to turn off the effects the phenomenon of swaying leaves. because of that the heavy effect is like the shadow effect,Sann. nxl,3,2026-03-28 07:58:09
aku beri Bintang 1 karena ada bug menembus batu,Rakha Rakha,1,2026-03-28 06:27:09
aku gak bisa masuk ke dalam game ya,Pindo Sembiring,1,2026-03-27 22:33:54
layout tombol nya busuk udah gitu GK bisa di atur lagi,MIZU,1,2026-03-26 05:43:28
this game is good but can u make it feather weight for low-mid phone?,Vex_kuns_ID,5,2026-03-25 22:50:46
bilangin ke epic games makasih udah bikin game segokil dan semantap ark🔥🔥,ilham Sesat12,5,2026-03-25 21:56:52
"ngotak lah anjay,gw main normal ngeclaim item dekat spiral putih dibilang hacking anjay,sampah ini game",Velix Pakpahan,1,2026-03-25 20:09:18
ini gem impian saya tapi. satidak bisamain,Gede putra Putra,5,2026-03-25 19:38:46
gamenya bagus dan keren tapi kenapa ya GK ada kayak kalo kita serang dino atau diserang dinonya itu gak ada kayak nomornya/damagenya jadi aku gak tau damage dino liar dan dino tamingan ku masa harus pake command,Kian Nugraha,4,2026-03-25 19:23:46
agak lama buat nunggu taming,Arya Geni,5,2026-03-25 18:19:58
"apalah, FC Mulu padahal internal masih 90 GB an, ram juga 8, g bisa masuk tuh gamenya tolong wildcard perbaikilah game mu ini saya pengen bet main ark soalnya",Bijih Kuda,2,2026-03-25 18:03:04
memang seruh tadi di tunggu 5jam baru bisa masuk tolong percepat loading nya 可靠咳嗽 yaaaaaa >:(,Louis Gracio,3,2026-03-25 16:23:02
bagus,Junior Makaminan,5,2026-03-25 08:02:17
saya top up key selesai pembayaran key tida masuk tanggapan?,Satriya Alan,1,2026-03-25 03:44:30
mantep. bgt,Kornel,5,2026-03-24 20:36:41
bagus tapi tolong lebih diringankan game nya,Adimas Rihan,4,2026-03-24 20:20:12
ini game nya bagusツ,Bulan Humairah,3,2026-03-24 20:16:56
GAME INI SANGAT SERU BUAT ORANG YANG SUKA PETUALANGAN DAN BERTAHAN HIDEMUP,Al Farisi,5,2026-03-24 18:21:54
"lagi naik perahu. tapi kok tiba² berhenti? padahal di bawah nya gak ada batu atau apa. keluar game juga tetep kaya gitu, sampe diserang dino predator lain. tolong diperbaiki",Antonio art hadi Io,1,2026-03-24 15:19:48
"puas banget, nagih, pengen main terus",JUNIOR,5,2026-03-24 08:43:44
bagus,nyiu rita,5,2026-03-24 08:42:08
game nya bagus apalagi grafik nya kalo main ini bad mood mu hilang,Yazid Crb,5,2026-03-24 07:18:50
"sedikit info buat kalian yang mau instal, sekarang gamenya jadi online, mau main single player pun tetep online, meski kalian mencoba masuk dengan menggunakan data tetap saja saat di matikan datanya nanti akan error dan tidak bisa bermain, itupun masih nge lag walau menggunakan data, berbeda dengan dulu yang bisa offline, saya cuman mau nostalgia aja download lagi ini game, setelah instal di playstore 1,5GB an, akan ada tambahan data sebesar 8,5GB di in-game nya, tolong like ulasan ini ya😇",Archice 31,4,2026-03-23 18:42:36
login dalam gamenya lama kali MP3 Adam gue nungguin,Saha Dan,1,2026-03-23 17:39:32
keren dan bagus aja si,Muhammad Nanda,5,2026-03-23 15:17:41
bagus,Rosmeli,4,2026-03-23 12:27:40
kece,Khasyia Axelle,5,2026-03-23 09:00:36
This game is very incompatible unlike the previous version (ark survival evolved) which was much more compatible in the game where frame drops very often occur.,Dann,2,2026-03-22 21:10:34
bahasa nya kalau dapat di buat bahasa indonesia nya. gak semua orang bisa bahasa inggris,Azka Pratama,4,2026-03-22 12:13:09
Gamenya ngebug baru login udah keluar sendiri,Aishiteru,1,2026-03-22 05:58:49
download nya lama tolong di percepat tapi aku pernah main ini geme nya mantap,Alzzam Aja,2,2026-03-21 23:17:15
jember utara 🥰,Hafiz R,1,2026-03-21 21:02:34
gamenya kurang optimal pay to win dan harga map yang mahal,Anka 32q,3,2026-03-21 00:34:57
Hmmm...jika ini game tidak berat mungkin kalian akan mendapat kan nilai yang bagus dari kita!,Alfy Fyqar,3,2026-03-20 18:03:04
gk bisa di download padahal untuk download nya udah full,Aidil Harahap,1,2026-03-20 15:04:34
"ini bagus, cuma tolong tambahin fitur mods . kalian para developer bisa kasih website tapi gratis ya, kalian boleh kasih mod berbayar tapi awesome spyglass, awsome teleporter, sama dino storage jangan berbayar. saya pengen mod itu untuk membantu saya dan menggantikan cryopod yang di HP ku harus pake cryofridge",Jeremy Sebastian,4,2026-03-20 09:37:34
sangat bagus tapi grafik nya bisa membunuh hp,Abid Bid,5,2026-03-20 08:53:52
"udah beli DLC aberration, malah force close, padahal sebelum nya gak pernah, saya minta refund",Richie Richo,1,2026-03-20 03:09:36
SAYA SUKA,Akun CpmNO1,5,2026-03-20 02:18:11
server jelek,Rizki Haja,1,2026-03-19 19:57:45
saya sudah membeli map genesis 2 tapi pas mau main kok game nya keluar sendiri pas coba lagi hasil nya tetap sama,zs Sz,1,2026-03-19 18:51:14
aku lama menunggu loading data atau Download data pliss gimana,TESTES Testes,3,2026-03-19 12:56:36
saya tidak dapat download game ini,FanPark Jurrasic,1,2026-03-19 10:21:00
gak bisa login,Elvia elma visra Elvia,1,2026-03-19 10:00:13
ga bisa login ke game nya si hp aku,Rudi Kusmayadi,2,2026-03-19 09:22:14
tolong ringankan game ini soalnya aku kalau mainnya suka ngelek,Dimas Saputra,2,2026-03-19 09:08:23
game yang sangat ramah untuk hp kentang dan Nokia jadi kalau kalian cari game gabut pilih a.r.k sih fixx,Andi M Rayhan,5,2026-03-19 01:08:52
"Dev Please optimize the display for tablets (mi pad 7 pro) currently the graphics are blurry, not as clear as on PC, I have set the graphics to HIGH",Ayahnya Hafizhah,1,2026-03-18 22:10:47
game ini aneh setelah aku mendownload apk dan data nya aku langsung tidak bisa main entah karna apa?,Mejiro,1,2026-03-18 21:41:57
download datanya lama sekali,Rosliana Guna,1,2026-03-18 20:54:02
gamenya seru tapi ada beberapa bug yang belum di fix sih tapi kok gak ada sawit yah padahal pengen jadi bandar sawit di server.,Adam Puspita,5,2026-03-18 09:16:00
"cash grab game. developer tidak optimasi game yang di-port dari game pc jadi size berat karena aset cuma nyomot, beda dengan developer ark sebelumnya",Aqram Karazi,2,2026-03-18 07:39:45
"ark game developers, please add playing with friends via local hosting, I really want to play with my brother without having to use a server",fais ardani,4,2026-03-17 20:00:43
seru dan sangat bagus dan berbeda dari game lain,Johan Angga,5,2026-03-17 19:51:33
ini tutorial nya lama parah,Ahsan Ramadhan Prasetyo,3,2026-03-17 18:47:35
"gak bisa di mainin pas login kepental terus,lain kali perbaiki game nya ya min",Alvar geming Geming,1,2026-03-17 17:30:48
seru,Arzachel Ramadhan Adhitya,5,2026-03-17 15:46:43
tolong game nya di perbaiki saya masih mengalami bug keluar sendiri saya merasa sangat kecewa tidak bisa memainkan game ini,OFICIAL CHANEL,1,2026-03-17 13:45:30
"tolong pas download data nya jangan sampai 8 gb,sampai 3 gb saja🙏",Ahmad Ovan Baehaqi,4,2026-03-17 13:39:18
game nya bagus tapi habis download game harus download memories nya lagi,Iqwa Hawari,3,2026-03-17 12:09:47
tolong jangan download nya 8 GB lag banget terus aku gak bisa main harusnya diperkecilkan gbnya sampe 4gb biar bisa main buat hp kentang lah,Abi Sonto,3,2026-03-17 09:49:53
bagus,Andrian Naufel ardhilla,5,2026-03-17 07:17:14
bagus sih tapi gak kayak dulu yang online bisa mabar,Nafil Gaming,3,2026-03-17 06:30:32
"ada sedikit yang kurang bagiku diark ultimate mobile edition ini, yaitu mod seperti di ark survival survival atau ark survival ascendad aku harap di ark ultimate mobile edition juga ditambahkan sebuah mod",Husnul Abid,3,2026-03-17 05:29:44
"loding nya lama banget udah tunggu setengah jam ga masuk masuk jadi ga sempet gimana game nya , tolong lah defeloper nya ini main nya di hp",Doni kusyadi,1,2026-03-16 21:38:59
bagus tetapi di hp saya ngelag namun tetap seru,Lensina Girsang,5,2026-03-16 21:37:41
"Game port gratis setimpa dengan iklan dan Dlc nya, GG (Good Game)",PAUSI,5,2026-03-16 21:10:11
game nya bagus tapi tolong jangan 1gb downloadnya 500 mb aja,"ZAHIR,730.1 Wijaya",5,2026-03-16 19:51:11
bagus dan gw suka banget,Ahmad Raja,5,2026-03-16 16:44:40
tolong kasih indikator atau informasi tentang dinosaurus nya agar kelihatan levelnya HP nya dan jika udah mau pingsan tolong dibaca pliss soalnya ribet banget,Alif Alif,5,2026-03-16 15:32:00
loding nya lama baget sampai Mukin 3 Minggu,Polina Ga,1,2026-03-16 15:13:33
"bagus gama nya,saran ku tambah kan map valguero",hasna Arifin,5,2026-03-16 13:54:18
bagus,Nando Gaming,4,2026-03-16 12:40:11
Lumayan,RYXID,4,2026-03-16 12:04:16
Game ini sangat seru,Pio Alvaro,5,2026-03-16 12:01:35
pls bagi admin turunin lah grafiknya udh rata kiri masih aja patah²,Muhammad nur Alif akbar,3,2026-03-16 11:48:23
"patah"" banget monyet padahal dulu gak gini",Reeyyyhan,3,2026-03-16 11:43:43
"lama banget download nya sampe nunggu beberapa jam sama kalo udah setengah progress nya kalo kaluar game nggulang lagi , tolong banget di kecilin jadi 3 atau 6gb",Arva Royan,2,2026-03-16 10:03:17
"Please, for the Ark developer and his team, fix the bug that comes out automatically immediately, because when we want to play there is only a black screen even though the network is smooth so that we, fellow Samsung and Android users, can play this game, even though I used to be able to play it but now I can't. Please fix it and please respond we all players.",russianvpn STRONG,5,2026-03-16 09:12:16
aku dah donlot masih harus download file besar pulak nunggu nya lama jugak,Affan Tab,1,2026-03-16 08:23:35
maaf game nya saat di update ada bug. saat menaiki dino jatuh sendiri,Rafael Candrawinata,2,2026-03-15 20:47:08
game nya sih bagus cuman pas download map nya lama banget giliran udh masuk nih ke in game nya grafik nya kek gts sanAndreas,etty undayani,4,2026-03-15 19:05:35
susah tapi seru!,Rehan,5,2026-03-15 18:11:04
"Please when will you update the map again, developer?",Arr Iyay,3,2026-03-15 16:29:05
rada ny kaya ronyyy,ridoin 1980,5,2026-03-15 14:06:15
seru,Hibrizi Izi,5,2026-03-15 12:46:23
game topi sihir ini saat bagus,Satria yudha Robby kristanto,5,2026-03-15 12:24:53
sebenarnya gamenya bagus aja sih seru sih tapi saat masuk ke gamenya udah masuk tiba-tiba jadi lama banget sampai sore,Soleha,5,2026-03-15 12:06:02
bagus,Yandi Sopian,5,2026-03-15 11:47:51
bagus,Botak Droid,5,2026-03-15 10:19:58
game terlag sedunia padahal hpku ram 12 GB UDAH LOW grafis lagnya ga berubah...ark ume semakin jelek jgn donwload kalau ga mau nyesal,Hendra Cancer,1,2026-03-15 09:28:31
"lama loadingnya dikasih minigame lagi layar biasa aja,lebih enak lama² saya download eh disuruh download file,itu komplainan saya",Sudarno Fnu,2,2026-03-15 09:18:51
kalo saya bermain di dalam geme layar nya eror dan tidak bisa di main kan,Reza Amazio,1,2026-03-15 08:30:54
"bikin kecewa aja kompetible download tapi terus crash, kalo gini optimalkan terus lah biar ga crash, pengen juga maen next version nya soalnya Ampe sekarang Masi maen yang survival evolved.",Parni Wati,2,2026-03-15 08:16:08
"gamenya bagus, aku suka game ini. dinonya juga banyak, pokoknya bintang 5",BeeBee IsBee,5,2026-03-15 00:00:31
"versi remake ini sangat bagus grafis dan ekspansinya, dsni hal yang paling menjengkelkan adalah fitur cooking pot tidak bisa digunakan untuk membuat berbagai jenis kibble, tolong segera diperbaiki.",Sieghart,3,2026-03-14 23:42:31
keren sekali,Affan Daulay,5,2026-03-14 15:13:39
scammmm,Dms TURNACTER,1,2026-03-14 12:57:26
Game apa ni server nya gajelas saya ngeglitch nge glitch karena emang server nya jelek malah dikira ngecheat trus gak bisa masuk sekali nya masuk item saya ilang semua saya pikir mati ternyata gak emang ilang,Agha Arkananta,2,2026-03-14 12:57:13
di karankan apk ini belom ada playsotre saya,Ringga Sibolang,1,2026-03-14 12:16:56
seru,Busro Aminudin,5,2026-03-14 11:14:31
main ini gara gara bg deril,Eman Okey,5,2026-03-14 10:48:50
saya telah mencoba dan melihat vidio darrly,Ratnah Rahim,5,2026-03-14 10:29:26
this is so good but the storage is 8gb but its doesnt matter,Carvel Javier Haryanto,5,2026-03-14 09:48:28
game mya seru tapi sering force close mekanik nya agak susah sama pas lagi crafting tiba tiba game nya crash tolong di perbaiki admin ark,Fredy Kurniawan,4,2026-03-14 07:12:23
gw kasih 4 karna pas gw main brp hari tu terkadang sering lemot tapi game nya tetep bagus,Anggi Gultom,4,2026-03-13 23:25:33
bagus,Rafa,5,2026-03-13 21:24:24
tidak bisa masuk ke gemenya mohon di perbaiki ya,Candra Fros,1,2026-03-13 15:26:39
"For Studio Wildcard, we ask for help to make the game a little lighter so it can be played on a potato phone. You are asking for Studio Wildcard",Muhammad Rafayyi Akbar Arifin,5,2026-03-13 14:51:28
game lama donload,Hartati Toy,2,2026-03-13 14:23:33
ga sebagus dlu sekarang jd sering force close,DIMAS CRAFT2798,1,2026-03-13 12:47:21
gua suka ini game,Adildemoor10,5,2026-03-13 12:15:45
bagus cuma agak bingung aja mainnya,Davin Rizky,4,2026-03-13 12:10:14
gak bisa sign in ajg,Alfian Utha,1,2026-03-13 11:33:47
seru bgt dah,Media Wati,5,2026-03-13 08:29:27
tolong ganti cara mendownload data nya kenapa Binta 4? karna saya tidak suka cara mendownload data nya yang lama,Mura Murung,4,2026-03-13 06:54:32
gw yang punya hp kentang : tertawa tapi terluka😹,Flasher Kajoran,3,2026-03-13 04:23:03
gak bisa dimainin,Nita dafa,1,2026-03-12 21:58:51
ngeleg Cok🤬,Moh Kaseng,5,2026-03-12 20:43:16
game ini sangat asik fantasi nya sangat berasa apa lagi ada. musuh yang sangat kuat,Ayah Qiqi,5,2026-03-12 19:07:41
ngeleg brodi saya sudah coba game ini dari tahun 2025 dan itu ngeleg banget jadi saya kasi ⭐,Aditya Juna,1,2026-03-12 17:08:19
gamenya bagus cuma rada ngelek sama patah-patah terus suka keluar sendiri,Handoko Ulay,5,2026-03-12 16:12:57
kalo suruh buat akun tuh yg bener napa gw dah dapat malah gk bisa gk gls nih geme,Ezha Forestyawan,2,2026-03-12 15:38:08
udah stabil udah gak seprah dulu,Gamer Cilikan,5,2026-03-12 14:39:40
saya saat download ngulang dari 0 lagi udah 100 turun jadi 0,Budi Ana,1,2026-03-12 08:22:30
saat di in game layar HP saya tidak sesuai dengan apa yang saya click saat di in game dan susah banget pencet sesuatu,Ahmad fauzi Nando,1,2026-03-12 03:01:48
bagus,Marzuki Zubair,3,2026-03-11 23:18:34
woy ko donglowd data nya lama gw jadi bosen nih🤬,Fatih ikhlas Firdaus,1,2026-03-11 22:57:51
berat ga cocok buat hp kentang,Maliki Nas,1,2026-03-11 22:35:01
loading ya lama,Har yanto,1,2026-03-11 22:19:26
bagus,Kenjiro Rotty,5,2026-03-11 17:32:54
gamenya oke tapi banyak bug dan juga sering crash + download data juga lama bgt sumpah buatin lah setidaknya agar ga gampang crash,angga psm,3,2026-03-11 17:25:04
"This game was awful and developer was lazy af. imagine, you need update 5 GBs every second to update small changes and that update take 5 hours to wait also screen must still on... I struggle this for a year now even though I have awesome phone that is Samsung S24 ultra but this dev care nothing to fix it...well they stupid at making money after all that's why",Wayan TIA Andika,1,2026-03-11 15:21:45
Game Nya Udh Bagus Tapi Optimalisasi nya Jelek Suka Frame Drop Semoga update kedepannya nya di perbarui,Fernandez,4,2026-03-11 15:02:23
download cuma mentok 300 mb terus ngulang setiap hari kek gitu kapan di perbaiki nya kemarin bisa main sekarang malah gak bisa aneh,Ti Ti,1,2026-03-11 14:49:56
ini game cocok dapat bintang lima soal nya aku main ini dari dulu dan sekarang aku sudah jadi pro dan semua titan yang susah didapatin semuanya mudah buat aku coba tambah titan yang lebih kuat buat aku soalnya mudah semua,Lidya,5,2026-03-11 13:30:23
gak bisa dimainkan udah berkali-kali coba keluar game mulu 😑,Wir 68,1,2026-03-11 13:18:17
kadang lodingnya ada bug tapi seru,Cantika Adli,4,2026-03-11 13:04:46
"gw udh download gameny dulu gk gini klo dulu masih bisa dimainin tpi klo skrng pas pengen masuk gameny malah force close gw cb public gk bs pas pengen join epicgame jg susah bgt udh pke platform google,facebook jg gk bs pls perbaiki lagi game ini",Hj Djuriah,1,2026-03-11 12:29:31
"ane kasih 4. setelah 2 minggu main ada beberapa bug 1. setelah panen batu atau pohon, terkadang masih terhalang padahal bendanya sudah tidak ada 2. akun epic selalu logout otomatis dan tidak login otomatis jg mohon diperbaiki karena mengganggu kenyamanan bermain. baru nemu setelah sebulan main, game sering keluar sendiri Hai admin, saya setelah membeli akun kenapa map tidak terbuka semua? saya membeli akun map terbuka semua. tolong dipertanggungjawabkan",HH N,1,2026-03-11 08:30:32
please fix bug force close game dalam bermain berberapa menit,Dian Seezzz,5,2026-03-11 07:09:54
"Please optimize it again for cellphones that are not strong enough. If you optimize it, many people will definitely play it.",Nurhasanah Sanah,2,2026-03-11 04:15:19
"mau main lagi game ini, tapi hp nya gak mendukung😢",Minecraft Account,5,2026-03-11 01:58:42
game nya seru dan bagus,Dani Gtg,5,2026-03-11 00:33:45
game impian tapi hp ku gak sanggup setiap masuk game nya malah keluar sendiri dari game nya🙂🙂🙂,Henzo Ganteng,5,2026-03-10 20:47:42
Still lag but ITS improve but not enough still i get crash half played the game,Wong Cindy,1,2026-03-10 19:18:00
suka keluar tiba tiba,Askayra,1,2026-03-10 14:59:43
game nya sih bagus tapi tolong grafik nya dikecilin soalnya aku main kan ya trs patah patah padahal aku mau main kyk bg Darryl aku mau balaskan dendam ke yang buat Darryl hancur,Tati Irawati,4,2026-03-10 12:44:04
optimisasi nya mohon di perbaiki masa udah low semua Masi lag tolong di fiks bintang 5 biar org bisa baca,Dani Prm,5,2026-03-10 08:38:16
"AWAL MAIN LAYAR BUG HITAM KETIKA LIHAT MATAHARI FLASH NYA GEDE BANGET PADAHAL UDAH SETTING BINTANG DULU YA,TOLONG DISTABILKAN GAME NYA PATAH² LAG DAN BUG GK BISA OFFLINE",Putri Saputri,1,2026-03-10 04:54:15
"kepingin main tapi g bisa di android gpp kasih bintang 5,aja",Aditri Prasetyo,5,2026-03-09 22:09:50
tidak bisa main dianderoit,Fahmi Alfarizi,4,2026-03-09 19:49:59
lama download ny masak harus 4 jam di gw,Nazril Jelek,1,2026-03-09 19:22:11
sangat bagus,Yeni Sari,5,2026-03-09 19:06:24
grafik hd game bagus,Abang Alif,4,2026-03-09 18:47:09
game nya sendiri bagus sih. tapi minus nya itu movement nya kata gw gak jelas jir. ganti lah mekani Movement nya ke joystick biasa aja dah paling bener itu,Tangguh Pambodi Sudino,3,2026-03-09 18:33:42
gak bisa masuk,Anto Cervis,1,2026-03-09 15:58:57
mental mental mulu pas mau masuk,geral falko,1,2026-03-09 15:37:39
ini udah bagus tapi masih ada bug di pas mau ke map kadang ngecrash dan juga ada bug tiba tiba lag,Adin Jawa,4,2026-03-09 13:00:10
Gamenya udah lama download terus harus download lagi di game buat main terus lagi dipaksa buat main game dodo kalo dodonya mati files gak ke download,Muhammad Junaidi,1,2026-03-09 12:51:46
"kenapa pas udah didownload masih normal tapi kenapa pas besok saya pengen mainin saya masuk ke gamenya masih ada logo ark tiba-tiba layar hitam habis itu keluar, tolong benerin buat di HP, karena saya males download lagi ke gamenya udah ditambah 1 Gigabyte lebih terus ditambah lagi butuh 8 gigabyte buat download grafiknya😭😭🙏🙏",Agus Laba,2,2026-03-09 12:19:46
kenapa keluar sendiri gabisa main padahal ram aku lumayan besar,sidiq permana,1,2026-03-09 11:02:31
mantap jiwa,FAJARCHANNEL,5,2026-03-09 09:21:40
kok aku force close bang-_- Parah njir. @Perbaikan~Ark~OppoA3s,Ainul Yaqin,5,2026-03-09 05:57:22
"Bug nya benerin donk, masa tombol craft itemnya ga ada, gimana mau main dah",WEB21 GMNG,1,2026-03-08 23:40:28
"saran aku sih buat Versi Lite ny, biar banyak pemain yang bisa memainkan game ini, minimal Kalau buat yang lite 5 Gb an aja buat keseluruhan penyimpanan ny, seru game ny soalny sayang ny kegedean di Size penyimpanan ny sama di Grafik ny yang gak mendukung hp kentang, gak kayak ark survival elvoved dulu, mau nyaranin ke temen tapi size ny terlalu gede",Maulana Ahmad Abdilah,3,2026-03-08 23:39:48
game nya baguss banget apalagi grafiknya bagus untuk pengganti roblox dehh,Fathan Arrasyid,5,2026-03-08 21:22:38
bagus,Adika Sanjaya,5,2026-03-08 20:02:12
kok gw GK bisa masuk njir,opet Ayam,1,2026-03-08 19:24:11
ada liat game ini dari tik tok,Saputra Putra,5,2026-03-08 15:39:30
knpa saya download stuck di 300mb ya? terus ulang dari awal gitu terus gak naik²,ti ti,1,2026-03-08 13:23:41
"download nya itu lo, kreatif tapi bikin malas udah lama pula. kalo mini game nya ga di mainkan jadi lama, mini game nya ya nda jelas, belum main udah dikasih kesana buruk 👎👎👎",Ramdhan Wahyu,1,2026-03-08 13:21:27
tolong gamenya di stabilkan seperti ark yang dulu,Susilawati,4,2026-03-08 10:38:22
"game ini bagus dan membuat saya senang tetapi, ram hp saya 8 dan game ini tinggi sekali untuk hp saya jangkau jadi tolong grafis agak di jelek kan atau di bagus kan yah. dan tolong kenapa saya kalo dowload data 8 gb sedangkan kawan saya 3 gb tolong jelasin",gracelia noverika,5,2026-03-08 05:14:12
"Save data sering Ilang Ilangan aneh, bug mulu heran",Diaz Reva,3,2026-03-08 01:15:09
game nya ringan tapi pass mau masuk setelah loading malah keluar sendiri,Hello Bro,1,2026-03-07 22:55:13
game Dinosaurus terbaik sepanjang masa! grafik lumayan Dan survivalnya mantep lah. kekurangannya itu Kalau mau main map lain harus bayar dulu Dan itu wajar sih Karena download game ini itu gratis😄,Nararya Javas,5,2026-03-07 22:15:31
GARFIK NYA MAMPUS BAGUS BANGET TAPI INI GEM SUSAH NYA MINTAK AMPUNNNNNNNN,Muhammad azza Briliano,5,2026-03-07 20:54:39
gem nya bagus mahal dikit tapi pas mau bikin akun nungu kode nya kodenya ga ada harus gimana ?,Muhammad Iqbal,5,2026-03-07 20:41:29
lama loading,Fatir Alfatih,1,2026-03-07 19:23:31
"game nya bagus, tetapi sering ngelag di device Oppo a74",azka Rajendra,5,2026-03-07 16:29:07
lah gua kok gak bisa mainq,elmanaf syafiqarentama,1,2026-03-07 15:25:40
bagus,Alya Zaskia,5,2026-03-07 13:57:18
gamenya bagus sih tapi kenapa setiap update harus download data tambahan 4gb lagi,Ahmad Alzam,3,2026-03-07 13:19:59
"server tempat saya bermain yang tadinya hilang sudah ada lagi, terimakasih dev. semoga maintenance siang ini menjadi lebih baik perihal lagging",Minol Ib,5,2026-03-07 12:24:49
keren banget aku sampe bikin team paling kuat,Malik Zio,5,2026-03-07 12:13:53
game dino paling bagus yang saya pernah mainkan gg cuma satu sih tolong pihak developer ditambahkan kustom tombol ya,Haidar syafiq Tsaqib,5,2026-03-07 07:22:37
bagusan sebelum updet,Nandoxs Ts,1,2026-03-06 22:33:21
"untuk saat ini saya kasih B3 karena saya belum mencobanya lebih lama, saya main game ini karena saya kangen dengan game Chimeraland, semoga game ini dapat menghilangkan rasa rindu saya ke game Chimeraland. Terimakasih. Yaree问. kepada: yth. ARK: Ultimate Mobile Edition",Yaree问,3,2026-03-06 21:20:41
ark yang sekarang lag padahal yang dulu lancar mana kikir pula setingan grafik pun harus pake god console dasar kikir,Izoy Craft,1,2026-03-06 15:02:39
gemnya bagus,Adit Adriansah,5,2026-03-06 11:23:08
Akhirnya setelah update bisa main lagi thanks ark untuk fast respon🙏,Ningen Goku,5,2026-03-06 11:15:46
"setelah update kenapa semua tamingan sama semua hal yang saya bangun jadi hilang, dan mulai dari awal saat terdampar ?",Zakki Robbani,1,2026-03-06 05:33:58
agak bagus tapi sesudah ku download susah banget loh masa baru main jalan panah kuningnya itu loh lambat banget bukan seperti game lain langsung ngeeng dan bukan itu aja yang nggak bagus bug panah kuningnya biasanya nggak ada tolong dihapus ngelag-ngelag nya atau bugnya plis,St Mariam,3,2026-03-05 13:09:34
buatlah versi survival evolved jan yg ini jelek kali banyak betul suruh dowload jan samakan negara kau sama kami,Arya pedro saputra Sihotang,1,2026-03-04 22:49:53
waktu baru maen gak bisa gerak kirain macet atau apa gitu eh gaktaunya kebanyakan bawa barang hhhhh..,Dedi Mulyadi,5,2026-03-04 17:56:29
ini kok dino terbangnya GK bisa di panggil padahal dah pencet pencet susah payah teming,Ketut Agus juli Artha,3,2026-03-03 18:31:18
bagus tapi sedikit seperti bool gajah,Aghastan Laskar,5,2026-03-03 16:26:59
aplikasinya saga berat,Dila Syahri,1,2026-03-03 15:08:51
untuk versi ini lumayan,desandria laska,5,2026-03-02 23:46:54
keren,Dempsey 88,5,2026-03-02 05:03:05
fckingggg dwnload resource again after update .. dumb dev,Iqbal Hidayat (Dinatha),1,2026-02-28 20:10:59
bagus dikasi 5 binatang,Asep Fahruli,1,2026-02-28 14:23:17
gemnya bagus,Tumina Mina,5,2026-02-28 13:01:20
tolong buat Dev perangkat dengan MediaTek Dimensity 1100 (GPU Mali-G77) dibuat support karna saya download versi bajakan lumayan stabil di 25-30 fps jadi saran tambahkan beberapa chipset dan GPU lagi yang kompatibel supaya gamenya rame dan saran buat tambahan fitur mabar seperti game Minecraft,Prince Of Hell,4,2026-02-28 12:26:35
gamenya seruu banget,I nyoman Ariawan,4,2026-02-28 12:04:51
mantep rek,Dean arsenio,5,2026-02-28 10:14:34
good work make game like this again,Anisah Khorlina,5,2026-02-28 08:26:00
gimana dah filenya ke download nya lama banget sama suka ngecras kalo udah diperbaiki baru aku kasi bintang lima,Mirakam Fanam,1,2026-02-27 23:40:09
kenapa anda tidak membuat versi 2 nya saja dan jangan menghapus ARK yang dulu,Niman Lovers2,4,2026-02-27 18:57:14
game kontol,Tirzz 12,1,2026-02-27 13:16:33
"game nya sudah bagus, tapi kalo bisa tambahin dino yg di ark pc, itu aja sih",Rezky Maheswara,5,2026-02-27 12:22:52
bagus tapi kurangi gerafik ya dong hp ku kentang plis dan Adain map yg ada desmondus ya,Lombok Barat,5,2026-02-27 09:23:16
bgus,Setik_meren4.0,5,2026-02-27 00:50:31
"game yang luarbiasa bagus, cuman alangkah baik nya grafik nya agr bisa lebih jernih lagi",Hans Hyper,5,2026-02-26 22:17:36
ngeselin banget ini game ngecrash udh gitu tba tba keluar sendiri dan yang paling GK disuka susah pengaturan nya,Bang Eza,1,2026-02-26 20:40:39
"setelah gw bermain ark di HP itel p55 5g jelas sangat berat dan patah patah untuk memainkannya dan sekitar beberapa bulan setelahnya gw kerja akhirnya kebeli Iqoo neo 10, pengalaman permainan jelas terasa lancar dan gak patah patah lagi, bagi yang merasa HP nya kurang mampu ku sarankan jangan memaksa memainkan game ini, tabunglah uangmu dan beli HP yang chipsetnya tinggi untuk memainkan game satu ini, intinya sabar aja dan konsisten nabung, sekian",Firaun,5,2026-02-26 20:40:28
ada ark mobile njir🗿,Raihan Raihan,4,2026-02-26 18:32:07
oke,DeRicK YaU,5,2026-02-26 17:56:24
"game nya bagus bet dah,pokoknya gk nyesel download",Justin Moreno,5,2026-02-26 16:49:58
"Cukup menyenangkan, tetapi bisa kah saya menyarankan untuk pengembang game ini? Oke, masalah performance, grafik, bug, lag, crash pada HP/mobile saja, jadi mohon bimbingan nya dalam memperbaiki masalah itu agar semua orang menikmati game survival ini.",KZshn,1,2026-02-26 15:30:05
ngerik,Nur Bia,5,2026-02-26 13:28:45
"ada sedikit bug di perbaiki ya, untuk gem nya udah Mayan nyaman 😌",Desis,5,2026-02-26 13:17:35
"Overall the game is really good but pls add pov settings, thanks.",f',5,2026-02-26 12:52:35
tidak muncul server pdhl sdh update terbaru,angga tri,1,2026-02-26 12:36:44
"tiap update bug Mulu,mana update ngabisin banyak data,game busuk",noval,1,2026-02-26 10:59:43
force close,Karu O,1,2026-02-26 06:02:05
good game,Toni Hariadi,5,2026-02-26 00:55:39
game seru...,Agus Alhabsi,5,2026-02-25 22:39:13
Force closed terus kenapa ya?,surya wijaya,1,2026-02-25 21:41:32
seru,Basma,5,2026-02-25 20:38:01
"sering forclose dan itu sangat mengganggu progres, dan banyak bug semoa cepat di perbaiki",Laxmana rezky99,5,2026-02-25 20:28:01
Kok gw gak bisa mauk ke menu sih sengaja gw bikin bintang 5 biar di baca,Hakim 2401,5,2026-02-25 18:45:13
"game nya bagus,tapi tiba tiba aku keluar dari gamenya",Edmund Amadeus Tristan,5,2026-02-25 18:32:25
ini kenapa pas gw update malah force close terus,Rangga,4,2026-02-25 18:01:46
kenapa poco F7 gak bisa masuk ke games nya padahal dulu bisa njir,Puji Lestari,1,2026-02-25 16:56:42
"kenapa setelah update, terjadi force close",Andre saputra,2,2026-02-25 16:55:55
habis update malah force close mulu gabisa masuk padahal perangkat gw poco f7,hamid paron,1,2026-02-25 16:54:45
"ini kenapa ga bisa masuk game nya? udah download lama, pas mau main game nya malah force close terus.",Rafly fadhilla,1,2026-02-25 16:36:45
"setelah di update gamenya memiliki bug dan tidak bisa untuk dibuka ataupun di akses, developer mohon segera diperbaiki.",Lara Santika Liinresti94,1,2026-02-25 16:31:12
"game nya crash mulu, padahal spesifikasi HP saya sudah bagus malah sering froce close, mohon segera diperbaiki",Rizqullah Fisabillillah,3,2026-02-25 16:21:17
oi apaaaalah ini cik aku kan ini nya D hapus trus pas di download lagi g bisa massuuuuuk g nyalahin gamenya siih,FrostZaBlaze 'JK,5,2026-02-25 16:09:33
error GK bisa di buka sama sekali udah coba install ulang tapi masalah nya tetap sama,Raditio Surya Karmanda,1,2026-02-25 16:04:03
kenapa tidak bisa masuk game..di klik malah FC terus...mana lagi berlangganan..,jack vodka,5,2026-02-25 14:04:09
tolong lah ya ini game p2w banget kalo mau pindah map dari segi pengalaman saya game yang kalian kembangakan sangat bagus dan di rekomendasikan untuk bermain bersama teman tapi untuk soal p2w tolong bisa di kurangi,Meydian Rafael,3,2026-02-25 13:58:43
game sampah hapus aja banyak bug,Fathan,1,2026-02-25 13:45:31
gem gaje masa udah tem banyak dino yang gede gede kek giga carcha gemnya gak bisa di buka aneh aneh kalo bug di usahain di benerin kalo di download ulang belum tentu bisa juga jadi males ngulang udah kikir banget sama risosnya,Tomi Taufik bustimi,1,2026-02-25 13:18:09
game ya rusak suka force close,Munawir Arsyad,2,2026-02-25 12:54:52
saya mau masuk ke dalam geme nya tidak bisa apa lagi belum download datanya lagi,Rifky Fabregas,1,2026-02-25 12:53:58
hell nah this game make my mental is in danger my fav dino dieddd,Rangga Mchalim,3,2026-02-25 12:51:29
"setelah update game jadi force close tak bisa dibuka, tolong dev diperbaiki.",Maulana Arifin,2,2026-02-25 11:39:13
gabisa masuk gajelas,Cilegon Rame,1,2026-02-25 11:34:43
"force close mulu sekarang gabisa dibuka, padahal download sebelumnya bksa",Aditya Luthfi Fatih,1,2026-02-25 11:25:30
perbaiki lagi ya game mu game baik dan BERAKHLAK 😇,Adam Ibrahim,1,2026-02-25 10:53:13
game bagus tapi hari pertama bisa di buka dan di mainkan tapi pas besoknya tidak bisa lagi di buka apa penyebab,Agus Bingung,1,2026-02-25 10:11:19
"game asik, cuma saran aja di pengoptimalan fps nya aja",Muhammad Akbar,5,2026-02-25 08:56:06
udah dowload gabisa di buka pdahal tablet,Adi Darmaputra,1,2026-02-25 08:40:08
g jelas ga tba tba g bisa di buka,Bimo Wahyu,2,2026-02-25 07:33:24
saya update ni game kok jadi gk busa di buka device saya Poco pad tOlong perbaiki,Ahmad Saepulloh,2,2026-02-25 07:31:51
update 2 februari 2026 force close in menu! please fixed it 😢,Koko “K.V” Violinist,2,2026-02-25 05:05:54
"game nya gak bisa di buka kenapa ini, padahal saya sangat menyukai ini game dan hampir setiap waktu saya memaikan nya, lah abis update dah gak bisa di mainkan lagi, tolong di perbaiki",Abdul 101,1,2026-02-25 04:51:27
bagus tapi naikin lv nya malesssin,Mujahid Nur syarif,4,2026-02-25 04:27:51
kalo udah update gak bisa masuk gimana sih ARK kalo update mah bisa masuk ini mah pas update gak bisa masuk ke dalam game nya!!!,Max Spencer,2,2026-02-25 03:53:16
masa abis update barusan malah crash gabisa masuk aplikasi lagi,COBA LAGI,1,2026-02-25 03:33:32
"sakit, baru download disuruh update tbtb malah force close trs baru buka sebelum upd enak lancar main.. btw HP poco x6 pro",Erlangga Yazril 9.4,1,2026-02-25 02:24:18
abis update ga bisa buka,Mas Wahyu,1,2026-02-24 23:59:07
"setelah di-update aku malah ga bisa masuk ark, keluar sendiri",Darryl,1,2026-02-24 23:48:40
"Hey, I just updated the game to the new version, v. 1.0, because I received a notification for update. However, after updating to this new version, when I tried to open the game, it immediately forced close and I couldn't play. I could still play it on my phone before the update. I've also double-checked the game's compatibility on my phone and it's still playable. C'mon, don't be like this... I really love and enjoy this game.. Is there a solution to this developer ?? Thank you.",Tegar Bagus P,1,2026-02-24 22:56:15
terlalu berat untuk hp kentang. chipset unisoct606 hanya dapat 5 fps. kalau bisa dioptimalkan lagi untuk hp low device🙏🙏,Sul ghan,3,2026-02-24 22:28:26
banyak bug,『AprL⃝ yoga harmawan』 •『𓂺』,5,2026-02-24 22:12:26
well thanks for the full game it is better than the old ark mobile.. i love this one.. tapi tiap main offline kok error mulu🤣 hampir panik aku.. kukira diban🤣🤣🤣,47,5,2026-02-24 19:03:54
Game ini sangat seru sekali. Saya berharap game ark mobile ini semakin berkembang dan juga semakin banyak update. Terimakasih,dimas rajasah,5,2026-02-24 16:16:01
10 GB jir hp kentang mana bisa,Xaz Hany,3,2026-02-24 13:37:37
"masa saya sudah beli map tiba"" hilang gara"" hapus game ini terus download lagi tolong lah",Putra Kaz,1,2026-02-24 00:33:30
gabisa masuk gamenya anjay,Dit_86,1,2026-02-22 16:25:19
seru banget,Marsha Divika,5,2026-02-22 16:14:35
"burik banget di Infinix gt30 biasa,lebih bagus yang lama",kryztof Azarewics (Kryztof),3,2026-02-21 15:39:11
pertama kali mau main game ark aku masih pemula,Darrell Rabbani,5,2026-02-21 11:39:10
semua aspek dari game ini udah bagus banget cuman gw kesusahan download datanya doang jnck,Warmit Doro,4,2026-02-21 06:15:38
gamenyaa sangatttt kerennn dan bagusss,Muhammad Habib Putra,5,2026-02-21 00:28:13
untuk UI dan fitur in game nya terlalu ribet untuk hp. kalau bisa dibuat lebih simple lagi seperti ark evolved mobile lama.,Ainul Hakim,2,2026-02-20 21:19:54
GAMENYA KEULANG TERUS DATANYA,kiryu sento,1,2026-02-19 17:09:45
gemas nya si bagus syg nya banyak bug,Dadan Sumarna,5,2026-02-19 16:16:25
Tambahin dino yg baru dong masa yg itu-itu aja bosen dinonya itu itu aja,Daffa,5,2026-02-19 14:07:26
hp sayang ngeleg,Mardafit daf,1,2026-02-19 13:20:33
mantap jiwa,Endah Marlina,5,2026-02-19 11:08:52
game sampah padahal sudah di save tapi semua dino dan rumah gw malah hilang semua sisa level gw doang lu kira gampang apa cari dino sebanyak gitu udah effort banget main nih game malah kek gini,Raka Dwi,1,2026-02-18 21:31:11
Rhyniognatha terlalu OP saran ku jangan di taruh di the island soalnya menghalangi bila ingin explore karena pemula biasanya menggunakan pteranodon yang tidak bisa melawan,AYANO DEMONIC,2,2026-02-18 11:10:34
"GG wok udah optimize jadi lebih lancar aja, cuman sekarang kontrol nya jadi sedikit aneh",Rizky,4,2026-02-18 09:24:26
"Please, this ark game is too heavy and the data download is too big, please reduce the graphics.",Andik Dik,2,2026-02-17 15:45:21
"mini game pas download data nya sampah dan harus di mainin untuk bisa download, terus download di dalam game nya lama banget dari pada di playstore cuma beberapa menit aja untuk selesai 1 GB, sementara di dalam game nya 1 GB aja berjam jam padahal pakek wifi yang sama pas download di playstore",Nightmare,1,2026-02-17 15:13:03
"Sangat seruu, gw udh mainn dari awal rilis grafiknya makin bagus, saran gw tolong dibikin fpsnya bisa lebih stabil atau lebih tinggi terimakasih",Athariq Harist al-fathi,5,2026-02-17 12:43:29
GOOOOOODDD,Mushab Zum,5,2026-02-16 08:54:22
game GK guna pas mw download kan udh y pas loading SUSAH BET apalagi penuhin storage dan kalo mau loadingny lanjut HARUS MAIN MINIGAME ANJ fix gagal JD nih game mending main di PC dan main game originalny GK usah main game kgk jelas nih,Puspasari Harlim,1,2026-02-16 06:09:33
best survival game,ᴄʜʀɪꜱ ᴛᴏᴏ,5,2026-02-15 21:17:54
kenapa ini tolong di baca ya developer kok pas download data ada gambar dodo dan loading nya ga jalan tolong dibaca ya developer,Ahmad Aufar,3,2026-02-15 20:14:56
"pas download data tolong di optimal kan lagi,kalau bisa perbaiki bug di download datanya juga,ada bug kalo download terus keluar apk data download gk ke save dan data yang di download ngestack di 8gb gk gerak,dan bug ngeblur game nya juga tolong diperbaiki. terima kasih",Svsftry,1,2026-02-15 11:42:02
game nya sangat seru apa lagi kalo udah di buka semua map nya serunya gak ada obat,Ando Herando,5,2026-02-15 09:11:43
aku gabisa masuk ke geme😭,Pikih Ependi,1,2026-02-14 20:44:58
game ini bagus banget dan ini adalah game impianku aku suka banget game ini,Wawan Hermawan,5,2026-02-14 08:43:42
game nya bagus gak lag,Mardiana Pratiwi,5,2026-02-13 23:31:48
ringan kan game ini plis saya ingin main tapi terhalang ram hp,Wahyu Firmansyah 2,1,2026-02-12 22:54:47
game tidak bisa di buka,AL FARIZY,1,2026-02-12 15:12:16
"koneksi tidak stabil,padahal game online lain stabil, lebih parah lagi dibilang cheat sampe gk bisa join ke server langsung out",kadek putra,1,2026-02-11 21:38:48
jelek bgt,Nsyifa32 Rantau,1,2026-02-11 21:37:39
"sungguh sangat menyayang kan game sebagus ini tapi bug nya banyak, kadang kamera lag pindah atau tiba tiba muncul gambar dino, dan juga masih ada crash itu yg paling risih di antara semuanya save an biasanya ilang karna itu, mohon admin perbaiki ini",Parasu rama,1,2026-02-10 17:48:02
bosen serius lebih mending ark lama gak ribet ini ribetnya ampun deh,TITI STARS,1,2026-02-10 13:23:48
lots of bugs,Arya Dhinata,2,2026-02-10 00:54:10
"mantap, tapi knp pake setting high + shadow stuck di 60 fps.. kalau bisa add 120 fps dong biar lebih smooth lagi",Giezzfunky FStyle,5,2026-02-09 21:52:33
bags banget,sandewi togatorop,5,2026-02-08 22:39:03
"Plis tambahin Setting dino tamed damage, dan juga deinonychus",Febrian Khairi Daffa,4,2026-02-08 22:37:30
sekedar mengingatkan buat yg mau download game ini tapi data/storage pas Pasan. didalam game nanti masih butuh data tambahan 8GB entah setelah itu masih ada data tambahan atau nggak soalnya gw belum selesai download data tambahan yg 8GB,Alfian Fian,5,2026-02-07 00:36:49
Game nya bagus tapi sayang nya hp ku rada GK kuat jadi ku hapus tapi bagus,Pradangga Aga,5,2026-02-06 17:35:13
optimal game ini masih kurang,fahrul kece,3,2026-02-06 12:32:34
There are many cheating loopholes that are exploited by official server players.,Hendra Sugi_arto,5,2026-02-06 01:53:31
game play nya sih bagus tapi soal bug nya masih banyak yang belum di tuntasin sama admin nih,arya cpm,4,2026-02-05 22:41:19
semoga di setelahnya di perbagus lagi dan permormanya di tingkatkan sehingga perkembangan gameplay mobile berkembang,Anjai Opisraga,5,2026-02-05 15:26:55
"my save data Gone, i already save it on google play game",Don't be rude,1,2026-02-05 06:07:54
sangat bagus aku suka sekali 🤩gem ini Ark,Taufik Lmn,5,2026-02-05 03:56:01
please kurangi grafiknya karena terlalu berat,REKEN Ab,4,2026-02-05 01:51:01
"Update in gamenya lambat bgt , perbaiki cara download untuk update nya biar ga lambat!!",Mahesa Jenar,1,2026-02-03 13:52:57
jelek,Nasukha Muha,2,2026-02-03 11:29:40
gua pas baru masuk kepental keluar,JPI Chanel,1,2026-02-02 19:12:57
saj gat baik,alvatar Pradipta,5,2026-02-02 14:31:26
"dev aku punya saran buat ngatasin lag sepertinya yg buat lag itu rendernya, rumput di grafik low masih beranimasi. coba kayak setting grafik ark lama gak ngelag",Uwais Alqarni,4,2026-02-02 14:01:04
plisss grafiknya agak di turunkan lahh soalnya lag banget di hp realme note 17,Muh Akbar S,5,2026-02-02 08:56:03
"kapan ini update dinonya, bosen bgt dino cuma itu itu aja, mana mod juga itu itu aja",BLACK PANTER,1,2026-02-01 23:30:29
woi developer kenapa dino ya di batas sin gua mau taming spino gilaaa Emang gila yang buat game ini sorrydeveloper terus kenapa ga bisa bikin kibbel woi,Fahri Boy,1,2026-02-01 07:27:56
"game nya bagus, cuma game nya agak blur blur gimana gitu, semoga aja kedepan nya di fix soalnya game fav aku inj",Fairuz Zakir Abidullah,5,2026-02-01 02:30:50
bagus kok tapi kurang sesuatu tambahan,Karna Aja,5,2026-01-31 18:57:37
mantap mirip sama ark steam cuman di hp agak berat aja si di banding ark lama,Ady,5,2026-01-30 18:06:00
Please make QRIS payments because I can't make regular payments,Faiz Rjf,3,2026-01-30 17:49:18
apa coba ini gaada opsi balik ke grafik ark dulu apa masa dulu lancar banget grafik max dpt 60 fps sekarang grafik paling burik pun masih 10 fps mana donlod datanya lama gabisa offline pula,Dek Mas,1,2026-01-30 17:32:56
saya belum memainkannya. Karena proses download datanya sangat lemot. 8gb.😢,Septa Locky,5,2026-01-30 02:54:21
sangat sering DC... hewan ngga ramah spek terlalu tinggi bahkan sekelas poco f3 dengan Snapdragon 870 aja masih ngga worth main ini game ..player rakus banget sampe sampe udah se sabar apapun selama main 3 hari belum bisa bikin base 1 pun...ark old banyak bug ini malah lebih ngga ngotak,Huya Naah,1,2026-01-29 09:25:43
karena tidak bisa main di hp secara realistis,Eri Asih,1,2026-01-28 18:55:01
bikin hewan khusus mobile mungkin bagus atau rilis hewan baru bagus game nya meskipun agak lag,bima arkananta,5,2026-01-28 14:18:40
game ampas njir,Gaman Satria,1,2026-01-28 04:33:50
"good game, i like dinosaurus!",Samuel Calvin,5,2026-01-27 23:39:52
Bagus tapi bisa ga ditambahin dreadnoughtus di extinction nya bosen kali ga ada dreadnoughtus,Aditya Pratama Putra,5,2026-01-27 15:36:27
Rhyniognatha milikku tidak bisa mengikuti ku. (masalah ini juga terjadi pada semua orang),William Minerva,3,2026-01-27 00:25:25
di HP vivo sangat lag gak bisa di mainin,Yani,1,2026-01-26 05:46:01
gak bisa craft woy,Adzni Fadzri,1,2026-01-26 01:41:11
game bagus merupakan kaya game PC yang asli,Aldrich Lysandra,4,2026-01-25 19:11:36
spesifikasi terlalu tinggi hp kentang gk bisa main,Stenly Stenly,1,2026-01-25 12:03:24
gak bisa login akun google udah bener pasword juga udah ini masih gak bisa masuk gak masuk akal,Muhamad Riski,1,2026-01-25 07:02:57
di perangkat aku agak lag tapibisa memainkan game ini dengan rata kiri,Real me C11,3,2026-01-24 14:28:29
ARK mobile memang bagus,Krisna Cakra Buana,5,2026-01-24 09:17:59
"udah lama jadi player ark, cuman yg bikin menyebalkan adalah setiap pembaruan, selalu download 2 kali yang dan download masuk game ini yg parah banget paling lama, persis kaya orang baru download game nya kaya semua itu di install ulang, parah emang",SYAHRAN,3,2026-01-23 22:45:19
awesome! aku suka Ark survival evolved!!,Ari Yuniaty,5,2026-01-23 21:34:36
"there is a bug, when I give a command to the dino, it doesn't want to listen",2408_Angga Hendiansyah,3,2026-01-22 20:10:03
download 1gb pas mau masuk harus download 8gb lagi apaaalahhhh,Andi reyhan Nugraha,1,2026-01-22 18:30:58
admin tolong di buat grafik lebih hd lagi di mobile,Ilham Al adzkar,5,2026-01-22 14:10:09
bikin gem yg bener dong masa harus donlot data lagih,Ra An,1,2026-01-22 08:33:40
"hello developer, hope for next update will ad some features for the graphics because it very helpful for we to more smoothness gameplay and add some fps lock on the games, thank u vm",Gigabyte,3,2026-01-22 01:47:47
game bagusss bangetttt,Akbar Putrapratama,4,2026-01-21 13:32:23
tolong bagi developer untuk tambahkan update world jadi nya kalo save world gk masuk world yang sama sekalian juga tolong untuk memperbaiki bug gk bisa jalan cuman diem doang jadi nya kecewa,Dede Rosdiana,1,2026-01-20 21:59:11
mantap,Rico adipurnama,5,2026-01-20 20:43:48
have bug in mission star dolphin genesis 2,Abenk 43,3,2026-01-20 18:06:43
sebenernya game nya bagus tapi pas pingin masuk 8gb tolong di turunkan GB KLO bisa,ferry ferdiyanto,5,2026-01-20 15:08:40
bagus,Pp Ppp,5,2026-01-19 15:37:53
mantap,Muhammad Panji,5,2026-01-19 10:30:06
plis developer ark update ark ultimate mobile edition seperti kasih dino baru atau map baru biar tidak bosen terus mainin nya plis banget 😭😭😭😭,Yuliati,3,2026-01-19 10:17:14
"gw kasih bintang lima biar kalian bisa liat,aslinya bintang 1 developer ga peduli sama player handphone karena ga stabil sama sekali, malah dulu lebih bagus karena stabil grafik masih bisa di terima lumayan ramah device,skrg boro"" wkwkwk ga usah download dev nya udah kenyang lewat user"" pc",Shand Vic,5,2026-01-18 20:49:27
oi plss banget semua hp dan lain-lainya bisa download,samsul bahri,1,2026-01-18 19:15:39
balikin ark survival evolved yang ga ngeleg di handphone bawah atau rendah,cavang civing,1,2026-01-17 18:33:19
grafic broken for xiaomi pad pro 12inc.plis update thanks,Tukang Pangkeh (Ajo),1,2026-01-17 15:58:22
"overal gamenya bagus,cuman kadang ngebug dikit dri gw sih mantep kembanhkan",Agrih Jeyet,5,2026-01-17 11:03:55
"kenapa gk bisa masuk? padahal jaringan aman tiba-tiba saat mau login malah keluar sendiri, udah coba berkali-kali tapi tetep aja gitu",Mochas,1,2026-01-16 23:19:17
"game ini sangat bagus bagi yg mengerti, yg kasih bintang 1 coba ganti device yg mumpuni. Terimakasih sudah mewujudkan mimpi masa kecilku bisa naik dinosaurus.",Rizky Erlangga,5,2026-01-16 22:45:56
tolong di fixxx soalnya sering for close sendiri,Hafiz Maulana,3,2026-01-16 22:27:45
mohon di tambakan dino yang di ark ascended seperti deinosuchus,Nyam Nyam,5,2026-01-16 21:44:50
"yang buat saya malas buat main, download data tambahan awal main itu sangat lama padahal internet saya sangat bagus",Febrian Revandani,3,2026-01-16 21:16:56
bagus tapi aga lag,denis prikitiw,4,2026-01-16 18:35:22
bug progres saya selama beberapa hari ilang semua,andika asyafa,1,2026-01-16 00:38:43
ok,Fery Police,4,2026-01-15 19:17:19
"game yg bagus,tapi tolong masukan bahasa Indonesia juga",Sahrul Mohuna,5,2026-01-15 13:22:54
tolong tambahkan fitur untuk hanya mendownload map yg sudah di beli untuk menghemat kuota. butuh waktu lama mendownload semua filenya di saat kecepatan jaringan di Indonesia tidak begitu cepat. di tambah aku bahkan tidak punya uang untuk membeli semua mapnya jdi meski aku mendownload semua filenya aku bahkan tak dapat memainkannya,Muh Fiqram,4,2026-01-15 10:15:52
sejauh ini sudah bagus cuma beberapa fitur yang harusnya gratis jadi berbayar padahal beli map saja sudah bayar,Aldo PriaMitraSandy,4,2026-01-14 17:59:43
ini kao di update bahaya gaya,Danny Vid,5,2026-01-14 17:23:48
Loading lama ditambah ngelagg parah g jelas iya sih gamenya seru tapi g gini jugaaa frame dropp sering banget ngecrash FC berkali kali,Sumarni Wae,1,2026-01-14 17:13:58
seru,Alghifari Amzar,5,2026-01-13 17:58:17
game nya tidak ramah untuk hp ram kecil dan bisa bikin hp over hit dan cukup membuat elsidi hp cepat panas dan rusak,Segrey Yeji Alvin,1,2026-01-13 15:32:36
game burung Dodo nya susah banget,sahlan buntuang,2,2026-01-13 14:34:24
cuman masih agak berat,Muhammad Fiki Syaptra,5,2026-01-13 11:43:56
mohon maaf developer kenapa saya tidak bisa bermain geme nya ya padahal saya sudah mendownload loh.,William Putra,1,2026-01-12 20:25:51
bagus,Bus Tami,5,2026-01-11 22:15:02
"game yang sangat bagus, aku suka. hanya saja kontrol lumayan sulit. tolong tambahkan kustomisasi control. ok. sekian.",Forji Pelus,5,2026-01-11 16:59:47
"Game baguss, terbaikkk",Revo Sumampow,5,2026-01-11 08:06:39
"Game dino survival terbaik menurut saya, cuman ark mobile yang ini jauh lebih ribet daripada yang lama, dan kalau bisa buatkan grafiknya ada 2 yang satunya kyk ark mobile lama, dan yang satunya kyk yg PC.",Lutfi Wijaya,5,2026-01-10 21:55:10
"gamenya bagus gilaaaa ,banyak jenis dinonya sama tambahan monsternya keren parah ini game masterpiece yang HD dan tentunya Gratis",Makna Ican,5,2026-01-10 18:59:56
good game👍👍👍,F.G.A.S,5,2026-01-09 22:38:27
game nya bagus tapi tolong perbaiki bug nya😊,Arum New,5,2026-01-09 19:42:33
Apalah baru download gak bisa login,Kebon Jagong,1,2026-01-09 17:13:01
pergi block,Alvaro,2,2026-01-09 16:36:50
"I purchased God Console legitimately in 2022 and the purchase is still visible in my Google Play history. After reinstalling the game, the purchase cannot be restored at all. The game shows “No purchases were found to restore.” There is no clear warning that old purchases are no longer supported. This is very disappointing for long-time players who already paid.",Muhamad Diat,1,2026-01-09 13:12:53
Tolong setiap update bisa ditambah kan seperti map atau yang lain agar player tetap suka bermain karena saat ada update hanya bug yang di fix dan harus update sekitar 1gb,Juna Prasetia,3,2026-01-08 19:12:26
"dulu maen tinggal install, skrg harus download data padahal cuma mau maen survival aja, giliran udah download data pas mau maen malah mentok di download survivor ini gimana sh, jadi rebet banget alsli",Dio IV,1,2026-01-07 22:40:49
walau bwlum main aku yakin pasti game ini keren dan bagus banget,Muhamad Saepi,5,2026-01-07 18:49:41
kenapa nih login ya bagai mana lambat harus memain kan permaenan ituh,Tegar Maulana,1,2026-01-07 15:56:47
"di android 14 masih belum bisa padahal spek hp gacor Coman gara"" android versi jadi nggak bisa main",Chaerul Tokiwa,1,2026-01-07 10:13:41
game nya bagus tapi loading harus mainin dodo nya it capek banget,Farhan,5,2026-01-06 19:11:19
lama bet download data nya,HAFIZ AL HAFIZ AGDELIKA,5,2026-01-06 17:18:26
lag aja kaga tiba tiba crash aja napa sih minimal ram 4gb gw yang 12 gb masih aja crash crash crash .trash aja sekalian graphic low end resolition rata kanan masih aja crash jing,Gaming Indonesia,1,2026-01-06 13:18:31
ini kenapa saya gak bisa main ya padahal saya sudah sampai hapus MLBB loh,Shintya Putri,5,2026-01-05 13:47:11
gak bisa masuk bjir😭,HISYAAM FATIH,1,2026-01-05 07:51:00
game apa ini jelek banget download data lama banget game bodoh,rudy hermawan05,1,2026-01-05 02:17:39
"gameplaynya seru, mekaniknya lumayan susah, control nya kurang nyaman kalo main di mobile kususnya untuk analog geraknya, dan fitur save game single player yang harus diperbaiki",Good Boy,4,2026-01-05 00:02:34
ark tolong sediakan grafik yg lebih ringan agar banyak orang yg bisa memainkan game ini😁semoga permohonan saya ini bisa diterima dengan baik 😁,Marvel_cr7,5,2026-01-04 15:28:49
Overall game nya bagus banget tapi ga cocok buat orang yang ga sabaran(emosional) Hahha karna game ini sudah mulai membuatku hampir gila Overall the game is really good but it's not suitable for impatient (emotional) people Hahha because this game is starting to make me almost crazy,Diyaul Y,5,2026-01-04 14:56:28
ini dari dulu saya ga bisa download akhirnya bisa main kaya streaming² yg lain makasih banyak developer👍🏼👍🏼👍🏼👍🏼,rizky dragrace,5,2026-01-03 18:05:52
game aneh gw lagi ngetame diloposaurus malah jadi dodo,Fahri Rizal,1,2026-01-03 12:18:54
"Udah lama banget download datanya, udah lagi itu cahaya terang bener, pantulan cahaya ke airnya juga bikin lag, kalo bisa milih mending ark dulu",Muhamad Fardan,1,2026-01-02 21:48:21
no 60 fps setting? bad game,Riski Prayana,1,2026-01-02 21:21:43
bgus cuman ngga bisa di divec lain kah cuman berapa hp doang???,Nabila Mobile,3,2026-01-02 20:13:29
"najis makin di update makin gajelas,ga pernah Ngertiin yg make handphone ram 4",*EREN#,1,2026-01-02 09:58:45
malah makin susah untuk main. saya sebagai player alumni corona sangat kecewa karena perubahan yang menyusahkan player ini. seperti susahnya login dan download data,Vazz ril,1,2026-01-02 08:12:32
👍,Hafid Khairudin,5,2026-01-01 18:41:58
jadi ada bug kalo abis buka option tiba tiba gabisa belokin kamera nya tolong di benerin,Adam 228,1,2025-12-31 12:42:00
"broo di gw ni game kagak bisa download anjir,udah nunggu 1-2 jam kagak kelar kelar ini unduhan woi,kagak seru jadi jadinya",Nikmah Saja,1,2025-12-31 10:23:46
ya seru deh game nya tapi kurang lancar di HP saya yg pake chipset Mediatek Helio G85 😁😁,Arkananta firjatullah Santoso,4,2025-12-31 08:31:39
download data nya lama,JaFar Xanford,4,2025-12-31 07:49:40
lah gw masuk malah di suruh jagain dodo buat nge loading knp g loading biasa aj sih?,Shino Dino,1,2025-12-30 22:47:25
"instal 8GB, pas main layar warna warni",Rizyan TV,3,2025-12-30 20:13:28
sudah tame Rex ark,Zidna Elvian,5,2025-12-30 20:12:23
scam udah nunggu lama lama tapi kaya main game dino di play store,Muhamad edo Saputra,1,2025-12-30 19:20:08
kasih harga yang ngotak lah di laptop gw juga mau main,Alvester Ozil rubak,2,2025-12-30 06:58:12
tolong kalo download data di cepetan lama betul pas udah di 2GB lama,Syarofal Anam447,2,2025-12-29 12:47:56
seeruu bangettttttt cobaaa dehh,Ardi Ansyah,5,2025-12-29 07:24:08
game nya sangat bagus,ziwara,5,2025-12-28 21:07:06
game nya bagus grafik nya juga bagus tapi ada satu kendala yaitu banyak nya tombol yang sulit di mengerti mohon di sedikitkan,Nurjanah Nurjanah,4,2025-12-28 14:53:17
gamenya terlalu berat coba perkecil map nya dan optimalisasi lagi gak semua hp punya spek tinggi buat mainin,Yora,1,2025-12-28 10:02:45
force close terus GK bisa masuk udah coba semua cara tetep gk bisa,Muh Imran,1,2025-12-27 22:02:56
Best Survival Game I Ever Seen,ALFA,5,2025-12-27 19:15:19
walaupun pun saya tidak bisa mendownload saya rekomendasikan game ini untuk mengheningkan bosan,Agam Abrar,5,2025-12-27 16:22:33
mantap,Wak yuhui Gamer lol,5,2025-12-27 07:59:33
game ini seru tapi sering aku sering ke hilangan dino ku tanpa sr ebab,Saddd Saddd,2,2025-12-27 00:10:46
"ini masih banyak bug nya kenapa, pas gw masuk cave imun atau cave apapun itu dino, dinonya gk ada, loot crate juga gk ada, cman ada artefak aja, bukan hp gw yg lag gw hp foco F7 snap 8s gen4 gk seru klo kek gtu gk kaya dulu masih ark survival evolved",Foco F7,2,2025-12-26 16:01:01
trash game!!!! my savings data is gone! why this is can be happen!?,Yuda tri andri saputra Yuda,1,2025-12-26 08:01:12
gokil ni game seruu poll👌,Prima fadillah,5,2025-12-26 07:34:27
bagusssssssssss,Ezi Rifqi,5,2025-12-26 04:36:10
"all my dinos and items in the arena are gone just because of speed hacking protection, why are other players affected while others don't???",Sandi,1,2025-12-26 03:30:32
game nya bagus cuma tolong lah kami yang pemain gratisan juga pengin map lain sama tolong lah crayopod nya di bikin gartis,Heni Susanti,5,2025-12-25 14:54:16
Studio wildcard can you bring back Ark survival 2.0 i want to play with my friend please. this new ark UME is very hard for my phone and i prefer to play old version please bring back i am still support you Studio wildcard.🥀,Khai Naufal,4,2025-12-25 12:22:05
Di infinix GT3O pro lancar banget rata kanan jos sihh,Deri Erlangga,5,2025-12-25 03:48:23
"mmg sampah nih game , lagi enak² main malah keluar sendiri",Ema Mei Sari,2,2025-12-24 21:32:50
Tergantung userr Dino Perang Paling seru,cihutt Ambaman,5,2025-12-24 21:18:00
"rhyniognata,ga bisa following",saydis,2,2025-12-24 15:42:37
udah gak tau mau ngomong apa gw sering ngalamin crash keluar dari game frame drop bahkan gw belum sempat masuk ke gamenya udah langsung keluar dari game udah pake game booster berbayar tetap saja tak ada perubahan gak tau lagi hp aku terlalu kentang cuma realme6 ram 8 GB udah gak tau lagi mungkin gw gak cocok main game ini padahal game faforit aku,K_Games K_Games,1,2025-12-24 14:13:17
bagusan ark lama👎,Fael D,1,2025-12-24 00:11:16
lebih cocok kalo maen gi PC dari pada di hp kalo maen nya di PC enak GK ngelag GK kaya di hp sering ngecrash sama lag,Naufal Ilham,4,2025-12-23 08:37:13
bagus sih tapi kurang kalo main di hp,Zaky Bima,5,2025-12-23 08:30:40
buat apa download harus ad mini game nya??? itu buat player lama main jadi males main ark main tinggal main Download tinggal download kenapa ad mini game nya g guna emang ad alasan nya? harus Buat mini game segala? buat ap bagi pemain????,Supranti,1,2025-12-23 06:36:19
bagus sekarang sudah optimal,Biansyah20,5,2025-12-22 23:16:15
game nya bagus banget terus ada dini nya,Bisma Adi radata,5,2025-12-22 11:07:58
"harusnya semua map gratis.game nya ini terlalu nge lag,harusnya player ga bisa di kill saat leave game. sign up akun juga susah.",Yoseph Finland,1,2025-12-22 10:35:09
terlalu berat untuk hp android,Angga Faisal,3,2025-12-22 09:24:46
sia sia download data 3 hari gamenya crash mulu,Nudingaming,1,2025-12-21 20:24:36
i need more option view camera on game and more controller button thats make easy to play and build button thats make easy to build any structure,Andri Buwana,5,2025-12-21 19:28:14
i love ts,Zid Aja,5,2025-12-21 12:27:46
Game Favorit Gw Tapi Tolong Tambahin Damage Display Biar Bisa Tau Damage Kita Gitu.Kalo Bisa Sih Map Dlc Nya Geratisin Satu Aja Biar Ga Bosen Main The Island Mulu Dari Zaman Ark Mobile lama,Abi Manyu,5,2025-12-21 12:22:44
"jelek banget optimalisasi game nya, ga ark ume ga ark ascended, sama sama buruk.",Grand Evril,1,2025-12-21 11:32:48
mantap,Syahir,5,2025-12-21 11:03:23
"absolute game ini mah, pernah main game ini 11 jam dalam sehari, udah beli 3 map 😜",M Rijo Alfaro,5,2025-12-21 08:21:56
"seru game nya,tapi berat banget",kepin hk,5,2025-12-20 20:32:41
gamenya bagus walau buat main game ini spek hp nya harus bagus biar gak patah patah ini gua main di hp gua itu cuma 10-15 fps doang dan kalo mau naikin fpsnya harus pake God console command cheat turunin paksa grafik game nya atau pakai aplikasi tambahan kayak magic tuner,Nizam Akbar,5,2025-12-20 19:00:30
gamenya seru dan brutal ngeri realistis dan bagus dah tapi hanya cocok buat yang PC nya kuat bagi yang pake hp mending jangan download dah apalagi yang hp kentang kalo hp nya kuat gapapa tapi kalo crash bukan salah gamenya .,Raihan Putra,5,2025-12-20 15:40:59
"sebenernya bagus hp ku masih bisa nampung masalahnya tiap aku keluar game disuruh download additional files mulu, sebenernya aku oke aja tapi ini 4 gb nunggunya lama udah gitu agak ngelag walau grafik rendah tolong dong dev dibenerin 🙏",Ayyub,3,2025-12-20 11:59:14
boleh ngga sih hilangin loading yang menghalangi pemain untuk masuk ke dalam game nya karna itu memerlukan kurang lebih satu hari untuk loading nya sajaa,Muh Askar,3,2025-12-20 11:49:42
gak bisa masuk ke game,Ratu Elfira,1,2025-12-20 03:24:39
"SAYA MAIN DI INFINIX GT30 PRO SANGAT LANCAR RATA KANAN... TAPI INI MASIH KALAH SERU SAMA ARK SURVIVAL EVOLVED, TOLONG KEMBALIKAN GAME ARK SURVIVAL EVOLVED !!! ARK ULTIMATE MOBILE TIDAK SERU !",Dede Kacep,4,2025-12-20 02:02:13
"berbeda dengan versi mobile dulu yang dapat dimainkan di device kentang, sehingga saya tidak dapat bermain seperti versi sebelumnya walaupun masih banyak bug. Mohon developer lebih dioptimalkan lagi gamenya agar lebih ramah pada device menengah ke bawah, karena saya sudah menunggu versi ini rilis di mobile dari dahulu, tetapi terhalang oleh device.",Mahesa Ray,1,2025-12-20 00:04:35
lag.,Lentera _Jiwa [TGX],1,2025-12-19 19:09:32
GOOD,ChilsAqils 24,5,2025-12-19 13:45:03
GAME NYA BAGUS DAN REALISTIS,Rumadi Wardana,5,2025-12-19 10:51:40
tolong developer kenapa saat saya ingin download data kenapa lama banget padahal wifi lancar. ok itu aja semoga kebaca sama developernya,Rizki Ramadhani,2,2025-12-18 17:00:48
lag hp gw yang 🥔kentang,Muhammad Raditya Pangestu,5,2025-12-18 15:50:39
good,Grayaya,5,2025-12-18 14:31:46
kak ini saya install kok nyetak di96%,Aprillia Khoerunnisa,3,2025-12-18 10:55:47
👍👍👍👍,Ahmad Come alive,5,2025-12-18 06:36:33
keren,M Fajar Alaga,5,2025-12-17 21:59:45
walaupun hp ku kentang aku akan tetap bermain ark walaupun patah patah,Kentang,5,2025-12-17 19:17:49
kenapa server NA ALLOSAURUS hilang karakter ku di sana tolong kembalikan server nya rugi saya langanan,well a thing,3,2025-12-17 18:53:22
bagys,Rosdiana Kari,5,2025-12-17 16:22:27
please make draw distance options,Kafi Amalfalah,3,2025-12-17 13:20:24
"TOLONG KEMBALIKAN GAME ARK SURVIVAL EVOLVED !!!! KARENA GAME ARK ULTIMATE MOBILE EDITION INI TIDAK SERU, SANGAT BURUK, DAN BANYAK BUG, DI TAMBAH UKURAN NYA SANGAT BESAR !!! BAHKAN SAYA MAIM DI POCO F7 SAJA PATAH PATAH NGE LAG",Bob Marley Bimo Suhendra,4,2025-12-17 04:06:52
"jangan pernah main game ini, game ini membuat saya gila, mental saya sudah hancur, semua progres saya di hancurkan dalam 10 detik. aku benci game ini",King Piko,1,2025-12-16 21:20:22
"untuk game nya bagus sangat memuaskan,tapi tolong dong min beli map nya bisa pake apk dana biar nyaman,udah itu aja😁",郑文 Zhèng Wén,4,2025-12-16 16:48:14
gema bagus sekali dan meajarkan kita apa itu dino dan cara nya,Akil Muslimin,5,2025-12-16 15:23:40
meskipun susah main nya tapi ada dinosaurus dan saya juga sering nonton youtuber yang sering main ark,Lina Marlina,5,2025-12-16 08:25:18
game nya jelek nge crash Mulu padahal aku udh pake hp baru,Shairah ningsih,1,2025-12-14 14:57:05
"mohon kepada developer untuk memperbaiki bug pada bagian shadow ketika di aktifkan terjadi blank layar warna-warni di game ini, overall sudah cukup bagus ini game, saya menunggu untuk update selanjut nya. terimakasih",Rudi Pratama,5,2025-12-14 10:16:49
Bagus,Sulastri Sulastri,5,2025-12-13 11:22:48
gak bisa buat alat-alat aku pernah ga bisa bergerak,Kenzo Kholifah,2,2025-12-13 09:07:33
seru tapi agak patah patah lumayan,made galang,5,2025-12-12 16:18:49
"game ini sangat bagus, cuma sayang nya device ku belum bagus buat memainkan game ini🗿",Ahmad Asrori,5,2025-12-12 13:10:32
Gamenya sih bagus cuman ini aplikasi berat banget dan jadi kadang suka ngelag terus keluar dari game jadi mohon untuk di ringan kan soalnya rata-rata yg main game itu HP kentang gak tahan jadi ya udah itu doang saran gue bye,Akbars Pelalawan,2,2025-12-12 12:19:18
"bisakah developer menambahkan fitur memperjauh jarak kamera third person supaya bisa lebih jauh lagi, mobilitas di mobile sangatlah sulit apabila jarak kamera third person terlalu dekat dengan karakter",Sam Sudin,2,2025-12-12 02:02:26
please update performance,Regan Rogon,4,2025-12-11 23:15:15
"really annoying, why should there be a boring mini game feature when downloading data, it should be removed",Aura Azharudiah,1,2025-12-11 18:36:59
"Server PVP sering ilang berhari""..jeleknya di sini",Toni Setiawan,2,2025-12-11 16:20:05
Berat nya sangat sangat terlalu kalau bisa di perbaiki,Laisor,1,2025-12-10 21:51:09
"saya bisa mengatasi masalah sebelumnya,munkin sekarang ark mobile dapat update agar bisa ditambahkan mod",Irkham Lutfi Abdilah,5,2025-12-10 19:10:01
"tambahin beberapa fitur, udah beli god console tapi fitur nya itu itu doang, tidak seperti di PC banyak fitur. ini game udah lama ga update fitur baru yang ada malah event doang",Danzo Reffanzsyar,4,2025-12-10 14:50:24
"Hopefully this game will be updated again and the GB will be low so it can be played on 4GB RAM and work it and the download will be reduced to 3GB. and the game is quite good because the graphics can be reduced to low, the map is also very wide, it's very good for those who like survival where there are dinosaurs like 3 million years ago, this is very good I hope this game is successful and doesn't disappear on the Play Store Goodbye 🥳",Kapuas Sanjaya,5,2025-12-10 12:35:06
bagus banget,andreyanto yanto,5,2025-12-10 09:48:41
gg asli,Noval Bae,5,2025-12-09 22:11:26
"Walaupun udah gabisa main karena device nya nggak kompatibel, tapi gw pemain lama udah tau keseruan ni game, btw hp gw Poco x7, masih berat banget 🥹",당신의 사랑 x 私の愛,5,2025-12-09 18:28:43
"Please, game developers, if you're adapting the game to mobile, try to make it compatible with mid-range to low-end phones so that players with phones that aren't high-end can experience playing this game smoothly. Many of my friends are complaining about this game because the specs are too high for mobile. ☺",AKUBENCIREDMI REDMIASU,1,2025-12-09 17:45:19
"sekarang malah gk bisa main offline, kecewa. Padahal sebelum sebelumnya main ark buat hilanging bosen pas gk ada kuota.",Komang Purwanta,1,2025-12-09 10:11:24
bagus,Muhamad ayub Ayub,4,2025-12-08 11:31:12
"Lah FC njir, yg di bawah ada komentar, yg FC itu hp gakuat dipaksain main, eh GHOBLHOK hp ku rog, lu pocox7 suara deley itu sama aja bug dari devnya , setiap hb beda kendala blok, fc belumtentu device gakuat",Gian Jiva,1,2025-12-07 23:58:07
"ulasan saya hanya biasa karena game nya cukup bagus dan menarik tapi kenapa ya saat main malah lag,padahal jaringan ok hp juga spek tinggi,sekedar memberi tau jika ada update tolong untuk perbaikan buat yang di hp lebih lancar itu saja terimakasih",muhammad rusdiansyah,5,2025-12-07 20:25:45
keren grafiknya,Nur Ikmah,5,2025-12-07 18:49:09
bjirr yg lama kuimpikan di hp akirnya bisa,Sus Ilo,5,2025-12-07 13:25:16
Berak Gw dah download datanya Tapi malah black screen trs Keluar sendiri Padahal download datanya 11GB lebih udh ku download lo,Frengky Nawa,1,2025-12-07 10:48:56
"download datanya sangat menguras data, kalau memakai wifi downloadnya hampir seabad",Pranaza Nakhla javies,1,2025-12-06 20:52:46
game perusak hp,Zaki,4,2025-12-06 14:20:25
dev coba update lagi soalnya hp gw android 13 gw cuma mau main,Raffasya MA,1,2025-12-06 12:34:33
tolong mudah kan cara multiplayer nya 🙏 cukup itu saja dari saya best game 👍,Rino Hiro,5,2025-12-06 11:52:19
"Game ini mau dipc mau dihp emang GOAT nya survival dah. kalo gabisa main, ya gabisa main. hp mu ganti bukan malah ngasih rating jelek. PEAK❤️‍🩹",KING,5,2025-12-05 16:12:14
"I want to ask the developer for help, please open at least 3 or 2 maps so that the game is more challenging, especially on the island map, the dinos are not complete, I hope my message is answered",Ivander Alvaro,3,2025-12-05 14:20:11
ga bisa di download,Syahrul Gunawan,1,2025-12-05 13:36:39
tolong buat kan yang versi lite soalnya pas lagi main game nya ngeleg parah🙏🗿,Vicktor Aza,5,2025-12-04 12:54:37
sya baru coba kasih bintang 5 dulu,Anak Simabua,5,2025-12-04 11:29:08
gamenya Bagus sih cuman waktu downloadnya harus dimainin biar bisa download kalau download sambil tidur itu bagus sih download servernya,Ilyas Ilyasa,1,2025-12-03 23:36:08
ITS good game,sarifudin udin,5,2025-12-03 14:16:12
Good!,Rio Julan,5,2025-12-02 21:09:40
ini game bagus tapi tambahin mod lah biar player gk bosan Dan mod nya jangan bayar kalo Ada mod mah gw sering main ark karna gk Ada mod ini game jadi pajangan di hp gw karna susah cryopod pakai kunci spy nya gk enak hem membosankan kalo di Kabul kan pasti rame Dan jika itu terjadi gw buat Bintang lima,Akbar Muhammad,2,2025-12-02 18:56:39
kamu mengunduh banyak konten berbayar tetapi kamu tidak bisa menikmati nya???,AVITO MUKTI,1,2025-12-02 18:53:25
pls kembalikan ark yang lama,Qianu,5,2025-12-02 16:39:54
gamenya terlalu lag jadi menurut saya lebih baik versi dulu daripada versi sekarang karena versi sekarang lebih berat jadi aku kasih bintang dua dulu,Zan X,2,2025-12-02 16:38:49
plis kasi tutorial karena saya tidak tahu cara playnya karena harus jagain Dodo,Katarina Katarina,5,2025-12-02 16:03:24
game burik developer anak yatim,Yusuf Maulana,5,2025-12-02 14:45:46
bagus banget ini game cuman kalo bisa ukuran di kurangin dikit soalny klo hp kentang g bisa main,Jeriko Putra,5,2025-12-02 07:02:50
lebih baik ark dulu lebih ringan,Rendi Wijaya (Agantwana),1,2025-12-01 21:26:53
good,Much Davied,5,2025-12-01 19:56:46
kesukaan aku,Ardianfarel Alzafran,5,2025-12-01 18:21:49
bagus gamenya epik lalu banyak dinosaurus yang bisa di taming dan aku paling suka dino terkuat no 2nya bagus banget,Waginem Andan,5,2025-12-01 15:33:10
tolong grafik nya diturunin gw udah rata kiri tetap aja lag dikit,Ronny Ardian,4,2025-12-01 13:07:58
"aku tidak suka dengan update sekarang. dulu aku mendownload versi lama yang ringan dan praktis. tidak nge lag, tidak ada bug. hanya kekurangannya beberapa fitur versi PC tidak ada di versi ponsel. tetapi sekarang grafik di naikan, membuat hp ku tidak kuat. dan juga download nya yang tidak ngotak. tolong lah buat versi yang lebih optimal di hp mid - high end supaya bisa dimainkan pada orang yang kurang mampu membeli hp yang lebih mahal. aku sudah download versi terbaru cuma baru rating sekarang",Aji Mulawarman,1,2025-11-30 22:14:14
kenapa di hp Oppo Reno 11 f g ada ni apk dan GK bisa di download,Brody Champion,2,2025-11-30 18:48:44
seru,Charles Nathan,5,2025-11-30 16:56:46
force close,robert david caniago,1,2025-11-30 14:11:45
"Untuk grafis, tolong diperhatikan kembali, karena render distance masih tergolong memuat semua struktur semua obbject dalam satu pandangan, tolong di kurangi mesh untuk objek² nya, dan kurangi jarak pandang untuk hp spek rendah",Kijang The king of kijang,1,2025-11-30 09:23:24
aku kok masuk ark langsung keluar dari apk ark,Abil,1,2025-11-30 08:17:43
mantap soalnya dari bang Deril,Bima,5,2025-11-29 22:47:11
great game,Lino J.A,5,2025-11-29 17:39:24
pas masuk keluar terus cape,Athar_23,1,2025-11-29 15:39:39
game sampah,Necrozz Ma,1,2025-11-29 15:37:46
"tolong buat player mobile di ringankan. soalnya saya main lag banget walaupun ram 8, mohon di perbaiki atau di ringankan",cimooouyy lasshh,5,2025-11-29 14:06:15
show beautiful 🥰🥰,Leonil LEONIL,5,2025-11-28 22:01:58
bagus walaupun ga main karena ga kompatibel..,Bagu Aditya surya,5,2025-11-28 20:43:03
gak bisa Mabar ya udah itu aja ya woi,Ahadiyat Salim,2,2025-11-28 20:29:59
"gem nya optimasi busuk,entah hp ku terlalu kentang ap gimana tapi w rasa ini gem emng busuk optimisasinya(sengaja kasih b5 biar munchuls)",Ahmad Mubarokx,5,2025-11-28 19:27:33
per baiki bugnya yaa depeloper 🥰😡,Musa Musang,1,2025-11-28 18:58:11
Please fix every bug on this game,Margio Putra,3,2025-11-28 16:46:02
seru,My World,5,2025-11-28 07:47:19
"gak tau kenapa mau main multiplayer gak bisa, udah saya pencet terus gak muncul,udah unistal download ulang tetep gak bisa, cuma kadang bisa,",aji saka,3,2025-11-28 02:52:22
"Bagus Gua suka, main game ini harus spek memadai.",Okto Renaldo,5,2025-11-27 23:09:43
ini kenapa nya pas lgi nunggu download data tiba tiba berhenti sendiri,Widoko Fiza,3,2025-11-27 20:14:03
gabisa main nah,Jaen Jaen,5,2025-11-27 07:01:26
"Mantep, sesuai ekspektasi. BTW YANG NGELUH TENTANG NGELAG DLL ITU YG BERMASALAH BUKAN GAME NYA TAPI HP LU YANG KENTANG BEGOO WKWK",Firman Dwi Febrianto,5,2025-11-26 21:30:13
bagus dan menyenangkan,Nsa277 Nsa277,5,2025-11-26 17:18:40
wow ITS good game,Wati Waryati,5,2025-11-26 12:49:23
"bagus2 aja cuma sayangnya, kurang cocok main dihp kayaknya udah patah2 layar kecil tapi mau gimana lagilah wkwkwk bagus gamenya sebenarnya",Jesen Giordano sutanto (Jsn gs),5,2025-11-26 07:17:55
"GILAA COO, game nya bagus tpi sayang bngt, NGELAG Parahh!!!, tapi seru si",Akun Kedua,2,2025-11-26 05:40:17
serubanget,zhafran aldrich,5,2025-11-25 16:29:02
anjirgamenya seru banget,Suib,5,2025-11-25 15:23:25
login ribet banget download datanya juga lama mau login tapi gak bisa,Andri cihuy,1,2025-11-25 15:07:02
"kenapa dino saya pada hilang. bikin kecewa aja, udah jauh2 main. dino saya pada ga ada",Udootz Korrz13,1,2025-11-25 14:55:17
gem nya bak gak seru,Yafiq Rafi,1,2025-11-25 14:11:01
bagus aku soalnya pemula,Silvia Marhaina,5,2025-11-25 10:41:28
mantap,Fadhlan Ganteng,5,2025-11-25 07:33:27
gemnya seru,Suroto Jonet,5,2025-11-24 21:18:03
tidak cocok untuk mobile,Ditrya,1,2025-11-24 18:17:48
berat banget hp gw ram 8 banyk lgi penyimpanan nya..tapi pas login macat patah patah,Aziz 2024,3,2025-11-24 17:47:31
ini gema burik 2dimesi pokoknya jelek,DianaLinda,2,2025-11-24 14:27:09
"gabisa login, kecewa si uda nunggu lama buat donwlod",Nur Ahmad Teguh Anahu,1,2025-11-24 09:34:10
Saya nggak bisa masuk di game ya jadinya harus main game lain,Deasy Suebtian,2,2025-11-24 04:20:31
"pls optimalin game ny ya, meskipun lag"" gw main nya sering bgt nih gegara seru",Dio Arfa,5,2025-11-24 00:22:48
terlalu lag,Adil ibrahim,1,2025-11-23 11:31:28
aku mau ARK lama kembali untuk yang HP nya tidak bisa bermain ARK ultimate ini,Siti Voni,1,2025-11-23 10:38:50
kalo update habisin memori ga ada yang baru lagi,Radit Kenzi,4,2025-11-23 10:36:38
keren banget game nya,_sY.22,5,2025-11-23 07:58:52
"pas update sekarang hp gua udh gakuat jirrlah, sakit tapi tak berdarah, tolong dong buat devolopernya perbaikan grafiknya bisa di turunin super smooth, buat kita yang pencinta game survival bisa bermain game ini dengan hp kentang🙏🏻🙏🏻",Indra Alfin,4,2025-11-23 07:07:07
"jujur ini bagus, tapi makin berat, lihat aja gw bakal balas dendam. lulus SMK gw bakal beli hp ROG dengan uang gw sendiri 🥲😕",Joshua Nataniel Michael,5,2025-11-22 20:24:38
"terkadang sedikit kesal karena saat berlari sering berhenti tiba-tiba, entah bug control atau apa tetapi sangat merugikan ketika saya dikejar oleh raptor",Server Canada,3,2025-11-22 20:20:50
"I'm soo love this game but, while I'm playing the game is sooo lag and crash, pls developer to make us not lagging while playing ark ume🙏",Rafi Gktau,2,2025-11-22 17:13:39
good,robi Wahyudi,5,2025-11-22 16:55:51
This Game Has Bug When I Go To Tek Cave There's A Barrier Instanity Killed My dinos And Killed Me Plzzzzz Fix It,Keanu Afrizal,1,2025-11-22 16:38:30
kenapa saat game ini di hapus progres nya hilang developer tolong tambahkan fitur akun supaya progres tidak akan hilang.,ika rustika,5,2025-11-22 16:04:11
Game nya bagus dan menyenangkan walaupun terkadang saat baru mulai di bunuh terus oleh dino karnivora 😅,Polo Central,5,2025-11-22 14:09:52
DOWNLOAD NYA LAMA BGT ANJ 8GB,rival ZForce,1,2025-11-22 12:39:42
kapan ya server unofficial ada tolong cepet di kasih dong,Dwi Trianto,5,2025-11-21 19:37:00
game nya sudah tidak bisa di mainkan di ram 4 tolong setting untuk ram 4 dan juga kalo sudah bisa saya kasih bintang 5,Erman,3,2025-11-21 12:07:28
game banyak bug pas dowlod data stuck nya lama banget mana dowlod datanya 8 gb gk ngotak emang mana gk bisa afk lagi,Ferra Akila,1,2025-11-20 19:51:06
"apa ini kok fps yang sangat buruk, jika sudah fps yang lebih bagus saya kasih Bintang 5 dengan 5 akun ku",Hoksal,2,2025-11-20 16:44:52
best the real absolute cinema,SDIT Raudhatul Muttaqin Ramu,5,2025-11-20 09:42:25
"bisa sih tapi tolong burung dodo nya bikin jadi t rex aja capek gw jagain nya, dah gitu lama dowload mbnya, sama kalo bikin game plis MB dowload nya tu loh rek 1.4GB",Pengguna Google,1,2025-11-19 17:37:16
"semenjak Game ini berubah Nama, Sekarang game Ini Menjadi PENUH DENGAN IN GAME PURCHASE, bahkan untuk Unlock 60 fps Pun harus IN GAME PURCHASE, thats sucks",Sanzz Exe,1,2025-11-19 17:21:09
game apa ini harus nya versi dulu itu jangan dihapus apalah ark ultimate mobile lebih baik aku milih ark evoloved,Edrieltamara,1,2025-11-19 15:45:11
gamenya bagus tapi lodingnya lama banget,Iqfan Aja,4,2025-11-19 14:03:45
game nya bagus tapi yang tidak seru nya kita disuruh download file sara nya jagain Dodo tapii aku bosan jagain Dodo semoga Nex update gak perlu download file semoga dibaca admin nya amin,b sinurat,5,2025-11-19 08:47:35
aku menyukai game ini sejak dulu tapi ark sekarang sangat berat bagi device ku aku cuma berharap ark dulu kembali,Cloud Jeyjeoo,3,2025-11-19 06:42:56
"proses download nya kurang maksimal,sehingga lama untuk log in",malik moell,3,2025-11-18 18:03:12
tolong untuk developernya gantikan download file yang susah dan itu pun harus jaga buwung puyuh diganti gak usah ada download file begitu tolong,Luh Juliandani,1,2025-11-18 17:03:16
banyak bag/bug yg meresahkan pemain crash and mudah mgebug,Arra Arra,2,2025-11-18 16:17:20
pls remove the dodo bird game it wasted my time but I use my friend pc to play so please remove the dodo bird game please🥺🥺🥺🥺🥺🥺🥺🥺🥺🥺,Pak Suja,5,2025-11-18 13:36:43
g bisa masuk download data nya lama malah sambil harus main game lagi kalo mati ulang lagi,Fransiska Siska,1,2025-11-18 13:26:17
ngelag,Hero Is Gone,1,2025-11-18 11:14:45
main baru lagi akun lama lupa game legend,Ifan Jaya,5,2025-11-17 19:53:32
game bagus tapi kontrol nya susah di hp,Felix Maxwell Hu,4,2025-11-17 19:05:52
jelek bet game nya harus donlowd filenya donlowd nya kecil file inalilahi Tv,halimah diyah,1,2025-11-17 17:23:09
"kenapa tidak ada yang namanya ""show floating dmg indicator? saya telah mengecek semua Dan bertanya ke ai juga, apakah ini bug? atau memang telah di hapus oleh dev?",AKBAR Muhammad Akbar Umar,1,2025-11-17 13:43:19
"for developer: overall very good game ever make but only one minus for me, in helio g99 phone its not smoth i wish you can fix graphic setting in low but smooth fps. thankyou for your beautyful game👊🏻",Ari Eka,4,2025-11-17 12:13:32
karena aku harus hapus game kesayangan dan tiktok ku pun di hapus demi game ini 😭😭😭😭😭😭😭,Dzikri 'iizurrohman,1,2025-11-17 11:55:03
"gooodd game men i like this game banyak dinosaurus yang keren dan lain""",Gabriel Alexandro,5,2025-11-16 18:06:43
"game ya keseringan download gak jelas, lama lagi👎",KHAIZURAN KHAIRULNAS,1,2025-11-16 17:51:38
bagus bgt cuk impian ku bisa main ark akhirnya terwujud walaupun tidak sama kayak pc tapi ini masih bagus. tapi masih ada sedikit kekurangan dan bisa dikebangkan lagi.,HAFZ .23,5,2025-11-16 17:14:03
optimalisasi di ark ume itu buruk banget dan ark sering bange maksa login.itu kadang ngeselin soalnya udah login tapi masih disuruh login.,MyName N (sayaN),3,2025-11-16 16:05:13
Wak save game ku ilang😭 plis ark di kasih cara buat balikin save game ku🙏🙏🙏,edozbonek 09,2,2025-11-16 14:17:11
gabisa di download,Gg Gaming Epep pisan,1,2025-11-16 14:05:01
mantap gamenya grafik nya bisa bikin meledak hp ku,HTR Yusuf,5,2025-11-16 11:33:40
gamenya seru,Amri,5,2025-11-16 11:13:59
sangat bagus tapi sangat lama unutk mendownload data,Seyaaa Imuttt,4,2025-11-16 10:36:56
aku mau ada icon kelaparan sama kehausan buat mudahin liat kelaparan sama kehausan agar saya tidak usah buka inventaris setiap mau liat kelaparan sama kehausan dan saya juga mau saat saya keluar dari aplikasi saat download tidak stuck,Bayu Putrapratama,4,2025-11-16 10:09:31
"bagus,,, tapi banyak lag dan kadang loading nya lama, tapi over all bagus 👍",Kenzo Faizal,5,2025-11-16 08:54:44
bagus sih cuma harus download lagu,Eibrahan Ibrani,5,2025-11-15 19:30:12
👍,Fibi Fibi,5,2025-11-15 18:41:49
The Dodo game is difficult so how do you get in?,ini karim,4,2025-11-15 16:28:07
apalah awal² langsung di suruh download 8gb,Busan Basun,1,2025-11-15 13:41:00
ini knp kalau setiap mau login kan harus masukin kode verifikasi tapi ga bisa knp,FAUZI,4,2025-11-15 13:19:32
game tolol udah di sininya 1 gb di game nya 8 gb eh gue tinggal. tinggal sedikit lagi eh ke hapus semua suruh ulang lagi sangat sangat kecewa game rusak game rusak,Muhammad Idris,1,2025-11-15 13:18:01
keren,Gilang 77,5,2025-11-15 11:55:28
"game ini bagus sebenarnya, hanya saja ketika memainkannya membuat HP terasa panas. baru juga main bentar, tapi sudah panas Hp. aku pakek HP Infinix, jadi tolong untuk ditindak lanjuti biar HP Pemain tidak terlalu panas karena kebanyakan data pada sebuah game ini. jujur, lebih baik Ark Mobile versi lama dari pada ARK Ume. Ark Ume cocokNya untuk versi PC aja... sebenarnya Ark Mobile bisa dipertahankan asal Developer Rajin Update Dino BARU.Thx..",Lord LeeTao,5,2025-11-15 11:52:20
bagus tapi download game file nya sedikit terlalu lama bagiku,Dian Mutiarasari,5,2025-11-15 11:23:57
tolong bug nya dihapus kalo lagi nge Taming,Asepguhan Asepguhan,3,2025-11-15 07:31:11
It's good but please make map 1-2 free so it's like ark pc,teo anjay,4,2025-11-15 07:00:52
saat ingin mencoba memainkan game nya malah keluar sendiri dan begitu trus,Akbar,1,2025-11-14 21:00:09
"The game is good, but please download the map separately so it doesn't become too heavy when played.",Habibi Lol,3,2025-11-14 20:57:33
lama Mengunduh file tambahan yang diperlukan untuk bermain,Sudrajat Sudrajat,1,2025-11-14 19:06:10
cara join nya gimana kalo pakek dd lama,Susan Santi,5,2025-11-14 17:25:59
game bagus banget untuk ukuran yang hitungannya masih kecil banget,Azka 333,5,2025-11-14 16:50:46
bagus tapi jarangin update,Rasya Maulana,5,2025-11-14 15:12:47
gemnya bagus gerafik bagus tapi saya yang jahat,Mebyna resyaw,1,2025-11-14 12:51:41
additional files could not be downloaded. please Developer fix this bug please!!!!!!,Ganjar Pranowo,1,2025-11-14 09:43:52
tolong di optimisasikan game nya,Jati Wicak,2,2025-11-14 09:00:53
I gave it two stars because the optimization feature still doesn't work on my cellphone even though my cellphone is good and after I changed it to the worst one it still lags so please fix it,M atha alfharizky,2,2025-11-14 08:27:30
I can't restore my god console????,14.GHIFARI RAYHAN EKO Syampoetra,5,2025-11-14 07:39:07
maen dari dulu bug nya itu itu aja. tiba tiba dowload data lagi 4gb. tiba tiba mental ngulang dari beberapa menit. loot crate tembus batu,Irfan Nuzul,2,2025-11-14 04:52:53
tolong yang hp turunin grafik nya developer plis ark nya grafik ini berat banget buah hp,Nara,4,2025-11-13 20:57:57
download nya lama,Kanzaki Seige,1,2025-11-13 19:46:46
pasti pada donlod ni game gara-gara darryl haha,keentzyaccml,5,2025-11-13 18:37:44
saya tidak bisa masuk ke game untuk survival dan harus mendownload file dengan cara menjaga Dodo saya ingin saat buka apk ark lansung bisa masuk ke game Tampa harus download file saya sudah mencoba berkali-kali tapi masih mati tu Dodo tolong next update langsung bisa masuk ke game Tampa harus download file,Hartina H,1,2025-11-13 17:26:45
seru,Meow Meow,5,2025-11-13 16:21:14
sering dis connect dan roll back. jadi permainan kurang menyenangkan. dan banyak nya player cheat,ahmad iqbal taher,1,2025-11-13 15:15:15
"kudacuki nga, talalu banya ba update",dymm,1,2025-11-13 10:16:24
game yg sangat seru dan menarik MC fersi smooth,Fauzan A.L,5,2025-11-13 08:45:12
Sering patah patah trus grifik di turunin tetap jga ngeleg ini gmna cara nyaaa tolong di perbaiki makasihh,sal Go,1,2025-11-13 08:44:14
game nya bagus grafik nya keren,Louis Teguh Ramadhan,5,2025-11-12 22:19:35
bisa gk kalau donlod data ya jangan sambil gerakin Dodo susah pls tolong di ganti,Irfan Yahya,5,2025-11-12 20:19:50
tolong pas main multiplayer bug ketarik tarik sendiri pas lari di perbaiki!,Rofik Utomo,3,2025-11-12 18:22:13
kan aku baru download trus aku main tapi gk bisa masuk kenapa ini tolong jelasin,Infinix S5 lite,1,2025-11-12 17:54:36
gak bisa masuk gara-gara dodol itu,Kalilo Kalil,1,2025-11-12 17:42:58
when i play it dosent loads the menu,Rakha Pradikha,1,2025-11-12 14:22:27
"bang dev bisa minta tolong buat ga berat bikin nya ini walaupun saya sudah mengosongkan sampai 30gb kenapa masih sama aja kayak sistem ui tidak beroperasi atau game ark nya tiba tiba matiin hp kuh sendiri, tolong buat lah game yang bisa di mainkan semua orang dan saya ingin memainkan gamenya",arkaan almutaali,1,2025-11-12 06:27:57
saya selalu mati akibat fall damage,Secree,1,2025-11-11 16:56:46
mantap,Robi Andika,5,2025-11-11 16:34:35
apalah anjir baru masuk langsung take off,Hamim,1,2025-11-11 13:02:56
game survival realistis,Lea Masari,5,2025-11-11 06:03:35
good game,Rifky Dion,5,2025-11-11 05:43:51
pls kenapa saya tidak bisa men download geme ini 🥲🥹,Saldi Chandra,1,2025-11-10 19:56:29
gabisa di download,Wira 15,1,2025-11-10 12:45:48
"game ini aku rasaa sangat bagus, game ini menggambarkan bagaimana bumi pada masalalu dan kita juga bisa bertahan hidup.game ini cocok untuk orang ""yang ingin melihat bagaimana kondisi pada masalalu,",Kembar Kembar,5,2025-11-09 23:55:41
"please fix the kicked and crash, i alr buy the map but i can't even play bcs always crash when i play genesis 2",27. Daniel Thimoty,1,2025-11-09 12:56:13
"aku juga pemain lama game ini, cuma pas sekarang download lagi, kenapa harus mainkan mini game nya itu pas nunggu download, menyusahkan, jika bisa di hilangkan hal seperti itu, kenapa enggak download biasa aja, misal juga ada mini game nya ,setidaknya engga harus maksa main itu agar download tetap berjalan, asli menyulitkan sekali",Reza Fachlevi,2,2025-11-09 11:59:36
"tolong di perbaiki bug nya, Baru juga setelah download gamenya malah gak bisa masuk padahal memorinya hp ku besar,pas mau masuk malah keluar aja gitu terus tolonglah developer di perbaiki bug atau kesalahannya",Naura Nabila,2,2025-11-09 11:43:48
crash,Alsafa wahyu karisma,1,2025-11-09 10:19:38
tolong game nya jadikan ringan karena lag banget di bawah 10 fps di saya,Matic hedon,2,2025-11-09 10:09:21
tolong saya masih gatau cara bikin tools pas di pencet 2 kali tetep ga bisa tolong kalau tau apa yang terjadi bilang,Noer man,2,2025-11-09 09:19:33
"Please optimize it on my device, Infinix hot 30i, this application is not compatible on your device",Akemi kagenou Akemi kagenou,4,2025-11-09 05:34:55
force close all the time dude.,Qaisar Arghy,3,2025-11-08 22:27:00
belum coba tapi pasti bagus dan seru,F-gamer Indonesia pro,5,2025-11-08 12:41:48
gameplay bagus sih tapi lama banget download nya sampe musti hapus banyak file,Billy Fiki,4,2025-11-08 11:50:41
developer tolongdownload data nya di perdecat,Nizam FAREL,5,2025-11-08 06:07:24
grafik masih sangat kurang apalagi dengan optimalisasi,Naya,1,2025-11-07 23:02:12
bagus sih tapi gak ramah buat hp kentang,Julian Indra .k,4,2025-11-07 21:13:26
"Sangat Optimal, Sangat Smooth di HP Saya Sehingga Mendapat 5-10fps",Indra85,5,2025-11-07 20:21:30
woiiiii gak bisa memasuki server,Machdor Asikin,2,2025-11-07 20:04:51
"overall udah bagus, sekedar saran aja kedepannya mohon untuk membuat settingan tambahan di settingan grafik seperti mengurangi atau menonaktifkan rumput dan refleksi cahaya, agar permainan bisa berjalan lebih lancar lagi di device dengan spek yang medium agar meminimalisir frame drop, semoga ulasan ini dibaca dan diwujudkan oleh developer, karena dua fitur ini akan berpengaruh sekali dengan masalah fps yang selalu dikeluhkan oleh player lainnya, sekian🙏🙏",Cristendy Junianto,4,2025-11-07 17:55:48
gimana cara menemukan server pvp,Amri Rozi,1,2025-11-07 13:13:53
"Aku kasih bintang 1 karena ulasan ku ga pernah dianggap padahal aku ganti hp baru biar bisa main ARK, eh malah hp baruku yang ga bisa main, padahal POCO F5",Sumairil Hadromi,1,2025-11-07 05:10:33
"gak bisa dibuka dan jalan sama sekali, baru buka langsung force close",Izumi Karolin,1,2025-11-06 21:31:33
game mini terbagus sedunia tapi,Ujang encus,5,2025-11-06 10:10:59
"Seharusnya Seperti pubg download nya per-map saja.. jgn semuanya di satuin,biar device bawah juga gk lag lag amat",Indominus Rex,5,2025-11-06 08:24:33
not compatible in poco f5 Snapdragon 7+ gen 2. please fix it,Sultan BD,1,2025-11-05 22:43:10
Tolol,Apa Coba,1,2025-11-05 09:52:04
"aku suka banget game ini sebelum update itu lancar aja di handphone ku, tapi sekarang nge frame parah, aku harap si ada grafik yang burik banget, gapapa lah asal aku bisa main, ini game yang sangat bagus👍🤍",Rizqi Abdilah,5,2025-11-05 04:24:23
"tolong ukuran game nya di perkecil, seperti ukuran game ark survival evolved !!! ini terlalu besar membuat handphone cepat panas dan lag, patah patah super frame drop !!",Messi King,5,2025-11-04 19:26:18
"Buat User mediatek Gw pakek Chipset Dimencty 8300 ultra maen di Map Ragnarok dapet 30fps kadang bisa turun, setingan rata kanan. Jadi yang chipset dibawahnya jangan banyak ngomel Lag pas maen. Suport aja Developernya supaya lebih diperbaiki lagi.",Johanes Putra Fajar,5,2025-11-04 14:47:21
"kenapa sih tetep ada crash di game nya lagi asik² taming sma Building crash mlu entah krna versi mobile atau gimana plis developer perbaiki donggggg, masalah udh enk² building mlh nge crash trus itemny ilang gk ke saveeeee, it's so pmo 😮‍💨😮‍💨",Shashamaskasko,3,2025-11-03 21:19:06
lebih baik seperti versi ark survival evolved di playstore nya 2.5gb dan tidak donload data,All Aldi saput,1,2025-11-03 16:53:11
game ini sangat seru,Rifqi Ruzain,5,2025-11-03 16:39:58
"banyak bug dalam gamenya ,ayo lah perbaiki",faisal anam,1,2025-11-02 23:11:14
game rusak gabisa crafting,Azo ra,1,2025-11-02 22:21:54
why the minigame for download progress? :( i wanna sleep while it downloads...,Bintang Dwiputra,3,2025-11-02 21:52:18
tolol,Ilyas Kj,5,2025-11-02 07:30:07
good game,Abrian Gaming,5,2025-11-02 06:35:25
tolong segera di update,Donny Giogevinza,5,2025-11-01 23:56:02
lag banget tolong bikin versi grafick yang optimal dong untuk hp yang bukan speks gaming tolong yak,Noventus Sabari,3,2025-10-31 14:47:41
"habis update, malah lebih sering nge crash",ImamBukhori,2,2025-10-31 12:20:50
"kurang lancar di Snapdragon 6s, tolong untuk patulan cahaya di air benerin kurang enak di lihat",Saepul Rizal,2,2025-10-30 18:36:28
After update i can't download additional file (download not start/stuck),Kabir,4,2025-10-30 16:39:12
"untuk game nya udah bagus kaya di PC tapi untuk kontrol nya tolong bisa di costum lagi agar tidak kaku, untuk pergerakan lebih baik sediakan analog dan untuk masalah kinerja tolong dong biar bisa lancar di setingan grafik rendah. masa genshin impact aja bisa lancar di grafik rendah 40-60 FPS",Evi Kurnia,3,2025-10-29 17:07:01
game nya bagus tapi kadang kena force close kalo main server multiplayer,Anada Raysha Jibran,3,2025-10-29 16:09:04
gakbisabimainnin,Nita Kristiawan,1,2025-10-29 15:33:17
Saya pas memainkan nya malah ngelag dan ada bug nya 🫠 kayaknya harus main di komputer,Ricardo AMRSBSB,2,2025-10-29 14:15:47
"tolong dong devloper bantu kita yang pake hp kentang soalnya grafik nya sejarang berat banget jadi hp kita yang udah gak suport jadi susah buat main ini game, padahal sebelum update masih lancar aja main ini game cuma pas update jadi lebih berat",Xraze _war (Xrazewar),4,2025-10-29 05:34:42
bagusss,afillio 17,5,2025-10-28 16:13:01
ya karna pas mau main di lobby malah disuruh download dulu apalagi disuruh kita yang ngurusin nya pake game gaje pula bikin bosen ya tapi aku mau main di virtual nya bukan game gaje nya. tapi ada kekurangan yang harus diproteskan ke developer nya game ini. awas kau ya developer game ini😡😡😡😮‍💨😮‍💨😮‍💨,Jamzatunaurotulizza Ghaida,1,2025-10-28 15:57:52
"pliss tolong segera di optimalkan dulu saya bisa main kan nya di tahun 2024 tapi sekarang gak bisa di download padahal android saya speknya udh versi 15 dan spesifikasi nya cukup untuk main di grapik settingan low-medium,jadi tolong di optimalkan dan di perbaiki lagi secepatnya 🙏",Pare,5,2025-10-28 08:53:38
game apanih masak mau login aja gak bisa padahal akun sama sandinya dah bener hadehhhh gak rekomendasi kecewa berat saya,Khairul Umam,1,2025-10-27 15:58:38
woi developer kenapa ark sekarang berat banget sama terang banget mending ark mobile versi lama grafik cukup bagus gak terang cukup ringan sistemnya mudah di pahami dari pada ark sekarang cerah banget sama berat banget,Agrin Ghaza,1,2025-10-26 22:51:48
bug nya tolong agak dikurangin terutama bug dino. Masa ada dino yang bisa tembus sama dino lain. Juga ada dino yang dihit dino lain tidak berkurang darahnya,ikhsan ulitio,3,2025-10-26 09:43:12
"game dajjal kenapa ada regrhionata di hutan pertama,si Jordi dan udin jadi mati saat berburu berry,btw jordi itu triceratops dan udin itu tek parasaur,yg gw bingung kenapa ada serangga late game di pulau pemula,item gw ilang semuanya,akhirnya gw balas dendam dengan mengajak Fikri(Spinosaurus) dan 2 trike dan 3 parasaur dan 6 dilo dan 3 raptor,eh bukannnya menang,Fikri gw mati keracunan dan dijadiiin tempat telor,setelah kejadian itu gw males main game ini,tapi gamenya bagus dan offline",Fattan Fazli,2,2025-10-25 14:23:50
bagus bgt,Reyhan daniswara Putrama,5,2025-10-25 14:12:57
I already buy God mode but it's not avabile now?,GHIF R333Y,1,2025-10-24 08:19:55
update terbaru malah sering force close,Nayim Mubarok,1,2025-10-22 17:34:50
"kalo ngasih petunjuk item, karena pemain tewas tandai X aja di map, ribet nyari sana sini gk ada.",Charlos Algun,1,2025-10-21 19:37:08
BINTANG 0 BESAR UNTUK GAME BUSUK INI,Dede yunus,1,2025-10-21 14:56:54
kalo bisa jangan di kasi loding kayak gitu. biar kayak dulu,KANEKI,5,2025-10-21 14:17:45
MANA EVENT BARUNYA?? kaya event raptor clause,Ham 97,1,2025-10-20 10:16:44
tolong di update suka leg dan jangan di hapus,Dragon V,5,2025-10-19 15:01:16
suruh download 5 GB terus?? sudah 2 kali seminggu lo,25 Rafael Patrick Astrapradana,5,2025-10-19 11:25:34
"game nya keren 😎 ,, ada beberapa yg kurang pencahayaan dari api kurang terang meski dengan jumlah banyak,,",Nur Wahyu,5,2025-10-18 09:06:34
knp download datanya harus main game pake Dodo terus harus hidup dodonya?,Brian Wongkar,3,2025-10-17 21:50:42
"How come it doesn't run smoothly for the Realme 5i cellphone, even though there's still a lot of storage left, is it really not suitable for the Realme 5i?",Erlangga Putra,1,2025-10-17 13:04:34
"selsai download d playstor, pas login di suruh download file 8 MB doang TAPI SETAHUN GA KELAR""",Derony Kosasi,1,2025-10-17 09:36:37
gw mau login akun epic game suruh nunggu kodenya lewat kontak malah gak ada kontak sama sekali,Erpa Alewan,1,2025-10-16 17:23:35
"kenapa game tidak tersedia? padahal device yang ku pakai Poco F5, sedangkan device ku sebelumnya poco F4",Rachmat Panji,1,2025-10-16 09:33:46
semenjak update malah FORCE CLOSE mulu di map genesis 2. padahal sebelum nya lancar lancar aja,Angga Prayoga,1,2025-10-15 18:22:42
download gak bisa dimainin,Al Thara,1,2025-10-15 14:48:43
can you add npc like other tribes to make singleplayer game look realistic thank you,Akun Ark,5,2025-10-15 10:17:31
Masih Bisa di atasi lah Di Helio G99 walaupun Fpsnya Kecil dapetnya🗿,Rehan Kun?,4,2025-10-14 23:46:23
force close terus di ram 8 / 256,muhammad saleh,1,2025-10-14 19:44:47
grafik jelek parah ga sesuai ukuran apk,Siti Kurniawan,1,2025-10-14 19:44:21
game nya ini cara masuk nya emang harus mainin game Dodo ya?,Affan Giyatsa,3,2025-10-14 16:51:40
"bagus sih cuman butuh di optimalkan lagi dan kalau bisa download mapnya dipisah dalam game jadi bisa ditunggu sambil main. Dan tolong perbaiki hud nya, tombol tidak akurat sama garis aman nya kebanyakan kalau bisa ditambahkan fitur customize untuk tombolnya!",Drake Craft,5,2025-10-14 16:03:58
tolong game nya dikecilin kan lagi karena masih berat Mukin di sistem memuat dunia,Rivaldi Mustofa,2,2025-10-13 20:35:19
game ini bagus grafik nya juga bagus banget tapi developer tolong kurangi RHYGIONATTA nya karena aku susah berjelajah karena suka di kejar,Boyz Weisenz,5,2025-10-13 19:05:18
download yang susah tolong jangan ada dodo untuk download masa harus nyelamatin burung dodo untuk download dan downloadnya lama mana mungkin 8gb lebih ayolah tolong download yang biasa aja gitu,Koala Hitam,1,2025-10-13 13:50:48
"Setiap update harus download data lagi 4gb lebih dan itu cukup mengganggu ,apalagi server download di ingame sangat buruk dan butuh waktu lama untuk mendownload ,harusnya tiap update ga harus download ulang lagi . belum lagi terjadi banyak crash dan bug yg menggangu setiap kali update . tolong agar Dev lebih mengutamakan. kenyamanan bermain playernya lagi.",Axcelson Dua Tujuh,3,2025-10-13 12:55:48
game banyak bug pas masuk gamenya tiba tiba force close Mulu benerin dong bug nya biar lancar main jangan bug nya makin menjadi jadi,Irsyad Neng,1,2025-10-13 10:48:59
"kepada developer yg terhormat, mohon untuk kedepannya untuk update ark mobile tolong diringankan saja, bukan berarti kami tidak mau mengikuti standar yg pada update kali ini terasa berat banget, apalagi pas dimainkan oleh saya pada map Ragnarok itu berat banget sumpah, udh lag parah dan tidak bisa terbantu lagi aku udh pakai rata kiri juga masi saja tidak bisa mengimbangi game ark ini, tolong ya developer jngn sampai lag ark ume nya karna mubazir uang saja sudah beli map juga🙂",Fahri Azach,5,2025-10-12 22:15:40
"rating rendah belum tentu jelek, kebanyakan karena device tidak mempuni tapi memaksakan dan ngasih rating jelek, saya berani jamin game nya seru, btw saya pake poco x7 pro. sekalian ngasih tau ada bug yaitu delay suara saat berjalan atau berlari, semoga di tanggapi. terimakasih",ziz_hsn22,5,2025-10-12 20:59:47
lain kali otak di pake ya developer gua udah jauh2 main loh udah 168 hari main udah banyak gua taming2 dino kenapa tiba2 gua ulang lagi dari awal padahal udah di save loh kenapa bisa corrupt data nya dah lah ampas,Ha Nura,1,2025-10-12 13:43:09
"sorry, gw suka game nya tapi setelah update terbaru sering force close pdhal sebelumnya aman aja di grafik high pun",hakuba Ryuki,1,2025-10-11 20:29:39
semoga kedepan nya game ini lebih optimal dan bisa di mainin di hp yang memiliki kapasitas rendah,INSO GAME,5,2025-10-11 17:45:08
bintang lima tapi tolong loding geme nya jangan lama lama aku nunggu 3jam,Rodhian,5,2025-10-11 08:13:11
bagus sekarang tidak sering cras,Panji Sidiq,5,2025-10-11 05:06:51
game yg sangat bagus..hanya saja 1 dino kayak rhyniognatha g bisa follow..saat jatuh dr ketinggian itu dino sangat susah di ambil lg.bener menyulitkan,David Ray Hendra,5,2025-10-10 23:50:07
pkai hp Infinix hot 60pro ram 8/256 g BS dibuka baru selesai download..g bs dmainkan,nero bhima,1,2025-10-10 21:37:57
sd320 lancar jaya mantab,melvi astuti,5,2025-10-10 19:09:59
bagus,Assla Aslla,5,2025-10-10 03:15:38
Why doesn't this game want to download data?,ガンズIzumi,1,2025-10-10 02:35:14
love it,Yusuf,5,2025-10-09 19:17:29
"gausa aja bikin game mobile, kalo gini mah bagusan yg dulu lebih ringan ga banyak bug, mending bikin ulang aja yg kaya dulu lebih bagus lebih ringan juga. kembalikan saja game ini ke pc kalo tidak segera diperbaiki",Zaire Hicks,1,2025-10-09 16:16:34
"?, now it's weirder than it used to be, “Ark Survival Evolved” is now “Ark Ultimate Mobile” 😢, so please change it to “Ark Survival Evolved” again if I don't share it with people.",Fiqih ARD,1,2025-10-08 17:14:28
"Gim nya Error ga bisa masuk padahal hp saya ram 8gb,Mana gua Download udah 2x tetap aja ga bisa masuk 😭",Dany Bdr,1,2025-10-08 02:56:07
"coba tolong developer. tolong di perhatikan kalaw ada pembaruan. atau sistemnya. sakit sekali hatiku lagi taming rhyonata, tersisa 25 detik sebelum berhasil tiba tiba game keluar sendiri. terus pas login kembali harus download kembali mana 4gb lebih. syukur kalaw selesai di download masih tersimpan data kembali. lain kali tolong perhatikan. ssumpah sakit sekali hatiku cok. sisa 25 detik taming selesai ehkkk. tiba2 update atau apalah. pengen bicara kotor cok.",Septiawandi,1,2025-10-07 19:53:56
pls bring back ark survival evolved and update it so android 15 can play it,Ilham Wahyu,5,2025-10-07 14:41:54
halo developer saya dulu beli (God console) 300ribu tahun 2022 dan sekarang saya kaitkan lagi di tahun 2025 God console nya hilang padahal dulu saya membelikan God console karena itu bersifat permanen malah sekarang suruh beli lagi mana pertangungjawaban mu saya punya bukti pembayaran nya dan email saya Ndak hilang gimana ini tangung jawab nya lah!!!!,Mochammad Rega Aditya Wahyudi,3,2025-10-07 09:26:12
"game nya bagus, enak kalo dimainin di singleplayer. saya berharap developer dapat menambahkan fitur multiplayer dengan private server, baik berbayar maupun cuma-cuma karena private server sangat seru seperti di pc. kalau bisa tambahkan map valguero pasti saya beli",Rifa ahmad Farizi,5,2025-10-07 02:37:36
MALES MAIN ARK SERVER SELALU DC SAMPE 7X KELUAR MASUK HAMPIR TIAP HARI GUA KEK GINI UNTUK SEMENTARA INI UNINSTALL ARK DULU MOGA NANTI TAHUN DEPAN LEBIH MEMBAIK DEVELOPER 👌,Marsel sertian,1,2025-10-06 21:21:00
developer bisa nambahin dino lagi gak macam deinosuchus untuk versi saat ini udah bagus semoga di tambah lagi dino2 nya,Sent,5,2025-10-06 12:17:52
"Cryopod system. pls tiap aku kehilangan 1 cryopod aja rasanya pengen reset game. tolong buat cryopod bisa dibuat kayak di PC, at least lebih murah jangan 100 keys",Muhama rizki Almasudi,2,2025-10-05 21:43:19
"Tolong kenapa tidak bisa masuk selalu force close terus, untuk di hp Oppo android,",Muhammad Haribaan,5,2025-10-05 21:41:02
dolnotnya lama,Alby Bina,5,2025-10-05 14:36:47
"server broken, useless mek!! bad game",Setsuna kotoe,1,2025-10-05 05:27:12
"game mantul buat jaman sekarang yg kebanyakan game moba/battle royale, cmn minesny game kikir p2w jir",Fariz Zabir Agry,4,2025-10-04 22:48:55
"Please fix this game, it's not compatible with small RAM phones, it's really slow. It's better to use the previous version which is more friendly to small RAM phones.",Ardi Massaid,2,2025-10-04 19:35:31
bagus banget dan jangan lupa giganotosaurus di tambah,EVI SURYANI DEWA DEWI,5,2025-10-04 19:32:52
game nya bagus,Aira Gemoy,5,2025-10-04 18:53:13
gamenya bagus tapi ada beberapa bug yang harus dibenahi di saya entah kenapa saddle pteranodon ga bisa di engram walau level udah 38 dan point sudah banyak harap pertolongannya,Emon Emin,5,2025-10-04 16:38:19
good,M Syariful fajar,5,2025-10-04 15:56:16
tolong tambahi map fjodur dan valguero,Tri Handayani,5,2025-10-04 15:25:55
lebih suka ARK versi lama GX neko neko,Halim Syah,1,2025-10-02 22:29:12
"bagus memuaskan dari segi visual, jalan cerita yang menarik, dengan memulai dari nol, selayaknya survival",Muhamad Rezqi,5,2025-10-02 18:03:32
after update malah jadi keluar Mulu sana Gada perubahan yg signifikan,Ridwan Ptb,3,2025-10-01 07:31:07
lag lag,agung noe,1,2025-09-30 19:12:20
so lag,Andi Prakso,1,2025-09-30 17:49:50
gamenya bagus gua rekomen banget wajib download,Azka Mutaqim,5,2025-09-30 17:42:34
apalah ni game baru download tadi bisa login sekarang gk bisa di paksa keluar mulu,Gi Dion,1,2025-09-30 05:07:46
THE BEST SURVIVAL GAME EVER EXIST !!,Uky Ukhrowi,5,2025-09-29 22:52:55
gamenya bagus sih tapi kalau orang protes tentang grafiknya kan bisa diganti tapi gua gak paham yang mobile,Matrudi Rudi,5,2025-09-29 20:31:32
lag parah ...,Putu Mahardika,1,2025-09-29 19:19:03
secara keseluruhan game ini bagus sayangnya masih kurang stabil kadang lancar kadang patah patah untuk SD 8 elite juga masih patah gimana coba?,Triple X,3,2025-09-29 11:15:16
berharap rilis di google play pc,AlankaR,4,2025-09-29 10:52:07
"mantap game PC akhirnya bisa di mainkan di mobile , game survival terbaik di mobile ini , apalagi buat pecinta dinosaurus bisa tame t-Rex 😋😋",Firman Fialdi,5,2025-09-29 00:50:34
game nya seru,Arif Maulana Yusuf,5,2025-09-28 19:12:11
please add the FJORDUR map in the next update,Rizki Muhammad alip,4,2025-09-28 10:08:25
"barusan kejadian, kenapa pas sign in kok tiba tiba sign nya lewat epic ya? padahal sebelum2 nya login pake akun google play, kenapa nih? tolong lah..dino yg saya tame udah banyak bgt, base juga udah gede 🙏🏻🙂",Anggara Adi Pangestu,3,2025-09-28 06:27:12
tolong kasih Deinosuchus plissss,Raiz Nagato,5,2025-09-27 23:58:44
👎🏻👎🏻👎🏻👎🏻,Fajar Maulana,1,2025-09-27 20:10:48
"tolong atasi bug force close setelah update ini, soalnya setelah update saat download data game malah terjadi force close, padahal spesifikasi hp sudah lebih dari minimal",Yoi Broh,1,2025-09-27 17:20:18
game nya bagus bisa multiplayer dan lain lain tapi yang kurang palingan cuma berat itu juga game nya bagus jadi lumayanlah semoga bermanfaat,Vioraintino Lampang,4,2025-09-27 13:08:59
"adaptasi dari game PC ke mobile nya udah bagus tinggal di tingkatin lagi,semangat dev🔥🔥",Asep Mulyana,5,2025-09-27 07:45:16
bagus dan seru,Muhamad Hafizh,5,2025-09-27 07:18:01
rog phone 9 fps dilimit 30 lawak,Afet Alfendi,3,2025-09-27 04:20:33
tolong developer nya banyak bug game nya tiba tiba berhenti lalu keluar sendiri,Gue Harga,1,2025-09-27 02:14:47
kenapa setelah update jadi force closes jadi kecewa,Wahyu Ilahi,3,2025-09-26 22:52:51
game sampah jelek,Yudi Mb,1,2025-09-26 19:05:51
game berat goblog mending gausah download mending game lain,Farez Farez,1,2025-09-26 16:36:24
yg bikin kesal selalu di kick,Muhammad Mukhlis,5,2025-09-26 10:56:05
"why always crash when update, goodbye mossa, i wish i could tame all of that dino. sigh.....",Dony Prastanika,4,2025-09-26 00:45:15
"1,4GB Dan game nya gak seru",Rifky Aditya,1,2025-09-25 18:12:52
abis di-update malah ga bisa dibuka game nya,Bismillah DapetRezeki,2,2025-09-25 16:13:41
"habis update ga bisa masuk , baru masuk apk langsung forcr close, padahal sebelum update aman"" aja, kalau masalah device ga mungkin karena hp ku x7 pro, mohon segara perbaiki yaaa developer 😀😀😀",Muhammad Nanda jailani,1,2025-09-25 14:13:24
Tolong developer susah banget mabar aku mau mabar kok di suruh join atau beli dan gerafiknya burik dan aku kok gk bisa naro kaya pondasi untuk bikin rumah kayaknya aku kena bug tolong di perbaikiya developer sama bawa gampang mabar aku tidak punya bes sama sekali aku mati mulu dan bawa mempercepat masuknya yg baru main,Muhammad Ziqrilzidan,2,2025-09-25 12:55:21
bang gimana cara masuk server ARK.,Ilyas Khaira,5,2025-09-25 12:17:50
bagus baget tetstur nya bagus,Levi93 levi,5,2025-09-25 08:28:20
fc mau instal data gmn ni update malah eror,Doni Saputra,1,2025-09-24 18:28:17
"game sebagus ini sudah ada di mobile dengan susah payah developer membuatnya hingga direvamp sampai sama persis dengan di PC, kalian dengan se enaknya kasih rating jelek, dulu suka banget liat konten game ark dipc hingga akhirnya muncul diplaystore thanks dev, tapi barusan update kenapa malah jadi patah"" dan sering force close semoga segera di Fix.",The Zhaint,5,2025-09-24 17:43:48
beuh keren amat terus realistis untung hp gua ramnya 26gb,Josua Milan,4,2025-09-24 13:00:44
woy apa apaan disuruh download data 4gb ketika di download malah force close apa sih maunya,Shandy Maulana Abdillah,1,2025-09-24 12:17:02
pas gua download lama sampai cas cabut cas cabut gua tapi bagus juga geme nya,Angga Bocill,4,2025-09-24 10:48:56
njir ada bug pas download nya nih tolong diperbaiki,Beruk Jambi,1,2025-09-24 05:25:11
ada bug beberapa hewan taming ilang sendiri padahal juga ga di apa apain dah 3 kali.,Adi Hendrax5,4,2025-09-23 23:44:23
"udh download dalemannya sekalinya di update di suruh download lagi,, aduh buang2 waktu aja",Zzflx,3,2025-09-23 21:32:54
update sekarang malah force close,SARJANA BEBAN KELUARGA,1,2025-09-23 17:58:26
gem nya lumayan tapi yang bikin susah adalah dinosaurus nya baru main langsung di sergap oleh dinosaurus lainnya kocak tapi gem nya seru walaupun ga ada temen ku yang mau Mabar bosan lah aku 🤒,Wahyu Wahyu,5,2025-09-23 17:45:04
"very good game, please add decorations so my house is not boring😅",Danu Suputra,4,2025-09-23 08:29:29
mohon untuk DEV game ini TOLONG BANGETT jangan kasi mini game untuk download datanya jadi kan kayak ark biasanya (Ark survival Evolved,Seniman Hermansyach,5,2025-09-21 19:54:49
Tolong optimasi lagi gamenya please,Yanuar Putra,2,2025-09-21 13:55:45
fps ga stabil sering drop rate,Yohan Kim,1,2025-09-21 09:32:30
gak bisa masuk ke game nya,Adra Maulana,1,2025-09-21 08:04:47
optimisasi nya busuk padahal udah paling low dan gambar paling burik. harus nya optimisasi paling bawah buat seringan mungkin. max setting nya terserah developer mau berapa gak masalah. (genshin aja gak gini2 amat),Penonton,2,2025-09-21 00:09:36
trash game,Irfan Setia,1,2025-09-20 14:41:22
ba lolo,Dede Jaova Pongoh,5,2025-09-20 11:02:55
kok bisa pocco f 5 sekarang ga kompetibel lgi sama ni game,aria gumilang,3,2025-09-20 00:59:04
"game terlalu berat buat android,,, mending yg versi lama",Gill,1,2025-09-18 19:52:47
ok,Sebening Embun,5,2025-09-18 19:20:00
tolonglah untuk gamenya di perkecil lagi agar yang lain misalnya main dari hp kentang biar tidak lag dan ramah aman untuk maen gamenya biar rame juga gamenya,Hikmal Akbar,3,2025-09-18 18:58:24
The gem is already good but it would be better if it had a feature to create your own server,King luck,5,2025-09-18 12:57:43
pakek Snapdragon 8s gen 4 lancar banget,Yoga Petualang,5,2025-09-18 09:45:02
crosshair bug plis fix it,Momon Andriatma,1,2025-09-18 07:16:17
games yang bagus,Rido ok,5,2025-09-17 16:49:06
bagus,rezki Sindu,5,2025-09-17 11:36:26
ini beneran gak si,bintang alfikri,2,2025-09-16 22:22:03
"ini game adalah game survival yang sangat realistis dan sangat bagus grafiknya juga hd,pokoknya bagus dehh",sopan Santun,5,2025-09-16 16:44:28
LEBIH SUKA ARK SURVIVAL EVOLVED,Yunita Sari,5,2025-09-16 15:46:38
kembalikan ark survival evolved mobile yg dulu... akun ku hilang anjir lah .... ga bisa di tautkan ark dulu sama ark skrg taaaiiii lu.. udah gitu gamenya ngelag bngt lgi ini,Rangga CD,1,2025-09-16 11:50:12
tolong untuk grafiknya biar ga lag gini untuk HP menengah dimensity 8200 masa patah patah 🙂,Agus Junaedi,2,2025-09-15 19:30:40
bang banyak orang pas login kembali Tiba tiba tolonglah buat stres orang aja dan juga terlalu tinggi masa perlu data 10giga tolong lah kurangin,ARKA TRI MAWAN,3,2025-09-15 16:25:53
👍👍,Muhammad Zainul Faris,5,2025-09-15 11:49:52
"Tidak bisa masuk ke dalam game, selalu force close. Tolong di perbaiki.",Achmad Muhajir,5,2025-09-14 23:18:55
"What's wrong with this game? It force closes very often. When I'm having fun playing, it force closes every time I enter the game, and when I play the game, it lags and then exits by itself if I fix everything.",Fakhri Maulana,3,2025-09-14 20:44:22
grafis buruk di Xiaomi Pad 7,Khaerul Maulana,1,2025-09-14 19:33:20
aku kasih bintang 1 karna gamenya gak bisa di handphone ku tolong perbaiki hal ini soalnya aku jadi gak bisa main game ini,Y.Natan P Y.Natan P,1,2025-09-14 15:09:13
"hari ini tgl 14/09/2025 aplikasi tidak bisa di akses karna kesalahan internal game, tolong di perbaiki",Game Baru1,2,2025-09-14 11:14:59
"download data lama,mana harus ngejaga burung dodo hidup",daffa,1,2025-09-14 09:45:37
optimize in lah berat bgt kalo lancar enak nih main nya,Muhamad Saefi,3,2025-09-13 22:19:32
Performa sangat buruk! lebih buruk dari ark mobile lama! map nya juga kebanyakan yang premium! sangat jelek,Edwin Snyder,1,2025-09-13 20:53:45
ini game seru grafic ok gak ada bug pas gua main tapi tolong game ini sering update dan tolong kalau mau buat crayopod tidak pakai kunci ya 🙏,raf ki,5,2025-09-13 17:02:13
gatau udah gak bisa di mainin lagi katanya udah di blokir,Fandy Komo,4,2025-09-12 20:22:48
kembalikan game yang dulu,Riz Ky,1,2025-09-11 22:43:07
loding nya lama jing,Afz Apriliovoc,1,2025-09-11 18:16:49
"Mengapa perangkat saya tidak bisa menjalankan game ini padahal perangkat saya sudah memiliki syarat untuk bisa memainkan game ini, tetapi saat saya buka gamenya keluar sendiri, baru bisa setelah mencoba beberapa kali, setelah saya mendownload data gamenya saat saya ingin bermain malah keluar sendiri. Tolong perbaiki!",Bang Lele,3,2025-09-11 18:00:40
Buat yg mau main btw harus download file 8gb dl,Akif Izul,4,2025-09-11 17:54:09
mantep dah bisa main sama temen kayak versi PC tapi ini lebih praktis bisa di mainin di mobile daripada bawa bawa laptop ribet,Azariyah Thompson,5,2025-09-11 15:21:27
gamenya bagus udah mirip kayak di PC sama ps grafiknya juga ok,Rizky Miftah ulumudin,5,2025-09-10 22:57:02
nice I play this game from 2019 and still be my favorite game oat!!,Muhamad Ali prambudi,5,2025-09-10 19:53:42
jujur soal hud/uinya lebih nyaman yg lama dibanding baru,Arya Mandalika,3,2025-09-10 03:27:03
kalau HP mu kentang jgn coba main helio g 99 sama 100 tdk usah main berat khusus HP ke atas ini bukan menengah,Fernando Lasut,5,2025-09-09 11:29:25
lag parah,Otosaka Yuzuru,2,2025-09-08 21:53:07
"PLEASE POHON,RUMPUT, AIR SEDIKIT DI UBAH DI GRAFIK RENDAH, ATAU BUAT SEPERTI ARK SURVIVAL EVOLVED AGAR HP MID BISA SEDIKIT LEBIH BAIK DALAM BERMAIN, TERIMA KASIH",AS 11,5,2025-09-08 20:58:00
"Please make more dinosaurs because when I play on the ark map it feels very quiet and silent so I beg you to add some dinosaurs ok, thank you",indah wahyuni,5,2025-09-08 04:25:58
"gamenya bagus diawal"" sih aman"" aja, pas pertengahan/udah level besar ngeframe parah, tapi aku Masi ttp mainin ini game karena suka banget walaupun mainnya sendiri, tolonglah developer kecilin gban datanya biar hp kentang kami biar main dengan lancar🙏",dii staZy,5,2025-09-08 02:14:17
bagus,Attailla Satria,5,2025-09-07 23:30:51
yang merasa lag tolong ganti hp😹,Berry Maraja,5,2025-09-07 07:17:13
game nya bagus,Bahar Madjid,5,2025-09-07 06:56:04
tiap update progress ilang,Rf gaming,1,2025-09-05 19:10:07
Gooo YES,Fhilix. Br.,5,2025-09-05 18:18:19
"Game sampah, kikir, burik, dongo, ga jelas",Reskian CH,1,2025-09-05 18:04:31
aku main malah keluar dari gemenya bagnya ngeselin,Dede Suryani,1,2025-09-05 10:21:31
"Aku menemukan masalah yang mungkin juga dialami pemain lain: download data kadang stuck. Menunggu lama tampaknya sia-sia, tapi aku menemukan solusinya. Cukup tutup aplikasi lalu buka kembali, dan download akan berjalan lagi. Tidak perlu khawatir, ini tidak akan memulai download dari awal, melainkan melanjutkan dari titik terakhir. Jika Developer bisa mengatasi masalah ini, kurasa itu langkah baik untuk mengurangi rasa frustasi pemain baru yang mencoba bermain game ini. Silakan dicoba cara ini.",Indomitable Duo,5,2025-09-05 05:41:21
forceclose mulu,Azmi cms,1,2025-09-05 00:16:12
game jelek banget pas mulai itu harus mainin game dodo mana loginnya lama banget woi jangan dounlod lu pasti bakal kecewa sama kaya gua,Yulia Aditya,1,2025-09-04 22:36:25
"baru maen, dan menurutku game ini sangat berat, device yang ku pakai itu infinix note 50s 5g, dan di game ini cuman dapet fps kurang dari 30, padahal device ini cukup kuat, tapi yah, game ini sangat seru, mulai dari statnya, terus crafting, monster, semuanya menarik",AWKWKWKWK •,3,2025-09-04 17:40:23
leg dibanding yang dulu,Rafizi Ramadhan,2,2025-09-04 10:55:15
tolong teknik mainin minigame Dodo buat download datanya dihilangkan soalnya sangat lama ketika ingin download data,Ridho,1,2025-09-03 19:31:19
jujur aja game nya keren tapi yang dulu bagus tidak ada donlod data atau apa gitu mending gak ada donlod,Alvino,4,2025-09-03 17:46:58
masuh banyak bug,Bahtiar ID,1,2025-09-03 02:15:37
pas mau main kenapa harus download data iya sih wajar download data tapi kenapa kita harus gerakin dodo perbaiki baru aku kasih antara 3 4 sama 5 bintang,Muhammad Ilham,1,2025-09-02 17:24:25
it's getting worse,Emil Maheswara,1,2025-09-02 16:30:12
keren bro,Yudha Yudha,5,2025-09-02 15:38:45
tolong tambah kan dino lain,M.ibrahim Al afghani,5,2025-09-02 09:49:05
aku suka tapi tolong tambahkan fitur biar pas download Fila datanya tidak terulang dari awal tetap segitu meskipun kita keluar dari game nya harus tetap lanjut itusi kalau di update,Setia Ramadani,5,2025-09-01 21:00:14
mohon untuk bikin aplikasi ini kompatibel supaya saya bisa update di perangkat saya(Poco F5/Snapdragon 7+ gen2) padahal sebelumnya saya sudah membeli ark pass dan saya ingin bermain PVP .,Alkiran,1,2025-09-01 18:27:56
tidak ramah untuk pemula,Yuliana,1,2025-09-01 12:26:39
harus download obbnya bro bisa hal lagsung masuk dan mbanya turn jadi 400? 😭,AANG RT3 aang78,1,2025-09-01 10:54:27
game nya bagus tapi sayang HP gua lag 🥺🥺🥺,Al Pratama,5,2025-08-31 17:35:13
kelihatannya keren gamenya tapi belum cobain,Muhammad Mustar,5,2025-08-31 17:19:44
"download datanya ngebug lama ga jalan, padahal jaringan lancar lancar aja, udh di tinggal semalam tapi masih stuck di 331 MB, PARAH",Afdal Gifari,1,2025-08-31 13:24:54
fix your bug thank you,Kukuh P,4,2025-08-30 23:07:57
😇,Hchghgy Gghghfgf,5,2025-08-30 18:32:35
"seru, tapi ada masalah pada Dino Rhyniognatha. Dia ga mau ngikutin siul follow, ga mau ngikutin karakter.",Naufal Hisyam,4,2025-08-30 12:53:17
kenapa harus download ulang di dalam game saat sudah update,Fikri rahin,5,2025-08-30 12:20:12
bg pliss lah HP gw ngebug bro g muncul pas nulis judulnya padahal HP gw jg udah semua requirements nya pliss di fix bro 🥲😭,Agus Widodo,5,2025-08-30 12:00:47
di hp Poco f5 gak bisa lagi main kecewa mana udah bnyk top up,Muhammad Sandri,1,2025-08-30 10:57:26
optimali lagi dong,Himad Mbarnesha,1,2025-08-30 08:02:28
"Game keren, bagus banget, dari segi grafik maupun gameplay",Zico Azzam,5,2025-08-30 07:38:35
Bagus aja,Rayhan Chaidir,5,2025-08-29 17:40:30
game nya bagus banget,Daffa Nokimak,5,2025-08-29 17:06:18
game nya bagus,Arzan Rafassya,5,2025-08-29 16:08:55
terlalu sulit mendowload file 📁🤯🤯😮‍💨,yuliana Kudus,1,2025-08-29 04:37:47
seru lh yaa,Haikal Firdaus,5,2025-08-29 01:17:01
nga bisa di buka setelah di download,Abdul Aziz Masrani,1,2025-08-28 20:55:55
game,MUH ALIF Naruto,5,2025-08-28 16:14:43
jelek kembalikan ark yang dahulu,Zhaky Ganteng,2,2025-08-28 15:14:27
👞🎙👞,Reynal Bungsu,1,2025-08-27 23:09:51
gamenya bagus tapi banyak bug dan terlalu berat pliss buat lebih ringan kalok gak bisa lebih ringan lagi rilis ark mobil yang lama dan hilangin semua bug yang ada,Dimas Zx,3,2025-08-27 18:32:15
"hope you fix the bug, parasaur saddle is iuavailable. it should unlocl be in level 9, but its gone",toriq ville,4,2025-08-27 10:29:15
"mau donlot data aja harus main mini game, mana 8Gb datanya. main setengah jam cuma nambah 200mb. mana mini game harus jalan terus lagi. apa gunanya tolol",Muhammad Ilham Akbar,1,2025-08-26 23:48:32
"plis developer tolonglah di perbaiki lagi leg pada game, saya hanya dapat di 10 fps, semua player lain juga ingin memainkan game ini, klaw GK kembalikan aja ke game ark yg dlu lebih lancar di mainkan di hp yg kelas bawah",Febi Putra,2,2025-08-26 22:36:37
Keren banget geme nya aku ketagihan Tapi aku ga bisa donlot di play tor tapi aku berusaha sendiri untuk bisa tardonlot mantap,Kairav Sgungubandit,5,2025-08-26 15:22:51
ternyata jelek,Simbalada Tatitud,1,2025-08-26 01:08:09
"Please, Ark Ume, you can use the mod because if you want to see Torpor Dino, it's difficult",this vunzz,5,2025-08-25 22:06:08
"saya kecewa dengan game ark karna saya udh main lama tiba-tiba data saya hilang padahal sudah di kaitkan di akun game saya mohon untuk kompirmasinya , dari pihak developer ark",Jambu Nada,1,2025-08-25 21:56:53
"PLEASE REALESE ARK SURVIVAL EVOLVED AGAIN!!!! , MY PHONE DI'NT SUPPORT 😭😭😭😭",Ilham Zakyul haq,2,2025-08-25 17:05:20
"download data lama banget niat bikin game gak sih, atau bikin game cuma karna gabut?",Fairuz Mifzal,1,2025-08-25 12:08:56
good,Klandestin,5,2025-08-25 05:24:36
"Jan dikasih mini game, soalnya susah juga 8gb lama. bisa bisa nanti jempol keram. dn juga udah berharap lebih Ama game, malah di suruh mlihara dodo. MOHON UNTUK DEVELOPER GAME ""ARK"" DIHILANGKAN MINI GAMENYA, DAN DI GANTI JADI DOWNLOAD DATA SPERTI GAME YANG LAIN",Pengguna Google,1,2025-08-24 20:47:20
dak tau mau ngapain tapi game hd bagus bagi saya tapi saya belum main,Ilun,5,2025-08-24 18:23:48
saya saat masuk tiba tiba keluar sendiri,Andi 1923,1,2025-08-24 13:05:58
I cant playing this game,WattTzy666,1,2025-08-24 11:37:46
astaga saya udah isi saldo kok g bisa beli ark pass coba benerin ark pass nya saya top up key aja bisa CUMAN ARK PASS YANG GA BISA KATANYA ERROR MULU!!!!,Ahm Ad,2,2025-08-24 10:16:43
Susah untuk login,Sulaiman Badru,3,2025-08-24 06:18:04
"i wouldn't mind for maps behind paywall, but optimization for this game is really awful even for capable hardware.",Yuda,3,2025-08-23 19:52:58
game nya gravik bagus lumayan banget buat di hp android,Reyonli,5,2025-08-23 19:33:03
my favorite game,Andra Maulana,5,2025-08-23 13:42:49
"Masih banyak cheat, perusak game , mereka bisa mengcopy bangunan jadi banyak berkali lipat dan masih banyak bug",Aleeya Keisha,2,2025-08-23 13:03:25
"It's already bad, there's another mini game if you want to download it, there will definitely be a mini game, we want to play it, not test our patience",Alfatih Free fire,1,2025-08-23 08:10:10
"This game is good, I like playing it, but please, why is the data download not working? I've been downloading for almost an hour and it's still at 0. Please fix it, I want to play again.",Mitra Iman,5,2025-08-22 19:54:22
"game apa ini!!!?, padahall hp saya bisaa muat game yangg GB nya gede ko inii cuma ngestak di gambar doang nyesel download nya",Hani Handayani,1,2025-08-22 19:36:36
kalo gak lag bakal sering main,Zada Ababil,5,2025-08-22 19:18:28
its so god,Afif Rukmamaya,5,2025-08-22 13:58:08
gamenya aku suka tapi lag parah di device gua padahal options paling rendah masih ngeleg padahal hp gua Mayan loh tecno sparck 30c,Snackinstan Kibajra,3,2025-08-22 13:57:16
ada fitur aneh dimana tek sword hanya bisa dibuat dan diperbaiki menggunukan kunci jadi mohon hilangkan fitur ini,Dylan Raditya,5,2025-08-21 18:16:02
"jelek banget yang ultimate di banding dulu ,yang dulu hud nya mantep bisa di seting terus setingan nya juga banyak ada teks damage terus status yang di liat kursor ,sekarang lag parah walau grafic paling serendah rendahnya , juga karakter kadabg stuck level nya ga bisa naik lagi padahal level nya masi 30 an jelek banget.terus ini tu mobile apa pc sih tombol scope nya kok di kiri bawah deket bet sama analog ,tombol loncat sama hit nya juga nyamping banget jelek nya",15_ Moch Rizky Ramadhan,1,2025-08-21 16:42:46
bagus saya suka tapi tolong ini masih banyak bug,Arkan Ataya,5,2025-08-20 20:55:00
"Hai developer, tolong percepat unduh datanya, menurut saya unduh datanya terlalu lama sekali, padahal data yang harus di download itu banyak sekali, sampai 8gb, jadi mohon untuk developer percepatlah unduh datanya🙏",Syabil Arka,1,2025-08-20 19:15:00
game yang bagus dan fun tapi game ini masi memiliki beberapa bug yang lumayan mengganggu dan terkadang sering nge crash tapi game ini overall bagus,Olife Janah,5,2025-08-20 11:36:27
game gak jelas selalu keluar pas mau main apa coba ngabisin Kouta aja,Ka Li,1,2025-08-20 06:46:48
gak tau gameplay nya ke mana,Elia Tingai,5,2025-08-19 16:09:30
why did my cave loot crates isn't spawning?,David Bryan,5,2025-08-18 22:27:05
tolong developer Oppo a 5 pro tidak bisa,Siskawati nanu,4,2025-08-18 06:22:45
Plis develop don't douwload data plis,Ana Prasetyowati,5,2025-08-18 06:16:29
keren,MUHAMMAD IHSAN NAFIS,5,2025-08-18 05:09:45
game bagus tapi tolong untuk kurangi lag dan bug agar para player yang hp nya kurang memadai dapat merasakan sensasi yang seru,Zidan Faqih,3,2025-08-17 21:15:54
updatenya lama saya uninstal aja soalnya lama this so slow,Sarah setiawan,1,2025-08-17 20:18:33
"p2w banget, opnimalis nya jelek, untuk main di map lain harus bayar.",AwangSatrio Yodhagunawan,1,2025-08-17 16:18:32
seru,Arfat Alfarezi 《SNAP》,5,2025-08-17 15:51:32
"kualitas gambar pecah, ada beberapa daerah yg gak bisa diakses selalu forclose kalo ke daerah situ. saya main pake Poco pad",Rizki Alfaridzi,1,2025-08-17 15:07:05
"game nya bagus tapi bisa tolong di masa depan deinotherium, deinosuchus dll ditambahkan di mobile ragnarok jadi tolong",Zeroun Tanjung,4,2025-08-17 12:36:29
gak bisa masuk ke gamenya gak ada akses,Lisna Mulyaningsih,1,2025-08-16 18:34:31
game nan halur main yang lucu dulu,Kenzie Kenzie,1,2025-08-16 13:04:49
tolong ya developer kalo mau unduh data nya langsung aja. masa di suruh main mini game. percuma kalo gratisan tapi harus mainin mini game biar semua data nya di unduh. TOLONG YA DEVELOPER. LANGSUNG AJA DOWNLOAD DATA NYA JANGAN DISURUH MAIN MINI GAME!!!.,Ilham,1,2025-08-16 12:30:38
seru,Hehe Boy,5,2025-08-16 09:23:23
mantap cuy,RIKO IRWANTO,1,2025-08-16 09:05:15
tolong murahin dikit harga map nya😂,Zakki,5,2025-08-15 23:19:28
pls fix force close in rog phone1,Bullfire Gt,1,2025-08-15 17:07:39
ngen crash terus,Polo,1,2025-08-15 12:07:05
apa apaan game udah aku save terus tapi gak ke sav ngulangin terus bangunan nya ilang terus lama lama capek,amirul Ikhsan,1,2025-08-15 06:42:40
"game nya mah bagus cuman sistem di dalamnya , banyak bug dan ngeframe parah mau dipakai di hp manapun juga masih tetep sama, tolong developer perhatikan yang kayak gini tuh perbaiki biar semua player nya betah main disini karena jujur kalau game nya tuh bagus cuman sistemnya aja",Syafa_ gyL,3,2025-08-14 16:52:36
Ada beberapa yg menurutku kurang banget 1.tidak ada misi/quest jadi bermain sekedar bertahan hidup/survival bikin cepat bosan 2.hilangnya shooting balm 3.penukaran hadiah dari cave di ubah/tidak dapat hadiah Paling penting shooting balm sih untuk performa/kelancaran game yah sama seperti dulu tidak bisa smooth di hp mid end ty,Syafril Saja,2,2025-08-14 10:53:28
gamenya buruk 8 bit,Dina Dina,1,2025-08-14 10:36:08
bagus banget,Lilis Lilis,4,2025-08-14 06:44:53
"Game ini potensinya besar, apalagi jika ada opsi grafis lebih lengkap seperti render distance, FPS lock, texture quality, dan pengaturan vegetasi. Ini bisa membantu device minimum tetap lancar tanpa mengurangi pengalaman. Semoga GSG mempertimbangkan, supaya ARK UME makin ramah untuk semua pemain dan mendapatkan rating tinggi di playstore.",Nsya Putri,5,2025-08-14 05:28:48
coba aja developer nya lebih fokus buat ngembangin ark yang versi lama padahal ark yang lama lebih seruh loh cuma bug sama optimistis nya aja yang udah gak di urus sama developer nya coba deh ark lama di buat lebih fleksibel pasti bakal rame lagi kalo bisa tambahin dino dino yang ada di ark ume ke ark survival yang dulu,Rangga [],2,2025-08-13 21:05:52
kembalikan ark 2.0 🫠,Methiu Jesaya,5,2025-08-13 18:44:00
gem yaba Gus baget,Safinah Fartika Wulandari,5,2025-08-13 14:19:21
game ini sangat seru dan gameplay survival begitu sangat seru,dawid wid,5,2025-08-12 20:29:13
Terlalu sering download data dan buat berat penyimpanan hp,M.Lum'ul asrori,3,2025-08-12 18:25:12
"This game is actually good, but it lags too much for mid-range phones. Please optimize this game again.",Gede Mahesa,3,2025-08-11 21:27:35
"game nya masih punya banyak bug, dan ada bug yang paling ngeselin, jadi pas saya sedang mencari artevak di goa, saya ingin menaiki argentavis saya tapi tidak bisa di naikin, terus saya relog dan malah spawn di tempat random, dan saya mencoba untuk bunuh diri agar spawn di base, tapi saat saya berada di base dino saya hilang, dan bangunan yang saya buat ikut hilang, dan yang tersisa hanyalah artevak yang ku ambil",Rizky,3,2025-08-11 06:44:35
"pas download lagi malah god console yang dulu di beli malah hilang, rugi buang"" duit",Wahyu syahputra Saragih,1,2025-08-11 05:38:05
"halo - halo developer tolong dioptimalkan gamenya untuk hp mid range, dan untuk grafik, memang sudah sangat baik dan hd namun, itu sangat tidak stabil sehingga banyak sekali terjadi fps drop.",Kiano Widhiyanta,3,2025-08-10 19:45:59
bagus sekali,08_ Kadek Raka Adnyana,5,2025-08-10 19:28:21
lama donlod nya,andryan Iyan,5,2025-08-10 18:09:17
oke game ini ada kelebihan dan kekurangan nya aku bahas yang kelebihan nya dulu nah kelebihan nya ini game itu seru dino nya bervariasi walaupun terkadang agak ngeselin soalnya ada 2 dino ini kaproshucus sama thylacoleo nah kekurangan nya kenapa setiap hari Minggu itu harus download data udah itu lama banget pas aku pindah ke game satu lagi genshin impact pas aku download data genshin impact lebih cepat kenapa udah 5 menit masih ngestuck di 11 MB pas udah sepuluh menit baru 22 MB mohon dijawab,Axelsherdian chandra,4,2025-08-10 17:27:59
"halo studio wildcard, kenapa ya saya waktu download in game selalu lama makan waktu berjam2 padahal internet lancarkanlah",Rizki Danuarta,3,2025-08-10 14:57:07
loading lama banget sampe 8 ribuan bayangkan game yang gua kepengen dulu malah pas gua instal malah lama banget masuk gamenya,Chery Mahyeddin,1,2025-08-10 10:13:32
"Aneh kalian yaa kemaren waktu ark survival evloved banyak yang minta upograde grafik giliran di upgrade malah banyak komen Minta optimalisasi payyah,",Wiro Sableng,5,2025-08-10 06:01:55
"Idiot, too lag, save data bug, crash, toooooo many crash lolbidiot, idiooooot",rizki bintang nugraha,1,2025-08-09 22:57:01
gamenya bagus tapi mendownload file itu lams,Ardiansya Putra Humonggio,3,2025-08-09 18:53:17
gamenya ngecrash terus padahal ruang penyimpanan ku udah di bersihin,Muhammad Aldaffa,1,2025-08-09 18:48:08
game kesukaan saya waktu saya coba pertama kali game ini,Anandasyifaz,5,2025-08-09 08:36:02
"game nya masih terlalu berat untuk hp mid range karna grafis nya yang menurut ku masih seperti PC, dan game ini menurut game terberat yang pernah di mainin di Android ku",Magma Cube,1,2025-08-08 23:34:04
cara atasi game nya yang forcle close gimana,Figo Go,5,2025-08-08 18:45:28
"Tolong lah developer aku udah beli map Genesis 2 dan lumayan mahal masa leg, dan klau bisa mana map yang mau di mainkan aja yang di download biar gak nguras data dan buat leg, dan buat map nya buat sama persis dengan di pc masa HLNA gak jual item cuman skin, Cryopod juga bisa di crafting lah apa lagi kita udah ngeluarin uang untuk game ini, atau buat yang udah beli map bisa crafting gitu, masa harus beli buat Cryopod kalau cari key susah minta ampun.",VICKY ZAEN,5,2025-08-08 15:43:49
hp Saya nak meletup,Vino Alpino,1,2025-08-08 12:45:12
Hadeh dasar grove street games,Anang Akustic,1,2025-08-08 11:46:25
server nya buruk dc mulu mana dc pas lagi nyerang dino,Rizqi Syahri Ramadhan,1,2025-08-07 23:53:46
keren aja masuk mobile,Awanta Adibrata,4,2025-08-07 20:54:01
kenapa loding nya lama,Imanaza Pradana,3,2025-08-07 12:18:24
My Phone huawei p30 pro FORCE CLOSE WHYYY,Ramanda Da,1,2025-08-06 21:55:16
sangat menyenangkan,Kenzie Aja,5,2025-08-06 20:12:21
yo i heve a question. ive been purchase god console before in ark mobile is it can be restore in ark ultimate mobile edition,Risa fhnd,5,2025-08-06 17:28:44
great game with million glitch,HSR official,1,2025-08-06 16:26:35
game ga becus!!! gw udh ngehapus semua game gw tapi masih lama donlotnya padahal udh pas GB RAM nya kok masih g bisa?! sampai ml gw gw hapus!!!😡😡😡😡😡,علي عمران,1,2025-08-06 13:38:42
"game sudah bagus sih,tapii tolong dong fps di Mobile sesuaikan supaya yang lain bisa main juga!",Kontak Saya,1,2025-08-06 04:57:01
"gila ga playable sma sekali dihp ane, padahal ark dulu lancar jaya",Rendy Putra Nugroho,1,2025-08-05 23:47:35
"wild card studio i hope you seing my comment,the mek is too broken i mean like,this is a dinosaur game and when someone have mek he's unstoppable,i got raided by mek like 12 time,and fyi i have a giga which is the strongest dino in ark,but my giga loose with a mek level 50?,you make ark ume like pay to win game,i hope you seing my comment,thank you",Kenzzz Tanzzz,1,2025-08-05 22:38:39
best Survival games,sunCO KERINGAT BAIK,5,2025-08-05 18:01:46
"tolong kembalikan ARK yang dulu saya lebih suka yang dulu, yang ini di buat versi 2 aja",Saniman Tea,1,2025-08-05 08:24:20
seru,Muhamad Reza Aprilian,5,2025-08-04 19:48:36
Menurut gua ark yg sekarang tidak seru sama yang ark dulu yang dulu lebih asik walaupun map nya di situ -situ aja tapi asik gitu beda sama yg sekarang,rendi kimoy,3,2025-08-04 18:54:48
kok ini yang muncul di game cuman berperan menjadi bebek masa juga grafik nya low,Rangga Wijaya,1,2025-08-04 18:07:08
mediatek dimensi tu 8350 ultimate infinix gt 30 pro forc close,Anak Indo,3,2025-08-04 17:29:48
ada drril di game ya,Harianto Mokhamad,5,2025-08-04 15:44:07
"enggram dimap abrettionnya kurang lengkap,jadinya susah",gallant rama,3,2025-08-04 09:33:46
sumpah map yg lain kgk bisa di mainin ajg,Davi Khadavi,2,2025-08-03 20:29:14
"ada bug...mohon dibenahi, terutama pada batu, batu yang sudah ditambang tiba tiba tidak terlihat ketika muncul kembali",Muhammad Ghazali M,3,2025-08-03 12:57:39
gamenya jelek☹️,Hasyim 06,1,2025-08-03 11:59:06
ga bisa masuk ke game nya,Roid Abduldzaky71,1,2025-08-03 11:14:36
keren sih gw sebelum donlot ngomong dulu. ni keknya game keren bgt gwe liat di topi sihir animation,Zaky Gibran abizar,5,2025-08-03 08:31:47
optimasinya sangat buruk tolong untuk optimasi kan lagi setidaknya berat grafiknya samakan saja seperti ark 2.0,M DWI YUDA R,5,2025-08-03 07:10:30
tidak sesuai dengan vidio payah,Hanan 12 tkj 1,3,2025-08-03 02:06:51
"skrg hp gua main gme ini ngelag bener walau rata kiri ,dulu rata kanan oun tembus 30 fps",Ramdhan Muhaimin dani,1,2025-08-02 13:32:24
it's just suck rn,GORIORIOO,1,2025-08-02 10:27:38
sering ke reset jadi level 1 lagi,Kasim Rasyd,1,2025-08-02 09:25:37
nggak bisa main aku cooo pas mau login keluar lagi ini hp ku ram 4G,Mukmin,1,2025-08-01 17:46:00
aku belum pernah main ini tapi setelah download aku coba main tiba tiba keluar sendiri apakah itu bug atau emang gitu aku gak bisa main sampai sekarang,Fino Palapa,2,2025-08-01 16:05:22
saya sangat suka game ini dari 2015.. tapi saya tidak mengerti MENGAPA SETIAP UPDATE SELALU DOWNLOAD SEMULA DI DALAM GAME..PADAHAL UPDATE SUDAH SELESAI DI PLAYSTORE SEBESAR 1 GB..TAPI SAAT MEMBUKA ULANG GAME..ADA UPDATE LAGI SEBENSAR 4.7 GB... KECEWA...!,birul walidain,1,2025-08-01 11:32:39
Nerf Wild Rhynioghata,Jumaitul Akbar,4,2025-08-01 00:47:45
"Mohon Perbaiki Bug Dengan Secepatnya,jangan Seperti Game Upin Ipin Univers",roblox,5,2025-07-31 18:07:44
"pls donk dev,hp gua masih kentank,bikin versi untuk yang lebih ECO donk,pake graphic paling low aja cuman dapat belasan fps,gimana kalau gua bikin max,pls bikin lebih mudah dijalani di hp kentank donk",Ciakhang Liu,1,2025-07-31 17:38:46
Plis wok update agar cryopod bisa dicraft tanpa pke kunci di mobile 🥀,Kuzika Chann,3,2025-07-31 17:34:16
"Gamenya susah, Dan kayak gimana jelasinnya saya pakai Dimensity 9300+ Tapi Kok pas setting grafik Terendah dapet 30an fps? Padahal Dimensity 9300+ loh, pls perbaikin gamenya",Habib Bkl13,3,2025-07-31 10:39:12
seru👍,Naufal yuki salam,5,2025-07-31 08:48:13
game ya bagus tapi tolong kasih mode offline pas saya masuk harus donload data supaya bisa offline kan? semoga dibaca,Muhammad raditiya m Radit,5,2025-07-31 05:16:57
"game nya bagus mekanik gameplay yang menarik dan game petualangan yang asik, tapi tidak ada fitur seperti penyesuaian grafik (untuk device yang tidak kuat) penyesuaian kontrol (untuk kontroler yang pas bagi player) dan saya ingin mod bisa ditambahkan ke game seperti mod option di bawah option dan kita bisa mendownload mod ark survival evolved ke ark ultimate mobile edition (agar gameplay lebih menarik dan menantang)",Adji Gumilar,5,2025-07-30 20:11:15
gameplay nya sering patah² jadi gak semangat benerin dulu lah bakal banyak orang yang males maen hanya karena gameplay nya,Reksha Aldzian,1,2025-07-30 20:01:14
sering bug dan lain lain dan suka nyankut dan kalo pake dino t rex kadang teleport ke temPat yang aneh aneh dan tylakoleo ngak bisa nerekam kita di red wood dan game nya pay to win,Evi Ernawati,1,2025-07-30 17:28:15
awal nya hp nya bisa d pakai untuk main skrng Mlah g bisa aneh,fujiwara sai,1,2025-07-30 13:22:43
klo bisa pisahkan untuk unduh file nya percuma yg main gratisan gk bakal ke pake map baru nya. harusnya kaya game sebelah mau download atau tidak tergantung player. jika dev ngincer atas ke bawah permudah buat hp kentang jika tidak ngapain ada di playstore di pc aja udah,Diki edit,1,2025-07-30 12:07:03
Tolonglah dibuat agar bisa mengunduh data di latar belakang,Agus Musk,3,2025-07-30 07:36:09
"Game ngantuk yang cocok untuk refresing, kalo bisa di tambahin mode multiplayer pribadi jadi kalo ada temen pengen main bareng ngga usah main server yang rusuh dan limit seperti PVP dan PVE, plisss di adain mode multiplayer pribadi kalo ada ni mode wahh gokil sih nih game👌👌👌",Farhan Kocak,5,2025-07-29 23:24:50
I can't craft items,貝保江,1,2025-07-29 21:29:36
tolong lah grafik nya optimalkan,Ahmad,2,2025-07-29 19:35:24
Tambahin map lost island dong!!!,Z,5,2025-07-29 16:32:41
tidak bisa masuk game nya aku udh hapus downlod tapi masih aja nggak bisa,artajuna elkahfi,2,2025-07-29 15:06:51
bukannya main malah menggunakan Dodo di donlod,Ary Daffa,1,2025-07-29 14:04:47
"This is the mobile edition, lower the internal data a bit so that mobile players can play it more comfortably.",Sotardodo Sihombing,5,2025-07-29 07:13:59
tolong di tambahkan toogledamege ny dong biar enk gk perlu god consol,Wahyu Kurniawan,5,2025-07-28 22:33:11
sering crash saat main hp poco x6 pro,krisna samodra,1,2025-07-28 21:39:33
good game,Refi,5,2025-07-28 20:58:02
game bagus cuma tolong di ubah setingan teming speed xp multiplayer dan lain2 jadi tidk harus punya god console,Pama,5,2025-07-28 20:22:06
yang paling ngeselin selama saya alami itu waktu udah main lama tapi tiba tiba game nya rusak/crash dan gabisa dimainin lagi harus bikin akun baru,Arul Mordoko,1,2025-07-28 17:52:05
banyak sekali bug,N.L.A,3,2025-07-28 15:07:11
mantap seru dan gratis ga kaya geme raft survifal cuma donlodnya lama,Garrison Hadinatalim,5,2025-07-28 14:55:26
"aplikasi nya bagus kayanya, soalnya belum pernah download",Sulthan Doank,5,2025-07-28 14:51:58
"dari segi grafis sih bagus ya cuma mungkin ada beberapa bug yang ganggu kalau masalah lag itu tergantung device masing-masing sih,tapi kalau boleh jujur saya lebih suka ark yang lama ketimbang ini sih",Kris Hehehehe,5,2025-07-28 07:29:07
needs hud layout setting and new button,Hecate,4,2025-07-27 19:03:29
boleh tahan.. untuk newbie,herman mustapa,5,2025-07-27 19:00:15
perbaikin lah ini bug nya sama koneksi jelek gua udah pake wifi/data tetep susah masuk,rans maru,1,2025-07-27 14:20:57
bagus game nya,Afkar Pradipta,5,2025-07-27 14:03:05
game yg sangan sangat seruuuuuuuuuuuuuuuuuuuu banget pokonya,Shandika Reiner12,5,2025-07-27 12:48:10
patah patah burik,Muhamad Firdaus,1,2025-07-27 11:27:30
"Game tolol, main di map lain gk pernah Force close klw mau save data. tp pas main di map Ragnarok FC mulu tiap mau save..... pdhl sebelumnya aman"" aja main di map Ragnarok... lvl jg udh 98.. gegara gk buka 3 hari jg ngebug gini.... tolol, jd ngulang lg dari awal.... B1 karena BUG gaje",Bronya Zaychik,1,2025-07-27 11:02:05
"bagus tapi data tambahanya6,7 GB lebih",Sakha Adiastha,5,2025-07-27 09:13:20
"game bagus grafiknya juga bagus tapi bug nya itulo deflopernya hilangin bug nya Nyang lainnya bagus tapi ada bug jadi gak puas main ,👍",Muindaroh Sedan,4,2025-07-27 08:08:06
bagus cuman fps dan ngeframe gitu yah mainya gak tenang apalagi kalau di serang dino waduh gak bisa kendaliin layar,cynaro,3,2025-07-27 07:42:20
"saat sangat kecewa sama epic games masalah nya saat buat akun registrasi untuk menyelesaikan nya loadingnya lama sekali saya menunggu hampir 10 menit dan tidak selesai-selesai, untuk pihak epic games mohon untuk kedepannya perbaiki lagi masalah registrasi akun, saya sangat kecewa game yg mungkin 8Gb tidak bisa sama sekali dimainkan.",NUR AINI,3,2025-07-27 07:26:44
"udh okelah, but masih ada beberapa bug",RanND4,5,2025-07-27 01:11:06
karena harus nunggu lama🥲🥲🥲,Dapi Dut,1,2025-07-26 20:11:46
gak jelas di suruh mainin buat bisa download data2 nya buang2 waktu padahal cuma pengen main malah disusahin buat download data nya,stanley orlando,1,2025-07-26 18:27:43
bagus bet bejir,Ditz Store,5,2025-07-26 18:05:52
game nya seru tapi tolong turunkan harga key atau per-gampang cari key,Nur Fatkhuroji,5,2025-07-26 15:57:47
if not want people bored of downloading just made it download on background,Hanz,3,2025-07-26 15:31:46
kenapa saya mau save terkeluar sendiri dan mau save selanjutnya juga terkeluar jadi data data yang aku main gak ke save,Afung Hendry,1,2025-07-26 13:55:09
hadeh malas banget dan setiap update harus download data mana sinyal di tempat saya ampas pula ya game nya 90% mirip lah dengan ark pc,Adil satria Bulian,4,2025-07-26 12:24:02
aku sangat senang bermain game ini! saya memainkan game ini 11 jam dalam sehari,suguru guru,5,2025-07-26 11:44:21
game ini tidak bisa ku join nin atau login tolong update tolongg saya akan ngasih 5 bintang kalau bug nya diperbaiki,yuta riani,2,2025-07-26 08:46:18
"game nya aneh,masa ngedownload data awal nya harus pake kuota,kalo pake wifi lama bgt padahal wifi nya bagus,aneh aneh",Keanu Azka kusnadi,1,2025-07-26 08:40:08
"dari masih ark survival E. sudah main dan tidak ada masalah, sempat berhenti dan sekarang main lagi malah jadi kecewa, main offline maupun online ketika autosave / manual save game malah auto crash, sudah di uninstall dan install ulang masih sama, padahal saat baru install sampai seminggu main masih lancar dan aman, mohon di perbaiki",Lim Ari,1,2025-07-26 02:00:37
ada begitu banyak player ark dari berbagai negara dan dengan jenis/spesifikasi hp yang berbeda tolong untuk developer agar spesifikasi hp rendah bisa memainkan game dengan lancar,Adi Saputra,1,2025-07-26 01:01:00
rupanya hp saya yg burik setelah ganti hp game nya lancar jaya game nya keren dan tidak ngelag b5 pokok nya saran cepat rilis genesis 2,Fazil Nidhan Hilmiy,5,2025-07-25 22:01:53
"Grafik nya Bagus,tapi tolong diturunkan grafik nya tapi tetap seru. kasian orang yang tidak kuat seperti saya sangat ingin bermain bermain tetapi terhalang oleh device",Ayus,4,2025-07-25 21:40:08
game nya masih terlalu berat tolong turunin dong,BAYU aja,3,2025-07-25 21:00:02
why every time i press the save button i always go back to my home screen?.. please fix this. can't save is the same as no progress,Baharudin Steel,3,2025-07-25 17:35:00
ngebug force close cok. mau save game malah ngecrash,Alfardo Channel,1,2025-07-25 17:06:27
Download additional datanya lama banget,Muhammad Bachtiar Rifai,1,2025-07-25 16:59:30
kenapa pas saya masuk malah layar item terus force close??,ade heryanto,1,2025-07-25 15:32:16
please fix for close,Andara Gusman,5,2025-07-25 10:33:46
"pliss knp setiap setiap save game malah fc ini, please fix the problem, in game i can't save progres this force close",Aditya Kaluku,5,2025-07-25 08:36:54
"It's really exciting, but if you can, reduce the price of the map, if you can, make it free, hehe",alfero farzankalandra,5,2025-07-24 19:13:06
aneh selalu keluar terus,Kryptos X,2,2025-07-24 17:58:02
bagus,Rachelangeli Saragi,5,2025-07-24 13:58:38
"Hello wildcard studio, I have a little complaint in the ark ultimate mobile edition game that you released, more precisely about the trogpeognathus bug, where the jet skill and shooting skill of trogpeognathus cannot be used. I really beg you to fix it immediately because trogpeognathus is my favorite dinosaur.",Thunder Thunderbird,4,2025-07-24 10:38:59
game nya bagus tapi god console nya agak kurang masa mau spawn reaper di the island ga bisa padahal gw udah punya map aberration.inti nya perbaiki lagi god console nya biar bisa spawn semua dino dari semua map dan semoga map valgoero di tambahin ke ark ultimate mobile edition,Zidan,5,2025-07-23 19:40:07
"ini game kenapa sih bug mulu, gw baru main udah keluar aja, perbaikinlah jangan dipendem mulu",Agus Ariantoro,2,2025-07-23 19:23:44
"udah bagus banget cuman optimalisasinya harus diperbaiki, terutama di bagian grafik dan kalau bisa beri pemain opsi untuk mengubah UI interface",Akhdan,5,2025-07-23 17:27:52
banyak bug seperti terpental dari game,tri amhika,5,2025-07-23 16:05:58
saru banget jirr,Amar Zaky,5,2025-07-23 11:39:37
"bintang dua dulu, karna kurang di pengaturan grafik, ga bisa di bikin low banget, kalo ga bisa low banget grafik nya otomatis patah patah ngelag gamenya, udah rata kiri masi aja bagus grafiknya",Alam marta,2,2025-07-22 22:52:50
cukup bagus dari yang sebelumnya tapi pas aku masuk hutan itu hp aku lansung frame drop Saya sarankan untuk kasih setingan jarang pandang atau render,Dede Leon,3,2025-07-22 20:03:23
sign akun ko kg bisa muter2 aja jd kg bisa cloud save,Indah Bulus127,1,2025-07-22 16:40:31
"game nya bagus tapi suka ada bug, bug yang paling saya tidak sukai ialah ketika menggunakan quetzal dan terkena air maka quetzalnya akan menyatu dan menjadi sebuah benda kecil dan hanya telihat saddlenya saja. Satu lagi, bug nya sama yaitu quetzal tetapi menggunakan saddle yg satunya , saat saya sudah membangun struktur di atasnya lalu terkena air, saya ber teleport ke tengah tengah map (the Island), saya tidak tau ini bug hanya di the Island atau mungkin di map lainnya , tolong perbaiki",alok99 dm,5,2025-07-22 13:50:46
ga bisa didownload lama banget di dalam gamenya,derbougies,1,2025-07-22 13:14:09
ARK NYA KEREN. JIKA KALIAN PENGEN ARK EVOLVED KALIAN CUMA PERLU MENDOWNLOAD APK PURE DAN KETIK KATA ARK EVOLVED ATAU ARK UME JUGA ADA DAN GAME OLD LAINNYA😁🫸🫷DIWNLOAD APK PURE NYA DI GOOGLE,SOPIAN,5,2025-07-22 09:55:34
game ini sangat seru tetapi tidak ramah buat hp yang ram nya kecil,Lia Oppo,4,2025-07-21 21:05:17
tolong di ringan kan game nya biar yang main si hp kentang bisa main dengan lancar,Rooney Alfarisi,2,2025-07-21 20:14:14
jujur aja ini bagus tapi hp ku termasuk dalam buat main game berat main ini aku mentok grafik low bisa gk bedahin aja buat ark yg mendukung karna mayoritas pemain ark hp mulai ninggalin ark karena masalah berat nya game ini bahkan ada yg sampe frame aku harap aja bisa di bedain apk nya untuk hp yg mendukung,Rayen Kris,2,2025-07-21 16:32:49
sudah cukup,Akun Pubg,5,2025-07-21 14:27:50
"game apa sih ini? banyak banget bug, dino gua pada mati karena bug ga jelas",Danil FB,1,2025-07-20 23:00:38
"Please bro aku ga perlu grafik yg bagus banget, aku cuma ingin main Ark dengan lancar",Oryxall,3,2025-07-20 17:55:54
setelah update terbaru malah ngelag padahal udah coba di bbrp hp dan saya dari level 98 ngulang ke level 1,Mis Back,1,2025-07-20 13:08:43
optimasi nya udh bagus buat single player,Edward Cliev,5,2025-07-20 10:44:09
kenapa beberapa hp tidak bisa bermain ark,Ľord Ðe Miracle VIP Ťarzzz,1,2025-07-20 08:39:57
di Poco f5 gk bisa njir cacat,Takiya Usman,1,2025-07-20 01:01:50
"di optimalkan lagi game nya karna lag banget, render map nya terlalu luas ga kaya ark mobile old dan di settingan lowest masih ada efek vignette, ambient occlusion serta semak semak belukar masih padat banget dan resolusi game nya jika diturunkan rata kiri bukan pixelated visual nya malah blur doang.",Dajjo,3,2025-07-20 00:41:03
jelek😤😤😤😤😤😤😤tapi boong 👍👍👍👍👍👍👍👍👍👍👍👍👍👍👍👍👍👍👍👍👍🤩🤩🤩🤩🤩🤩🤩🤩🤩🤩🤩🤩🤩🤩🤩🤩🤩🤩🤩,Kasya Fano,5,2025-07-19 19:20:44
gua benci pas main server sering dc dan dcnya tu selalu pas gua lagi jauh dari rumah,Komang Harrey,2,2025-07-19 19:01:12
bintang 1 dulu deh soalnya pas baru saya download harus mendownload 6 MB dulu tapi saya udh tungguin 1 jam masih lama bangettt tolong diperbaiki ya gamenya,Udin FF,1,2025-07-19 12:08:39
mantap game nya seru,Tri Dykn,5,2025-07-19 08:36:32
BAGUS WOK😹😹🤭,Arvid Reynaldy,5,2025-07-18 21:12:09
"tolong perbaiki bug dibagikan menu dan in game nya, saran juga tambahin fitur untuk bisa main pakai controller stick, dan tambahin juga fitur save data dan save data login lewat google play games supaya sewaktu waktu mau instal game nya di device yang lain jadi bisa load save data itu aja dulu.",Amri Dacosta,4,2025-07-18 20:31:34
saya cuma ngikutin topi sihir,Yusuf Sukma,5,2025-07-18 20:22:38
tolong dong grafiknya di tingkatkan dan permasalahan lainnya seperti bug 😔,Agung Gunawan,1,2025-07-18 19:59:48
"kenapa semua dino ku hilang, bahkan dodo kesayangan dan giganotosaurus ku hilang😭",Adit Iar,1,2025-07-18 12:19:46
"main single Player udah mayan progresnya, tiba"" ilang semua",Kaze Yuki,1,2025-07-17 22:47:56
please ark survival evolved come back 😭😭😭,Asih Rafly,3,2025-07-17 22:25:47
jelek tak bisa login,Icha Ayu astuti,1,2025-07-17 18:32:19
👍,anastora gunawan,5,2025-07-17 12:24:47
"kok semuanya ilang pas aku mendarat di dekat gunung, dino, building dan lain-lain. tolong perbaiki bugnya.",Nicko,1,2025-07-17 10:25:07
mantap,Fazri Firmansyah,5,2025-07-17 10:03:42
grafik ya bagus tapi map yang lainnya bayar dan hampir sama seperti di pc,Sayyidul Anam,5,2025-07-17 09:48:48
game nya tidak seru tapi saya belum nyoba 😁,KyiiooXaassxienn,1,2025-07-17 04:47:17
please add the increase structure limit option,Rafli Musyaffa Arditiyo Pradana,5,2025-07-16 23:48:30
game nya bagus teruk realiti terus enak banget gw mau ini sampe 100 hari seru bet pokoknya,Azza,5,2025-07-16 13:50:29
game nya bagus dari segi grafik nya sama belajar sambil bermain🤭,Muhammad Bintang Assyauqie,5,2025-07-16 13:45:13
sangat bagus dan fantasic,Ilham Ur,5,2025-07-16 11:18:38
bagus,Kull Uppq,5,2025-07-15 23:35:55
bagus tapi masih agak lag,Khoirul Fajar Fauzan,4,2025-07-15 22:53:53
game nya bagus grafik bagus bakan saya betah main nya cuma satu masalah masih banyak bug nya,erna Aipassa,5,2025-07-15 18:59:39
gem nya bagus,Agus Aguasedi,5,2025-07-15 17:57:30
sangat bagus grafiknya,Akun Awal,5,2025-07-15 13:52:36
"Di sebagian hp ga kompitable padahal spek bagus🙏 tolong di perbaiki ya developer, masa di Poco F5 ga bisa. edit: kemaren bisa, kok udah ga kompitable lagi ini gimana???",Yommi Ramadhan,5,2025-07-15 12:40:36
game survival keran banget,Nurul Rahmadzani,5,2025-07-15 12:04:25
hp gua jadi mesin cukur tiba-tiba,mamah Fatimah,2,2025-07-14 19:45:33
"Friends, before you add another map, remember this well, TAKE CARE OF THAT SERVER THAT IS ALWAYS PROBLEMATIC,You are educated, right??",Rahman,1,2025-07-14 19:18:38
"Please optimize the low resolution again, I only get 10-15 FPS",Ahlul Mustofa,3,2025-07-14 17:49:18
Good game ever,KING ADUDU,5,2025-07-14 16:54:15
"Laggy , Need More Money",Billy Jah,1,2025-07-14 13:55:40
"halo min,ini save an saya kok malah ngulang day 1 ya? saya sudah di hari 348,level saya masih maks dan kenapa semua dino saya hilang?... seperti giganoto,charca, dll tolong di fiks min...saya jadi kecewa kejadian atas ini, padahal terakhir save tadi malem tapi pas siang ini malah reset day 1,saya sudah 1 bulan main game ini, progres saya berjam-jam saya jadi sia sia....TOLONG DI FIKS MINNNN..ini masih di save an yang sama padahal + saya sudah login di epic games 🥲🥲",Ghaly Saad rifai,1,2025-07-14 11:24:57
"setelah update map baru, sekarang suka force close terus dan tdk bisa save data, tolong di perbaiki seperti dulu lagi",Agung Pratama,1,2025-07-14 06:45:41
download data tambahan yg cuma 6GB lama ny bukan main. saya downlod data game yg lain sampe 10GB keatas gak selama ini blok,Faisal Anita azza,1,2025-07-14 03:30:35
masuk malah keluar lagi,Monek Rip,2,2025-07-13 22:23:49
mending balikin aja game lama deh lebih Ramah di hp chipset jadul dripada ini game rusak,AN Kun (Anof namaku),2,2025-07-13 21:26:24
glicht Mulu,Angga Ganteng,1,2025-07-13 17:50:59
jangan Download ini game mandang device kalo device hp kalian jelek siap siap keluar sendiri,Super indo Super,1,2025-07-13 13:09:42
you are kicked incompatible aplication maksudnya apaan? ga boleh main? padahal baru download dari google store,Andrea Septian,1,2025-07-13 07:45:21
"Please fix the ""download data"" at the beginning, playing dodo is very boring and takes a long time, what nonsense is this we have to keep dodo for hours and if dodo stops then the ""download data"" stops too. If you want to download this game, my advice is don't download this game before the ""download data"" is fixed.",Dheny 7ten,1,2025-07-12 22:01:36
good game,Adiaksa,5,2025-07-12 21:04:58
ini gimana kok gak bisa masuk game padahal perangkat ku kompiteble,MUSYA 27,1,2025-07-12 07:58:40
untuk game memang seru tapi lag banget padahal sinyal saya bagi lalu saat saya lagi main tiba² keluar sendiri lalu data nya hilang tolong di perbaiki,Bob Bib,1,2025-07-12 00:52:46
"server urus woy, chetaer meraja lela, server ngebug sering ke kick",Raha Putra,1,2025-07-11 21:36:55
game nya gak bisa auto save baru di tinggal keluar reset Mulu lama progres nya,Resyhan ridho salasa,1,2025-07-11 21:19:17
"KENAPA CRASH TERUS, PERBAIKI SECEPATNYA DONG!!!!",Boby Nugraha,5,2025-07-11 19:59:38
untuk admin saya mau game ark survival agar mudah untuk di mainkan oleh para pemula yang yang baru dan di kasih cara main ark survival cara buat peralatan dan lain agar ark survival mudah di mainkan oleh para pemula,Rayhan 2211,2,2025-07-11 19:36:43
kok di hape saya gak bisa dimainin saya kan udah download,Rohana Aja,4,2025-07-11 19:02:08
"ampas bgt, optimalisasi parah bgt bahkan udh pake settingan low fps ttp sedikit yg di dapat dan fps sedikit itu ga playable bgt buat dimainin,mending next fokus ke system optimalisasi deh,tau sih namanya juga survival open world yg luas tpi bbrp game pc adaptasi ke mobile ga segitunya drop fps nya,contoh subnautica di awal perilisan aja mereka udh bagus bgt optimalisasi nya,hp mid range msih layak di mainin",Fajri Hartawan,1,2025-07-11 17:54:41
bisa ga kayak memori nya dikurangi semua hp merek nya memori nya gak gede,tyo,1,2025-07-11 15:27:11
"aku gak mempersalahkan tentang grafik, cuma mau bilang buatin fitur untuk mencari lokasi dino, udah pakai GPS buat nyari gabisa, udah di tempelin GPS jugaa ke dino nya,udah banyak dino ku yang ilang kaya charcarodonto, rhyogianatha, argentavis, pteranodon, Spinosaurus, megalodon, sama giant queen bee, itu pun main di single mode dan dinosaurus itu gak di wandering, damage Wild dino pun ku jadiin 0 jadi gamungkiin di bunuh dino lain,udah itu doang🙂",Zaki Zaki,2,2025-07-11 13:59:55
gak ramah hp kentang,Iyan Aditiaardani,5,2025-07-11 12:43:31
please update ARK: Survival Evolved so that it can be played on the Android version 15 (latest),Azzam 01,1,2025-07-11 10:31:05
Please optimize the game to make it smoother,Rizky Pratama,3,2025-07-10 23:26:01
lack of text damage and difficulty creating an account and please add add-ons,Zx,5,2025-07-10 20:12:19
gamennya bagus,PERDANA ASRI CV,5,2025-07-10 14:03:58
game ini sangat bagus,Kingdom GG,5,2025-07-10 13:16:02
Mayan bagus,Rama Dhan,5,2025-07-10 10:12:14
burung Dodo nya bikin emosi sekali makan makanan lagi,Ajatbae Ok,1,2025-07-10 08:25:21
"nice game, still need update",Rayhan Rizky,5,2025-07-10 06:50:33
bagus,Farael Ganteng,5,2025-07-09 23:00:36
ini sangat sangat menyenangkan,Marga Ririn,5,2025-07-09 20:11:55
"TRASH GAME, ALWAYS DISCONNECT AND BAN FOR NOW REASON",YHE CONCIL,1,2025-07-09 19:06:34
tak bisa masuk ke dlm game,Kaffah Attar,1,2025-07-09 18:59:24
kekurangannya saat masuk ke game sesalu ngulang dari nol,Komang Tuyul,4,2025-07-09 17:24:54
game sampah,Arena breakout akun Haikal dapin,1,2025-07-09 12:45:55
aku berharap gamenya lebih ringan lagi tapi tetap bagus 😞,Noda BBajuu,5,2025-07-09 08:05:03
"Why is the game incompatible with my device again? A few months ago, the game was compatible with the POCO F5. But when I checked today, it was back to being incompatible.",Renald Alfarizy,2,2025-07-09 07:08:14
"buat yg versi ini byk bugnya loh, meding yg seri sebelumnya",Hafidz Fadilah Wijaya,1,2025-07-09 02:54:09
game sangat seruuu dan mengasikann!!!,Rubies,5,2025-07-08 16:22:09
game apa ini udh downloadnya lama pas masuk ke game malah nggak bisa masuk langsung keluar dari game,Hendri kusmanto,1,2025-07-08 16:20:03
game nya udah bagus tapi masih ada bug grafis kayak agak buram pas liat air dan lain lain mohon segera di perbaiki dan di update🙏,Ilham Dinata,4,2025-07-08 15:30:29
kenapa aku kasih 5 karna grafik nya bagus dan dinosaurus nya bagus tapi ada yang kurang map nya dikit,Sri Suharti,5,2025-07-08 14:23:02
"halo ka, saya baru comeback lagi ke game ini dan saya pernah membeli god console di game ini sebelum update, kenapa sekarang saya tidak bisa menggunakannya lagi ?",Ice Bear,1,2025-07-08 13:41:23
"game ampas tolong lah game ini kasi update grafik, gw dah 2 bulan main ini game dan pengalaman gw hancur banget sama grafik yang terlalu dipaksakan untuk game mobile. dari ngecrash lah. frame drop. dan paling mentok fps gw cuma sampe 15 fps tolong lah grafik game nya tuh samain kaya ARK survival evolved yang lama. masa grafik low gak beda jauh sama grafik high. pls setidaknya tuh kurangin hal hal yang bikin game tambah lag kaya rumput. daun daun pohon. dll pls developer ARK liat kritik gw",Putra Audi,1,2025-07-08 13:08:46
BANYAK BUG GRAFIS DI MAP RAGNAROK,Rully Prana Yuda,2,2025-07-08 10:32:56
"tolong optimasikan game nya agar tidak frame drop saat bermain, saya sadar hp saya tidak sebagus itu namun optimistis brantakan sekali masak saya cuma dpt 10 fps pdhl chipset saya sudah termasuk besar",hariss,2,2025-07-08 10:28:06
Banyak bug gua download lagi karena mau liat akun gua yang dulu malah gabisa donwload file 6gb,Rexxy 08,1,2025-07-08 08:07:44
gak mau salahin game nya hp ku helio G99 main gensin lancar walau grafik epep tapi optimistis nya bagus buat hp,Mohrofiki Rofiki,3,2025-07-08 07:06:48
Is it possible to just download the additional data without needing to find dodo? I'm really tired of that.,Lintang Jaya Negara,1,2025-07-08 04:42:26
lama losing nya jadi gabut perbaiki geme nya berai,Risna Sari,1,2025-07-07 23:10:30
Setelah update ada bug seperti force close saat ingin melakukan save,BLACK DRAGON,1,2025-07-07 22:01:12
"Kalo lancar pastinya seru sih, cuman berat banget buat hp mid ke bawah",Bites,5,2025-07-07 18:19:14
gameya bagus tapi kalok lebih bagus ya offline,Akbar Manna,5,2025-07-07 12:54:03
please back to ark survival evolved ark ultimate mobile edition is not best game 🤮🤮,Messi Ohee,1,2025-07-06 23:13:35
"kenapa kalau mau save malah force close(keluar aplikasi sendiri) atau ga misal main udh lama tiba tiba keluar sendiri,device hp padahal udh oke,sblmnya ga kaya gini,cuma baru ini aja,kalau sudah di perbaiki baru saya bintang 5",Rafly Nurfadhlan s,1,2025-07-06 21:09:27
🤮🤮🤮🤮🤮,Dias Aprilio,1,2025-07-06 20:46:23
pas masuk langsung keluar,Adit Tiya,1,2025-07-06 20:06:08
bgus,ahmad dani,5,2025-07-06 18:33:47
udh ngk bgus kontrol nya,Bang Zkyy,1,2025-07-06 16:44:57
lag parah patah patah lagi ini game berat banget!,Tyo,1,2025-07-06 16:17:26
ark itu game bagus tapi sayang ngelek parah untuk online padahal dah gunain waifi tolong dong perbaiki,I Komang Arisudana,2,2025-07-06 15:56:01
"aslinya udah bagus banget sih. cuman sangat disayangkan ada bug ngeselin. antara lain bug nya • supply kadang Bug di udara atau malah mendem kedalam tanah, kek mana ngambilnya coba • kalau Jinakin dino modelan Alpha raptor dll yang ada ""alpha"" nya suka ngebug dimana kalau buruan atau dino yang dia serang udah mati ga bisa ilang, jadi dia ngebug nyerah dead dino nya terus ampe ilang kemakan waktu atau saya sebagai player yang Ngilangin dengan di gathering 🗿",Itarashi,4,2025-07-06 15:04:52
"bagus sih tapi plisss grafiknya di tambah dan tolong perbaiki fps nya dan sekaligus tolong ada kan mod seperti paleo ark mod, indomitable dan ark addition the collection karena kadang saya bosan plis semoga terbaca pada developer nya untuk membuat tambahan mod menu sekali lagi saya ingat kan tolong untuk melakukan apa yang saya ketik",Dhamma Satya,4,2025-07-06 13:43:57
good game: I hope it will be better in the future,Misbahuddin,5,2025-07-06 12:58:40
can you add we can make a multiplayer server,Syam,4,2025-07-06 12:22:04
lag,ZR X,1,2025-07-06 06:45:50
ini game survival yang bagus dan punya dino dino yang keren keren,Elvira Goncalves,5,2025-07-06 00:08:13
saya tidak bisa mendownload game ini padahal saya dulu bisa mendownload game ini,Rambutanenak Rambutanenak,1,2025-07-05 22:14:08
kenapa tidak ada charca yang muncul di dunia saya?,Maulana Malik Ibrahim_27_XI-4,5,2025-07-05 18:27:54
godconsole yang dulu sudah di beli di versi lama sekarat hilang. kembalikan uang saya,Pius Diksa Tegar Pratikta,1,2025-07-05 17:54:38
aku ingin game ini ada di Android,Yuni Andriani,5,2025-07-05 16:17:56
ayo dong benerin biar makin rame lagi gamenyaa,Diki Ganteng,1,2025-07-05 14:45:57
saat dulu memang bagus tapi sekarang saya tidak bisa meng save game malah langsung keluar itupun tidak ke save ayolah developer perbaiki bug nya,Pandu Al asfi,3,2025-07-05 14:39:56
bagus banget,利 Umi asanagi,5,2025-07-05 12:40:21
"Buat yang gak tau, Ultimate Mobile Edition, dibuat ulang dari nol, dan sekarang 100% mengikuti versi ARK PC/console, Jadi sebaiknya pelajari dulu mekanisme ARK PC, biar gak bingung. Game ini sebenarnya gak terlalu berat buat spek mid end, hanya butuh penyesuaian. Kalau terasa berat di HP kamu, coba aktifkan God Console (IAP) dan pakai fitur Command Console. Kamu bisa ubah grafik, FOV, efek, bahkan shadow dan texture resolution. Performanya bisa jadi jauh lebih ringan.",`Nobody,5,2025-07-05 12:39:45
finally playable on android 6+,Tegar Augusta Prabowo,5,2025-07-05 10:31:43
perbaikan BUG.. tidak bisa di Save. saat save.automatis keluar dari game...,TRG Lucifer,1,2025-07-05 10:26:34
game nya sangat bagus tapi ada masalah yaitu lag banyak yg ngeluh karena lag tolong diperbaiki🙏,GALIH,3,2025-07-05 10:04:53
"Untuk Studio Wildcard, sebenarnya Ark mobile ini udah bagus banget dan aku suka mekanisme game ini, kayaknya ini bakalan jadi game favorit aku, tapi ada beberapa bug di game ini yang bikin ga betah main. di saat aku save game, game nya nge crash dan itu ter ulang terus jadi saya tidak bisa melanjutkan world saya karena bug tersebut. jadi untuk kedepannya saya minta tolong untuk diperbaiki yaa terimakasih.",deji,3,2025-07-05 08:40:24
"saya nga tau ini karna kualitas smartphone saya atau karna hal lain.karna saat saya maen PVP saya bisa masuk di setiap server, tapi saat saya bermain di PVE saya nga bisa masuk di semua server dan saat saya mencoba masuk ke server PVE,game nya tiba tiba error.suka keluar sendiri.tolong diperbaiki.karna saya suka sekali game ini untuk mengisi waktu luan saya thanks untuk pembuat game nya",KARYA BOX,1,2025-07-05 07:39:30
bagus aja sih,Zayd ARK,5,2025-07-04 23:58:10
pp SDM tinggi gamenya bagus,Radika Aditya sandra,5,2025-07-04 21:21:25
"we kalo bikin game tu niat dikit, bug goa sepi tu diperbaiki, optimalisasi nya di tingkatkan, sumpah dari ark lama sampe ark baru juga bug nya gak di perbaiki, walaupun ark yg baru lebih sering update dan lebih baik si.tolong developernya segera update semua bug nya..",Haikal 09,5,2025-07-04 20:01:47
good,agik subagiyo,5,2025-07-04 18:07:48
game nya keren tapi semoga saya bisa main juga aminn,Mas Madura,5,2025-07-04 17:40:46
ngepris ngepris gem yak tidak di sangka,Haidar Yusuf,1,2025-07-04 16:23:45
keren,Firlangga,5,2025-07-04 15:13:45
"game nya sangat bagus,terus bisa ngejinakin dino 🥰",Azka,5,2025-07-04 13:36:51
gak bisa login,Marc marques damanik,1,2025-07-04 11:08:38
DELETE MEK!!!!!! THIS GAME NOT FAIR FOR NEWBIE IN PVP SERVER!! DONT INSTALL THIS GAME GUYS. TRASH GAME,Setsuna kotoe,1,2025-07-04 10:27:47
data tidak bisa di save sering keluar sendiri,naqa halim,1,2025-07-04 10:06:45
Mamtap benerr nagih gamenya,sultan PutraFirmansyah,5,2025-07-04 05:59:14
"Please help and respond to the bug problem when saving the game, instead the application stops",GRM ELLEMENT,3,2025-07-04 02:13:53
mantep gamenya,Fauzi Muliyadi,5,2025-07-03 14:59:19
Mohon wilcard ini kenapa mogok game nya,PATAN ZNK BSK,5,2025-07-03 13:31:35
tolong grafik game nya di kecilin atau gak minimal bisa main dengan lancar walaupun grafiknya menjadi jelek,Bima Adibaskoro,1,2025-07-03 12:48:49
"padahal dah lama download malah pas main gak bisa masuk game, ngestuck di logo ark nya habis itu layar hitam dan keluar dari game",Agha Safaraz,1,2025-07-03 12:33:55
developer kasih supaya bisa bikin server sendiri dong atau unofficial server supaya pengalaman Mabar nya enak dan lebih mudah untuk Mabar dengan teman,rafan samputra,3,2025-07-03 11:06:09
harus download dulu males,noviana _,3,2025-07-03 10:58:32
Gad damn optimisasinya ancur parah💀,Rifky Iki,2,2025-07-03 10:57:44
udah di save barangnnya tapi hilang,kiki udin,2,2025-07-03 09:23:44
seru sangat,Akun Kw,5,2025-07-03 03:50:39
"kak kontrolnya disamai seperti yang dulu, yang ini kontrolnya susah karena gabisa dipindah posisinya, ukuran mukul sama lompat juga kecil, sulit dipencet",Triloka Laju Nurcahyo,2,2025-07-02 22:49:58
lag bgt game ini,Andi baso sugiharto basyar,1,2025-07-02 22:38:19
"Please , improve the lag and crash👍👍",Muhamad Rizky Ari Saputra,3,2025-07-02 20:31:02
gamenya sudah bagus api yang membuat saya kesal saat saya bermain dengan teman saya berhenti dan bermain lagi di server saya disuruh create new survivor lagi saya malas bermain game ini,Nego Christ,1,2025-07-02 19:42:15
game yang sangat seru dan menyenangkan tapi untuk spesifikasinya mohon diperkecil karna hp saya sedikit nge lag,Rafi ghanny kusuma,5,2025-07-02 18:39:09
ga optimal,Call Me Paus,1,2025-07-02 17:43:53
goood,MAO No,5,2025-07-02 16:49:23
keluar terus cok,Alfaiz Agil,1,2025-07-02 15:48:54
baguss,sasa nganjuk,5,2025-07-02 14:48:58
mantap banget banyak yang bilang patah patahlah apalah yah walau ada bug kadang tapi bagus deh gw maennya lancar karena support dihpnya🤩,Refli H. T,5,2025-07-02 12:57:31
"oi min, gw kalok mati egram gw balik lagi ke level 1 benerin napa bug nya, kan kalok mati egram harusnya gk balik level 1 lagi",Alvino Mulyono,4,2025-07-02 12:14:35
MASA GW PALANYA KEJEBAK DI ES KECIL BUG JELEK JANGAN DOWLOAD + GK ADA MIE AYAM ATAU PUN NASGOR,PAYPAL,1,2025-07-02 11:59:12
bagus,Mnaufal Maulana,5,2025-07-02 02:51:43
"likes to force close when saving please fix it, it's already good for games",ARIF RIZQI RAMADAN,4,2025-07-02 00:23:40
"this is the best game i have ever played, i really like this game, but i beg wildcard studio to add custom hud to make it easier for us to move, thank you",Rafa Ibnu,5,2025-07-01 23:26:10
"hai wildcard,ini kenapa ya? setelah saya update jadi sering fc,dan pas saya mau save pun gabisa,padahal dulu sebelum update aman aman aja tu,tolong di atasi plis,hal ini buat saya badmood saat mainin gamenya, tolong di atasi🙏",Maryati,3,2025-07-01 22:42:42
banyak bug,Indra Vivo,2,2025-07-01 18:36:14
game nya bagus tapi harus sedikit di obtimalkan,Avatar Makasala,4,2025-07-01 18:11:50
"Please, I can't enter the server, do I have to buy it first??? Sometimes the connection drops even though I'm using wifi",Jaylen Reese,1,2025-07-01 16:33:24
seru,Ferdi Bachtiar,5,2025-07-01 16:30:13
kenapa sangat ngeleg padahal udah di seting ke versi low,Hau K,1,2025-07-01 15:08:07
Why is it so laggy even though it's set to low?,Rafi Syaman,2,2025-07-01 15:03:52
"Server kacau, Keluar terus dari game",Ipin 12,1,2025-07-01 14:40:40
"sangat tidak rekomen untuk HP biasa atau kentang, skipppp mending yang dulu",Avrio_DeGlyn,1,2025-07-01 13:07:34
your game so beautiful .,hilmansyah olenk,5,2025-07-01 11:46:27
gamenya seru gamenya juga bagus,aldevaro evan,5,2025-07-01 09:57:29
saya ingin main tapi saya malah keluar game dan pas masuk saya malah di dalam sarco saya,I Gede Abhinawa Palgunadi,5,2025-07-01 07:11:58
"jelek banget pas main layar nya warna warni bikin pusing kepala ni game 😡,lama lama gw tunggu buat donwload nya eh malah kek gini ini game nyesel gw lama lama tungguin😡😡😡😡😡😡",Rena Rupina,1,2025-07-01 06:41:35
gamenya bagus,Moch sebastian Fathir huda,5,2025-07-01 05:57:04
please fix the invisible obstacle bug and please optimize the application more,Mahilka 1907,3,2025-07-01 01:36:16
FORCE CLOSE KETIKA SAVE GAME.,Eka Rizky Kurniawan,1,2025-07-01 00:38:12
selalu keluar sendiri saat mau save data,Messi Hernandes,3,2025-06-30 22:41:37
minim optimasi tolong diperbaiki lagi,Zero Nolife,1,2025-06-30 20:54:09
aku terkena bug save save an selalu balik di lokasi yang sama gerak kesana force close lalu login lagi balik lagi ke tempat awal,AXXRQ,3,2025-06-30 20:09:00
game dah bagus tapi gk ke save waktu selesai main,Besly Lui,3,2025-06-30 19:29:29
setelah update malah sering keluar sendiri di handpone poco x6 pro,Nando Saputra,2,2025-06-30 19:02:47
"After the update, why are there so many bugs? 1.bug when pressing anything in the menu while playing, the intention is to save, but instead it exits 2.The whistle mechanism is used to tell the dinosaur to attack and be passive. If you press it several times, the dinosaur will remain silent, even though you have told it to attack.",Abdul Aziz,3,2025-06-30 18:54:13
ini game mah bagus tapi plis item cyropod tuh di Murahin dikit Napa dan juga item yang dalam suply aidrop di gratisin itu item cyropod di offline Pliss .Gw kasih bintang lima kalau ini di buat si update selanjutnya. sekian trima kasih,Arpachsyad Arsyad,4,2025-06-30 18:41:39
tunggu saya punya device bagus nanti saya mainin,Aditya Naufal Hamka,1,2025-06-30 16:34:35
the worst optimization I ever felt,Suko Des,1,2025-06-30 16:23:54
"Tidak bisa save game, malah keluar dari gamenya. padahal gamenya sudah rata kanan, poco x7 pro. 12/512 Dimensi 8400 ultra",Muh Agil,2,2025-06-30 15:49:13
tiap kali save malah keluar sendiri..,Farly Al dneal's,1,2025-06-30 13:58:25
masih ada bug force close saat ingin save game,Kenzie Bangsawan,4,2025-06-30 11:02:35
"akhirnya game ini kembali di playstore lagi, aku sangat kangen sekali dengan game ini, dulu sempat hilang dan aku mau ga mau harus mendownload bajakannya tetapi yah begitu game nya crash terus karena bajakan, thank you developer🙏🏻",My Zalfa,5,2025-06-30 02:24:38
dikit-dikit bug,ke vin,1,2025-06-29 16:21:06
"tolong di perbaiki ada bug, dimana hewan yang saya tame tiba"" mati padahal sedang taming, dan untuk hewan yang sudah saya tame tiba"" hilang entah kemana, padahal dia ikut sama saya tiba"" menghilang kaya glitch",handz fivers,3,2025-06-29 16:20:23
tolong gamenya update lagi soalnya hp aku enggak bisa main gamenya,Fariz Fariz,5,2025-06-29 13:40:39
Game nya gg banget,Tubagus Khoirul,5,2025-06-29 12:21:00
gimana cara masuk ke game nya,Zhd,5,2025-06-29 11:13:57
I love dino from baby,Axelle Khasyia,5,2025-06-29 10:57:31
geme nya sebenarnya bagus tapi kenapa harus donwload data data sih mana datanya 6 GB lagi minimal data nya diringanin lah atau di donwload sekalian sama data nya selebihnya nya si bagus semoga di baca,Lisa Aza,4,2025-06-29 10:07:45
"ada sebuah masalah yang sangat menyebalkan pada game ini,yang dimana saat kita masuk ke dalam game kit langsung keluar dari game,semoga masalah ini bisa diperbaiki",AhzamiAS,1,2025-06-29 08:32:00
Game susah login gara akun epic game error. Minta akun email sudah di masukin malah gagal,Teuku Pamabie,1,2025-06-29 07:45:31
pastitur udah ditungguin basbesokya tetep sama,yuliana samsul,1,2025-06-29 06:57:18
"gamenya seru banget, tapi dinonya kurang banyak, lebih banyakan yang di PC, Dev tolong tambahkan dino lebih banyak",Raja,5,2025-06-28 23:36:14
"The game is good, but in my opinion the bad thing here is the multiplayer because there are a lot of bugs So if possible for multiplayer we can make our own server",abdus samik,5,2025-06-28 21:17:21
game ini sangat seru,Agasha Rain,5,2025-06-28 20:26:56
beh grafik nya mantep terus seru banget lagi gamplay nya pokok nya top markotop,Muhammad Kevin,5,2025-06-28 17:31:43
kecewa karena leg nya luar biasa andai ini masih seperti ark lama yg leg nya nga ada dan ringan untuk hp spek rendah,Ucok Nibos,3,2025-06-28 16:13:16
game sangat 😎👍👍,Revi Pratama,5,2025-06-28 12:59:43
min optimalin dong di redmi pad se,Kiki Kuku,3,2025-06-28 10:41:21
bagus,Rara 05,4,2025-06-28 00:39:26
download datanya susah banget gak bisa download di latar belakang,RidhoPratama,1,2025-06-27 23:19:15
"This is a good game, an adventure game based on prehistoric times.",Ridho Takalamingan,5,2025-06-27 21:47:36
saya dari umu 1 sampai 8 suka dino gw awalnya cuma nyoba ternyata seru teman gw sampai gwbenerin dapetin t rex sma giganotosaurus bener,Wildan 2017,5,2025-06-27 21:18:08
"kecewa masih gak support untuk snapdragon 665 , gabisa main game ini lagi, kecewa berat..",ِ,1,2025-06-27 17:49:48
mohon MB nya jangan banyak banyak,Aqila Salma,1,2025-06-27 16:16:27
Game nya terlalu pay to win masa cryopod sama cryofridge pake kunci sama buat mengaktifkan damage text juga harus pake god console saya minta agar di update lebih bagus dan tidak pay to win terima kasih.,Sultan khair Aqilsyah,2,2025-06-27 13:57:47
ark nya gak bisa di mainin,Qomariyatul Mufaroh,1,2025-06-27 13:19:04
can you lower the graphic its a bit laggy,Tristan Ndjurumana,4,2025-06-27 12:21:26
dak bisa ka masuk game nya,Hanif Suka mendowload,1,2025-06-27 10:33:13
gak kayak ark dulu gw maunya grafik nya di kurangin biar ga ngelag yang gw gak suka lagi ngetame pasti silau bet udah dimatiin light bloom nya padahal,Akhmad Imihk,4,2025-06-27 08:36:17
pas saya masuk game nya malah black screen terus keluar terus tolong di perbaiki,rip,1,2025-06-27 07:48:13
sangat seru dan menantang tapi rada patah patah karena hp nya kurang bagus 🤙👍👍👍👍👍👍,Rayhan FOURTH,5,2025-06-27 00:45:22
"masih belum stabil di hp low,beda dengan series ark survival evolved yang lebih ramah untuk hp low,saya harap bisa lebih di stabilkan lagi",Adhythya Wahyu Saputra,3,2025-06-26 22:02:31
sangat seru,Hatimah Hatimah,5,2025-06-26 21:18:12
siap mengalah kan pokemon,Dimas Ara,5,2025-06-26 17:52:06
why all the cave on the island map is empty?,02 Hiro,5,2025-06-26 14:43:56
gak bisa di donlot tertunda terus😡🤬🤬,Dul Rajak,1,2025-06-26 12:08:18
studio wildcard can u make this like normal ark mobile this too big to download makes the game too laggy so please fix it again,Akun Roblox,2,2025-06-26 11:12:37
The game is good but why isn't there ark on my old phone? Please fix ark survival evolved on all phones so all my friends can download it,Ahmad Sahal,3,2025-06-26 09:46:56
So far the gameplay is okay. But what's disappointing is not being able to create your own server on mobile to play with own friends. This game will be very fun if it can be played with friends without strangers or cheaters.,Chafie Mahful Nikmal Y 09,4,2025-06-25 23:39:01
"add status information while riding a taming animal, it is very difficult to see the player's blood status, such as suddenly dying because of not realizing entering an area that is too cold or hot, and need to open the inventory and click again on the player's status to see the blood status, and please fix the lag bug, this is quite annoying especially on the ragnarok map that I play, I find a lot of lag, even though my smartphone is included in the category capable of playing this ark mobile",Rhigel arya .S,3,2025-06-25 22:22:50
ga bisa di mainin jir padahal hp dah spek tinggi -_-,Euis Syam,1,2025-06-25 20:41:28
pengen maen tapi hp gk mendukung 🥹,Wildan Alfaiz,5,2025-06-25 20:10:35
update tambahin bison dong di map Ragnarok,Virgo Bee,4,2025-06-25 18:43:10
"The game is unclear, my cellphone has good specifications, when I enter the game, the screen goes black and then exits immediately and the game can't be played, I've tried everything, the screen is still black",Isyins sr,1,2025-06-25 18:14:14
kebanyakan yang download fomo sama topi sihir awok awok,Forse Sense876,5,2025-06-25 14:01:17
saat mau di mainkan layarnya rusak buaram tolong perbaiki gemes nya,Yesaya,1,2025-06-25 11:55:45
tolong dikurangi hewan buasnya seperti Spinosaurus di di tempat herbivor islasd,Tu Gus Danes,5,2025-06-25 08:25:46
saya bikin akun tapi pas update malah hilang TOLONG DIPERBAIKI!,Red Blue Motor,4,2025-06-25 06:42:30
keren,Fuad Zulfaqor,5,2025-06-25 02:29:19
"Mohon untuk optimalisasinya, karena lag terlalu parah untuk HP RAM 4GB. sekarang saya tambahi bintangnya sedikit karena saya rasa agak lebih enak, masih masih sering membuat HP cepat panas",Alana Condro Birowo,3,2025-06-25 01:53:35
"tolong perbaiki game nya, saya coba masuk ke server khususnya map Ragnarok Trilobite slalu mental alasannya karena connection lost padahal koneksi saya aman tidak ada gangguan sama sekali.",Endy Wirawan,1,2025-06-24 22:29:54
good,Gabob Mania,5,2025-06-24 21:59:39
gabisa di mainin sama sekali yang bener dong,Ersih Sukaesih,1,2025-06-24 21:13:54
gak disarankan untuk HP kentang,Rizqi Ahmad subkhan,2,2025-06-24 17:52:11
sumpah mending balikin Ark yang lama yang ini sampah banget optimalisasi nya,Muhammad Iqbal Darussalam,2,2025-06-24 16:30:29
"tolong di perbaiki peforma gamenya, spesifikasi perangkat saya mendukung untuk bermain game ini, tapi pada saat bermain saya sering mengalami lag dan for close.",M. Farhan Hidayat,3,2025-06-24 14:42:31
untuk gameplay sudah sangat bagus tentunya. tapi untuk grafik terlalu berat untuk mobile. saya harap kedepannya bisa diperbaiki grafiknya,Muhammad Afrizal,4,2025-06-24 14:35:21
gabisa login,Fitri Dwi novita,1,2025-06-24 10:29:16
so good,Alvaro Ecs,5,2025-06-24 09:22:30
"dulu gw suka main ini game, tapi semenjak update jadi ngelag,patah² gw sekarang udah kagak main ini game lagi, padahal gw kangen banget main ini game, gw mau ark dulu kembali aja supaya gw main game ini lagi,jadi pls balikin ark dulu kembali",Kaa,1,2025-06-23 15:18:48
"bagus, tapi mungkin bisa di buat kan untuk hanya bermain dengan teman tanpa harus main di server",Dawi,5,2025-06-23 14:47:21
tidak ramah di HP,Arka Apriandi,3,2025-06-23 07:03:47
gak mau masuk oi keluar terus tolong perbaiki yahhhhhh,Rully Marqiano,1,2025-06-22 21:02:15
game bagus. cuma pada saat mau beli map memakai saldo google pay malah gagal,Galuh Kurniawan,4,2025-06-22 16:33:01
ngelag,Fadhlan Nabil arafat,1,2025-06-22 14:38:28
"jelek, klo main trus keluar kadang save datanya ilang jdi harus ngulang dari awal gamenya",Fakhmiputrasahdan 540,1,2025-06-22 14:33:12
bagus,NUUL ONE PHUNCH MAN,5,2025-06-22 11:14:06
game nya sangat bagus dan realistis,versco 123,5,2025-06-22 10:14:59
bagus,Panji Panji,5,2025-06-22 04:04:03
gamenya gak jelas setiap kali masuk langsung keluar lagi padahal sebelum nya bisa dimainin sampah bet,Bunga Sahara,1,2025-06-21 21:44:51
sangat bagus,Kadek Ayu Andari,5,2025-06-21 15:37:29
bagus banget tapi lama aku download,LP san Santi,5,2025-06-21 15:28:49
UDAH DOWLOAD NGABISIN KUOTA TERUS NGABISIN WAKTU PAS MASUK GA BISA,Linn Daa,1,2025-06-21 14:27:04
game yang bagus aku menyukainga tapi plis bawa kembali ark survival evolved banyak yang akan setuju pada pernyataan ini,Ida Winayu Senjawati Sambodo,5,2025-06-21 12:18:04
bisa menjelajah bumi dengan bantuan hewan Jurassic,Aldi Syah,5,2025-06-21 07:53:25
kenapa saya di tendang padalah saya ingin bermain,PSK Baban Pidato sangkar,1,2025-06-20 23:30:38
Aku main kok pakek dodo,Giffan Fandra,2,2025-06-20 20:10:17
"menurut ku bagus ark survival evolved, ume optimisasinya hancur bgt",2rf1___,1,2025-06-20 19:06:00
"tambahkan soul traps di mobile plsss, dan saya tidak sabar menggu map valguero!!",Bagas Aditiya,5,2025-06-20 16:18:31
seru kali,Rex Fer,5,2025-06-20 14:19:36
game aneh udah jelek pas udah masuk game nya malah tiba2 Langsung keluar dari game nya padahal udah berkali-kali,Nilam Angga,1,2025-06-20 13:17:50
g bs buat game percuma donlod lama tapi g sebanding dengan hasil gw kira harusnya bintang 5 tapi karna donlod yg lama dan main ny juga ngeleg lebih banyak yang ngeleg daripada yang lancar,NAMA DEPAN GNAKALEB AMAN,1,2025-06-19 23:00:46
plese fix force close,Isfan Dew,1,2025-06-19 22:15:06
Gameplay nya sudah bagus dan seru tapi sayang optimisasi nya kurang kalau di HP mid range atau bahkan flagship,Faqih Luqmantoro,3,2025-06-19 19:45:16
Amazing game in the world😍😍😍,denny sani,5,2025-06-19 19:18:50
game ini sangat seru tapi kurangnya hanya di map yang berbayar,micu picu,5,2025-06-19 18:49:56
aku tidak bisa masuk gem nya padahal aku udah masuk gem nya berkali kali,Syuraih Alif,1,2025-06-19 15:41:43
game sampah banyak bug,Sorry Ye,1,2025-06-19 14:04:20
"gamenya bagus tapi fitur settingan graphicnya kurang lengkap tdk seperti ark survival evolved dan ark survival ascended yang juga tidak lengkap tetapi setidaknya lbh banyak,pemain di device mobile memerlukan fitur settingan graphic yang lebih lengkap karena gamenya sendiri cukup berat dan di settingan low pun masih kelihatan bagus jadinya masih lag, tetapi dengan settingang grafik lbh lengkap terutama untuk mengatur ground clutter water reflection etc, maka bisa membantu performa bermain pemain.",Azka Cahya,5,2025-06-19 12:17:37
coba bisa di semua hp pasti seru,Qurratul Uyun,1,2025-06-19 09:00:41
"penyimpanan saya masih tersisa 13 gb tadi malam tapi saat di instal malah force close/keluar sendiri padahal data sudah hidup dan masih tersisa banyak kuota, dan padahal dulu saya bisa memainkan game nya, hp saya realme c17 btw",Husni Mubarok,1,2025-06-19 08:08:58
gila berat banget game nya jadinya gua kaga bisa mainin game nya tapi kayaknya bagus,Arjuna Muhammad Rizky,5,2025-06-19 05:54:27
to login so hard,桜 Zerow,1,2025-06-18 22:05:09
"sinyalnya sangat buruk, saya main game lain yang datanya lebih besar sinyalnya aman, game ini sinyalnya sangat sangat buruk. mungkin untuk developer untuk memperbaiki masalah ini agar playernya nyaman terkhusus multiplayer. terima kasih.",pengikut sunnah,3,2025-06-18 21:38:15
sinyal bagus mental mulu main di server,Irfan Setia,1,2025-06-18 21:20:53
Wildcard studio can you fix world bug? I already unlock lv 21 and unlock tranq Arrow I save the world but when i rejoin it start on lv 19 and i still can craft tranq Arrow on lv 19 FIX THIS BUG DON'T UPDATE THE GAMEPLAY FOR A MONTH AND FIX THE BUG PLS,16_Kadek Ananda Krisna Yoga Putra,4,2025-06-18 19:05:21
ketika masuk tiba tiba keluar tolong hilangkan bugnya,Atallahhanan almusyafah,1,2025-06-18 17:37:19
Ark bisakah kamu menambahkan mod pada game??,Fauzan ar Razin,5,2025-06-18 16:08:52
loading nya lemot,Fasya Naufal Farrasyadan (Nafara's Home),1,2025-06-18 11:18:21
kembalikan ark mobile lamaa,Nuh Ridan Akbar,2,2025-06-18 10:09:54
game nya sangat menarik dan seru 💗,Kepoo Yah,5,2025-06-18 08:06:46
punya Ku kok pas masuk me DAlam map nya LAsung keluar sendiri ya,FATRUL,1,2025-06-17 22:13:06
bagus ye,Nhizam N,5,2025-06-17 20:56:08
terlalu bagus 😂,Juriah Juriah,5,2025-06-17 20:53:06
"Gamenya bagus banget,saat saya belum tau cara mainnya saya berkata ""game apaan ini ga seru"" tapi setelah saya tau cara mainnya seru banget!",Franza Belva dinovan,5,2025-06-17 18:35:44
gamenya bagus,Diandra Satya,4,2025-06-17 17:53:27
bagus,Alif Fadillah,5,2025-06-17 17:34:46
maaf sekali saya tidak bisa memainkan game ini semoga kedepannya bisa dimainkan di HP mana saja,Yusmiati 45,4,2025-06-17 17:23:19
ada beberapa hewan yang tidak ada disini,Ilham fdw,3,2025-06-17 16:38:28
bagus tapi ko carbo nya ko berenang dalam tanah,ali aja,4,2025-06-17 16:08:40
game cacat GK guna ni game,Ramadhan Alfateih,1,2025-06-17 16:05:10
