text_before,username,score,date
Saya ingin update selanjutnya bisa ubah posisi control,Pengguna Google,5,2026-10-03 20:53:46
gem nya bagus boleh sih untuk dimainin,Pengguna Google,5,2026-10-03 19:26:54
loding nya lama,Pengguna Google,1,2026-10-02 07:03:11
kenapa di saya patah banget parah bet padahal grafik paling rendah rata kiri semua ram 128giga cuma terpakai 49giga masih banyak tetap aja ngelag ini solusinya apa gw suka bet Ama nih game masa pakek versi lama 2.0 dari google,Pengguna Google,2,2026-10-02 03:55:36
game ya seruu bangetttt,Pengguna Google,5,2026-10-01 16:50:07
"ko malah susah di buka game ya. hp sya android 13 Oppo.. dan game ya masih patah2. tolong perbaikin, geme ini sya sangat suka karena cerita dino. pengganti durango",Pengguna Google,2,2026-10-01 14:53:26
2x save saya hilang di ulang dari 0 lagj,Pengguna Google,1,2026-09-30 21:56:22
gak bisa main aneh banget deh padahal paket gw lancar dan gak leg terus Keluar sendiri percuma download kalau gak bisa main 😡😡😡,Pengguna Google,1,2026-09-30 14:53:51
keren banget adakah dino baru kalo apded,Pengguna Google,5,2026-09-29 17:31:26
"AS-Rifle-smalltribe, error during more than 7 day. how we can play? our resourche and equipment lost in ark data. and many hacker there. it's not bug, but hack.",Pengguna Google,5,2026-09-29 15:47:39
"saya ingin mendownload permainan ini namun, saya tidak mendownload game ini karena device tidak kompatibel, dan saya harap saya dapat memainkan game ini di HP infinix gt 10",Pengguna Google,5,2026-09-28 22:06:24
pls bisakah anda ganti layar pas pertama kali masuk,Pengguna Google,1,2026-09-28 16:27:46
"seru parah, cuman klo update tolong tambahkan creature supaya lebih mirip kayak yang asli",Pengguna Google,5,2026-09-28 15:30:37
game burik lodingnya lama tolong game burik ini lodingnya nggak lama game burik,Pengguna Google,1,2026-09-28 13:46:14
"game yang sangat bagus banyak dino yang bisa di tame,bisa membangun rumah dan eksplorasi peta,tetapi game ini sangat membuat hp saya lag dan pengalaman bermain saya jadi kurang.",Pengguna Google,4,2026-09-27 11:25:32
the game is amazing,Pengguna Google,4,2026-09-25 19:16:11
sering ada bug saat aku mau masuk ke dalam gamenya tiba-tiba keluar nggak bisa masuk dan akhirnya aku harus kehilangan Ya semua itu sayurnya gua harus hapus data tapi itu walaupun gua udah hapus data tidak bisa masuk,Pengguna Google,1,2026-09-24 21:38:54
"game ekstra gokil, buat yang belum bisa main di pc bisa nih cobain versi mobile",Pengguna Google,5,2026-09-24 13:46:15
lag bet game nya tolong di optimisasi kan,Pengguna Google,3,2026-09-23 19:35:35
"saya baru pertamakali main ark,ternyata game bagus tapi mainya kalian harus di Ponsel yang kuat",Pengguna Google,5,2026-09-23 14:11:16
"ringankan dong, banyak player yang mau main tapi kehambat hp kentang, dulu Masi enak main di hanpone sekarang sering crash,fore close",Pengguna Google,5,2026-09-21 22:05:27
udah ditunggu donglotnya lama loginnya juga lama gem apaan gini,Pengguna Google,1,2026-09-20 19:46:36
sementara rating 2 dulu karna mecha(mek) tidak bisa di cryopod dan juga tidak map baru seperti valguero udah gitu saja,Pengguna Google,2,2026-09-20 13:48:29
Loading terlalu lama males nunggunya pls loading nya di percepat 🙏,Pengguna Google,1,2026-09-20 10:32:02
"semua cara udah saya pakek perlebar raff, tapi tetep gak bisa, tolong segera di benahi",Pengguna Google,5,2026-09-19 23:13:32
tolong di tambah optimasinya untuk infinix gt 30 pro dan poco x7 pro ......|||||||...... JUJUR UNTUK ARK BAGUSAN GAME ARK SURVIVAL EVOLVED !!! KEMBALIKAN LAGI GAME ARK SURVIVAL EVOLVED !!!!,Pengguna Google,5,2026-09-19 21:50:57
punya ku sering fc dan lag parah tolong grafik nya di kurangi dan tambah kan fitur fps sampai 60,Pengguna Google,3,2026-09-19 18:55:26
"lebih bagus dari versi sebelum nya meski butuh divace yang tinggi tapi saya sangat puas dengan grafik , ui, dan dino2nya mirip dengan versi pc nya",Pengguna Google,5,2026-09-19 17:22:29
percepat loading awal,Pengguna Google,3,2026-09-19 13:42:15
download data nya terlalu lama dan cepat menguras baterai👎,Pengguna Google,1,2026-09-18 20:18:13
karena ada bug leg day,Pengguna Google,3,2026-09-18 12:39:37
bagus banget game nya cuman minus map nya kurang banyak,Pengguna Google,5,2026-09-18 05:51:39
"hallo kenapa di update kali ini ketika aku buka map Ragnarok yg aku mainkan selalu force closed ya?. aku coba di map the island mulai dari awal bisa gak FC. masa aku harus hapus save nya dlu ulang dari awal lagi hmm. coba di fix deh. kalau masalah spek HP, HP saya cukup mumpuni rata kanan pun bisa mana udah beli ark pass nih tolong fixed it, thank you",Pengguna Google,5,2026-09-17 22:01:26
game berat suu,Pengguna Google,1,2026-09-17 20:09:23
"kenapa... setelah update bukannya tambah bagus/kasih fitur baru malah ngeriset data pemain, masih mending yang di riset mineralnya (metal,kristal,kayu,batu,atau sebagainya) lah ini, harus main dari awal, sangat mengecewakan. aku kasih bintang 1 bintang tambahan karena aku masih suka game ini, walaupun banyak bug",Pengguna Google,2,2026-09-17 14:33:58
ATV gak bisa jalan,Pengguna Google,5,2026-09-17 12:22:28
kembalikan ark evolved kami😭,Pengguna Google,2,2026-09-17 08:45:34
"buat saya yang seorang penyuka Survival dan dinosaurus saya sangat suka ini very very good pokoknya itu pun kalo bisa cepet adaptasi,Tapi saya minta agar Di tambahkan map lain,dino dino unik,Peralatan unik",Pengguna Google,5,2026-09-16 21:41:30
Gw kasih bintang 🌟🌟 karna gw ga bisa main Pas masuk for close. Device: redmi not 5 ram 4/64,Pengguna Google,5,2026-09-16 19:50:52
im want tame theri but my baryo is disapire and im lost my raft my all item in the baryo and plese fix bug lost dino,Pengguna Google,1,2026-09-16 17:55:04
"bagus, tapi grafiknya burem walaupun sudah mentok kanan",Pengguna Google,5,2026-09-15 17:05:31
seru dan selesai,Pengguna Google,5,2026-09-14 14:08:20
game sangat bagus,Pengguna Google,5,2026-09-14 13:51:19
kenapa saddle petranodon ada di level 38 mungkin boleh di kurangi ke 28,Pengguna Google,4,2026-09-14 13:46:45
Why can't I login to my epic games account in this app? why do i always get problem to re-download 4gb data and lose my progress in the game??,Pengguna Google,1,2026-09-14 10:07:12
ini game gak bisa di mainin,Pengguna Google,1,2026-09-13 14:02:31
"karena di pvp sering rb jadi tak kasih tiga, udh habis rb barang ilang semua",Pengguna Google,3,2026-09-13 13:15:13
geme ini sangat bagus dan grafik yang berkualitas tapi sayang nya ngak ad spy glas biru di mobile,Pengguna Google,5,2026-09-13 10:39:12
saya baru saja selesai mengupdate tapi ketika masuk game file additional tidak bisa di unduh,Pengguna Google,3,2026-09-12 23:20:23
GO ADD SOME DRAGONS/WYVERN😄,Pengguna Google,4,2026-09-12 22:50:01
good but no deinotherium and deinosuchus also no gigantoraptor and dreadnaugthus,Pengguna Google,5,2026-09-12 08:21:11
kok ngak bisa beli map lain yah,Pengguna Google,5,2026-09-12 02:33:54
"jujur penasaran,tpi force close jir🥀",Pengguna Google,4,2026-09-11 21:30:05
bagus tapi masih ada bug yang ngeselin kayak kamera gak bisa digerakkan dan karakter mau di arahin kemana pun bakal tetap jalan lurus,Pengguna Google,4,2026-09-11 19:12:16
"gw salut yg bikin gamenya, sesuai sama tema favorit gw, kekurangannya cuman satu, hape gw gak kuat buat maininnya, crash mulu, tapi gpp, gamenya seru dan asik, apalagi kalo di PVP, behh rusuh parah",Pengguna Google,5,2026-09-10 22:36:35
bagus,Pengguna Google,4,2026-09-10 05:25:50
i like it,Pengguna Google,5,2026-09-09 22:09:14
Additional file download is extremely slow (~1 MB/s) even though my connection can reach ~9 MB/s on Google Play. The download also stops when the game is minimized. Please optimize/fix the in-game downloader. Downloading several GB at this speed takes hours.,Pengguna Google,5,2026-09-09 20:25:06
bug force close saat loading sangat menggangu,Pengguna Google,1,2026-09-09 18:32:22
Mantap. Yok bisa yok ke grafik yang lebih jernih Poco x8 pro menikmati,Pengguna Google,4,2026-09-09 13:44:35
pls ark yg versi lama jg dibalikin hpku gk kuat mainnya,Pengguna Google,1,2026-09-08 14:02:21
tidabisa login,Pengguna Google,1,2026-09-08 13:55:26
plis Add Gyro on This game bruh,Pengguna Google,5,2026-09-08 08:58:08
woy ark nge#### gua kok main keluar terus,Pengguna Google,1,2026-09-07 10:52:31
gacor,Pengguna Google,5,2026-09-07 08:42:53
tolong kasi map gratis lagi kayak fyordur biar lebih seru,Pengguna Google,3,2026-09-06 14:04:35
dulu punya godconsole tapi pas mau direstore katanya gaada maksudnya apa ini saya ada bukti telah kembali godconsole dulu,Pengguna Google,3,2026-09-06 13:45:52
bagus tapi kayaknya kalau pakek hp kentang gak bisa dan juga gw pakek hp yang lumayan bagus tapi masih agak ngelek,Pengguna Google,5,2026-09-06 12:02:54
Keren kembangin terus!,Pengguna Google,5,2026-09-06 09:35:03
kwnp download file lama kali lebih lama daripada umur saya,Pengguna Google,1,2026-09-06 09:16:45
Game nya bagus tapi aku udh tamat semua map jadi plis tambah kan map yg lain terus mod nya Adain kayak yg di PC biar enak 👏,Pengguna Google,5,2026-09-05 20:08:11
game ini sangat bagus dan keren walaupun agak sedikit mahal untuk unlock god console,Pengguna Google,5,2026-09-05 17:21:02
tolong pemilihan kualitas grafis di perbanyak lagi🙏🏻 apalagi kalau malam. kualitas masi bisa di sesuaikan lagi supaya keseluruhan bisa lebih realistis:) overall semua aman. hanya itu yang sya butuh😁.,Pengguna Google,5,2026-09-05 12:34:54
Mayan bagus tapi katanya banyak yang gak kompatibel hp nya jadi gak bisa main ni game,Pengguna Google,5,2026-09-05 06:53:30
gem nya bagus,Pengguna Google,5,2026-09-05 06:21:37
"Luar biasa sih cuma kalau di mobile controlnya lo susah beda ama di PC, DLL tapi ya Overall sih S",Pengguna Google,5,2026-09-04 14:18:04
add deinosuchus pls (tambah deinosuchus pls),Pengguna Google,4,2026-09-04 13:47:02
bagus,Pengguna Google,5,2026-09-04 06:35:36
"Mek ga bisa dimasukin ke cryo adalah kesalahan besar buat PvE dan solo, masih ada banyak bug yg belum diberesin seperti crash, pake orbit kamera menggunakan hover skiff langsung stuck controllernya, shoulder pet balik ke markas tapi kadang hilang kalo pake alat pembatas dino. Masa ga bisa full offline, kadang error ga bisa main offline dan harus online dulu!, ga seperti dulu pas cuman 3 map. Masuk acc Epicgames buat save aja sering error, makin parah nih game",Pengguna Google,1,2026-09-03 06:18:54
game ko keluar sendiri ini game jelek parah jangan download game ini,Pengguna Google,1,2026-09-02 23:00:26
game nya udah bagus tapi saya tidak bisa menikmati nya karena lag aku berharap game ini bisa memberikan graphic yang sangat rendah agar kami yang memiliki masalah lag bisa teratasi dan kami bisa memainkan game ini dengan senang,Pengguna Google,4,2026-09-02 18:49:51
tidabisadimayika,Pengguna Google,1,2026-09-02 13:46:22
Gokil,Pengguna Google,5,2026-08-31 22:09:09
"tolong kembalikan game ark yg dulu karena game ini itu tidak lancar atau patah²(dikit) sama size-nya lebih kecilan yg dulu, emang gamenya seru tapi kalo patah² kan jadi males mainnya jadi tolong kembalikan game ark yg dulu🙏.",Pengguna Google,3,2026-08-31 21:01:53
bagus sih geme nya tapi hp kentang ku gak kuat dimansity 6300 btw chipset nya,Pengguna Google,5,2026-08-31 05:48:17
Gilak gak masuk akal ni game ram 8 aja masih lek parah pakek kualitas smuth,Pengguna Google,3,2026-08-30 20:03:00
"thanks dev, lu pinter, lu hebat... gw udah ambil 3 dossier dengan keadaan masih double xp, lalu ada crate yang mau gw buka dan mau gw upgrade pke key,, tiba tiba force close dan level gw turun jauh.. lalu pas gw mau ngambil ke 3 dossier tdi juga udah kebuka,, jdi gimna? force close pas mau upgrade crate, level ngulang jauh, dossier udh kebuka??",Pengguna Google,1,2026-08-30 03:34:57
"yeuuu kocak lu, udh lah update terus download data di game melulu yg gk ada pengaruh nya sama sekali di dunia yg pertama, udh tau kebanyakan player free to play buat apa update ber gb gb kalo yg diupdate wolrd baru, mending ada opsi tolak download data biar bisa main di world yg pertama dengan tenang, ini gk dikit dikit download 4gb dikit dikit download 3gb. mau nya developer apasih?!",Pengguna Google,1,2026-08-29 09:44:13
balikin ARK yang dulu woii ini berat banget gamenya lagian Napa harus dihapus sih yang dulunya Napa gak dipertahanin buat yang gak kuat hp nya oiii,Pengguna Google,1,2026-08-28 16:29:25
kapan ini update dino lgi? kayak ga niat gini nyiptain game,Pengguna Google,1,2026-08-28 06:00:30
sebenarnya suka sama ark cuma gabisa instal ada tulisan tidak dapat menginstal tolong di perbaiki,Pengguna Google,3,2026-08-27 18:26:58
tidak bisa dibuka,Pengguna Google,2,2026-08-27 10:30:10
"game yang saya pikir saya engga akan bisa main karena ada di PC sekarang saya bisa main di mobile, seru dan sedikit susah walaupun udah milih easy yaa wajar sih kan namanya aja bertahan hidup di zaman purba",Pengguna Google,5,2026-08-26 06:56:24
"can't even download additional files on background, it keep restarting to 0 and I wasted lot of internet downloading this shi.. and the download progress are slow asf",Pengguna Google,2,2026-08-25 22:27:47
Always being a very good game🔥🔥🔥,Pengguna Google,5,2026-08-25 20:18:18
Bagusan ark survival evolved,Pengguna Google,1,2026-08-25 20:14:13
game seru,Pengguna Google,5,2026-08-25 17:03:42
g99 patah² jirr tapi gamenya bagus,Pengguna Google,1,2026-08-25 16:16:58
"kontrol game sampah dan ribet, males donwload lagi kalo tidak di rubah kontrol game nya",Pengguna Google,1,2026-08-24 23:54:17
game nya lumayan bagus tapi masih banyak bug nya tolong di perbaiki 🥰😍,Pengguna Google,5,2026-08-24 20:09:00
udah lama nunggu nya sampai 24 menit tapi ga loding,Pengguna Google,1,2026-08-24 19:27:29
"ayolah dev gamenya udah bagus cuma kontrolnya susah banget, masalahnya ada pada ukuran tombolnya, kecil banget buat hp layar 6,7inc. kalo mencet suka salah mulu😥 kamu tidak menjiplak game versi PC secara mentah-mentah kan? kontrol ARK versi lama itu udah bagus",Pengguna Google,5,2026-08-24 18:29:46
a good game someone has 10k + hours on this game cause it's goated,Pengguna Google,5,2026-08-23 19:14:46
game dino terbaik,Pengguna Google,5,2026-08-23 19:13:53
fix your server please,Pengguna Google,3,2026-08-23 13:32:00
game absurd masa download data kudu mainin mini game mana kalau dodonya mati download datanya ngga lanjut kalau sistemnya diganti baru gua kasih bintang 5 btw buat yang mau download mending pertimbangkan mau ram hp cepet kekuras apa yah gitu btw kalau comment ini merugikan developer saya minta maaf karena juga daritadi saya kesal akrena sistemnya seperti ini,Pengguna Google,3,2026-08-23 12:18:50
sangat bagus,Pengguna Google,5,2026-08-23 11:22:16
"nge lag parah, dan bikin tablet ku cepet panas",Pengguna Google,1,2026-08-23 09:47:25
game yang sangat bagus,Pengguna Google,5,2026-08-23 05:53:52
"game udah bagus minus nya di server,kalo kita ngelag ke bacanya ngechet anjir langsung di kick gak bisa masuk server lagi,tolong lah developer benerin lah",Pengguna Google,5,2026-08-22 23:32:25
tolong malam nya di pendekin karna sangat gelap jika tidak menggunakan obor danj juga sangat susah saat farming,Pengguna Google,2,2026-08-22 23:16:53
sangat seru,Pengguna Google,5,2026-08-22 21:28:19
"please developer kasih server unof, biar bisa mabar sama teman",Pengguna Google,2,2026-08-22 15:05:48
"grafic di tap ancur udah maximal , terus pakai God mode juga tetep aja jelek",Pengguna Google,1,2026-08-21 22:11:54
"Developer the game is bugged, my save file is resetted base, dinosaurs everything is gone as if there were nothing at all I LOST ALL MY PROGRESS",Pengguna Google,1,2026-08-21 18:09:42
"aku udah beli map extinction,pas masuk tiba tiba langsung keluar sendiri",Pengguna Google,1,2026-08-21 17:41:35
"new update, Force close",Pengguna Google,5,2026-08-21 12:18:26
sangat bagus,Pengguna Google,5,2026-08-20 22:49:28
aku selalu download game dino untuk lihat seru atau tidak dan game ini yang terseru menegangkan tapi bisakah ark ditambahkan rate megalosaurus spawn soalnya susah spawn dan setiap aku tame megalo tiba tiba megalosaurus despaun😭😭😭😭😭😭😭 aku suka megalosaurus tapi susah spawn tapi ini tetap menyanangkan,Pengguna Google,5,2026-08-20 16:40:10
fix speedhack issue,Pengguna Google,1,2026-08-20 15:38:02
game nya bagus baget tapi ngelag baget,Pengguna Google,4,2026-08-20 13:26:30
aku download gegara bang deril😁😁😁😁tapi bagus sih ngelek dikit cuman mungkin kalo di pc mulus sih👍,Pengguna Google,4,2026-08-19 20:44:13
game nya keren banyak banget dino nya dan udah mirip sama yang di pc,Pengguna Google,5,2026-08-19 18:07:06
seru saat main ini game walaupun patah patah tapi bagus ini game karna bisa jinakin dino dan survive dari predator setelah aku main ini game aku jadi tau semua nama dino dan hewan purba atau hewan legenda,Pengguna Google,5,2026-08-18 09:02:53
"download datanya lelet padahal gua udah isi kuota 10 GB apa lah gua download data blue archive aja cepat padahal blue archive itu datanya aja 14 GB cepet cepet aja tuh gua downloadnya gak kayak ark cuma download data 8 GB aja lamanya kebangetan, keburu gua tua ini mah, paling pas gua tua juga baru 6 GB selesai",Pengguna Google,1,2026-08-17 18:37:08
sangat bagus,Pengguna Google,5,2026-08-17 13:04:04
geme ini grafik nya bagus bangettt,Pengguna Google,5,2026-08-16 21:39:28
bagus lah cuman gk ramah bagi hp kentang,Pengguna Google,5,2026-08-16 19:30:32
fix the blackscreen,Pengguna Google,1,2026-08-16 16:59:12
"setelah lama saya Memakai SOC 7+gen 2 waktunya upgrade ke SOC 8s gen 4 yang lebih efisien daya dan bertenaga untuk menjalankan game berat Ark Ultimate Mobile Edition, Karna di SOC 7+ gen 2 sering2 trotling Untuk Menjalankan game ARK Ultimate mobile edition",Pengguna Google,5,2026-08-16 15:55:36
download datanya lama sambil ngelag pas download datanya kurangin dong,Pengguna Google,1,2026-08-16 10:44:40
developer ada opsi grafik di ark survival evolve biar hp ram 4 gak gosgosan,Pengguna Google,3,2026-08-16 03:08:44
baru juga install mau dibuka malah force close,Pengguna Google,1,2026-08-15 16:50:43
tolong progesnya harus cepat,Pengguna Google,1,2026-08-15 13:54:17
lama banget buat opening nya doang,Pengguna Google,1,2026-08-15 10:03:22
ah game nostalgia saat karantina corona,Pengguna Google,5,2026-08-15 01:31:41
aku baru login tiba² keluar tolong di perbaiki,Pengguna Google,1,2026-08-15 00:07:11
bagus banget tapi ngelag sama pay to win,Pengguna Google,4,2026-08-14 13:01:34
tolong developer game ini turunin dikitlah beratnya hp saya ngelag-ngelag kalau main game ini gamenya ringanin dikitlah please,Pengguna Google,3,2026-08-14 12:14:33
game nya seru banget real listis 😁😁😁😁😁😁😍,Pengguna Google,5,2026-08-13 18:39:23
servernya busuk atau gimana dah di kick mulu perasaan,Pengguna Google,2,2026-08-12 22:10:27
gamenya mantap tapi tidak cocok untuk hp kentang,Pengguna Google,5,2026-08-12 21:00:18
i hope deinosuchus will released long or short,Pengguna Google,4,2026-08-12 18:03:29
"fps is very bad, only support 30fps, that's very unsatisfying, the graphics are also very outdated",Pengguna Google,2,2026-08-12 17:48:36
"tolong kembalikan ark yang dulu, itu bahkan tidak merugikan kalian loh banyak orang orang yang tetap ingin memainkan game ark survival evolved, dari pada Ark ultimate",Pengguna Google,1,2026-08-11 19:48:51
bagus banget gem nya,Pengguna Google,3,2026-08-11 17:31:33
sangat seru dimainkan,Pengguna Google,5,2026-08-09 22:08:24
nvm ini game super seru dan kalian bisa jelajah kemana mana!,Pengguna Google,5,2026-08-09 18:16:47
Add more dino please,Pengguna Google,5,2026-08-09 16:23:33
"gamenya udah bagus, cuma kontolnya masih kaku, coba aja hudnya bisa di edit di pindah atau di besarin mungkin lebih enak lagi, enggel kamera busuk misi yang harusnya mudah jdi sulit",Pengguna Google,1,2026-08-09 15:51:26
"Broo, anti cheatnya gajelas banget, aku lagi naik wyvern, servernya ngeleg, terus di kick speed hacking, jatuh dari ketinggian, di kick speed hacking, terus ga bisa join lagi kayak ke ban dari server, apaan sihh!!!!?",Pengguna Google,1,2026-08-09 07:16:20
"setelah di instal, saya di suruh main game di di sambil dowload data sebesar 8 giga lagi. apa kalian juga sama? karena butuh waktu yang super lama ahirnya saya menyerah dan uninstall",Pengguna Google,4,2026-08-09 04:57:36
gua tau gam ini dari BG Deril katanya bagus aku coba semoga hasilnya bagus dan semoga sama kayak di ulasan bang Deril dan semoga gem ini enggak engcewein sih,Pengguna Google,5,2026-08-08 22:02:21
Please create a mod feature for ARK Mobile to make the game more exciting.,Pengguna Google,5,2026-08-08 19:37:32
"cryopod jangan dibuat berbayar lah, kalo map masih kita wajarin kalo harus bayar, tapi cryopod gimana jir, bossing susah harus bawa dino 20 biji, harus lewat jalur laut biar bisa ke obelisk tanpa ada dino yg ketinggalan, pls lah developer, belum lagi extinction ga ada sumber key sama sekali selain dari daily login, mau gimana dapet cryopod, mana di extinction ga ada laut + dino rese rese suka gigit",Pengguna Google,2,2026-08-08 12:56:40
pliss bug cavenya di fix,Pengguna Google,5,2026-08-07 23:50:35
loding masuk game sangat lamban,Pengguna Google,1,2026-08-07 12:14:35
"gamenya bagus, tapi perlu distabilkan lagi dan lebih lancar di snapdragon 685,semoga kedepannya ada mode multiplayer offline atau co-op, sedikit keluhan sering error saat masuk game menggunakan mode offline jadi harus online dulu baru bisa main singel player",Pengguna Google,4,2026-08-06 17:46:31
seru banget,Pengguna Google,5,2026-08-05 20:33:20
game yang sangat peak! tapi. tolong adain fitur fitur untuk handphone yang chipset nya cukup rendah seperti grafiknya bisa di otak atik dan jarak pandangnya bisa di setting,Pengguna Google,4,2026-08-05 20:28:34
game bosok,Pengguna Google,1,2026-08-05 17:24:57
baik,Pengguna Google,5,2026-08-05 16:43:25
file dowload dalemannya besar bgt njirrr,Pengguna Google,3,2026-08-05 01:27:14
full download 12 gban tapi grafiknya burik,Pengguna Google,1,2026-08-02 19:55:29
game seru,Pengguna Google,5,2026-08-02 19:05:14
gede bet mb nya cokkkk,Pengguna Google,3,2026-08-02 18:48:52
"Tolong dong buat kan room yang bisa di buat sendiri, saya mau bermain bersama teman saya saja seperti room private, tidak masalah jika harus bayar asalkan bisa buat room sendiri seperti ark dulu pertama rilis",Pengguna Google,5,2026-08-02 17:13:39
update terus game nya,Pengguna Google,5,2026-08-02 14:25:20
Kasi 3 dulu karena buka map nya ribet trus save nya juga ribet trus control nya juga nggak enak lebih bagusan yang old. udah itu aja😌😌,Pengguna Google,3,2026-08-02 02:36:06
"Please add toggle damage for f2p players, I also want to see how much damage my dino can do",Pengguna Google,4,2026-08-01 23:37:17
gamenya bagus,Pengguna Google,5,2026-08-01 19:47:45
"sengaja kasih bintang 1 karena progres game gw dulu udah nggak bisa d lanjut cape² grinding dulu eh tiba-tiba nggak bisa lanjut. dan indikator memasak nggak ada padahal penting agar kita tau, ini udah mulai proses masak apa belum. padahal versi dulu ada setelah berubah nama jd ark ultimate malah jadi makin buruk game nya. bagusan yang dulu sih menurut gw",Pengguna Google,1,2026-08-01 12:16:50
untuk HP bosok jangan main,Pengguna Google,1,2026-08-01 12:16:29
this is really good,Pengguna Google,5,2026-08-01 10:47:49
game bagus dan menyenangkan dan akhirnya bisa main walau dalam 2 minggu sudah mulai bosan padahal sudah di tunggu dari dua tahun lalu karena device kentang😓,Pengguna Google,5,2026-08-01 09:27:05
plisss add forr support infinix gt 30 pro android 16 i can't install,Pengguna Google,2,2026-08-01 08:00:33
tambahkan fps. 20000 dan bisa di mainkan di ram 4+4 gb,Pengguna Google,2,2026-07-31 19:18:13
gamenya gede sih tapi ya lumayanlah ya tapi ya bagus gitu grafiknya Gemini cocok untuk orang yang gabut main aja nih kalau mau game Dino,Pengguna Google,5,2026-07-30 21:14:56
game ini benar benar luar biasa tapi mohon untuk di optimalkan lagi Karena masih ada lag mohon 🙏,Pengguna Google,5,2026-07-30 17:39:57
"I have been grinding up to level 33, then I logged out before I had saved the game, but when I logged in I was directed to start from the beginning again, to be precise level 10",Pengguna Google,1,2026-07-30 16:34:38
semua nya bagus cuma ya kalo ark 2.0 level dino nya sampek 450 lah disini mentok 150 jelek nya disini aja sih. sementara bintang 3 dulu nanti kalo udah bisa dino liar nya level 450++ baru gua kasi bintang 5,Pengguna Google,3,2026-07-30 10:20:35
kenapa gak bisa di buka udah download 4 x. masih tetep gak bisa di buka geme ny,Pengguna Google,1,2026-07-29 15:29:47
"rhyanata ku ngga bisa menggfollow kuu knp padahal udh di whistle follow, bug kah?",Pengguna Google,1,2026-07-29 11:47:44
gua suka gem ini tapi pas main dibserver agak kecewa bes udah gede dan kuat malah hancur tak bersisa makanya gua sakit hati tapi gua masih main :(,Pengguna Google,3,2026-07-28 20:51:45
sangat bagoesss,Pengguna Google,5,2026-07-28 13:25:57
gimana nih masak aku udah beli beberapa map nya kayak Ragnarok sama Genesis 2 tapi malah kekunci lagi mapnya cuman gara gara gamenya gak ku mainin 3 bulan padahal gamenya sama sekali gak ku hapus. tolong dong buat developer benerin bugnya. rasanya sia sia nih udah beli lumayan mahal tapi gak sempet nikmatin mapnya. gamenya udah bagus kok walaupun memang masih ada bug pas main yang ku permasalahin cuman kenapa map yang sudah ku beli Tiba-tiba kekunci lagi gak bisa di mainin tolong dong beneri.,Pengguna Google,1,2026-07-28 02:34:55
nggak bisa dimainkan nggak bisa masuk ke dalam gamenya tolong developernya dibantu ya kalau nggak saya doain * 1 amin,Pengguna Google,1,2026-07-27 16:06:54
Request for Android 16 Compatibility Update ARK Clasicc ARK : Survival Evolved Mobile,Pengguna Google,3,2026-07-27 07:09:41
perbaiki agar main di hp samsung bisa full screen :v,Pengguna Google,5,2026-07-26 23:51:05
"seru sih tapi semua yg udah ku dapat dino,item,pokoknya apapun kok ke restart udalah bed GK bisa semua gak bisa padahal GK ada mati tapi semua progres nya hilang gitu aja makanya aku download ulang karena kesal aku tolong nih ya bagi developer nya di perbaikin dong males looooooohhhh 😠",Pengguna Google,4,2026-07-26 15:20:49
gabisa main,Pengguna Google,1,2026-07-25 22:07:25
game kontol,Pengguna Google,1,2026-07-25 19:40:10
sering force close,Pengguna Google,1,2026-07-25 19:09:24
"ini game bagus banget dari segi grafik, taming, survival. Akan tetapi, semoga di update berikutnya ada optimisasi grafik dan maks fps sampai 60. kuharap begitu. Terima kasih.",Pengguna Google,4,2026-07-25 18:38:41
kapan ya ada map Valguero,Pengguna Google,5,2026-07-25 08:02:05
"suka ada bug saat login jadi seperti membuat player baru tapi level masih yang lama padahal tidak menghapus save data sebelumnya udh gitu semua bangunan hilang, progres sudah jauh jadi terulang lagi",Pengguna Google,3,2026-07-25 06:58:30
mau main fc terus tolong di fix,Pengguna Google,1,2026-07-25 00:40:53
"tertulis aplikasi tidak kompatibel, padahal hp saya sudah sangat mendukung",Pengguna Google,1,2026-07-24 21:40:28
nge lag bet anjir,Pengguna Google,1,2026-07-24 20:58:20
mantap,Pengguna Google,4,2026-07-24 14:26:01
tambahin mod awesome spy glass please,Pengguna Google,4,2026-07-23 20:01:54
"overall sudah bagus banget, tapi lebih baik ditambahkab setingan keluasan POV saat firstperson atau thirdperson agar membuat pandangan lebih baik, dan tolong fitur mabarnya di perbarui, jangan cuma bisa join server yang sudah ada doang, tapi buat teman bisa masuk world yang kita punya agar mempermudah jalannya permainan, jika hanya bisa join server itu ribet banget, belum lagi kalo servernya lag atau resources nya udah di habisin sama player lain, itu nyebelin",Pengguna Google,3,2026-07-22 19:33:03
"download luar 1.39 gb, di dalem nya download lagi 8.8 gb, kalo yang punya wifi sih ga masalah",Pengguna Google,1,2026-07-21 17:14:00
tolong gua pas main ngeleg.,Pengguna Google,2,2026-07-21 16:45:13
"Saya berharap game ini bisa dapat 60fps. Kelemahan pada saat *live stream* di platform TikTok adalah gambar menjadi tersendat-sendat, jadi tidak terlihat *smooth*. Saya berharap *game* ini bisa dapat meningkatkan lagi terkait dengan grafik. Akan saya beri ulasan bintang 5 jika sudah di-*update*.",Pengguna Google,4,2026-07-21 12:52:25
"tolong dong kontrolnya dibikin mirip sama ark mobile old, kontrol yang sekarang terasa ringkih, panelnya kecil banget, mau nambah stat sama liat storage ajah kudu nyipitin mata, sakit mata gwe, game android harusnya pakai kontrol yang simple, jangan disamain kayak pc yang jelas-jelas layarnya gede",Pengguna Google,4,2026-07-21 05:10:47
map yang sangat bagus,Pengguna Google,5,2026-07-21 04:49:15
"developer tolong kasi mod game ini, bosen lama lama gaada mod nya",Pengguna Google,4,2026-07-20 12:34:10
keren,Pengguna Google,5,2026-07-20 01:39:37
asek untuk di mainkan,Pengguna Google,5,2026-07-19 21:28:24
gajelas game nya,Pengguna Google,1,2026-07-19 20:29:01
"baru install di suruh mainin game dodo tebang² pohon, malah diharuskan lagi, capek nying gak minat",Pengguna Google,3,2026-07-19 15:44:29
bagus aja,Pengguna Google,4,2026-07-19 05:36:15
seru bgt tpi msih kurang hd/realistis aja sama kadang ada bug suara nya ilang,Pengguna Google,5,2026-07-19 01:32:34
"Ih.....ini kan game yang dimainin bang WINDAH!!!?? Langsung ku download saja karena bang WINDAH sangat seru memainkan nya,aku ingin melawan t-rex dan Yeti seperti bang WINDAH juga,semoga hp ku kuat untuk memainkan game ini",Pengguna Google,5,2026-07-18 22:33:41
Please add mods to the game and add new dinos,Pengguna Google,5,2026-07-18 14:45:08
"please update the game on low devices like Snapdragon 685 , everyone wants to eat it",Pengguna Google,1,2026-07-17 20:01:11
good,Pengguna Google,5,2026-07-16 20:10:03
EXP nya stuck.. EXP BAR is stuck.. it is bug .?,Pengguna Google,4,2026-07-16 11:29:58
Force close saat mau masuk game,Pengguna Google,1,2026-07-16 00:15:27
tolong di perbaiki . saat Ascension item di hotbar yang ber timer hilang seperti crypod atau apapun yang memiliki timer tapi di inventory tetap ada barang bertimer,Pengguna Google,5,2026-07-15 23:05:38
"game kunyuk sering force close, rusak ini game makin kesini",Pengguna Google,2,2026-07-15 20:04:19
gamenya bagus tapi lumayan banyak bug tolong perbaiki beberapa bug nya,Pengguna Google,5,2026-07-15 19:47:05
akhirnya bang Lutfi halimawan main ARK lagi,Pengguna Google,5,2026-07-15 14:12:00
ngga mau masukin,Pengguna Google,1,2026-07-15 07:30:11
"tolong berikan fitur penambah mod seperti yang di pc, di karnakan level kalau sudah metok tapi berat inventorinya penuh jadi usah untuk ngebuild rumah atau bangunan bangunan lainnya dan prime meat kalau tidak pakai mod telalu banyak memakan ruang karna tidak bisa di stack. semoga kedepannya di tambahkan fiturnya :)",Pengguna Google,4,2026-07-14 20:40:03
"GAME INI BAGUS,tapi banyak bug disana,this game is perfect,but so much bug in this game",Pengguna Google,3,2026-07-14 20:13:09
g bisa download d hp tah,Pengguna Google,2,2026-07-14 09:22:06
"bagus si bagus, per map bayar 200k jir, tidak harga pelajar",Pengguna Google,2,2026-07-13 14:16:50
game ini sangat bagus,Pengguna Google,5,2026-07-13 12:45:58
"gamenya bagus, ini game survival yang paling kerasa dibandingkan game survival mobile lainnya, tapi bisakah wall torch di buff?, biaya pembuatan nya cukup mahal tapi penerangan nya bahkan tidak seterang torch biasa, torch biasa terasa jauh lebih berguna karena bisa dijatuhkan dan penerangan nya jauh lebih besar dari wall torch, kalo bisa perluas penerangan wall torch atau kurangi biaya pembuatan nya, atau mungkin buat penyangga untuk torch biasa untuk menggantikan wall torch",Pengguna Google,5,2026-07-13 12:30:21
gem survival nya bagus udah ga kayak jaman dulu lagi,Pengguna Google,5,2026-07-13 12:08:33
gamenya bagus keren paling yang harus di tambah ada kayak mod gitu,Pengguna Google,4,2026-07-13 11:00:32
ada bug keluar terus gak bisa masuk please di benerin,Pengguna Google,1,2026-07-12 15:09:13
"ga rekomen buat yang kesabarannya setipis tisu . Bug,isu kualitas jaringan dan koneksi alias dikit2 DC,rollback yang intens,server yang sering raib,dan masih banyak lagi pokoknya . buat kalian yang punya hipertensi,jangan pernah sekali2 nyoba game ini,pokoknya jangan",Pengguna Google,1,2026-07-12 13:27:44
terlalu bags grafik sample gak visa mask,Pengguna Google,2,2026-07-12 11:00:18
kurang mb nya,Pengguna Google,5,2026-07-12 09:16:58
jelek lama nunggunya mending di unintal aja deh,Pengguna Google,1,2026-07-12 07:10:42
bisa diturunin gk grafik nya manual sesuai hp yang di pake soal nya leg jadi susah main,Pengguna Google,3,2026-07-11 22:24:39
tidak bisa di update,Pengguna Google,1,2026-07-11 21:23:27
mending yang dulu,Pengguna Google,1,2026-07-11 12:36:56
seru,Pengguna Google,5,2026-07-11 11:22:42
Game banyakan bug,Pengguna Google,1,2026-07-11 10:18:41
ini adalah my favorite game gue,Pengguna Google,5,2026-07-11 00:21:18
"bagus bet cok game nya mirip bet sama versi pc nya, semoga kedepannya di tambah lagi map map nya kayak di pc",Pengguna Google,5,2026-07-10 20:43:31
gamenya bagus bagus aja tapi optimisasi grafiknya kurang yaa walaupun HP saya ga flagship terbaik,Pengguna Google,3,2026-07-10 19:16:23
"game survival mobile terkeren dan kumplit menurut ku dan kalau masalah tantangan jangan di tanya lagi jelas sumper menantang dan kalau bisa tolong dong pindah map jangan berbayar tapi misalkan harus lawan bos berbeda 3x baru kebuka map selanjutnya, soalnya lost island mulu bosen udh gk ada tantangan sama sekali. dan di sarankan kalau mau main game ini minimal kalau mau lancar pake cipset helio G99 ultimate yah",Pengguna Google,5,2026-07-10 15:45:06
bagus,Pengguna Google,4,2026-07-10 10:39:17
"pembelian god console ku hilang, masa 200rb menguap gitu aja",Pengguna Google,1,2026-07-10 08:12:47
"malah di Batasin hbis update , barang jga susah di cari bahannya ehh percuma klo server masih macet itu di update mau full player atau tidak hrus lancar",Pengguna Google,2,2026-07-09 22:21:46
mantap. ditunggu updatenya lagi,Pengguna Google,5,2026-07-09 07:51:18
gamenya seru cuma HP gua yang udh nyerah mungkin kalo ada rezeki gua bakalan up perangkat dlu baru nanti maen lagi. makasih buat ark game lu seru kok cuma gua aja yg blom mampu,Pengguna Google,5,2026-07-08 14:03:45
Re log,Pengguna Google,5,2026-07-08 10:44:35
game gajelas gatau disuruh ngpain,Pengguna Google,1,2026-07-08 05:34:38
"gila Sih selesai Download 1,4 GB eh masuk aplikasi Download data lagi 8 Gigaan Lebih. set@n Bener.",Pengguna Google,1,2026-07-07 19:59:55
untuk memasuki server terlalu rumit,Pengguna Google,4,2026-07-07 18:44:06
"kapan rilis map terbaru lagi , sudah mulai bosen dengan map yg lama. semoga cepat rilip buat map-map barunya.",Pengguna Google,5,2026-07-07 13:41:48
game is so good,Pengguna Google,5,2026-07-07 07:14:08
game nya sudah bagus.. tapi akan lebih bagus kalau bisa cross play.. jadi save dari cloud mobile bisa di lanjut di save cloud PC.. soalnya kadang kalau lagi di luar main di mobile.. tapi kalau di rumah pengen main di PC.. secara map dan gameplay sudah hampir sama persis dari kedua versi mobile maupun PC.. jadi kedepan nya semoga bisa.. 👍👍,Pengguna Google,5,2026-07-06 23:15:07
"Dulu ga begini dah ,skrg force close Mulu njer",Pengguna Google,1,2026-07-06 22:47:32
game keren,Pengguna Google,5,2026-07-06 21:17:45
download file tambahannya aja lamanya lama banget😩,Pengguna Google,1,2026-07-06 12:38:39
tolol ga bisa log in data sudah ada susah log in,Pengguna Google,1,2026-07-06 07:15:34
Game nya sangat seru tapi yang aku harapkan aku ingin ada ark ume tapi versi lebih ringannya dengan dino yang juga masih ark ume tapi grafik seperti ark mobile lama,Pengguna Google,5,2026-07-05 07:11:07
mantap,Pengguna Google,5,2026-07-05 03:53:25
tidak disarankan untuk hp kentang 🥔,Pengguna Google,2,2026-07-05 00:28:55
bug loding dan lag,Pengguna Google,1,2026-07-04 16:52:05
good games,Pengguna Google,5,2026-07-04 16:02:23
NICE,Pengguna Google,5,2026-07-04 11:36:24
1.tolong bug ketika mati tas nyangkut tidak bisa di akses 2.tolong buatkan creature finder deluxe 3.upgrade dino dengan variasi warna seperti pc,Pengguna Google,1,2026-07-04 10:34:43
gamenya bagus tapi saya ingin spawn chance Equus nya naikan,Pengguna Google,4,2026-07-03 18:33:14
so fun,Pengguna Google,5,2026-07-03 17:36:03
RELEASE PRIVATE SERVER FOR ME AND MY FRIEND TO PLAYING,Pengguna Google,1,2026-07-03 12:58:27
game tolol gak bisa main malah di suruh download file apa coba game tolol hapus aja dari plaistore,Pengguna Google,1,2026-07-03 11:29:12
aku dapat 14 fps badahal udah rata kiri pake hp Samsung s23,Pengguna Google,3,2026-07-03 08:46:33
gatau nya game ya 20 bit kaga mirip,Pengguna Google,1,2026-07-02 15:31:10
bagus cuma kadang masih ada bug,Pengguna Google,4,2026-07-02 09:06:28
game gokil bagus bet gila cuman mines nya hp gua yang kentang kalo bagus mah auto tamat gua,Pengguna Google,5,2026-07-02 06:13:34
GK bisa di buka app nya Keluar sendiri auto close,Pengguna Google,1,2026-07-01 23:13:32
"Bagus game nya, cuma kasih render distance nya aja biar gak ngeleg, Pasti yang marah marah itu device nya kentang😹😹 Overall bagus cuma di render distance aja sih kurang enak di pandang",Pengguna Google,5,2026-07-01 21:28:43
"kasi 5 biar teratas dan di baca, ini kenapa ya saya main di map Ragnarok dan membuat base di dalam gua, dino saya menghilang dengan sendirinya, hewan yang saya jinakan tiba tiba tergerak seakan akan mau ngejar sesuatu, jadi horor gitu gamenya, btw gua nya di tempat tower warna biru",Pengguna Google,5,2026-07-01 20:40:43
game bagus tapi boleh cepatkan downloading file di percepat terima kasih,Pengguna Google,5,2026-07-01 20:05:44
kapan Acrocanthosaurus?,Pengguna Google,5,2026-07-01 14:21:46
Aku walaupun main di HP temen ku tapi Aku seneng bgt jiirr,Pengguna Google,5,2026-07-01 13:09:01
"Tambahkan multiplayer dari hosting yang bukan server, biar bisa mabar sama temen",Pengguna Google,5,2026-07-01 10:44:23
game ini gk bisa😡😡😡😡😡,Pengguna Google,1,2026-07-01 09:46:25
game survival terbaik yang pernah ada,Pengguna Google,5,2026-07-01 07:45:33
"halo ark, game not download file",Pengguna Google,5,2026-06-30 14:36:56
controlnya agak susah dr versi yg lama,Pengguna Google,4,2026-06-30 12:52:07
"Please make it for the phone, there are shortcomings like I made for Persi Lite",Pengguna Google,5,2026-06-30 10:20:51
satu kata buatin game kayak gini tapi yang fersi GB nya lebih rendah gw jamin pasti banyak yang main,Pengguna Google,3,2026-06-30 01:39:39
tolong geme ini bisa dimainin di mobile,Pengguna Google,5,2026-06-29 19:03:45
apalah kaga mlh ngestuck 100,Pengguna Google,1,2026-06-29 17:43:59
Poko nya bagus gc download gcgcgcgcgc dapet bronto aing,Pengguna Google,5,2026-06-29 17:41:19
game nya bagus jadi saya kasih rating 5,Pengguna Google,5,2026-06-29 09:49:26
"Sering forclose saat sedang main .,,untuk prangkat sudah terbaik .,,tolong segera di perbaiki .,,sudah download untuk ke 9x nya masih sama penyakitnya saat main tiba2 keluar sendiri dari permainan .,,sampai sekarang masih tidak bisa save data permainan setelah update .,,terima kasih",Pengguna Google,1,2026-06-29 09:12:16
karna saya pencinta dinosaurus dan ini game peak,Pengguna Google,5,2026-06-28 17:22:49
tolong di perbaiki masa gua crash mulu mau masuk pliss devloper perbaiki gua mau main,Pengguna Google,1,2026-06-28 17:10:31
Let it be mods⚡,Pengguna Google,5,2026-06-28 17:07:52
"lag banget walau hp saya support gini tpi masih lag,mending ke kalimantan",Pengguna Google,1,2026-06-28 16:09:49
agak mengecewakan karna harus download lagi tapi gameplay nya seru banget sih🫪,Pengguna Google,4,2026-06-27 14:28:38
"very very BIG leap from the old ark mobile,but PLEASE add back photo mode and damage indicator we need it DESPERATELY",Pengguna Google,5,2026-06-27 00:59:01
keren,Pengguna Google,5,2026-06-26 19:28:12
"busuk, nih ya saran buat dev, agar gamenya bisa mulus di mainkan di hp, tolong dibuatkan sistem download map di ingame seperti game game fps di mobile, jadi kita hanya perlu mendownload map yang kita mau mainkan saja, misal saya hanya ingin main di The island, saya hanya perlu mendownload map the island saja map yang lainnya tidak perlu di download. satu lagi untuk texture tanah, pohon, dino dll menurut saya lebih baik disamakan dengan ark survival evolve yang lama saja, agar lebih optimal",Pengguna Google,1,2026-06-26 15:27:08
semoga update dyno yang lebih galak lagi,Pengguna Google,5,2026-06-25 19:39:12
game nya bagus tapi pas saya hapus dan saya mau download lagi tiba tiba ark Uda gak ada lagi di play store,Pengguna Google,3,2026-06-25 18:14:22
KAMIII BUTUHHHHHH UNOFFICIAL SERVERRR PASAR LU DI HP AJG UPDATE PLSSS JAN JADIIN ANAK TIRI,Pengguna Google,5,2026-06-24 20:32:06
best,Pengguna Google,5,2026-06-24 13:30:09
so fun frr,Pengguna Google,5,2026-06-24 10:07:10
GIMANA CARA LOGINNYA,Pengguna Google,1,2026-06-24 07:23:11
game belum cukup stabil lumayan banyak bug spawn dan juga tak pernah update setelah 1 tahun game ini jujur sangat bagus tapi masih kurang dari segi creature ataupun setting sederhana seperti text damage dll,Pengguna Google,4,2026-06-23 18:56:05
aku baru masuk udah lag bageeeeeeeeeeeeeeet dan aku gak akan main lagi,Pengguna Google,1,2026-06-23 17:13:03
"tolong UI kontrol tombol gamenya bisa di setting player, sayang loh game bagus bgini jadi rusak cuman karna penempatan tombolnya yang ga bisa de setting player sendiri",Pengguna Google,4,2026-06-23 10:34:31
karebagus,Pengguna Google,5,2026-06-22 17:34:03
"kenapa tidak bisa di mainkan?, selalu keluar sendiri",Pengguna Google,1,2026-06-22 05:35:14
harus lakukan mini game untuk main,Pengguna Google,2,2026-06-21 23:05:53
saya suka terhadap game yang unik seperti ini karna game ini menggabungkan dua elemen yaitu elemen teknologi medren dan zaman dissaurus,Pengguna Google,5,2026-06-21 12:53:34
rasanya sia-sia aja di download. nge-lag banget walau grafik udah low. lagian jarak pandang nya jauh banget. nggak ketemu juga settingan buat turunin jarak pandang nya supaya mengurangi lag.,Pengguna Google,2,2026-06-21 08:57:29
kapan map baru rilis nih 😁😁,Pengguna Google,5,2026-06-20 15:04:32
"After the ultimate update, the game became heavier which made my phone lag.",Pengguna Google,5,2026-06-20 13:23:41
Download file nya Lama banget Mana gak boleh mati layar nya sama harus main mini Game nya baru jalan download nya mohon diperbaiki lagi,Pengguna Google,1,2026-06-20 08:17:36
karena gampely yang bagus,Pengguna Google,5,2026-06-20 07:34:07
enak,Pengguna Google,5,2026-06-19 13:01:50
"game lag, patah patah, fps drop padahal udah pakek setingan paling jelek, dowload fail lama 11gb anj ni game",Pengguna Google,1,2026-06-18 19:03:01
"game nya bagus, tapi sangat tidak di saran kan untuk player yang tidak sabaran",Pengguna Google,5,2026-06-18 17:25:05
seruuu bgt tpi suka ngebut pas save mode,Pengguna Google,4,2026-06-17 09:35:46
"game nya bagus, tapi lebih diperbaiki game nya karena sering keluar sendiri game nya udah sering saya alami, kemudian kadang loot crate di ark masuk² dalam tanah atau batu yang dimana mau gwa ambil tapi tidak bisa, jadi mohon developer diperbaiki kembali, supaya mainnya lebih aman dan tentang",Pengguna Google,5,2026-06-16 21:05:48
game bodo gak bisa instal file stuck di 0 perbaiki sekarang,Pengguna Google,1,2026-06-16 16:01:35
sebenernya bagus sih ini game tapi entah emang HP saya yang spek nya kurang atau emang game nya masih blm terlalu stabil fps cuman 20 an padahal kangen banget main ark,Pengguna Google,3,2026-06-16 14:56:07
jelek cave sepi,Pengguna Google,1,2026-06-16 09:17:14
lama downloadnya,Pengguna Google,3,2026-06-14 19:08:37
saya perna memainkan game tetapi sangat lama waktunya maaf ya,Pengguna Google,3,2026-06-14 17:32:52
klo mau bikin akun malah masuk crome,Pengguna Google,1,2026-06-14 13:22:34
Good Game But Update Anti cheat No mesh No Dupe No rollback player keep strong dev please fix it in next update,Pengguna Google,4,2026-06-13 19:25:25
good,Pengguna Google,4,2026-06-13 19:03:02
"dari pengalamanku yang main ark dari awal rilis yg versi mobile masih bagus banget, semenjak update ultimate malah semakin banyak bug, gak bisa main offline, susah bikin akun epic games (padahal gak ribet), dan paling mengecewakan untuk banyak kaum adalah ukuran penyimpanan makin besar",Pengguna Google,2,2026-06-13 18:32:43
GG (Game Gokil),Pengguna Google,5,2026-06-13 15:38:10
"waktu masuk ke world tiba"" semua dino gw ga ke tame,padahal masih ada yg kepasang saddle,terus gw jadi ada 2 njing",Pengguna Google,1,2026-06-12 20:30:26
game bagus buat yang bilang jelek pada gak bisa main wkwk tapi dari gw gw kasih 👍 gameplay bagus tapi boleh kali tambahin dino yang ada di ase ato asa,Pengguna Google,5,2026-06-12 15:52:56
"I've already built a fence but none of the developers are going to fix it, you're stingy.",Pengguna Google,1,2026-06-12 13:30:25
optimasi soal fps dong masa main di map ringan dan grafik terendah masih aja frame drop padahal device saya harusnya bisa optimal 60 fps lowest padahal pas awal download masih optimal,Pengguna Google,2,2026-06-11 13:44:38
game dinoo,Pengguna Google,5,2026-06-11 05:26:49
"bro we need more complicated building systems in here, so when we build something we don't feel bored, need some wooden beam and some bush on the roof need some conical roof more like a system building in ark pc please add it, I've been buying god console and it feels bored we create something only with that structure",Pengguna Google,5,2026-06-10 16:30:02
jangan di kasih mini game pas download data,Pengguna Google,4,2026-06-10 10:36:32
"knp cuma stag di download trus cuma main dodo doank ia.. gimana cara downloadnya jadi ribet pas masuk playstore, enak dulu pas ada di google",Pengguna Google,1,2026-06-09 23:06:38
Nice game,Pengguna Google,4,2026-06-09 20:18:54
oke,Pengguna Google,5,2026-06-08 20:15:28
"Grafik bagus main di Infinix GT 30 Pro ram 8/256Gb smooth sangat, sangat disayangkan di antara mayoritas game survival yg kumainkan game ini PALING TIDAK ENAK kontrolnya pusing aku mainnya kameranya d ubah setinganpun gak enak banget. Padahal sangat ingin buat base keren kayak di youtube, maaf baru nyoba gak sampai 10 menit aku uninstall, mungkin bisa contoh gane serupa yang kontrolnya enak pergeseran kamera enak",Pengguna Google,3,2026-06-08 18:27:24
kontrolnya terlalu susah saran saya tambahkan kontrol joystick dan untuk attacknya pake tombol kalo cuma geser geser gak enak,Pengguna Google,1,2026-06-08 16:22:42
"Please update it next so that all devices can play this game. Some phones, such as the Poco F5, are not compatible with this version, even though they could previously. Please fix this.",Pengguna Google,5,2026-06-08 11:24:36
kontrol nya ribet sama ngeleh mulu,Pengguna Google,4,2026-06-08 11:05:29
"APAKAH ADA UPDATE TERBARU LAGI DI GAME ARK INI, SEMOGA ADA UPDATEAN TERBARU UNTUK MULTIPLAYER",Pengguna Google,5,2026-06-07 22:38:26
game nya sangat bagus dan dino yang saya belum ketahui sekarang menjadi tahu!.,Pengguna Google,5,2026-06-07 18:57:33
lag dan sering keluar dengan sendiri,Pengguna Google,1,2026-06-07 09:06:58
susah bet control nya,Pengguna Google,1,2026-06-06 20:37:13
"lagi main tiba2 keluar sendiri dibilang ngecheat speed hacking,game aneh ngelag2, teleport2,ini game gausah dimainin,capek gw tame dino tiba2 keluar sendiri,kalo udah diperbaikin gw kasih bintang 5,gausah dimainin server lag,lagi ngambil telur bronto malah lag terus ngulang dari awal,game ga guna,dino gw udah di setel netral masih nyerang dino lain,server lag padahal sepi,mending main pou aj",Pengguna Google,1,2026-06-05 22:20:50
singkat saja HP saya gak kuat padahal udah rata kiri udah itu aja:),Pengguna Google,1,2026-06-05 14:23:20
gamenya bagus tapi bisa gak kalau attack target jangkauannya lebih jauh aku kesusahan apalagi taming quetzal,Pengguna Google,4,2026-06-05 11:27:02
"game nya bagus tapi lebih bagus dulu, dulu grafik nya lebih realistic kalo sekarang ga dan lebih lag kalo dulu ga lag padahal ga grafik hd",Pengguna Google,5,2026-06-04 15:29:14
game tidak stabil setelah update,Pengguna Google,2,2026-06-03 21:56:23
game aneh padahal ga pake chit tapi langsung di kick game rusak giliran yang pakai chit ga di ban ini game bikin mental rusak capek gw nge tame dino abistu langsung di kick kalo game nya sudah di perbaiki saya kasi bintang 5,Pengguna Google,1,2026-06-03 21:10:06
kenapa tadi aku donlod kok ngulang lagi kenapa hah jelaskan,Pengguna Google,3,2026-06-03 16:34:00
crash?,Pengguna Google,1,2026-06-03 15:00:08
"ga jelas bgt tiba tiba ilang semua dino yg gw taming ,rumah nya juga ikutan ilang ,apalah tadinya pengen kasih bintang lima",Pengguna Google,1,2026-06-03 14:59:06
game ini sangat bagus aku kasih bintang lima👍👍👍,Pengguna Google,5,2026-06-03 14:35:53
dangat bagus,Pengguna Google,5,2026-06-03 03:39:43
saya sangat merekomendasi gem ini,Pengguna Google,5,2026-06-02 08:36:31
gameplay nya bagus cuma aga ngebug aja,Pengguna Google,5,2026-06-01 19:07:42
game nya bagus banget👍🏻👍🏻,Pengguna Google,5,2026-06-01 15:28:18
"I keep fainting dont know why is it bug?, I tried eat and drink too but I keep faint, I did relog too, doesnt help, please fix it",Pengguna Google,5,2026-06-01 11:40:54
"gameplay nya dah bagus, tapi ngelaggggggg",Pengguna Google,3,2026-05-31 15:07:56
"game nya sudah bagus dari segi grafik , namun tambahkan fitur kontrol yg bisah di atur, dan optimal kan lagi kelancaran game nya supaya tidak lag makasih, tambah kan skin rumah nya lagi kayak di pc bisah di kasi skin.",Pengguna Google,5,2026-05-31 13:07:23
game nya seru cuma sedikit lag,Pengguna Google,5,2026-05-31 09:48:16
Update game mu Wok tambahin noh deinoshucus sama ceratosaurus di mobile dan jangan lupa tambahin setting layoutnya biar bisa di custom sendiri WOK,Pengguna Google,5,2026-05-31 01:13:39
ark ini mainya pake paket gak sih,Pengguna Google,4,2026-05-30 20:11:11
game nya bole tapi waktu udah download dalam gak mau di masukin lagi tolong developer perbaiki.,Pengguna Google,1,2026-05-30 18:27:14
akhirnya bisa main guwa,Pengguna Google,5,2026-05-30 17:50:06
"so far bagus, cmn di beberapa server masih suka bug ilang kapalnya",Pengguna Google,4,2026-05-30 15:30:17
keren paket data saya habis 20 GB untuk game satu ini,Pengguna Google,1,2026-05-29 14:54:10
good,Pengguna Google,5,2026-05-28 19:03:59
game rusak jngn mainkan tidak bisa masuk lobi,Pengguna Google,1,2026-05-28 09:51:23
gatau kenapa tapi tidak bisa di mainkan,Pengguna Google,1,2026-05-28 09:34:01
game sampah tidak peduli dengan bug yang ada,Pengguna Google,1,2026-05-28 07:03:00
Netral,Pengguna Google,5,2026-05-28 05:04:18
"masih suka lag sih, sama save nya kadang gak fungsi",Pengguna Google,5,2026-05-28 01:31:11
"tolong, saya main game ini lag banget, padahal hp baru",Pengguna Google,3,2026-05-28 01:24:01
game nya sangat bagus,Pengguna Google,5,2026-05-27 22:14:25
"Game nya seru, seru bgt tapi aku dapet bug semua dino yg udh dikumpulin ngebug jadi liar sama download nya super lama",Pengguna Google,2,2026-05-27 18:26:02
woi urusin lah bug nya udah 3x progres ku hilang,Pengguna Google,1,2026-05-27 17:20:10
boleh ga sih tantangan keep download Dodo alive di ilangin ribet banget mau main aja susahana di suruh gituan kan tambah stres,Pengguna Google,5,2026-05-27 09:26:47
"Saya kasih rating 5, sumpah game ini adalah game yang sangat amat ingin saya mainkan melihat banyak orang yang bermain ark saya jadi penasaran ""ada apa sebenarnya di game ini?"" setelah saya memainkannya dengan genre berpetualang dan dunia open world yang luas, menjinakkan beberapa dinosaurus, lalu tema aksi cave dan boss sangat seru dan menantang. untuk developer saya sarankan tambah lagi map seperti Ragnarok seperti fjordur, lost island, dan crystal isle, tapi beberapa perangkat tidak bisa main",Pengguna Google,5,2026-05-26 18:06:40
mantap bosqu,Pengguna Google,5,2026-05-26 12:23:25
bagus banget,Pengguna Google,5,2026-05-26 09:18:17
Allahuakbar harus download data 8gb njir gak ngotak Cok tapi masuk akal,Pengguna Google,5,2026-05-25 18:38:02
bagus,Pengguna Google,5,2026-05-25 10:54:30
baru kali ini Nemu game terbaik sepanjang masa semoga kedepannya makin berkembang agar lebih menarik dan lebih seru memainkan nya,Pengguna Google,5,2026-05-24 22:49:18
please fix rhynioghnata bug its so bad :(,Pengguna Google,3,2026-05-24 20:06:21
"untuk developer,tolong ditambahkan lagi untuk map ark yang lain seperti lost colony.",Pengguna Google,5,2026-05-24 08:41:25
"Game lolok suka tiba² nge crash, padahal lancar² aja pas main",Pengguna Google,3,2026-05-23 23:17:05
aneh ada bug pas mau ganti map tiba tiba dino gw gak muncul udh granding lama lama malah hilang,Pengguna Google,1,2026-05-23 11:52:51
"ni game ngeleg banget udah mah download nya lama, kalo HP kentang jangan coba coba dah download",Pengguna Google,3,2026-05-23 11:33:11
gem nya sangat bagus 🤩🤩🤩🤩,Pengguna Google,5,2026-05-23 09:20:29
gamenya sangat seru,Pengguna Google,5,2026-05-22 19:59:00
coba lu Mai di hp,Pengguna Google,1,2026-05-22 16:43:11
tolong beri tahu saya di mana bisa melihat peta,Pengguna Google,3,2026-05-22 10:10:18
good game,Pengguna Google,5,2026-05-21 03:05:11
sudah bagus tapi aku cuman mau yg bisa mabar bareng,Pengguna Google,5,2026-05-20 15:04:29
"game rusak, bisa-bisa rhyniognatha yang terbilang dino late game dan punya max spawn, malah over spawn, bahkan sejauh ini aku sudah ketemu lebih dari delapan, dengan keadaan lv ku yang bahkan belum menyentuh 40",Pengguna Google,3,2026-05-19 19:54:10
Why does my world often disappear? Is it my device? Am I using Dimensity 9500s? Is it still not enough?,Pengguna Google,1,2026-05-19 15:47:19
"untuk studio wildcard, game nya sangat seru dan bagus saya juga sangat menyukainya saya berharap untuk studio wildcard menambahkan fitur-fitur tambahan seperti fitur memasang mod atau custom map, menambahkan beberapa map lagi seperti the center dan lainya, fitur joystik, dapat di mainkan multiplayer tanpa server official, dan fitur custom control minimal 3 custom control.",Pengguna Google,5,2026-05-19 14:58:14
"game yang sangat menarik dan banyak keseruan yang belum gw ketahui tapi sayangnya gamenya sangat.. sangat.. sangat berat di HP RAM 5,6,7,8, seriuss tapi saran pakai HP ROG fiks langsung gak patah² sama lag² yang penting jangan dimainin oleh pengguna yang memakai HP vivo, samasung kentang, redmi, sekian dari saya makasih buat developer tlkarna telah membuat ini game seru dan sangat.. sangat.. sangat berat 😇😇🤯😮‍💨",Pengguna Google,4,2026-05-18 19:05:56
tidak bisa dimain,Pengguna Google,1,2026-05-18 00:14:03
mau masuk game nya malah keluar terus,Pengguna Google,1,2026-05-16 19:15:43
ini game seru bgt apa lagi kalo main bareng temen pokoknya ni game seru👍,Pengguna Google,5,2026-05-16 17:51:11
beberapa orang tidak bisa mengakses game ini,Pengguna Google,3,2026-05-16 09:44:44
aku suk dino,Pengguna Google,5,2026-05-16 09:08:28
"gamenya kurang lebih bagus aja, tapi fitur save game nya yang kurang bagus dan kurang maksimal, capek capek leveling malah terulang dari awal",Pengguna Google,3,2026-05-16 00:01:15
game ini bagus ini gb nya bisa di kurang gak pls untuk HP kentang grafik nya terlalu bagus jadi pls di kurangin,Pengguna Google,5,2026-05-15 15:53:18
setting ngan bahasannya gk ada bahasa indo sama settingan kontrolnya ribet agak sulit buat ngerti apalagi kususnya gw orang yg gk terlalu paham bahasa inggris,Pengguna Google,1,2026-05-15 11:42:48
gua penggemar topi sihir banget jadi aku rekomen ini untuk pengalaman atau yang udah jadi youtuber kaya dryll yaitu animasi,Pengguna Google,5,2026-05-15 10:43:35
mantap,Pengguna Google,5,2026-05-15 07:38:59
PEAK GAMEEEEE🌹🌹🌹🌹🌹🌹🌹🌹🌹🌹🌹🌹🌹🌹🌹🌹🌹🌹🌹🌹🔥🔥🔥🔥🔥🔥,Pengguna Google,5,2026-05-14 14:41:49
game gila grafik gak main main realistis banget,Pengguna Google,5,2026-05-14 09:46:45
"game bagus walaupun lg tapi masih bisa di mainkan, alhamdulillah nya game nya geratis jadi gak perlu beli , Terimakasih untuk developer semoga umur nya panjang dan sehat selalu amin🙏🙏",Pengguna Google,5,2026-05-14 07:32:11
tolong tambahkan hewan di ark ascendant ke ark mobile,Pengguna Google,3,2026-05-14 07:31:44
"sialan dasar penipuan!!!😡 saya beli paket map bundle di HP saya dengan akun yang sama tapi tidak ada di tablet, ini gimana caranya agar map yang saya bel tadi di ada di tablet saya?😡😡😡😡😡😡",Pengguna Google,1,2026-05-13 23:15:48
mantap,Pengguna Google,5,2026-05-13 18:06:27
nge lag jir tapi bagus kok,Pengguna Google,5,2026-05-12 09:47:46
game nya bagus dan seru banget aku sampe ketagihan main nya tapi saat beli map extincion dan melindungi orbital supply drop hadiahnya yaitu cryopod ga muncul di inventory jadi bisa di ambil tapi ga masuk inventory tolong perbaiki ya karena saya sudah beli map extincion nya mahal banget,Pengguna Google,2,2026-05-11 14:01:52
bug terus kalo main suka kelaur gem nya tolong di per baiki,Pengguna Google,1,2026-05-11 12:48:28
"new map please,",Pengguna Google,5,2026-05-10 13:57:56
lama masuk nya,Pengguna Google,1,2026-05-10 13:38:08
"Game jelek. kendali susah, tombol acak-acakan, tombol bidik di taruh pas di dekat kontrol jalan, tidak adanya joystick mengakibatkan susah untuk berjalan, Tiba-tiba berhenti lari, atau tidak bisa berjalan mundur ketika situasi genting",Pengguna Google,1,2026-05-10 12:07:08
tolong ringan kan lagi game nya,Pengguna Google,2,2026-05-10 10:53:53
game ternak bug,Pengguna Google,1,2026-05-09 23:30:51
bagus banget tapi gbnya lumayan besar,Pengguna Google,5,2026-05-09 20:49:37
peri gud peri nais,Pengguna Google,5,2026-05-09 19:07:29
tambahin map lain plisss,Pengguna Google,5,2026-05-09 07:56:31
tolong optimal kan grafik low lagi rumput kecil di tanah masih bikin lag padahal setting sudah rendah.render distance dan gerakan kamera juga kasih kurang smooth di hp menengah,Pengguna Google,3,2026-05-09 07:45:23
download nya lama banget,Pengguna Google,1,2026-05-09 07:43:12
"tolong dong perbaiki bugnya si stego, gw mau farming pakai ekor si stego malah ga bisa ke farm jir, padahal tuh semak semaknya udah di bawah ekor cuman kagak bisa di farming bagian buah buahan, malah kayu yang di tebang pakai ekor stego. padahal kemarin aja bisa loh sampai stego gw aja ga bisa jalan gara gara kepenuhan buah buahan hasil farming, kok sekarang jadi ga bisa sih? terus 2 kali pula kena bug stegonya anjir, saya harap di perbaiki bagian bugnya 🙏",Pengguna Google,1,2026-05-08 22:53:35
geam ini seru tapg ga bisa dimainin di hp kentang nanti bunyi mesin cukur dan juga ada bug aku taming reeper dan aku ambil telur rocdrek tapi reeper aku ilang dan telur hilang menurut kalian gimana,Pengguna Google,5,2026-05-08 19:54:21
patah patah,Pengguna Google,5,2026-05-08 19:09:58
"pliss saya mau yg versi dlu, versi ini hp saya ga kuat",Pengguna Google,1,2026-05-08 14:31:15
gema bagussss banget kayak di PC,Pengguna Google,5,2026-05-08 13:04:32
"kontrol masih susah dan ribet, wajar sih banyak yg baru main atau nyoba paling dpt 3 hari udah uninstal lagi, engrams ngebug jadi minus jadi susah buat buka blueprint, kalo memang gak siap buat versi mobile yaudah gak usah rilis",Pengguna Google,2,2026-05-08 11:36:47
sangat bagus permainan nya bikin seru tapi ngelek tapi boleh sedikit permintaan untuk fpsnya di turuni,Pengguna Google,5,2026-05-07 17:57:55
konyol belom beli map tapi dah download datanya jadinya ukuran gamenya jadi bengkak 11 gb tan lebih,Pengguna Google,2,2026-05-06 11:02:07
NGEDOWNLOAD DATA NYA LAMA SAMPAH!!!,Pengguna Google,1,2026-05-06 10:43:46
saat saya ingin download files tidak naik naik poin nya padahal jaringan saya kenceng,Pengguna Google,1,2026-05-06 08:41:48
"saya kasih bintang 5 karena seru banget pas di mainin, game ini tidak di sarankan untuk hp kentang, saya cuma mengingatkan saja, saya memakai Poco x7 pro itu sudah lancar banget keren dah pokok nya, apalagi di map Ragnarok",Pengguna Google,5,2026-05-05 20:11:04
dah bagus cuma grafiknya agak diturunin sedikit agar hp saya yang kentang bisa bermain di 30 fps,Pengguna Google,5,2026-05-05 14:37:05
bang timnya ngebak gua mau telepon salju malah kagak bisa padahal sudah bayar 50.000 🙏,Pengguna Google,1,2026-05-05 09:32:48
ahh pdhl ini game impian gua tapi pas gua masuk keluar lagi memang hp ku kentang pengen beli hp baru,Pengguna Google,5,2026-05-04 17:24:16
ini gimana ya developer,Pengguna Google,4,2026-05-04 16:12:19
game nga memang seru tapi butuh banyak waktu saya menunggu sampai 20 jam buat download padahal saya sudah kosongin aplikasi saya,Pengguna Google,4,2026-05-04 15:18:28
"anjeng game gaadill bgt, dino terlalu op, player gadikasi kesempatan di early, pdhl settingan udh easy, kocak",Pengguna Google,1,2026-05-03 22:58:08
kenapa ark nya ga bisa di mainin ya 🤔,Pengguna Google,1,2026-05-03 12:17:39
bagus,Pengguna Google,5,2026-05-03 11:50:05
"sekarang jadi sering force close, dulu awal awal update genesis 1 2 masi lancar.",Pengguna Google,3,2026-05-02 12:31:56
bagus banget ya walaupun agak susah tapi masih ok lah,Pengguna Google,5,2026-05-02 10:43:52
"tolong refund uang saya, saya unrecognized pembeliannya karna saya lupa mematikan subscription, tolon saya membutuhkan uang itu untuk membayar hal yang lebih penting, aku mohon",Pengguna Google,1,2026-05-01 00:58:20
dalam game sering ngecrash sama dino dino susah di taming permudah sedikit gamenya,Pengguna Google,4,2026-04-30 20:17:25
mencari grafiknya bagus 😳,Pengguna Google,5,2026-04-30 14:34:31
Game Ini Sangat Bagus! Saya Tau Alasan Kenapa Game Ini Rating Kecil Karena Grafik Game Yang Gila! Membuat Game Sangat Berat Dan Lag Lag! Saya Harap Lain Kali Bisa Tambahkan Dino Lain Yang Bagus,Pengguna Google,5,2026-04-29 23:07:17
Seru banget,Pengguna Google,5,2026-04-29 21:53:52
dari segi gameplay nya bagus,Pengguna Google,5,2026-04-29 20:42:45
good game,Pengguna Google,5,2026-04-28 13:32:52
tolong munculkan apknya di playstore untuk Poco F5 tolong soalnya tidak kompatibel 😭😭😭😭😭😭😭😭,Pengguna Google,1,2026-04-28 04:25:54
masih patah² tolong tingkatkan terus,Pengguna Google,3,2026-04-27 23:46:45
"Bagus, namun Game ini terlalu berat untuk game Android, di hp Xiaomi Redmi 15 masih mengalami masalah lag dan frame tolong di optimalkan lagi",Pengguna Google,4,2026-04-27 23:26:49
bagus DA welllllll,Pengguna Google,5,2026-04-27 16:11:42
"the most annoying part is, Why you can't pick up your structure back, like picking up back your traps when you done taming some creatures, and moving out your structure to elsewhere. That is so dumb..",Pengguna Google,3,2026-04-27 06:44:29
game ngebug udah di save malah ngulang dari awal lagi,Pengguna Google,5,2026-04-26 00:07:47
"waduh saya kira download 1,4gb langsung main teryata harus download lagi 9gban",Pengguna Google,3,2026-04-25 20:33:20
"bagus bgt pls, apalagi mekanik nya itu bagus²agak susah juga.",Pengguna Google,5,2026-04-25 19:38:39
saya sudah mendownload tapi malah ngestuck 100%,Pengguna Google,5,2026-04-25 15:14:24
game nya seru gk sia sia main dri 2017 sampe skrang main di HP snapdragon 8s gen 3 kuat banget,Pengguna Google,5,2026-04-25 11:20:19
"udah ga bagus, padahal 2024 gw main grafik tinggi pun masih support tanpa patah2",Pengguna Google,3,2026-04-25 08:31:19
tolong di benerin bug stack tombol nya,Pengguna Google,1,2026-04-24 18:53:14
"Bagus, mines cuman kontrol, perlu adaptasi dulu",Pengguna Google,5,2026-04-24 17:17:34
tolong dino rerhyniognatha nya klo dijinakkan masih ada bug yaitu ga ngikutin klo disuruh follow sama bug dino didalam goa ditinggal bentar malah masuk tanah tolong yh update secepatnya,Pengguna Google,5,2026-04-24 03:38:43
the best dino survival... HP kentang skip minggir dlu daripada nanti ga bs main baper ngasi review buruk...,Pengguna Google,5,2026-04-23 22:25:29
gilaaa aku udah dapet spino disini,Pengguna Google,5,2026-04-23 17:48:31
seru,Pengguna Google,5,2026-04-23 16:15:48
"plis wildcard dino tim jangan nge damage osd nya, biar dino corupted aja di map extinction, mau osd ancur mulu gara² dino tim bisa nge damage osd apalagi pas osd ungu pake ice titan baru ronde 2 udah ancur. gara² ice titan dari tim sendiri, kan aneh",Pengguna Google,4,2026-04-23 13:24:17
"Udh save data tapi ga ke save, reset lagi jdnya progresnya",Pengguna Google,1,2026-04-22 21:23:13
sangat menyenangkan kan,Pengguna Google,5,2026-04-22 21:07:23
"bagus, seru,tapi BUG NYA BENERIN LAH GW DAH 1 MINGGU GA MAIN SERVER, BOSEN BANG NI TAIK",Pengguna Google,5,2026-04-22 18:14:14
gamenya sudah bagus tapi tolong update supaya tanaman dan rumputnya menjadi lebih sedikit dan render jaraknya dibatasi karena game ini ada di android supaya bisa merasakan bermain game ini dengan lancar,Pengguna Google,1,2026-04-22 17:56:17
mantap gw mah,Pengguna Google,5,2026-04-22 16:00:20
game ini bisa main di ps dan aku baru liat ada game ini,Pengguna Google,5,2026-04-22 15:18:29
game nya lama kali mendownload dan juga susah tidak ada petunjuknya 😡🤬🤬😡💢💢💢💢,Pengguna Google,1,2026-04-22 13:42:30
nice,Pengguna Google,5,2026-04-22 01:18:20
game nya bagus tapi banyak bug yg bikin kesel,Pengguna Google,3,2026-04-21 08:51:42
bagus jir walopun downloadnya lana tapi kayak lega banget akhirnya bisa kayak yutuber yutuber main ark seruuuu😘 seruuu parahhhh,Pengguna Google,5,2026-04-21 05:11:28
gak bisa di mainin solanya lama aloding,Pengguna Google,1,2026-04-20 20:44:03
sangat bagus dan grafik lebih bagus,Pengguna Google,5,2026-04-20 16:40:55
tambahkan deinosuchus sama deinotherium dong,Pengguna Google,5,2026-04-20 06:33:16
dowload lama harus iflel lama kali cok,Pengguna Google,4,2026-04-20 01:15:03
bagus banget gemes ya aku suka makasih bang udah buatin gem sebagus ini,Pengguna Google,5,2026-04-19 18:50:33
pls eliminate game in newbie,Pengguna Google,5,2026-04-19 17:20:31
"mirip bgt sama yang di pc, saking miripnya jdi agak susah buat maen di mobile. device juga udh lumayan bagus pake Snapdragon 8 Gen 1, ram 12/256 tpi tetep cepet panas klo maen game ini. mungkin harus di simplifikasi ajh biar cocok jdi mobile game, lebih dipermudah karena klo di pc kita maen pake 2 tangan, sedangkan di mobile cuma 2-3 jari",Pengguna Google,3,2026-04-18 14:00:38
fun to play,Pengguna Google,5,2026-04-18 11:19:57
game nya sangat bagus,Pengguna Google,2,2026-04-18 01:24:36
"pelit banget tombolnya, gakbisa custome tombol lg...",Pengguna Google,4,2026-04-18 01:06:55
I HOPE THE DEV FIX THE BUG ON ENTIRE GAME AND ADD FOR LOW SETTING FOR low device so anyone can play,Pengguna Google,3,2026-04-17 22:00:04
good game,Pengguna Google,5,2026-04-17 21:38:08
sangat bagus tapi kasih Cave plsss,Pengguna Google,5,2026-04-17 20:51:29
bagus banget buat pencinta dino termasuk sya bisa explore punya temen dino best lah💯💯💯,Pengguna Google,5,2026-04-17 19:59:46
"game gajelas, udah susah susah ngumpulin dino, uda dapet mutasi, trex, giga, charca, tiba tiba item sama dino ilang semua ajg,",Pengguna Google,1,2026-04-17 18:48:11
lama banget loding nya di percepet dong diveloper ark ya sekarang lahhh plissssss,Pengguna Google,4,2026-04-17 18:18:22
"Dear developer, this game really lives up to my expectations. I lost track of time playing it. It's not perfect yet, but that can be improved over time. Maybe I'll give some feedback, especially on the optimizations that are still lacking, there are still a lot of bugs, but that's okay. Then I hope the cryopod will be free like ARK PC, and there are features viewing torpor creatures like the old ARK, then the damage viewing feature, I hope the developers consider it.",Pengguna Google,5,2026-04-16 23:19:10
aku kecewa gk ad deinosuchus di ark mobil,Pengguna Google,2,2026-04-16 21:55:08
Bagus game nya,Pengguna Google,5,2026-04-16 18:04:07
kok gw gk bisa unduh data awal padahal internet bagus,Pengguna Google,1,2026-04-15 18:26:53
Kenapa pas gak bisa main udah banyak progressnya,Pengguna Google,3,2026-04-15 15:21:59
"dulu pernah main tapi belum bisa tamatkan , setelah update besar di hp gw gk kuat,saran hp ap yg bisa main tanpa leg",Pengguna Google,5,2026-04-14 21:04:47
gamenya lag parah mending ark yg dulu cmn 2 gb,Pengguna Google,1,2026-04-13 20:39:20
sangat seruh dan menantang -kesalaha lag,Pengguna Google,5,2026-04-13 15:14:56
saat sudh selesai ulang lagi dari awal,Pengguna Google,1,2026-04-12 14:25:26
data-data nya tiba-tiba hilang dan selalu terjadi,Pengguna Google,5,2026-04-11 17:08:30
jelek ga ada ultraman,Pengguna Google,1,2026-04-11 15:51:56
udh di siapin kuota 100gb eh malah stuck download,Pengguna Google,1,2026-04-10 15:47:12
bagus xhhchcc,Pengguna Google,5,2026-04-10 15:41:14
"rame kali Bug nya ini game , dikit dikit nge bug , dari game survival jadi game restart",Pengguna Google,1,2026-04-09 20:16:28
saat aku coba tidak bisa itu kenapa ya?,Pengguna Google,1,2026-04-09 19:29:12
"bundle map gak include cheat console, beda sama di PC not worth to buy",Pengguna Google,3,2026-04-09 18:51:50
"game keren keren banyak bug, download additonal file dri tdi ngestuck terus paket data habis tpi ark main aja belum,bngst",Pengguna Google,3,2026-04-09 17:55:32
aku lumayan males main game ini karena udah nge habisin lebih dari 8gb tapi tetap ngelag mungkin kalo aku bisa main bakal bintang 5,Pengguna Google,3,2026-04-09 13:35:14
memiliki gerafik yang sangat ok,Pengguna Google,5,2026-04-09 12:17:33
good,Pengguna Google,5,2026-04-09 01:38:08
servernya ga jelas.sering keluar sendiri.dan ditambah frame banget di hp,Pengguna Google,1,2026-04-08 22:30:51
"ternyata enak klo udah di mainin, dan di atur grafis nya... lancar jaya.",Pengguna Google,5,2026-04-08 17:34:45
game nya bagus tapi loading nya di perbaiki agar tidak lama semua nya bagus kok,Pengguna Google,5,2026-04-08 15:21:58
game nya keren dan lumayan susah dan lama buat di main kan cocok buat yang suka game tentang dinosaurus dan ada survival nya👍,Pengguna Google,5,2026-04-07 23:43:39
mohon untuk developer biar kalo main di dimensity buat lancar jangan frame drop tbtb,Pengguna Google,5,2026-04-07 21:05:57
"lebih suka ark versi lama karna lebih ringan, skrng sangat tidak mendukung dihp saya pdhl sudah lama saya nanti kan versi terbaru ark tetapi saya sngat kcewa",Pengguna Google,3,2026-04-07 19:38:13
gamenya sangat alam,Pengguna Google,5,2026-04-07 15:37:32
aku cuman ingin ark yang dulu ark survival evoved,Pengguna Google,1,2026-04-07 14:02:02
ini game berat melebihi genshin. mainn genshin lancar main ini lag bat tiba tiba crash. tolong di ringankan pemerintah,Pengguna Google,3,2026-04-07 13:09:52
saya kasi 5 bintang karena ini game yang sudah saya tunggu sejak lama meskipun ada beberapa bug,Pengguna Google,5,2026-04-07 04:37:08
MANTEPPP POLLLLLL,Pengguna Google,5,2026-04-06 22:10:28
tolong grafis nya kecilkan ini sangat lag untuk di bawah ram 6 dan 8!,Pengguna Google,5,2026-04-05 22:57:20
"Dulu pernah main ark lancar lancar aja tapi kok sekarang nggak bisa login,malah black screen,tiba tiba malah out,diulang ulang masih aja black screen.Habis update malah kayak gini,KECEWA BERAT",Pengguna Google,4,2026-04-05 22:13:13
"tolong untuk developer, buatkan ark ume yang mode single player, bisa mabar, tapi menggunakan hotspot seperti minicraft, biar seru dan hemat batrai, + tidak ada yang mengganggu",Pengguna Google,5,2026-04-05 20:17:05
mantap grafiknya bagusss👍,Pengguna Google,5,2026-04-05 17:23:42
Nice,Pengguna Google,5,2026-04-05 14:18:56
game terbagus,Pengguna Google,5,2026-04-05 13:53:58
keren,Pengguna Google,5,2026-04-05 09:01:53
"leg parah tolong ukuran gem nya agak di kecilin kayak ark yg lama cuma 2 GB,katanya data tambahan nya 2 GB,lah ini 8 GB.tolong defiloper agak di perkecil ya ukuran gem nya untuk update selanjutnya itu aja sih",Pengguna Google,4,2026-04-04 21:55:59
bagus,Pengguna Google,5,2026-04-04 21:41:43
Game ini sangat bagus tidak ada bug yang saya alami namun untuk hp yang ram 12kebawah grafik nya harus memakai battery saffer mode agar tidak ngeleg,Pengguna Google,5,2026-04-04 07:02:36
Kenapa di Xiaomi pad 7 langsung crash ? 🥹,Pengguna Google,1,2026-04-04 00:14:07
kerenn,Pengguna Google,5,2026-04-03 22:45:24
kenapa harus ada mini game untuk main,Pengguna Google,1,2026-04-03 21:31:27
sistem room play onlinenya tidak jelas saya tidak bisa melakukan chat global atau chat lainnya saat di room bahkan tiba-tiba di kick dari room dengan alasan cheat padahal baru masuk room belom buat ini itu room PvE pula di tambah lagi tidak ada room fresh yang mana saat bergabung sudah 99% dinonya sudah di tham tinggal dodo yang ke sisa kalau dibandingin sama yang versi steam seperti langit dan bumi njir bisa di sebut game yang sudah di telantarkan developnya untung ga jadi beli paket Gc,Pengguna Google,3,2026-04-03 19:48:38
"saya hanya kurang suka dengan bug Cave nya, sistem spawn dino d cave masih belum lancar dino yg muncul hanya sedikit d cave padahal udah lama rilis kirain dah di benerin. untuk sisanya masih aman lah walau ya masalah wajib online dan storage yg gede buat agak² jg tapi masih ok namanya jg game PC.",Pengguna Google,4,2026-04-03 19:11:05
gua suka game ini tapi lama loadingnya please developer cepatin dong,Pengguna Google,3,2026-04-03 15:37:01
pliss gua dah beli ragnarog Genesis 2 1 bulan kemudian game nya gak bisa GUA MASUKIN tolong benerin bag nya biar GK kena oranglain nya,Pengguna Google,1,2026-04-03 14:35:41
"gajelas tiba"" kereset dunia padahal udah di save",Pengguna Google,2,2026-04-03 13:01:45
"game nya sih keren banget dan lengkap juga,tapi karna hp ku kentang banget dan game nya berat itu jadi berat banget buat hp kentang ,saran tambahin grafik halus dan nonaktifkan rumput agar fps bisa lebih baik",Pengguna Google,2,2026-04-03 12:52:55
aku suka game ini karna aku nonton org lain !!,Pengguna Google,5,2026-04-03 11:24:10
bagus,Pengguna Google,5,2026-04-02 22:06:54
pengen main tapi hp patah2 ga seperti dulu yg masih enak buat main coba roam 4 normal pasti banyak yg main,Pengguna Google,2,2026-04-02 01:54:41
game nya bagus banget bintang ⭐⭐⭐⭐⭐ 5/5 BISA MABAR JUGA,Pengguna Google,5,2026-04-01 19:33:11
god console tidak bisa di restore,Pengguna Google,1,2026-04-01 17:39:27
bagus tapi susah,Pengguna Google,5,2026-04-01 17:39:08
good game but to hard for my phone So please make it easier for cellphones that can't afford it and I have a complaint that my dino doesn't want to follow the whistle.,Pengguna Google,5,2026-03-31 22:27:05
support play pass dong,Pengguna Google,5,2026-03-31 22:04:15
saya mau main tapi gak bisa karena Ram Saya kecil Ram 8 😭😭😭😭😭,Pengguna Google,5,2026-03-31 20:59:50
semoga bisa dimainin di hp kentang juga,Pengguna Google,5,2026-03-31 17:29:47
"ngatel ngakbisa dibuka,pas dibuka keluar sendiri terus,aku belum pernah mencoba memainkan nya karna tidak bisa dibuka",Pengguna Google,1,2026-03-31 10:45:55
udah download nya lama abis di dalam game nya disuruh dowload lagi hadeh hadeh😤,Pengguna Google,1,2026-03-30 19:27:56
"bagus si tapi mengapa saat saya masuk ke world survival sering terjadi force close padahal hp saya baru beli + precesor helio g99, sedangkan hp saya yabg hp oppo a58 tidak terjadi force close saat masuk ke world",Pengguna Google,4,2026-03-30 16:34:45
dlu gw main grafik rata kanan gak lag tapi kok skrg grafik sedang lag bgt ya?pdh device masih sama dan penyimpanan gak penuh,Pengguna Google,1,2026-03-30 14:03:56
kalau nggak niat buat game buat apa di susahin buat masuk game nya,Pengguna Google,1,2026-03-29 22:46:07
kayaknya hp nya yg masalah tapi bagus game nya,Pengguna Google,5,2026-03-29 21:39:29
"saya suka dino dan berpetualangan, dan game ini cocok buat saya walaupun ngelag, tapi overall bagus",Pengguna Google,5,2026-03-29 21:34:15
"It's actually good but there's a bug where dinos often disappear, items often disappear",Pengguna Google,4,2026-03-29 18:38:11
"bro kalian harus memberikan game ini fitur Setting yg ada di Ark Pc, seperti wilddino food drain atau semacamnya,selebihnya ini game sudah bagus",Pengguna Google,3,2026-03-29 15:27:25
game nya bagus tapi mohon untuk tambahan sering grafik nya soal nya meskipun semua rata kiri tetep ngelag,Pengguna Google,3,2026-03-29 09:01:36
ok,Pengguna Google,5,2026-03-28 21:50:38
gamenya bagus tapi pas udah donlot data pas pencet Strat gabisa masuk malah tiba tiba restard sendiri padahal ini teb Infinix,Pengguna Google,1,2026-03-28 21:00:08
tidak dapat di mainkan,Pengguna Google,1,2026-03-28 18:22:50
"ini untuk yang mau install game ARK ultimate mobile edition -pastikan mempunyai hp yang memiliki ram yang lebih banyak dari 8 -kalian harus nunggu agak lama saat download data dan minigame -kalau sudah bisa mulai main tapi hanya di satu map utama -hati hati semua makhluk/dino yang ada di game ini sangat berbahaya dan mematikan untuk player, jadi disarankan untuk spawn di safe zone -saat malam hari game ini berubah menjadi game horor🗿 -kalau mau main multiplayer bisa buat akun dulu",Pengguna Google,5,2026-03-28 15:53:57
seru banget,Pengguna Google,5,2026-03-28 12:02:42
gamenyabagus,Pengguna Google,5,2026-03-28 08:28:01
please add a setting to turn off the effects the phenomenon of swaying leaves. because of that the heavy effect is like the shadow effect,Pengguna Google,3,2026-03-28 07:58:09
aku beri Bintang 1 karena ada bug menembus batu,Pengguna Google,1,2026-03-28 06:27:09
aku gak bisa masuk ke dalam game ya,Pengguna Google,1,2026-03-27 22:33:54
layout tombol nya busuk udah gitu GK bisa di atur lagi,Pengguna Google,1,2026-03-26 05:43:28
this game is good but can u make it feather weight for low-mid phone?,Pengguna Google,5,2026-03-25 22:50:46
bilangin ke epic games makasih udah bikin game segokil dan semantap ark🔥🔥,Pengguna Google,5,2026-03-25 21:56:52
"ngotak lah anjay,gw main normal ngeclaim item dekat spiral putih dibilang hacking anjay,sampah ini game",Pengguna Google,1,2026-03-25 20:09:18
ini gem impian saya tapi. satidak bisamain,Pengguna Google,5,2026-03-25 19:38:46
gamenya bagus dan keren tapi kenapa ya GK ada kayak kalo kita serang dino atau diserang dinonya itu gak ada kayak nomornya/damagenya jadi aku gak tau damage dino liar dan dino tamingan ku masa harus pake command,Pengguna Google,4,2026-03-25 19:23:46
agak lama buat nunggu taming,Pengguna Google,5,2026-03-25 18:19:58
"apalah, FC Mulu padahal internal masih 90 GB an, ram juga 8, g bisa masuk tuh gamenya tolong wildcard perbaikilah game mu ini saya pengen bet main ark soalnya",Pengguna Google,2,2026-03-25 18:03:04
memang seruh tadi di tunggu 5jam baru bisa masuk tolong percepat loading nya 可靠咳嗽 yaaaaaa >:(,Pengguna Google,3,2026-03-25 16:23:02
bagus,Pengguna Google,5,2026-03-25 08:02:17
saya top up key selesai pembayaran key tida masuk tanggapan?,Pengguna Google,1,2026-03-25 03:44:30
mantep. bgt,Pengguna Google,5,2026-03-24 20:36:41
bagus tapi tolong lebih diringankan game nya,Pengguna Google,4,2026-03-24 20:20:12
ini game nya bagusツ,Pengguna Google,3,2026-03-24 20:16:56
GAME INI SANGAT SERU BUAT ORANG YANG SUKA PETUALANGAN DAN BERTAHAN HIDEMUP,Pengguna Google,5,2026-03-24 18:21:54
"lagi naik perahu. tapi kok tiba² berhenti? padahal di bawah nya gak ada batu atau apa. keluar game juga tetep kaya gitu, sampe diserang dino predator lain. tolong diperbaiki",Pengguna Google,1,2026-03-24 15:19:48
"puas banget, nagih, pengen main terus",Pengguna Google,5,2026-03-24 08:43:44
bagus,Pengguna Google,5,2026-03-24 08:42:08
game nya bagus apalagi grafik nya kalo main ini bad mood mu hilang,Pengguna Google,5,2026-03-24 07:18:50
"sedikit info buat kalian yang mau instal, sekarang gamenya jadi online, mau main single player pun tetep online, meski kalian mencoba masuk dengan menggunakan data tetap saja saat di matikan datanya nanti akan error dan tidak bisa bermain, itupun masih nge lag walau menggunakan data, berbeda dengan dulu yang bisa offline, saya cuman mau nostalgia aja download lagi ini game, setelah instal di playstore 1,5GB an, akan ada tambahan data sebesar 8,5GB di in-game nya, tolong like ulasan ini ya😇",Pengguna Google,4,2026-03-23 18:42:36
login dalam gamenya lama kali MP3 Adam gue nungguin,Pengguna Google,1,2026-03-23 17:39:32
keren dan bagus aja si,Pengguna Google,5,2026-03-23 15:17:41
bagus,Pengguna Google,4,2026-03-23 12:27:40
kece,Pengguna Google,5,2026-03-23 09:00:36
This game is very incompatible unlike the previous version (ark survival evolved) which was much more compatible in the game where frame drops very often occur.,Pengguna Google,2,2026-03-22 21:10:34
bahasa nya kalau dapat di buat bahasa indonesia nya. gak semua orang bisa bahasa inggris,Pengguna Google,4,2026-03-22 12:13:09
Gamenya ngebug baru login udah keluar sendiri,Pengguna Google,1,2026-03-22 05:58:49
download nya lama tolong di percepat tapi aku pernah main ini geme nya mantap,Pengguna Google,2,2026-03-21 23:17:15
jember utara 🥰,Pengguna Google,1,2026-03-21 21:02:34
gamenya kurang optimal pay to win dan harga map yang mahal,Pengguna Google,3,2026-03-21 00:34:57
Hmmm...jika ini game tidak berat mungkin kalian akan mendapat kan nilai yang bagus dari kita!,Pengguna Google,3,2026-03-20 18:03:04
gk bisa di download padahal untuk download nya udah full,Pengguna Google,1,2026-03-20 15:04:34
"ini bagus, cuma tolong tambahin fitur mods . kalian para developer bisa kasih website tapi gratis ya, kalian boleh kasih mod berbayar tapi awesome spyglass, awsome teleporter, sama dino storage jangan berbayar. saya pengen mod itu untuk membantu saya dan menggantikan cryopod yang di HP ku harus pake cryofridge",Pengguna Google,4,2026-03-20 09:37:34
sangat bagus tapi grafik nya bisa membunuh hp,Pengguna Google,5,2026-03-20 08:53:52
"udah beli DLC aberration, malah force close, padahal sebelum nya gak pernah, saya minta refund",Pengguna Google,1,2026-03-20 03:09:36
SAYA SUKA,Pengguna Google,5,2026-03-20 02:18:11
server jelek,Pengguna Google,1,2026-03-19 19:57:45
saya sudah membeli map genesis 2 tapi pas mau main kok game nya keluar sendiri pas coba lagi hasil nya tetap sama,Pengguna Google,1,2026-03-19 18:51:14
aku lama menunggu loading data atau Download data pliss gimana,Pengguna Google,3,2026-03-19 12:56:36
saya tidak dapat download game ini,Pengguna Google,1,2026-03-19 10:21:00
gak bisa login,Pengguna Google,1,2026-03-19 10:00:13
ga bisa login ke game nya si hp aku,Pengguna Google,2,2026-03-19 09:22:14
tolong ringankan game ini soalnya aku kalau mainnya suka ngelek,Pengguna Google,2,2026-03-19 09:08:23
game yang sangat ramah untuk hp kentang dan Nokia jadi kalau kalian cari game gabut pilih a.r.k sih fixx,Pengguna Google,5,2026-03-19 01:08:52
"Dev Please optimize the display for tablets (mi pad 7 pro) currently the graphics are blurry, not as clear as on PC, I have set the graphics to HIGH",Pengguna Google,1,2026-03-18 22:10:47
game ini aneh setelah aku mendownload apk dan data nya aku langsung tidak bisa main entah karna apa?,Pengguna Google,1,2026-03-18 21:41:57
download datanya lama sekali,Pengguna Google,1,2026-03-18 20:54:02
gamenya seru tapi ada beberapa bug yang belum di fix sih tapi kok gak ada sawit yah padahal pengen jadi bandar sawit di server.,Pengguna Google,5,2026-03-18 09:16:00
"cash grab game. developer tidak optimasi game yang di-port dari game pc jadi size berat karena aset cuma nyomot, beda dengan developer ark sebelumnya",Pengguna Google,2,2026-03-18 07:39:45
"ark game developers, please add playing with friends via local hosting, I really want to play with my brother without having to use a server",Pengguna Google,4,2026-03-17 20:00:43
seru dan sangat bagus dan berbeda dari game lain,Pengguna Google,5,2026-03-17 19:51:33
ini tutorial nya lama parah,Pengguna Google,3,2026-03-17 18:47:35
"gak bisa di mainin pas login kepental terus,lain kali perbaiki game nya ya min",Pengguna Google,1,2026-03-17 17:30:48
seru,Pengguna Google,5,2026-03-17 15:46:43
tolong game nya di perbaiki saya masih mengalami bug keluar sendiri saya merasa sangat kecewa tidak bisa memainkan game ini,Pengguna Google,1,2026-03-17 13:45:30
"tolong pas download data nya jangan sampai 8 gb,sampai 3 gb saja🙏",Pengguna Google,4,2026-03-17 13:39:18
game nya bagus tapi habis download game harus download memories nya lagi,Pengguna Google,3,2026-03-17 12:09:47
tolong jangan download nya 8 GB lag banget terus aku gak bisa main harusnya diperkecilkan gbnya sampe 4gb biar bisa main buat hp kentang lah,Pengguna Google,3,2026-03-17 09:49:53
bagus,Pengguna Google,5,2026-03-17 07:17:14
bagus sih tapi gak kayak dulu yang online bisa mabar,Pengguna Google,3,2026-03-17 06:30:32
"ada sedikit yang kurang bagiku diark ultimate mobile edition ini, yaitu mod seperti di ark survival survival atau ark survival ascendad aku harap di ark ultimate mobile edition juga ditambahkan sebuah mod",Pengguna Google,3,2026-03-17 05:29:44
"loding nya lama banget udah tunggu setengah jam ga masuk masuk jadi ga sempet gimana game nya , tolong lah defeloper nya ini main nya di hp",Pengguna Google,1,2026-03-16 21:38:59
bagus tetapi di hp saya ngelag namun tetap seru,Pengguna Google,5,2026-03-16 21:37:41
"Game port gratis setimpa dengan iklan dan Dlc nya, GG (Good Game)",Pengguna Google,5,2026-03-16 21:10:11
game nya bagus tapi tolong jangan 1gb downloadnya 500 mb aja,Pengguna Google,5,2026-03-16 19:51:11
bagus dan gw suka banget,Pengguna Google,5,2026-03-16 16:44:40
tolong kasih indikator atau informasi tentang dinosaurus nya agar kelihatan levelnya HP nya dan jika udah mau pingsan tolong dibaca pliss soalnya ribet banget,Pengguna Google,5,2026-03-16 15:32:00
loding nya lama baget sampai Mukin 3 Minggu,Pengguna Google,1,2026-03-16 15:13:33
"bagus gama nya,saran ku tambah kan map valguero",Pengguna Google,5,2026-03-16 13:54:18
bagus,Pengguna Google,4,2026-03-16 12:40:11
Lumayan,Pengguna Google,4,2026-03-16 12:04:16
Game ini sangat seru,Pengguna Google,5,2026-03-16 12:01:35
pls bagi admin turunin lah grafiknya udh rata kiri masih aja patah²,Pengguna Google,3,2026-03-16 11:48:23
"patah"" banget monyet padahal dulu gak gini",Pengguna Google,3,2026-03-16 11:43:43
"lama banget download nya sampe nunggu beberapa jam sama kalo udah setengah progress nya kalo kaluar game nggulang lagi , tolong banget di kecilin jadi 3 atau 6gb",Pengguna Google,2,2026-03-16 10:03:17
"Please, for the Ark developer and his team, fix the bug that comes out automatically immediately, because when we want to play there is only a black screen even though the network is smooth so that we, fellow Samsung and Android users, can play this game, even though I used to be able to play it but now I can't. Please fix it and please respond we all players.",Pengguna Google,5,2026-03-16 09:12:16
aku dah donlot masih harus download file besar pulak nunggu nya lama jugak,Pengguna Google,1,2026-03-16 08:23:35
maaf game nya saat di update ada bug. saat menaiki dino jatuh sendiri,Pengguna Google,2,2026-03-15 20:47:08
game nya sih bagus cuman pas download map nya lama banget giliran udh masuk nih ke in game nya grafik nya kek gts sanAndreas,Pengguna Google,4,2026-03-15 19:05:35
susah tapi seru!,Pengguna Google,5,2026-03-15 18:11:04
"Please when will you update the map again, developer?",Pengguna Google,3,2026-03-15 16:29:05
rada ny kaya ronyyy,Pengguna Google,5,2026-03-15 14:06:15
seru,Pengguna Google,5,2026-03-15 12:46:23
game topi sihir ini saat bagus,Pengguna Google,5,2026-03-15 12:24:53
sebenarnya gamenya bagus aja sih seru sih tapi saat masuk ke gamenya udah masuk tiba-tiba jadi lama banget sampai sore,Pengguna Google,5,2026-03-15 12:06:02
bagus,Pengguna Google,5,2026-03-15 11:47:51
bagus,Pengguna Google,5,2026-03-15 10:19:58
game terlag sedunia padahal hpku ram 12 GB UDAH LOW grafis lagnya ga berubah...ark ume semakin jelek jgn donwload kalau ga mau nyesal,Pengguna Google,1,2026-03-15 09:28:31
"lama loadingnya dikasih minigame lagi layar biasa aja,lebih enak lama² saya download eh disuruh download file,itu komplainan saya",Pengguna Google,2,2026-03-15 09:18:51
kalo saya bermain di dalam geme layar nya eror dan tidak bisa di main kan,Pengguna Google,1,2026-03-15 08:30:54
"bikin kecewa aja kompetible download tapi terus crash, kalo gini optimalkan terus lah biar ga crash, pengen juga maen next version nya soalnya Ampe sekarang Masi maen yang survival evolved.",Pengguna Google,2,2026-03-15 08:16:08
"gamenya bagus, aku suka game ini. dinonya juga banyak, pokoknya bintang 5",Pengguna Google,5,2026-03-15 00:00:31
"versi remake ini sangat bagus grafis dan ekspansinya, dsni hal yang paling menjengkelkan adalah fitur cooking pot tidak bisa digunakan untuk membuat berbagai jenis kibble, tolong segera diperbaiki.",Pengguna Google,3,2026-03-14 23:42:31
keren sekali,Pengguna Google,5,2026-03-14 15:13:39
scammmm,Pengguna Google,1,2026-03-14 12:57:26
Game apa ni server nya gajelas saya ngeglitch nge glitch karena emang server nya jelek malah dikira ngecheat trus gak bisa masuk sekali nya masuk item saya ilang semua saya pikir mati ternyata gak emang ilang,Pengguna Google,2,2026-03-14 12:57:13
di karankan apk ini belom ada playsotre saya,Pengguna Google,1,2026-03-14 12:16:56
seru,Pengguna Google,5,2026-03-14 11:14:31
main ini gara gara bg deril,Pengguna Google,5,2026-03-14 10:48:50
saya telah mencoba dan melihat vidio darrly,Pengguna Google,5,2026-03-14 10:29:26
this is so good but the storage is 8gb but its doesnt matter,Pengguna Google,5,2026-03-14 09:48:28
game mya seru tapi sering force close mekanik nya agak susah sama pas lagi crafting tiba tiba game nya crash tolong di perbaiki admin ark,Pengguna Google,4,2026-03-14 07:12:23
gw kasih 4 karna pas gw main brp hari tu terkadang sering lemot tapi game nya tetep bagus,Pengguna Google,4,2026-03-13 23:25:33
bagus,Pengguna Google,5,2026-03-13 21:24:24
tidak bisa masuk ke gemenya mohon di perbaiki ya,Pengguna Google,1,2026-03-13 15:26:39
"For Studio Wildcard, we ask for help to make the game a little lighter so it can be played on a potato phone. You are asking for Studio Wildcard",Pengguna Google,5,2026-03-13 14:51:28
game lama donload,Pengguna Google,2,2026-03-13 14:23:33
ga sebagus dlu sekarang jd sering force close,Pengguna Google,1,2026-03-13 12:47:21
gua suka ini game,Pengguna Google,5,2026-03-13 12:15:45
bagus cuma agak bingung aja mainnya,Pengguna Google,4,2026-03-13 12:10:14
gak bisa sign in ajg,Pengguna Google,1,2026-03-13 11:33:47
seru bgt dah,Pengguna Google,5,2026-03-13 08:29:27
tolong ganti cara mendownload data nya kenapa Binta 4? karna saya tidak suka cara mendownload data nya yang lama,Pengguna Google,4,2026-03-13 06:54:32
gw yang punya hp kentang : tertawa tapi terluka😹,Pengguna Google,3,2026-03-13 04:23:03
gak bisa dimainin,Pengguna Google,1,2026-03-12 21:58:51
ngeleg Cok🤬,Pengguna Google,5,2026-03-12 20:43:16
game ini sangat asik fantasi nya sangat berasa apa lagi ada. musuh yang sangat kuat,Pengguna Google,5,2026-03-12 19:07:41
ngeleg brodi saya sudah coba game ini dari tahun 2025 dan itu ngeleg banget jadi saya kasi ⭐,Pengguna Google,1,2026-03-12 17:08:19
gamenya bagus cuma rada ngelek sama patah-patah terus suka keluar sendiri,Pengguna Google,5,2026-03-12 16:12:57
kalo suruh buat akun tuh yg bener napa gw dah dapat malah gk bisa gk gls nih geme,Pengguna Google,2,2026-03-12 15:38:08
udah stabil udah gak seprah dulu,Pengguna Google,5,2026-03-12 14:39:40
saya saat download ngulang dari 0 lagi udah 100 turun jadi 0,Pengguna Google,1,2026-03-12 08:22:30
saat di in game layar HP saya tidak sesuai dengan apa yang saya click saat di in game dan susah banget pencet sesuatu,Pengguna Google,1,2026-03-12 03:01:48
bagus,Pengguna Google,3,2026-03-11 23:18:34
woy ko donglowd data nya lama gw jadi bosen nih🤬,Pengguna Google,1,2026-03-11 22:57:51
berat ga cocok buat hp kentang,Pengguna Google,1,2026-03-11 22:35:01
loading ya lama,Pengguna Google,1,2026-03-11 22:19:26
bagus,Pengguna Google,5,2026-03-11 17:32:54
gamenya oke tapi banyak bug dan juga sering crash + download data juga lama bgt sumpah buatin lah setidaknya agar ga gampang crash,Pengguna Google,3,2026-03-11 17:25:04
"This game was awful and developer was lazy af. imagine, you need update 5 GBs every second to update small changes and that update take 5 hours to wait also screen must still on... I struggle this for a year now even though I have awesome phone that is Samsung S24 ultra but this dev care nothing to fix it...well they stupid at making money after all that's why",Pengguna Google,1,2026-03-11 15:21:45
Game Nya Udh Bagus Tapi Optimalisasi nya Jelek Suka Frame Drop Semoga update kedepannya nya di perbarui,Pengguna Google,4,2026-03-11 15:02:23
download cuma mentok 300 mb terus ngulang setiap hari kek gitu kapan di perbaiki nya kemarin bisa main sekarang malah gak bisa aneh,Pengguna Google,1,2026-03-11 14:49:56
ini game cocok dapat bintang lima soal nya aku main ini dari dulu dan sekarang aku sudah jadi pro dan semua titan yang susah didapatin semuanya mudah buat aku coba tambah titan yang lebih kuat buat aku soalnya mudah semua,Pengguna Google,5,2026-03-11 13:30:23
gak bisa dimainkan udah berkali-kali coba keluar game mulu 😑,Pengguna Google,1,2026-03-11 13:18:17
kadang lodingnya ada bug tapi seru,Pengguna Google,4,2026-03-11 13:04:46
"gw udh download gameny dulu gk gini klo dulu masih bisa dimainin tpi klo skrng pas pengen masuk gameny malah force close gw cb public gk bs pas pengen join epicgame jg susah bgt udh pke platform google,facebook jg gk bs pls perbaiki lagi game ini",Pengguna Google,1,2026-03-11 12:29:31
"ane kasih 4. setelah 2 minggu main ada beberapa bug 1. setelah panen batu atau pohon, terkadang masih terhalang padahal bendanya sudah tidak ada 2. akun epic selalu logout otomatis dan tidak login otomatis jg mohon diperbaiki karena mengganggu kenyamanan bermain. baru nemu setelah sebulan main, game sering keluar sendiri Hai admin, saya setelah membeli akun kenapa map tidak terbuka semua? saya membeli akun map terbuka semua. tolong dipertanggungjawabkan",Pengguna Google,1,2026-03-11 08:30:32
please fix bug force close game dalam bermain berberapa menit,Pengguna Google,5,2026-03-11 07:09:54
"Please optimize it again for cellphones that are not strong enough. If you optimize it, many people will definitely play it.",Pengguna Google,2,2026-03-11 04:15:19
"mau main lagi game ini, tapi hp nya gak mendukung😢",Pengguna Google,5,2026-03-11 01:58:42
game nya seru dan bagus,Pengguna Google,5,2026-03-11 00:33:45
game impian tapi hp ku gak sanggup setiap masuk game nya malah keluar sendiri dari game nya🙂🙂🙂,Pengguna Google,5,2026-03-10 20:47:42
Still lag but ITS improve but not enough still i get crash half played the game,Pengguna Google,1,2026-03-10 19:18:00
suka keluar tiba tiba,Pengguna Google,1,2026-03-10 14:59:43
game nya sih bagus tapi tolong grafik nya dikecilin soalnya aku main kan ya trs patah patah padahal aku mau main kyk bg Darryl aku mau balaskan dendam ke yang buat Darryl hancur,Pengguna Google,4,2026-03-10 12:44:04
optimisasi nya mohon di perbaiki masa udah low semua Masi lag tolong di fiks bintang 5 biar org bisa baca,Pengguna Google,5,2026-03-10 08:38:16
"AWAL MAIN LAYAR BUG HITAM KETIKA LIHAT MATAHARI FLASH NYA GEDE BANGET PADAHAL UDAH SETTING BINTANG DULU YA,TOLONG DISTABILKAN GAME NYA PATAH² LAG DAN BUG GK BISA OFFLINE",Pengguna Google,1,2026-03-10 04:54:15
"kepingin main tapi g bisa di android gpp kasih bintang 5,aja",Pengguna Google,5,2026-03-09 22:09:50
tidak bisa main dianderoit,Pengguna Google,4,2026-03-09 19:49:59
lama download ny masak harus 4 jam di gw,Pengguna Google,1,2026-03-09 19:22:11
sangat bagus,Pengguna Google,5,2026-03-09 19:06:24
grafik hd game bagus,Pengguna Google,4,2026-03-09 18:47:09
game nya sendiri bagus sih. tapi minus nya itu movement nya kata gw gak jelas jir. ganti lah mekani Movement nya ke joystick biasa aja dah paling bener itu,Pengguna Google,3,2026-03-09 18:33:42
gak bisa masuk,Pengguna Google,1,2026-03-09 15:58:57
mental mental mulu pas mau masuk,Pengguna Google,1,2026-03-09 15:37:39
ini udah bagus tapi masih ada bug di pas mau ke map kadang ngecrash dan juga ada bug tiba tiba lag,Pengguna Google,4,2026-03-09 13:00:10
Gamenya udah lama download terus harus download lagi di game buat main terus lagi dipaksa buat main game dodo kalo dodonya mati files gak ke download,Pengguna Google,1,2026-03-09 12:51:46
"kenapa pas udah didownload masih normal tapi kenapa pas besok saya pengen mainin saya masuk ke gamenya masih ada logo ark tiba-tiba layar hitam habis itu keluar, tolong benerin buat di HP, karena saya males download lagi ke gamenya udah ditambah 1 Gigabyte lebih terus ditambah lagi butuh 8 gigabyte buat download grafiknya😭😭🙏🙏",Pengguna Google,2,2026-03-09 12:19:46
kenapa keluar sendiri gabisa main padahal ram aku lumayan besar,Pengguna Google,1,2026-03-09 11:02:31
mantap jiwa,Pengguna Google,5,2026-03-09 09:21:40
kok aku force close bang-_- Parah njir. @Perbaikan~Ark~OppoA3s,Pengguna Google,5,2026-03-09 05:57:22
"Bug nya benerin donk, masa tombol craft itemnya ga ada, gimana mau main dah",Pengguna Google,1,2026-03-08 23:40:28
"saran aku sih buat Versi Lite ny, biar banyak pemain yang bisa memainkan game ini, minimal Kalau buat yang lite 5 Gb an aja buat keseluruhan penyimpanan ny, seru game ny soalny sayang ny kegedean di Size penyimpanan ny sama di Grafik ny yang gak mendukung hp kentang, gak kayak ark survival elvoved dulu, mau nyaranin ke temen tapi size ny terlalu gede",Pengguna Google,3,2026-03-08 23:39:48
game nya baguss banget apalagi grafiknya bagus untuk pengganti roblox dehh,Pengguna Google,5,2026-03-08 21:22:38
bagus,Pengguna Google,5,2026-03-08 20:02:12
kok gw GK bisa masuk njir,Pengguna Google,1,2026-03-08 19:24:11
ada liat game ini dari tik tok,Pengguna Google,5,2026-03-08 15:39:30
knpa saya download stuck di 300mb ya? terus ulang dari awal gitu terus gak naik²,Pengguna Google,1,2026-03-08 13:23:41
"download nya itu lo, kreatif tapi bikin malas udah lama pula. kalo mini game nya ga di mainkan jadi lama, mini game nya ya nda jelas, belum main udah dikasih kesana buruk 👎👎👎",Pengguna Google,1,2026-03-08 13:21:27
tolong gamenya di stabilkan seperti ark yang dulu,Pengguna Google,4,2026-03-08 10:38:22
"game ini bagus dan membuat saya senang tetapi, ram hp saya 8 dan game ini tinggi sekali untuk hp saya jangkau jadi tolong grafis agak di jelek kan atau di bagus kan yah. dan tolong kenapa saya kalo dowload data 8 gb sedangkan kawan saya 3 gb tolong jelasin",Pengguna Google,5,2026-03-08 05:14:12
"Save data sering Ilang Ilangan aneh, bug mulu heran",Pengguna Google,3,2026-03-08 01:15:09
game nya ringan tapi pass mau masuk setelah loading malah keluar sendiri,Pengguna Google,1,2026-03-07 22:55:13
game Dinosaurus terbaik sepanjang masa! grafik lumayan Dan survivalnya mantep lah. kekurangannya itu Kalau mau main map lain harus bayar dulu Dan itu wajar sih Karena download game ini itu gratis😄,Pengguna Google,5,2026-03-07 22:15:31
GARFIK NYA MAMPUS BAGUS BANGET TAPI INI GEM SUSAH NYA MINTAK AMPUNNNNNNNN,Pengguna Google,5,2026-03-07 20:54:39
gem nya bagus mahal dikit tapi pas mau bikin akun nungu kode nya kodenya ga ada harus gimana ?,Pengguna Google,5,2026-03-07 20:41:29
lama loading,Pengguna Google,1,2026-03-07 19:23:31
"game nya bagus, tetapi sering ngelag di device Oppo a74",Pengguna Google,5,2026-03-07 16:29:07
lah gua kok gak bisa mainq,Pengguna Google,1,2026-03-07 15:25:40
bagus,Pengguna Google,5,2026-03-07 13:57:18
gamenya bagus sih tapi kenapa setiap update harus download data tambahan 4gb lagi,Pengguna Google,3,2026-03-07 13:19:59
"server tempat saya bermain yang tadinya hilang sudah ada lagi, terimakasih dev. semoga maintenance siang ini menjadi lebih baik perihal lagging",Pengguna Google,5,2026-03-07 12:24:49
keren banget aku sampe bikin team paling kuat,Pengguna Google,5,2026-03-07 12:13:53
game dino paling bagus yang saya pernah mainkan gg cuma satu sih tolong pihak developer ditambahkan kustom tombol ya,Pengguna Google,5,2026-03-07 07:22:37
bagusan sebelum updet,Pengguna Google,1,2026-03-06 22:33:21
"untuk saat ini saya kasih B3 karena saya belum mencobanya lebih lama, saya main game ini karena saya kangen dengan game Chimeraland, semoga game ini dapat menghilangkan rasa rindu saya ke game Chimeraland. Terimakasih. Yaree问. kepada: yth. ARK: Ultimate Mobile Edition",Pengguna Google,3,2026-03-06 21:20:41
ark yang sekarang lag padahal yang dulu lancar mana kikir pula setingan grafik pun harus pake god console dasar kikir,Pengguna Google,1,2026-03-06 15:02:39
gemnya bagus,Pengguna Google,5,2026-03-06 11:23:08
Akhirnya setelah update bisa main lagi thanks ark untuk fast respon🙏,Pengguna Google,5,2026-03-06 11:15:46
"setelah update kenapa semua tamingan sama semua hal yang saya bangun jadi hilang, dan mulai dari awal saat terdampar ?",Pengguna Google,1,2026-03-06 05:33:58
agak bagus tapi sesudah ku download susah banget loh masa baru main jalan panah kuningnya itu loh lambat banget bukan seperti game lain langsung ngeeng dan bukan itu aja yang nggak bagus bug panah kuningnya biasanya nggak ada tolong dihapus ngelag-ngelag nya atau bugnya plis,Pengguna Google,3,2026-03-05 13:09:34
buatlah versi survival evolved jan yg ini jelek kali banyak betul suruh dowload jan samakan negara kau sama kami,Pengguna Google,1,2026-03-04 22:49:53
waktu baru maen gak bisa gerak kirain macet atau apa gitu eh gaktaunya kebanyakan bawa barang hhhhh..,Pengguna Google,5,2026-03-04 17:56:29
ini kok dino terbangnya GK bisa di panggil padahal dah pencet pencet susah payah teming,Pengguna Google,3,2026-03-03 18:31:18
bagus tapi sedikit seperti bool gajah,Pengguna Google,5,2026-03-03 16:26:59
aplikasinya saga berat,Pengguna Google,1,2026-03-03 15:08:51
untuk versi ini lumayan,Pengguna Google,5,2026-03-02 23:46:54
keren,Pengguna Google,5,2026-03-02 05:03:05
fckingggg dwnload resource again after update .. dumb dev,Pengguna Google,1,2026-02-28 20:10:59
bagus dikasi 5 binatang,Pengguna Google,1,2026-02-28 14:23:17
gemnya bagus,Pengguna Google,5,2026-02-28 13:01:20
tolong buat Dev perangkat dengan MediaTek Dimensity 1100 (GPU Mali-G77) dibuat support karna saya download versi bajakan lumayan stabil di 25-30 fps jadi saran tambahkan beberapa chipset dan GPU lagi yang kompatibel supaya gamenya rame dan saran buat tambahan fitur mabar seperti game Minecraft,Pengguna Google,4,2026-02-28 12:26:35
gamenya seruu banget,Pengguna Google,4,2026-02-28 12:04:51
mantep rek,Pengguna Google,5,2026-02-28 10:14:34
good work make game like this again,Pengguna Google,5,2026-02-28 08:26:00
gimana dah filenya ke download nya lama banget sama suka ngecras kalo udah diperbaiki baru aku kasi bintang lima,Pengguna Google,1,2026-02-27 23:40:09
kenapa anda tidak membuat versi 2 nya saja dan jangan menghapus ARK yang dulu,Pengguna Google,4,2026-02-27 18:57:14
game kontol,Pengguna Google,1,2026-02-27 13:16:33
"game nya sudah bagus, tapi kalo bisa tambahin dino yg di ark pc, itu aja sih",Pengguna Google,5,2026-02-27 12:22:52
bagus tapi kurangi gerafik ya dong hp ku kentang plis dan Adain map yg ada desmondus ya,Pengguna Google,5,2026-02-27 09:23:16
bgus,Pengguna Google,5,2026-02-27 00:50:31
"game yang luarbiasa bagus, cuman alangkah baik nya grafik nya agr bisa lebih jernih lagi",Pengguna Google,5,2026-02-26 22:17:36
ngeselin banget ini game ngecrash udh gitu tba tba keluar sendiri dan yang paling GK disuka susah pengaturan nya,Pengguna Google,1,2026-02-26 20:40:39
"setelah gw bermain ark di HP itel p55 5g jelas sangat berat dan patah patah untuk memainkannya dan sekitar beberapa bulan setelahnya gw kerja akhirnya kebeli Iqoo neo 10, pengalaman permainan jelas terasa lancar dan gak patah patah lagi, bagi yang merasa HP nya kurang mampu ku sarankan jangan memaksa memainkan game ini, tabunglah uangmu dan beli HP yang chipsetnya tinggi untuk memainkan game satu ini, intinya sabar aja dan konsisten nabung, sekian",Pengguna Google,5,2026-02-26 20:40:28
ada ark mobile njir🗿,Pengguna Google,4,2026-02-26 18:32:07
oke,Pengguna Google,5,2026-02-26 17:56:24
"game nya bagus bet dah,pokoknya gk nyesel download",Pengguna Google,5,2026-02-26 16:49:58
"Cukup menyenangkan, tetapi bisa kah saya menyarankan untuk pengembang game ini? Oke, masalah performance, grafik, bug, lag, crash pada HP/mobile saja, jadi mohon bimbingan nya dalam memperbaiki masalah itu agar semua orang menikmati game survival ini.",Pengguna Google,1,2026-02-26 15:30:05
ngerik,Pengguna Google,5,2026-02-26 13:28:45
"ada sedikit bug di perbaiki ya, untuk gem nya udah Mayan nyaman 😌",Pengguna Google,5,2026-02-26 13:17:35
"Overall the game is really good but pls add pov settings, thanks.",Pengguna Google,5,2026-02-26 12:52:35
tidak muncul server pdhl sdh update terbaru,Pengguna Google,1,2026-02-26 12:36:44
"tiap update bug Mulu,mana update ngabisin banyak data,game busuk",Pengguna Google,1,2026-02-26 10:59:43
force close,Pengguna Google,1,2026-02-26 06:02:05
good game,Pengguna Google,5,2026-02-26 00:55:39
game seru...,Pengguna Google,5,2026-02-25 22:39:13
Force closed terus kenapa ya?,Pengguna Google,1,2026-02-25 21:41:32
seru,Pengguna Google,5,2026-02-25 20:38:01
"sering forclose dan itu sangat mengganggu progres, dan banyak bug semoa cepat di perbaiki",Pengguna Google,5,2026-02-25 20:28:01
Kok gw gak bisa mauk ke menu sih sengaja gw bikin bintang 5 biar di baca,Pengguna Google,5,2026-02-25 18:45:13
"game nya bagus,tapi tiba tiba aku keluar dari gamenya",Pengguna Google,5,2026-02-25 18:32:25
ini kenapa pas gw update malah force close terus,Pengguna Google,4,2026-02-25 18:01:46
kenapa poco F7 gak bisa masuk ke games nya padahal dulu bisa njir,Pengguna Google,1,2026-02-25 16:56:42
"kenapa setelah update, terjadi force close",Pengguna Google,2,2026-02-25 16:55:55
habis update malah force close mulu gabisa masuk padahal perangkat gw poco f7,Pengguna Google,1,2026-02-25 16:54:45
"ini kenapa ga bisa masuk game nya? udah download lama, pas mau main game nya malah force close terus.",Pengguna Google,1,2026-02-25 16:36:45
"setelah di update gamenya memiliki bug dan tidak bisa untuk dibuka ataupun di akses, developer mohon segera diperbaiki.",Pengguna Google,1,2026-02-25 16:31:12
"game nya crash mulu, padahal spesifikasi HP saya sudah bagus malah sering froce close, mohon segera diperbaiki",Pengguna Google,3,2026-02-25 16:21:17
oi apaaaalah ini cik aku kan ini nya D hapus trus pas di download lagi g bisa massuuuuuk g nyalahin gamenya siih,Pengguna Google,5,2026-02-25 16:09:33
error GK bisa di buka sama sekali udah coba install ulang tapi masalah nya tetap sama,Pengguna Google,1,2026-02-25 16:04:03
kenapa tidak bisa masuk game..di klik malah FC terus...mana lagi berlangganan..,Pengguna Google,5,2026-02-25 14:04:09
tolong lah ya ini game p2w banget kalo mau pindah map dari segi pengalaman saya game yang kalian kembangakan sangat bagus dan di rekomendasikan untuk bermain bersama teman tapi untuk soal p2w tolong bisa di kurangi,Pengguna Google,3,2026-02-25 13:58:43
game sampah hapus aja banyak bug,Pengguna Google,1,2026-02-25 13:45:31
gem gaje masa udah tem banyak dino yang gede gede kek giga carcha gemnya gak bisa di buka aneh aneh kalo bug di usahain di benerin kalo di download ulang belum tentu bisa juga jadi males ngulang udah kikir banget sama risosnya,Pengguna Google,1,2026-02-25 13:18:09
game ya rusak suka force close,Pengguna Google,2,2026-02-25 12:54:52
saya mau masuk ke dalam geme nya tidak bisa apa lagi belum download datanya lagi,Pengguna Google,1,2026-02-25 12:53:58
hell nah this game make my mental is in danger my fav dino dieddd,Pengguna Google,3,2026-02-25 12:51:29
"setelah update game jadi force close tak bisa dibuka, tolong dev diperbaiki.",Pengguna Google,2,2026-02-25 11:39:13
gabisa masuk gajelas,Pengguna Google,1,2026-02-25 11:34:43
"force close mulu sekarang gabisa dibuka, padahal download sebelumnya bksa",Pengguna Google,1,2026-02-25 11:25:30
perbaiki lagi ya game mu game baik dan BERAKHLAK 😇,Pengguna Google,1,2026-02-25 10:53:13
game bagus tapi hari pertama bisa di buka dan di mainkan tapi pas besoknya tidak bisa lagi di buka apa penyebab,Pengguna Google,1,2026-02-25 10:11:19
"game asik, cuma saran aja di pengoptimalan fps nya aja",Pengguna Google,5,2026-02-25 08:56:06
udah dowload gabisa di buka pdahal tablet,Pengguna Google,1,2026-02-25 08:40:08
g jelas ga tba tba g bisa di buka,Pengguna Google,2,2026-02-25 07:33:24
saya update ni game kok jadi gk busa di buka device saya Poco pad tOlong perbaiki,Pengguna Google,2,2026-02-25 07:31:51
update 2 februari 2026 force close in menu! please fixed it 😢,Pengguna Google,2,2026-02-25 05:05:54
"game nya gak bisa di buka kenapa ini, padahal saya sangat menyukai ini game dan hampir setiap waktu saya memaikan nya, lah abis update dah gak bisa di mainkan lagi, tolong di perbaiki",Pengguna Google,1,2026-02-25 04:51:27
bagus tapi naikin lv nya malesssin,Pengguna Google,4,2026-02-25 04:27:51
kalo udah update gak bisa masuk gimana sih ARK kalo update mah bisa masuk ini mah pas update gak bisa masuk ke dalam game nya!!!,Pengguna Google,2,2026-02-25 03:53:16
masa abis update barusan malah crash gabisa masuk aplikasi lagi,Pengguna Google,1,2026-02-25 03:33:32
"sakit, baru download disuruh update tbtb malah force close trs baru buka sebelum upd enak lancar main.. btw HP poco x6 pro",Pengguna Google,1,2026-02-25 02:24:18
abis update ga bisa buka,Pengguna Google,1,2026-02-24 23:59:07
"setelah di-update aku malah ga bisa masuk ark, keluar sendiri",Pengguna Google,1,2026-02-24 23:48:40
"Hey, I just updated the game to the new version, v. 1.0, because I received a notification for update. However, after updating to this new version, when I tried to open the game, it immediately forced close and I couldn't play. I could still play it on my phone before the update. I've also double-checked the game's compatibility on my phone and it's still playable. C'mon, don't be like this... I really love and enjoy this game.. Is there a solution to this developer ?? Thank you.",Pengguna Google,1,2026-02-24 22:56:15
terlalu berat untuk hp kentang. chipset unisoct606 hanya dapat 5 fps. kalau bisa dioptimalkan lagi untuk hp low device🙏🙏,Pengguna Google,3,2026-02-24 22:28:26
banyak bug,Pengguna Google,5,2026-02-24 22:12:26
well thanks for the full game it is better than the old ark mobile.. i love this one.. tapi tiap main offline kok error mulu🤣 hampir panik aku.. kukira diban🤣🤣🤣,Pengguna Google,5,2026-02-24 19:03:54
Game ini sangat seru sekali. Saya berharap game ark mobile ini semakin berkembang dan juga semakin banyak update. Terimakasih,Pengguna Google,5,2026-02-24 16:16:01
10 GB jir hp kentang mana bisa,Pengguna Google,3,2026-02-24 13:37:37
"masa saya sudah beli map tiba"" hilang gara"" hapus game ini terus download lagi tolong lah",Pengguna Google,1,2026-02-24 00:33:30
gabisa masuk gamenya anjay,Pengguna Google,1,2026-02-22 16:25:19
seru banget,Pengguna Google,5,2026-02-22 16:14:35
"burik banget di Infinix gt30 biasa,lebih bagus yang lama",Pengguna Google,3,2026-02-21 15:39:11
pertama kali mau main game ark aku masih pemula,Pengguna Google,5,2026-02-21 11:39:10
semua aspek dari game ini udah bagus banget cuman gw kesusahan download datanya doang jnck,Pengguna Google,4,2026-02-21 06:15:38
gamenyaa sangatttt kerennn dan bagusss,Pengguna Google,5,2026-02-21 00:28:13
untuk UI dan fitur in game nya terlalu ribet untuk hp. kalau bisa dibuat lebih simple lagi seperti ark evolved mobile lama.,Pengguna Google,2,2026-02-20 21:19:54
GAMENYA KEULANG TERUS DATANYA,Pengguna Google,1,2026-02-19 17:09:45
gemas nya si bagus syg nya banyak bug,Pengguna Google,5,2026-02-19 16:16:25
Tambahin dino yg baru dong masa yg itu-itu aja bosen dinonya itu itu aja,Pengguna Google,5,2026-02-19 14:07:26
hp sayang ngeleg,Pengguna Google,1,2026-02-19 13:20:33
mantap jiwa,Pengguna Google,5,2026-02-19 11:08:52
game sampah padahal sudah di save tapi semua dino dan rumah gw malah hilang semua sisa level gw doang lu kira gampang apa cari dino sebanyak gitu udah effort banget main nih game malah kek gini,Pengguna Google,1,2026-02-18 21:31:11
Rhyniognatha terlalu OP saran ku jangan di taruh di the island soalnya menghalangi bila ingin explore karena pemula biasanya menggunakan pteranodon yang tidak bisa melawan,Pengguna Google,2,2026-02-18 11:10:34
"GG wok udah optimize jadi lebih lancar aja, cuman sekarang kontrol nya jadi sedikit aneh",Pengguna Google,4,2026-02-18 09:24:26
"Please, this ark game is too heavy and the data download is too big, please reduce the graphics.",Pengguna Google,2,2026-02-17 15:45:21
"mini game pas download data nya sampah dan harus di mainin untuk bisa download, terus download di dalam game nya lama banget dari pada di playstore cuma beberapa menit aja untuk selesai 1 GB, sementara di dalam game nya 1 GB aja berjam jam padahal pakek wifi yang sama pas download di playstore",Pengguna Google,1,2026-02-17 15:13:03
"Sangat seruu, gw udh mainn dari awal rilis grafiknya makin bagus, saran gw tolong dibikin fpsnya bisa lebih stabil atau lebih tinggi terimakasih",Pengguna Google,5,2026-02-17 12:43:29
GOOOOOODDD,Pengguna Google,5,2026-02-16 08:54:22
game GK guna pas mw download kan udh y pas loading SUSAH BET apalagi penuhin storage dan kalo mau loadingny lanjut HARUS MAIN MINIGAME ANJ fix gagal JD nih game mending main di PC dan main game originalny GK usah main game kgk jelas nih,Pengguna Google,1,2026-02-16 06:09:33
best survival game,Pengguna Google,5,2026-02-15 21:17:54
kenapa ini tolong di baca ya developer kok pas download data ada gambar dodo dan loading nya ga jalan tolong dibaca ya developer,Pengguna Google,3,2026-02-15 20:14:56
"pas download data tolong di optimal kan lagi,kalau bisa perbaiki bug di download datanya juga,ada bug kalo download terus keluar apk data download gk ke save dan data yang di download ngestack di 8gb gk gerak,dan bug ngeblur game nya juga tolong diperbaiki. terima kasih",Pengguna Google,1,2026-02-15 11:42:02
game nya sangat seru apa lagi kalo udah di buka semua map nya serunya gak ada obat,Pengguna Google,5,2026-02-15 09:11:43
aku gabisa masuk ke geme😭,Pengguna Google,1,2026-02-14 20:44:58
game ini bagus banget dan ini adalah game impianku aku suka banget game ini,Pengguna Google,5,2026-02-14 08:43:42
game nya bagus gak lag,Pengguna Google,5,2026-02-13 23:31:48
ringan kan game ini plis saya ingin main tapi terhalang ram hp,Pengguna Google,1,2026-02-12 22:54:47
game tidak bisa di buka,Pengguna Google,1,2026-02-12 15:12:16
"koneksi tidak stabil,padahal game online lain stabil, lebih parah lagi dibilang cheat sampe gk bisa join ke server langsung out",Pengguna Google,1,2026-02-11 21:38:48
jelek bgt,Pengguna Google,1,2026-02-11 21:37:39
"sungguh sangat menyayang kan game sebagus ini tapi bug nya banyak, kadang kamera lag pindah atau tiba tiba muncul gambar dino, dan juga masih ada crash itu yg paling risih di antara semuanya save an biasanya ilang karna itu, mohon admin perbaiki ini",Pengguna Google,1,2026-02-10 17:48:02
bosen serius lebih mending ark lama gak ribet ini ribetnya ampun deh,Pengguna Google,1,2026-02-10 13:23:48
lots of bugs,Pengguna Google,2,2026-02-10 00:54:10
"mantap, tapi knp pake setting high + shadow stuck di 60 fps.. kalau bisa add 120 fps dong biar lebih smooth lagi",Pengguna Google,5,2026-02-09 21:52:33
bags banget,Pengguna Google,5,2026-02-08 22:39:03
"Plis tambahin Setting dino tamed damage, dan juga deinonychus",Pengguna Google,4,2026-02-08 22:37:30
sekedar mengingatkan buat yg mau download game ini tapi data/storage pas Pasan. didalam game nanti masih butuh data tambahan 8GB entah setelah itu masih ada data tambahan atau nggak soalnya gw belum selesai download data tambahan yg 8GB,Pengguna Google,5,2026-02-07 00:36:49
Game nya bagus tapi sayang nya hp ku rada GK kuat jadi ku hapus tapi bagus,Pengguna Google,5,2026-02-06 17:35:13
optimal game ini masih kurang,Pengguna Google,3,2026-02-06 12:32:34
There are many cheating loopholes that are exploited by official server players.,Pengguna Google,5,2026-02-06 01:53:31
game play nya sih bagus tapi soal bug nya masih banyak yang belum di tuntasin sama admin nih,Pengguna Google,4,2026-02-05 22:41:19
semoga di setelahnya di perbagus lagi dan permormanya di tingkatkan sehingga perkembangan gameplay mobile berkembang,Pengguna Google,5,2026-02-05 15:26:55
"my save data Gone, i already save it on google play game",Pengguna Google,1,2026-02-05 06:07:54
sangat bagus aku suka sekali 🤩gem ini Ark,Pengguna Google,5,2026-02-05 03:56:01
please kurangi grafiknya karena terlalu berat,Pengguna Google,4,2026-02-05 01:51:01
"Update in gamenya lambat bgt , perbaiki cara download untuk update nya biar ga lambat!!",Pengguna Google,1,2026-02-03 13:52:57
jelek,Pengguna Google,2,2026-02-03 11:29:40
gua pas baru masuk kepental keluar,Pengguna Google,1,2026-02-02 19:12:57
saj gat baik,Pengguna Google,5,2026-02-02 14:31:26
"dev aku punya saran buat ngatasin lag sepertinya yg buat lag itu rendernya, rumput di grafik low masih beranimasi. coba kayak setting grafik ark lama gak ngelag",Pengguna Google,4,2026-02-02 14:01:04
plisss grafiknya agak di turunkan lahh soalnya lag banget di hp realme note 17,Pengguna Google,5,2026-02-02 08:56:03
"kapan ini update dinonya, bosen bgt dino cuma itu itu aja, mana mod juga itu itu aja",Pengguna Google,1,2026-02-01 23:30:29
woi developer kenapa dino ya di batas sin gua mau taming spino gilaaa Emang gila yang buat game ini sorrydeveloper terus kenapa ga bisa bikin kibbel woi,Pengguna Google,1,2026-02-01 07:27:56
"game nya bagus, cuma game nya agak blur blur gimana gitu, semoga aja kedepan nya di fix soalnya game fav aku inj",Pengguna Google,5,2026-02-01 02:30:50
bagus kok tapi kurang sesuatu tambahan,Pengguna Google,5,2026-01-31 18:57:37
mantap mirip sama ark steam cuman di hp agak berat aja si di banding ark lama,Pengguna Google,5,2026-01-30 18:06:00
Please make QRIS payments because I can't make regular payments,Pengguna Google,3,2026-01-30 17:49:18
apa coba ini gaada opsi balik ke grafik ark dulu apa masa dulu lancar banget grafik max dpt 60 fps sekarang grafik paling burik pun masih 10 fps mana donlod datanya lama gabisa offline pula,Pengguna Google,1,2026-01-30 17:32:56
saya belum memainkannya. Karena proses download datanya sangat lemot. 8gb.😢,Pengguna Google,5,2026-01-30 02:54:21
sangat sering DC... hewan ngga ramah spek terlalu tinggi bahkan sekelas poco f3 dengan Snapdragon 870 aja masih ngga worth main ini game ..player rakus banget sampe sampe udah se sabar apapun selama main 3 hari belum bisa bikin base 1 pun...ark old banyak bug ini malah lebih ngga ngotak,Pengguna Google,1,2026-01-29 09:25:43
karena tidak bisa main di hp secara realistis,Pengguna Google,1,2026-01-28 18:55:01
bikin hewan khusus mobile mungkin bagus atau rilis hewan baru bagus game nya meskipun agak lag,Pengguna Google,5,2026-01-28 14:18:40
game ampas njir,Pengguna Google,1,2026-01-28 04:33:50
"good game, i like dinosaurus!",Pengguna Google,5,2026-01-27 23:39:52
Bagus tapi bisa ga ditambahin dreadnoughtus di extinction nya bosen kali ga ada dreadnoughtus,Pengguna Google,5,2026-01-27 15:36:27
Rhyniognatha milikku tidak bisa mengikuti ku. (masalah ini juga terjadi pada semua orang),Pengguna Google,3,2026-01-27 00:25:25
di HP vivo sangat lag gak bisa di mainin,Pengguna Google,1,2026-01-26 05:46:01
gak bisa craft woy,Pengguna Google,1,2026-01-26 01:41:11
game bagus merupakan kaya game PC yang asli,Pengguna Google,4,2026-01-25 19:11:36
spesifikasi terlalu tinggi hp kentang gk bisa main,Pengguna Google,1,2026-01-25 12:03:24
gak bisa login akun google udah bener pasword juga udah ini masih gak bisa masuk gak masuk akal,Pengguna Google,1,2026-01-25 07:02:57
di perangkat aku agak lag tapibisa memainkan game ini dengan rata kiri,Pengguna Google,3,2026-01-24 14:28:29
ARK mobile memang bagus,Pengguna Google,5,2026-01-24 09:17:59
"udah lama jadi player ark, cuman yg bikin menyebalkan adalah setiap pembaruan, selalu download 2 kali yang dan download masuk game ini yg parah banget paling lama, persis kaya orang baru download game nya kaya semua itu di install ulang, parah emang",Pengguna Google,3,2026-01-23 22:45:19
awesome! aku suka Ark survival evolved!!,Pengguna Google,5,2026-01-23 21:34:36
"there is a bug, when I give a command to the dino, it doesn't want to listen",Pengguna Google,3,2026-01-22 20:10:03
download 1gb pas mau masuk harus download 8gb lagi apaaalahhhh,Pengguna Google,1,2026-01-22 18:30:58
admin tolong di buat grafik lebih hd lagi di mobile,Pengguna Google,5,2026-01-22 14:10:09
bikin gem yg bener dong masa harus donlot data lagih,Pengguna Google,1,2026-01-22 08:33:40
"hello developer, hope for next update will ad some features for the graphics because it very helpful for we to more smoothness gameplay and add some fps lock on the games, thank u vm",Pengguna Google,3,2026-01-22 01:47:47
game bagusss bangetttt,Pengguna Google,4,2026-01-21 13:32:23
tolong bagi developer untuk tambahkan update world jadi nya kalo save world gk masuk world yang sama sekalian juga tolong untuk memperbaiki bug gk bisa jalan cuman diem doang jadi nya kecewa,Pengguna Google,1,2026-01-20 21:59:11
mantap,Pengguna Google,5,2026-01-20 20:43:48
have bug in mission star dolphin genesis 2,Pengguna Google,3,2026-01-20 18:06:43
sebenernya game nya bagus tapi pas pingin masuk 8gb tolong di turunkan GB KLO bisa,Pengguna Google,5,2026-01-20 15:08:40
bagus,Pengguna Google,5,2026-01-19 15:37:53
mantap,Pengguna Google,5,2026-01-19 10:30:06
plis developer ark update ark ultimate mobile edition seperti kasih dino baru atau map baru biar tidak bosen terus mainin nya plis banget 😭😭😭😭,Pengguna Google,3,2026-01-19 10:17:14
"gw kasih bintang lima biar kalian bisa liat,aslinya bintang 1 developer ga peduli sama player handphone karena ga stabil sama sekali, malah dulu lebih bagus karena stabil grafik masih bisa di terima lumayan ramah device,skrg boro"" wkwkwk ga usah download dev nya udah kenyang lewat user"" pc",Pengguna Google,5,2026-01-18 20:49:27
oi plss banget semua hp dan lain-lainya bisa download,Pengguna Google,1,2026-01-18 19:15:39
balikin ark survival evolved yang ga ngeleg di handphone bawah atau rendah,Pengguna Google,1,2026-01-17 18:33:19
grafic broken for xiaomi pad pro 12inc.plis update thanks,Pengguna Google,1,2026-01-17 15:58:22
"overal gamenya bagus,cuman kadang ngebug dikit dri gw sih mantep kembanhkan",Pengguna Google,5,2026-01-17 11:03:55
"kenapa gk bisa masuk? padahal jaringan aman tiba-tiba saat mau login malah keluar sendiri, udah coba berkali-kali tapi tetep aja gitu",Pengguna Google,1,2026-01-16 23:19:17
"game ini sangat bagus bagi yg mengerti, yg kasih bintang 1 coba ganti device yg mumpuni. Terimakasih sudah mewujudkan mimpi masa kecilku bisa naik dinosaurus.",Pengguna Google,5,2026-01-16 22:45:56
tolong di fixxx soalnya sering for close sendiri,Pengguna Google,3,2026-01-16 22:27:45
mohon di tambakan dino yang di ark ascended seperti deinosuchus,Pengguna Google,5,2026-01-16 21:44:50
"yang buat saya malas buat main, download data tambahan awal main itu sangat lama padahal internet saya sangat bagus",Pengguna Google,3,2026-01-16 21:16:56
bagus tapi aga lag,Pengguna Google,4,2026-01-16 18:35:22
bug progres saya selama beberapa hari ilang semua,Pengguna Google,1,2026-01-16 00:38:43
ok,Pengguna Google,4,2026-01-15 19:17:19
"game yg bagus,tapi tolong masukan bahasa Indonesia juga",Pengguna Google,5,2026-01-15 13:22:54
tolong tambahkan fitur untuk hanya mendownload map yg sudah di beli untuk menghemat kuota. butuh waktu lama mendownload semua filenya di saat kecepatan jaringan di Indonesia tidak begitu cepat. di tambah aku bahkan tidak punya uang untuk membeli semua mapnya jdi meski aku mendownload semua filenya aku bahkan tak dapat memainkannya,Pengguna Google,4,2026-01-15 10:15:52
sejauh ini sudah bagus cuma beberapa fitur yang harusnya gratis jadi berbayar padahal beli map saja sudah bayar,Pengguna Google,4,2026-01-14 17:59:43
ini kao di update bahaya gaya,Pengguna Google,5,2026-01-14 17:23:48
Loading lama ditambah ngelagg parah g jelas iya sih gamenya seru tapi g gini jugaaa frame dropp sering banget ngecrash FC berkali kali,Pengguna Google,1,2026-01-14 17:13:58
seru,Pengguna Google,5,2026-01-13 17:58:17
game nya tidak ramah untuk hp ram kecil dan bisa bikin hp over hit dan cukup membuat elsidi hp cepat panas dan rusak,Pengguna Google,1,2026-01-13 15:32:36
game burung Dodo nya susah banget,Pengguna Google,2,2026-01-13 14:34:24
cuman masih agak berat,Pengguna Google,5,2026-01-13 11:43:56
mohon maaf developer kenapa saya tidak bisa bermain geme nya ya padahal saya sudah mendownload loh.,Pengguna Google,1,2026-01-12 20:25:51
bagus,Pengguna Google,5,2026-01-11 22:15:02
"game yang sangat bagus, aku suka. hanya saja kontrol lumayan sulit. tolong tambahkan kustomisasi control. ok. sekian.",Pengguna Google,5,2026-01-11 16:59:47
"Game baguss, terbaikkk",Pengguna Google,5,2026-01-11 08:06:39
"Game dino survival terbaik menurut saya, cuman ark mobile yang ini jauh lebih ribet daripada yang lama, dan kalau bisa buatkan grafiknya ada 2 yang satunya kyk ark mobile lama, dan yang satunya kyk yg PC.",Pengguna Google,5,2026-01-10 21:55:10
"gamenya bagus gilaaaa ,banyak jenis dinonya sama tambahan monsternya keren parah ini game masterpiece yang HD dan tentunya Gratis",Pengguna Google,5,2026-01-10 18:59:56
good game👍👍👍,Pengguna Google,5,2026-01-09 22:38:27
game nya bagus tapi tolong perbaiki bug nya😊,Pengguna Google,5,2026-01-09 19:42:33
Apalah baru download gak bisa login,Pengguna Google,1,2026-01-09 17:13:01
pergi block,Pengguna Google,2,2026-01-09 16:36:50
"I purchased God Console legitimately in 2022 and the purchase is still visible in my Google Play history. After reinstalling the game, the purchase cannot be restored at all. The game shows “No purchases were found to restore.” There is no clear warning that old purchases are no longer supported. This is very disappointing for long-time players who already paid.",Pengguna Google,1,2026-01-09 13:12:53
Tolong setiap update bisa ditambah kan seperti map atau yang lain agar player tetap suka bermain karena saat ada update hanya bug yang di fix dan harus update sekitar 1gb,Pengguna Google,3,2026-01-08 19:12:26
"dulu maen tinggal install, skrg harus download data padahal cuma mau maen survival aja, giliran udah download data pas mau maen malah mentok di download survivor ini gimana sh, jadi rebet banget alsli",Pengguna Google,1,2026-01-07 22:40:49
walau bwlum main aku yakin pasti game ini keren dan bagus banget,Pengguna Google,5,2026-01-07 18:49:41
kenapa nih login ya bagai mana lambat harus memain kan permaenan ituh,Pengguna Google,1,2026-01-07 15:56:47
"di android 14 masih belum bisa padahal spek hp gacor Coman gara"" android versi jadi nggak bisa main",Pengguna Google,1,2026-01-07 10:13:41
game nya bagus tapi loading harus mainin dodo nya it capek banget,Pengguna Google,5,2026-01-06 19:11:19
lama bet download data nya,Pengguna Google,5,2026-01-06 17:18:26
lag aja kaga tiba tiba crash aja napa sih minimal ram 4gb gw yang 12 gb masih aja crash crash crash .trash aja sekalian graphic low end resolition rata kanan masih aja crash jing,Pengguna Google,1,2026-01-06 13:18:31
ini kenapa saya gak bisa main ya padahal saya sudah sampai hapus MLBB loh,Pengguna Google,5,2026-01-05 13:47:11
gak bisa masuk bjir😭,Pengguna Google,1,2026-01-05 07:51:00
game apa ini jelek banget download data lama banget game bodoh,Pengguna Google,1,2026-01-05 02:17:39
"gameplaynya seru, mekaniknya lumayan susah, control nya kurang nyaman kalo main di mobile kususnya untuk analog geraknya, dan fitur save game single player yang harus diperbaiki",Pengguna Google,4,2026-01-05 00:02:34
ark tolong sediakan grafik yg lebih ringan agar banyak orang yg bisa memainkan game ini😁semoga permohonan saya ini bisa diterima dengan baik 😁,Pengguna Google,5,2026-01-04 15:28:49
Overall game nya bagus banget tapi ga cocok buat orang yang ga sabaran(emosional) Hahha karna game ini sudah mulai membuatku hampir gila Overall the game is really good but it's not suitable for impatient (emotional) people Hahha because this game is starting to make me almost crazy,Pengguna Google,5,2026-01-04 14:56:28
ini dari dulu saya ga bisa download akhirnya bisa main kaya streaming² yg lain makasih banyak developer👍🏼👍🏼👍🏼👍🏼,Pengguna Google,5,2026-01-03 18:05:52
game aneh gw lagi ngetame diloposaurus malah jadi dodo,Pengguna Google,1,2026-01-03 12:18:54
"Udah lama banget download datanya, udah lagi itu cahaya terang bener, pantulan cahaya ke airnya juga bikin lag, kalo bisa milih mending ark dulu",Pengguna Google,1,2026-01-02 21:48:21
no 60 fps setting? bad game,Pengguna Google,1,2026-01-02 21:21:43
bgus cuman ngga bisa di divec lain kah cuman berapa hp doang???,Pengguna Google,3,2026-01-02 20:13:29
"najis makin di update makin gajelas,ga pernah Ngertiin yg make handphone ram 4",Pengguna Google,1,2026-01-02 09:58:45
malah makin susah untuk main. saya sebagai player alumni corona sangat kecewa karena perubahan yang menyusahkan player ini. seperti susahnya login dan download data,Pengguna Google,1,2026-01-02 08:12:32
👍,Pengguna Google,5,2026-01-01 18:41:58
jadi ada bug kalo abis buka option tiba tiba gabisa belokin kamera nya tolong di benerin,Pengguna Google,1,2025-12-31 12:42:00
"broo di gw ni game kagak bisa download anjir,udah nunggu 1-2 jam kagak kelar kelar ini unduhan woi,kagak seru jadi jadinya",Pengguna Google,1,2025-12-31 10:23:46
ya seru deh game nya tapi kurang lancar di HP saya yg pake chipset Mediatek Helio G85 😁😁,Pengguna Google,4,2025-12-31 08:31:39
download data nya lama,Pengguna Google,4,2025-12-31 07:49:40
lah gw masuk malah di suruh jagain dodo buat nge loading knp g loading biasa aj sih?,Pengguna Google,1,2025-12-30 22:47:25
"instal 8GB, pas main layar warna warni",Pengguna Google,3,2025-12-30 20:13:28
sudah tame Rex ark,Pengguna Google,5,2025-12-30 20:12:23
scam udah nunggu lama lama tapi kaya main game dino di play store,Pengguna Google,1,2025-12-30 19:20:08
kasih harga yang ngotak lah di laptop gw juga mau main,Pengguna Google,2,2025-12-30 06:58:12
tolong kalo download data di cepetan lama betul pas udah di 2GB lama,Pengguna Google,2,2025-12-29 12:47:56
seeruu bangettttttt cobaaa dehh,Pengguna Google,5,2025-12-29 07:24:08
game nya sangat bagus,Pengguna Google,5,2025-12-28 21:07:06
game nya bagus grafik nya juga bagus tapi ada satu kendala yaitu banyak nya tombol yang sulit di mengerti mohon di sedikitkan,Pengguna Google,4,2025-12-28 14:53:17
gamenya terlalu berat coba perkecil map nya dan optimalisasi lagi gak semua hp punya spek tinggi buat mainin,Pengguna Google,1,2025-12-28 10:02:45
force close terus GK bisa masuk udah coba semua cara tetep gk bisa,Pengguna Google,1,2025-12-27 22:02:56
Best Survival Game I Ever Seen,Pengguna Google,5,2025-12-27 19:15:19
walaupun pun saya tidak bisa mendownload saya rekomendasikan game ini untuk mengheningkan bosan,Pengguna Google,5,2025-12-27 16:22:33
mantap,Pengguna Google,5,2025-12-27 07:59:33
game ini seru tapi sering aku sering ke hilangan dino ku tanpa sr ebab,Pengguna Google,2,2025-12-27 00:10:46
"ini masih banyak bug nya kenapa, pas gw masuk cave imun atau cave apapun itu dino, dinonya gk ada, loot crate juga gk ada, cman ada artefak aja, bukan hp gw yg lag gw hp foco F7 snap 8s gen4 gk seru klo kek gtu gk kaya dulu masih ark survival evolved",Pengguna Google,2,2025-12-26 16:01:01
trash game!!!! my savings data is gone! why this is can be happen!?,Pengguna Google,1,2025-12-26 08:01:12
gokil ni game seruu poll👌,Pengguna Google,5,2025-12-26 07:34:27
bagusssssssssss,Pengguna Google,5,2025-12-26 04:36:10
"all my dinos and items in the arena are gone just because of speed hacking protection, why are other players affected while others don't???",Pengguna Google,1,2025-12-26 03:30:32
game nya bagus cuma tolong lah kami yang pemain gratisan juga pengin map lain sama tolong lah crayopod nya di bikin gartis,Pengguna Google,5,2025-12-25 14:54:16
Studio wildcard can you bring back Ark survival 2.0 i want to play with my friend please. this new ark UME is very hard for my phone and i prefer to play old version please bring back i am still support you Studio wildcard.🥀,Pengguna Google,4,2025-12-25 12:22:05
Di infinix GT3O pro lancar banget rata kanan jos sihh,Pengguna Google,5,2025-12-25 03:48:23
"mmg sampah nih game , lagi enak² main malah keluar sendiri",Pengguna Google,2,2025-12-24 21:32:50
Tergantung userr Dino Perang Paling seru,Pengguna Google,5,2025-12-24 21:18:00
"rhyniognata,ga bisa following",Pengguna Google,2,2025-12-24 15:42:37
udah gak tau mau ngomong apa gw sering ngalamin crash keluar dari game frame drop bahkan gw belum sempat masuk ke gamenya udah langsung keluar dari game udah pake game booster berbayar tetap saja tak ada perubahan gak tau lagi hp aku terlalu kentang cuma realme6 ram 8 GB udah gak tau lagi mungkin gw gak cocok main game ini padahal game faforit aku,Pengguna Google,1,2025-12-24 14:13:17
bagusan ark lama👎,Pengguna Google,1,2025-12-24 00:11:16
lebih cocok kalo maen gi PC dari pada di hp kalo maen nya di PC enak GK ngelag GK kaya di hp sering ngecrash sama lag,Pengguna Google,4,2025-12-23 08:37:13
bagus sih tapi kurang kalo main di hp,Pengguna Google,5,2025-12-23 08:30:40
buat apa download harus ad mini game nya??? itu buat player lama main jadi males main ark main tinggal main Download tinggal download kenapa ad mini game nya g guna emang ad alasan nya? harus Buat mini game segala? buat ap bagi pemain????,Pengguna Google,1,2025-12-23 06:36:19
bagus sekarang sudah optimal,Pengguna Google,5,2025-12-22 23:16:15
game nya bagus banget terus ada dini nya,Pengguna Google,5,2025-12-22 11:07:58
"harusnya semua map gratis.game nya ini terlalu nge lag,harusnya player ga bisa di kill saat leave game. sign up akun juga susah.",Pengguna Google,1,2025-12-22 10:35:09
terlalu berat untuk hp android,Pengguna Google,3,2025-12-22 09:24:46
sia sia download data 3 hari gamenya crash mulu,Pengguna Google,1,2025-12-21 20:24:36
i need more option view camera on game and more controller button thats make easy to play and build button thats make easy to build any structure,Pengguna Google,5,2025-12-21 19:28:14
i love ts,Pengguna Google,5,2025-12-21 12:27:46
Game Favorit Gw Tapi Tolong Tambahin Damage Display Biar Bisa Tau Damage Kita Gitu.Kalo Bisa Sih Map Dlc Nya Geratisin Satu Aja Biar Ga Bosen Main The Island Mulu Dari Zaman Ark Mobile lama,Pengguna Google,5,2025-12-21 12:22:44
"jelek banget optimalisasi game nya, ga ark ume ga ark ascended, sama sama buruk.",Pengguna Google,1,2025-12-21 11:32:48
mantap,Pengguna Google,5,2025-12-21 11:03:23
"absolute game ini mah, pernah main game ini 11 jam dalam sehari, udah beli 3 map 😜",Pengguna Google,5,2025-12-21 08:21:56
"seru game nya,tapi berat banget",Pengguna Google,5,2025-12-20 20:32:41
gamenya bagus walau buat main game ini spek hp nya harus bagus biar gak patah patah ini gua main di hp gua itu cuma 10-15 fps doang dan kalo mau naikin fpsnya harus pake God console command cheat turunin paksa grafik game nya atau pakai aplikasi tambahan kayak magic tuner,Pengguna Google,5,2025-12-20 19:00:30
gamenya seru dan brutal ngeri realistis dan bagus dah tapi hanya cocok buat yang PC nya kuat bagi yang pake hp mending jangan download dah apalagi yang hp kentang kalo hp nya kuat gapapa tapi kalo crash bukan salah gamenya .,Pengguna Google,5,2025-12-20 15:40:59
"sebenernya bagus hp ku masih bisa nampung masalahnya tiap aku keluar game disuruh download additional files mulu, sebenernya aku oke aja tapi ini 4 gb nunggunya lama udah gitu agak ngelag walau grafik rendah tolong dong dev dibenerin 🙏",Pengguna Google,3,2025-12-20 11:59:14
boleh ngga sih hilangin loading yang menghalangi pemain untuk masuk ke dalam game nya karna itu memerlukan kurang lebih satu hari untuk loading nya sajaa,Pengguna Google,3,2025-12-20 11:49:42
gak bisa masuk ke game,Pengguna Google,1,2025-12-20 03:24:39
"SAYA MAIN DI INFINIX GT30 PRO SANGAT LANCAR RATA KANAN... TAPI INI MASIH KALAH SERU SAMA ARK SURVIVAL EVOLVED, TOLONG KEMBALIKAN GAME ARK SURVIVAL EVOLVED !!! ARK ULTIMATE MOBILE TIDAK SERU !",Pengguna Google,4,2025-12-20 02:02:13
"berbeda dengan versi mobile dulu yang dapat dimainkan di device kentang, sehingga saya tidak dapat bermain seperti versi sebelumnya walaupun masih banyak bug. Mohon developer lebih dioptimalkan lagi gamenya agar lebih ramah pada device menengah ke bawah, karena saya sudah menunggu versi ini rilis di mobile dari dahulu, tetapi terhalang oleh device.",Pengguna Google,1,2025-12-20 00:04:35
lag.,Pengguna Google,1,2025-12-19 19:09:32
GOOD,Pengguna Google,5,2025-12-19 13:45:03
GAME NYA BAGUS DAN REALISTIS,Pengguna Google,5,2025-12-19 10:51:40
tolong developer kenapa saat saya ingin download data kenapa lama banget padahal wifi lancar. ok itu aja semoga kebaca sama developernya,Pengguna Google,2,2025-12-18 17:00:48
lag hp gw yang 🥔kentang,Pengguna Google,5,2025-12-18 15:50:39
good,Pengguna Google,5,2025-12-18 14:31:46
kak ini saya install kok nyetak di96%,Pengguna Google,3,2025-12-18 10:55:47
👍👍👍👍,Pengguna Google,5,2025-12-18 06:36:33
keren,Pengguna Google,5,2025-12-17 21:59:45
walaupun hp ku kentang aku akan tetap bermain ark walaupun patah patah,Pengguna Google,5,2025-12-17 19:17:49
kenapa server NA ALLOSAURUS hilang karakter ku di sana tolong kembalikan server nya rugi saya langanan,Pengguna Google,3,2025-12-17 18:53:22
bagys,Pengguna Google,5,2025-12-17 16:22:27
please make draw distance options,Pengguna Google,3,2025-12-17 13:20:24
"TOLONG KEMBALIKAN GAME ARK SURVIVAL EVOLVED !!!! KARENA GAME ARK ULTIMATE MOBILE EDITION INI TIDAK SERU, SANGAT BURUK, DAN BANYAK BUG, DI TAMBAH UKURAN NYA SANGAT BESAR !!! BAHKAN SAYA MAIM DI POCO F7 SAJA PATAH PATAH NGE LAG",Pengguna Google,4,2025-12-17 04:06:52
"jangan pernah main game ini, game ini membuat saya gila, mental saya sudah hancur, semua progres saya di hancurkan dalam 10 detik. aku benci game ini",Pengguna Google,1,2025-12-16 21:20:22
"untuk game nya bagus sangat memuaskan,tapi tolong dong min beli map nya bisa pake apk dana biar nyaman,udah itu aja😁",Pengguna Google,4,2025-12-16 16:48:14
gema bagus sekali dan meajarkan kita apa itu dino dan cara nya,Pengguna Google,5,2025-12-16 15:23:40
meskipun susah main nya tapi ada dinosaurus dan saya juga sering nonton youtuber yang sering main ark,Pengguna Google,5,2025-12-16 08:25:18
game nya jelek nge crash Mulu padahal aku udh pake hp baru,Pengguna Google,1,2025-12-14 14:57:05
"mohon kepada developer untuk memperbaiki bug pada bagian shadow ketika di aktifkan terjadi blank layar warna-warni di game ini, overall sudah cukup bagus ini game, saya menunggu untuk update selanjut nya. terimakasih",Pengguna Google,5,2025-12-14 10:16:49
Bagus,Pengguna Google,5,2025-12-13 11:22:48
gak bisa buat alat-alat aku pernah ga bisa bergerak,Pengguna Google,2,2025-12-13 09:07:33
seru tapi agak patah patah lumayan,Pengguna Google,5,2025-12-12 16:18:49
"game ini sangat bagus, cuma sayang nya device ku belum bagus buat memainkan game ini🗿",Pengguna Google,5,2025-12-12 13:10:32
Gamenya sih bagus cuman ini aplikasi berat banget dan jadi kadang suka ngelag terus keluar dari game jadi mohon untuk di ringan kan soalnya rata-rata yg main game itu HP kentang gak tahan jadi ya udah itu doang saran gue bye,Pengguna Google,2,2025-12-12 12:19:18
"bisakah developer menambahkan fitur memperjauh jarak kamera third person supaya bisa lebih jauh lagi, mobilitas di mobile sangatlah sulit apabila jarak kamera third person terlalu dekat dengan karakter",Pengguna Google,2,2025-12-12 02:02:26
please update performance,Pengguna Google,4,2025-12-11 23:15:15
"really annoying, why should there be a boring mini game feature when downloading data, it should be removed",Pengguna Google,1,2025-12-11 18:36:59
"Server PVP sering ilang berhari""..jeleknya di sini",Pengguna Google,2,2025-12-11 16:20:05
Berat nya sangat sangat terlalu kalau bisa di perbaiki,Pengguna Google,1,2025-12-10 21:51:09
"saya bisa mengatasi masalah sebelumnya,munkin sekarang ark mobile dapat update agar bisa ditambahkan mod",Pengguna Google,5,2025-12-10 19:10:01
"tambahin beberapa fitur, udah beli god console tapi fitur nya itu itu doang, tidak seperti di PC banyak fitur. ini game udah lama ga update fitur baru yang ada malah event doang",Pengguna Google,4,2025-12-10 14:50:24
"Hopefully this game will be updated again and the GB will be low so it can be played on 4GB RAM and work it and the download will be reduced to 3GB. and the game is quite good because the graphics can be reduced to low, the map is also very wide, it's very good for those who like survival where there are dinosaurs like 3 million years ago, this is very good I hope this game is successful and doesn't disappear on the Play Store Goodbye 🥳",Pengguna Google,5,2025-12-10 12:35:06
bagus banget,Pengguna Google,5,2025-12-10 09:48:41
gg asli,Pengguna Google,5,2025-12-09 22:11:26
"Walaupun udah gabisa main karena device nya nggak kompatibel, tapi gw pemain lama udah tau keseruan ni game, btw hp gw Poco x7, masih berat banget 🥹",Pengguna Google,5,2025-12-09 18:28:43
"Please, game developers, if you're adapting the game to mobile, try to make it compatible with mid-range to low-end phones so that players with phones that aren't high-end can experience playing this game smoothly. Many of my friends are complaining about this game because the specs are too high for mobile. ☺",Pengguna Google,1,2025-12-09 17:45:19
"sekarang malah gk bisa main offline, kecewa. Padahal sebelum sebelumnya main ark buat hilanging bosen pas gk ada kuota.",Pengguna Google,1,2025-12-09 10:11:24
bagus,Pengguna Google,4,2025-12-08 11:31:12
"Lah FC njir, yg di bawah ada komentar, yg FC itu hp gakuat dipaksain main, eh GHOBLHOK hp ku rog, lu pocox7 suara deley itu sama aja bug dari devnya , setiap hb beda kendala blok, fc belumtentu device gakuat",Pengguna Google,1,2025-12-07 23:58:07
"ulasan saya hanya biasa karena game nya cukup bagus dan menarik tapi kenapa ya saat main malah lag,padahal jaringan ok hp juga spek tinggi,sekedar memberi tau jika ada update tolong untuk perbaikan buat yang di hp lebih lancar itu saja terimakasih",Pengguna Google,5,2025-12-07 20:25:45
keren grafiknya,Pengguna Google,5,2025-12-07 18:49:09
bjirr yg lama kuimpikan di hp akirnya bisa,Pengguna Google,5,2025-12-07 13:25:16
Berak Gw dah download datanya Tapi malah black screen trs Keluar sendiri Padahal download datanya 11GB lebih udh ku download lo,Pengguna Google,1,2025-12-07 10:48:56
"download datanya sangat menguras data, kalau memakai wifi downloadnya hampir seabad",Pengguna Google,1,2025-12-06 20:52:46
game perusak hp,Pengguna Google,4,2025-12-06 14:20:25
dev coba update lagi soalnya hp gw android 13 gw cuma mau main,Pengguna Google,1,2025-12-06 12:34:33
tolong mudah kan cara multiplayer nya 🙏 cukup itu saja dari saya best game 👍,Pengguna Google,5,2025-12-06 11:52:19
"Game ini mau dipc mau dihp emang GOAT nya survival dah. kalo gabisa main, ya gabisa main. hp mu ganti bukan malah ngasih rating jelek. PEAK❤️‍🩹",Pengguna Google,5,2025-12-05 16:12:14
"I want to ask the developer for help, please open at least 3 or 2 maps so that the game is more challenging, especially on the island map, the dinos are not complete, I hope my message is answered",Pengguna Google,3,2025-12-05 14:20:11
ga bisa di download,Pengguna Google,1,2025-12-05 13:36:39
tolong buat kan yang versi lite soalnya pas lagi main game nya ngeleg parah🙏🗿,Pengguna Google,5,2025-12-04 12:54:37
sya baru coba kasih bintang 5 dulu,Pengguna Google,5,2025-12-04 11:29:08
gamenya Bagus sih cuman waktu downloadnya harus dimainin biar bisa download kalau download sambil tidur itu bagus sih download servernya,Pengguna Google,1,2025-12-03 23:36:08
ITS good game,Pengguna Google,5,2025-12-03 14:16:12
Good!,Pengguna Google,5,2025-12-02 21:09:40
ini game bagus tapi tambahin mod lah biar player gk bosan Dan mod nya jangan bayar kalo Ada mod mah gw sering main ark karna gk Ada mod ini game jadi pajangan di hp gw karna susah cryopod pakai kunci spy nya gk enak hem membosankan kalo di Kabul kan pasti rame Dan jika itu terjadi gw buat Bintang lima,Pengguna Google,2,2025-12-02 18:56:39
kamu mengunduh banyak konten berbayar tetapi kamu tidak bisa menikmati nya???,Pengguna Google,1,2025-12-02 18:53:25
pls kembalikan ark yang lama,Pengguna Google,5,2025-12-02 16:39:54
gamenya terlalu lag jadi menurut saya lebih baik versi dulu daripada versi sekarang karena versi sekarang lebih berat jadi aku kasih bintang dua dulu,Pengguna Google,2,2025-12-02 16:38:49
plis kasi tutorial karena saya tidak tahu cara playnya karena harus jagain Dodo,Pengguna Google,5,2025-12-02 16:03:24
game burik developer anak yatim,Pengguna Google,5,2025-12-02 14:45:46
bagus banget ini game cuman kalo bisa ukuran di kurangin dikit soalny klo hp kentang g bisa main,Pengguna Google,5,2025-12-02 07:02:50
lebih baik ark dulu lebih ringan,Pengguna Google,1,2025-12-01 21:26:53
good,Pengguna Google,5,2025-12-01 19:56:46
kesukaan aku,Pengguna Google,5,2025-12-01 18:21:49
bagus gamenya epik lalu banyak dinosaurus yang bisa di taming dan aku paling suka dino terkuat no 2nya bagus banget,Pengguna Google,5,2025-12-01 15:33:10
tolong grafik nya diturunin gw udah rata kiri tetap aja lag dikit,Pengguna Google,4,2025-12-01 13:07:58
"aku tidak suka dengan update sekarang. dulu aku mendownload versi lama yang ringan dan praktis. tidak nge lag, tidak ada bug. hanya kekurangannya beberapa fitur versi PC tidak ada di versi ponsel. tetapi sekarang grafik di naikan, membuat hp ku tidak kuat. dan juga download nya yang tidak ngotak. tolong lah buat versi yang lebih optimal di hp mid - high end supaya bisa dimainkan pada orang yang kurang mampu membeli hp yang lebih mahal. aku sudah download versi terbaru cuma baru rating sekarang",Pengguna Google,1,2025-11-30 22:14:14
kenapa di hp Oppo Reno 11 f g ada ni apk dan GK bisa di download,Pengguna Google,2,2025-11-30 18:48:44
seru,Pengguna Google,5,2025-11-30 16:56:46
force close,Pengguna Google,1,2025-11-30 14:11:45
"Untuk grafis, tolong diperhatikan kembali, karena render distance masih tergolong memuat semua struktur semua obbject dalam satu pandangan, tolong di kurangi mesh untuk objek² nya, dan kurangi jarak pandang untuk hp spek rendah",Pengguna Google,1,2025-11-30 09:23:24
aku kok masuk ark langsung keluar dari apk ark,Pengguna Google,1,2025-11-30 08:17:43
mantap soalnya dari bang Deril,Pengguna Google,5,2025-11-29 22:47:11
great game,Pengguna Google,5,2025-11-29 17:39:24
pas masuk keluar terus cape,Pengguna Google,1,2025-11-29 15:39:39
game sampah,Pengguna Google,1,2025-11-29 15:37:46
"tolong buat player mobile di ringankan. soalnya saya main lag banget walaupun ram 8, mohon di perbaiki atau di ringankan",Pengguna Google,5,2025-11-29 14:06:15
show beautiful 🥰🥰,Pengguna Google,5,2025-11-28 22:01:58
bagus walaupun ga main karena ga kompatibel..,Pengguna Google,5,2025-11-28 20:43:03
gak bisa Mabar ya udah itu aja ya woi,Pengguna Google,2,2025-11-28 20:29:59
"gem nya optimasi busuk,entah hp ku terlalu kentang ap gimana tapi w rasa ini gem emng busuk optimisasinya(sengaja kasih b5 biar munchuls)",Pengguna Google,5,2025-11-28 19:27:33
per baiki bugnya yaa depeloper 🥰😡,Pengguna Google,1,2025-11-28 18:58:11
Please fix every bug on this game,Pengguna Google,3,2025-11-28 16:46:02
seru,Pengguna Google,5,2025-11-28 07:47:19
"gak tau kenapa mau main multiplayer gak bisa, udah saya pencet terus gak muncul,udah unistal download ulang tetep gak bisa, cuma kadang bisa,",Pengguna Google,3,2025-11-28 02:52:22
"Bagus Gua suka, main game ini harus spek memadai.",Pengguna Google,5,2025-11-27 23:09:43
ini kenapa nya pas lgi nunggu download data tiba tiba berhenti sendiri,Pengguna Google,3,2025-11-27 20:14:03
gabisa main nah,Pengguna Google,5,2025-11-27 07:01:26
"Mantep, sesuai ekspektasi. BTW YANG NGELUH TENTANG NGELAG DLL ITU YG BERMASALAH BUKAN GAME NYA TAPI HP LU YANG KENTANG BEGOO WKWK",Pengguna Google,5,2025-11-26 21:30:13
bagus dan menyenangkan,Pengguna Google,5,2025-11-26 17:18:40
wow ITS good game,Pengguna Google,5,2025-11-26 12:49:23
"bagus2 aja cuma sayangnya, kurang cocok main dihp kayaknya udah patah2 layar kecil tapi mau gimana lagilah wkwkwk bagus gamenya sebenarnya",Pengguna Google,5,2025-11-26 07:17:55
"GILAA COO, game nya bagus tpi sayang bngt, NGELAG Parahh!!!, tapi seru si",Pengguna Google,2,2025-11-26 05:40:17
serubanget,Pengguna Google,5,2025-11-25 16:29:02
anjirgamenya seru banget,Pengguna Google,5,2025-11-25 15:23:25
login ribet banget download datanya juga lama mau login tapi gak bisa,Pengguna Google,1,2025-11-25 15:07:02
"kenapa dino saya pada hilang. bikin kecewa aja, udah jauh2 main. dino saya pada ga ada",Pengguna Google,1,2025-11-25 14:55:17
gem nya bak gak seru,Pengguna Google,1,2025-11-25 14:11:01
bagus aku soalnya pemula,Pengguna Google,5,2025-11-25 10:41:28
mantap,Pengguna Google,5,2025-11-25 07:33:27
gemnya seru,Pengguna Google,5,2025-11-24 21:18:03
tidak cocok untuk mobile,Pengguna Google,1,2025-11-24 18:17:48
berat banget hp gw ram 8 banyk lgi penyimpanan nya..tapi pas login macat patah patah,Pengguna Google,3,2025-11-24 17:47:31
ini gema burik 2dimesi pokoknya jelek,Pengguna Google,2,2025-11-24 14:27:09
"gabisa login, kecewa si uda nunggu lama buat donwlod",Pengguna Google,1,2025-11-24 09:34:10
Saya nggak bisa masuk di game ya jadinya harus main game lain,Pengguna Google,2,2025-11-24 04:20:31
"pls optimalin game ny ya, meskipun lag"" gw main nya sering bgt nih gegara seru",Pengguna Google,5,2025-11-24 00:22:48
terlalu lag,Pengguna Google,1,2025-11-23 11:31:28
aku mau ARK lama kembali untuk yang HP nya tidak bisa bermain ARK ultimate ini,Pengguna Google,1,2025-11-23 10:38:50
kalo update habisin memori ga ada yang baru lagi,Pengguna Google,4,2025-11-23 10:36:38
keren banget game nya,Pengguna Google,5,2025-11-23 07:58:52
"pas update sekarang hp gua udh gakuat jirrlah, sakit tapi tak berdarah, tolong dong buat devolopernya perbaikan grafiknya bisa di turunin super smooth, buat kita yang pencinta game survival bisa bermain game ini dengan hp kentang🙏🏻🙏🏻",Pengguna Google,4,2025-11-23 07:07:07
"jujur ini bagus, tapi makin berat, lihat aja gw bakal balas dendam. lulus SMK gw bakal beli hp ROG dengan uang gw sendiri 🥲😕",Pengguna Google,5,2025-11-22 20:24:38
"terkadang sedikit kesal karena saat berlari sering berhenti tiba-tiba, entah bug control atau apa tetapi sangat merugikan ketika saya dikejar oleh raptor",Pengguna Google,3,2025-11-22 20:20:50
"I'm soo love this game but, while I'm playing the game is sooo lag and crash, pls developer to make us not lagging while playing ark ume🙏",Pengguna Google,2,2025-11-22 17:13:39
good,Pengguna Google,5,2025-11-22 16:55:51
This Game Has Bug When I Go To Tek Cave There's A Barrier Instanity Killed My dinos And Killed Me Plzzzzz Fix It,Pengguna Google,1,2025-11-22 16:38:30
kenapa saat game ini di hapus progres nya hilang developer tolong tambahkan fitur akun supaya progres tidak akan hilang.,Pengguna Google,5,2025-11-22 16:04:11
Game nya bagus dan menyenangkan walaupun terkadang saat baru mulai di bunuh terus oleh dino karnivora 😅,Pengguna Google,5,2025-11-22 14:09:52
DOWNLOAD NYA LAMA BGT ANJ 8GB,Pengguna Google,1,2025-11-22 12:39:42
kapan ya server unofficial ada tolong cepet di kasih dong,Pengguna Google,5,2025-11-21 19:37:00
game nya sudah tidak bisa di mainkan di ram 4 tolong setting untuk ram 4 dan juga kalo sudah bisa saya kasih bintang 5,Pengguna Google,3,2025-11-21 12:07:28
game banyak bug pas dowlod data stuck nya lama banget mana dowlod datanya 8 gb gk ngotak emang mana gk bisa afk lagi,Pengguna Google,1,2025-11-20 19:51:06
"apa ini kok fps yang sangat buruk, jika sudah fps yang lebih bagus saya kasih Bintang 5 dengan 5 akun ku",Pengguna Google,2,2025-11-20 16:44:52
best the real absolute cinema,Pengguna Google,5,2025-11-20 09:42:25
"bisa sih tapi tolong burung dodo nya bikin jadi t rex aja capek gw jagain nya, dah gitu lama dowload mbnya, sama kalo bikin game plis MB dowload nya tu loh rek 1.4GB",Pengguna Google,1,2025-11-19 17:37:16
"semenjak Game ini berubah Nama, Sekarang game Ini Menjadi PENUH DENGAN IN GAME PURCHASE, bahkan untuk Unlock 60 fps Pun harus IN GAME PURCHASE, thats sucks",Pengguna Google,1,2025-11-19 17:21:09
game apa ini harus nya versi dulu itu jangan dihapus apalah ark ultimate mobile lebih baik aku milih ark evoloved,Pengguna Google,1,2025-11-19 15:45:11
gamenya bagus tapi lodingnya lama banget,Pengguna Google,4,2025-11-19 14:03:45
game nya bagus tapi yang tidak seru nya kita disuruh download file sara nya jagain Dodo tapii aku bosan jagain Dodo semoga Nex update gak perlu download file semoga dibaca admin nya amin,Pengguna Google,5,2025-11-19 08:47:35
aku menyukai game ini sejak dulu tapi ark sekarang sangat berat bagi device ku aku cuma berharap ark dulu kembali,Pengguna Google,3,2025-11-19 06:42:56
"proses download nya kurang maksimal,sehingga lama untuk log in",Pengguna Google,3,2025-11-18 18:03:12
tolong untuk developernya gantikan download file yang susah dan itu pun harus jaga buwung puyuh diganti gak usah ada download file begitu tolong,Pengguna Google,1,2025-11-18 17:03:16
banyak bag/bug yg meresahkan pemain crash and mudah mgebug,Pengguna Google,2,2025-11-18 16:17:20
pls remove the dodo bird game it wasted my time but I use my friend pc to play so please remove the dodo bird game please🥺🥺🥺🥺🥺🥺🥺🥺🥺🥺,Pengguna Google,5,2025-11-18 13:36:43
g bisa masuk download data nya lama malah sambil harus main game lagi kalo mati ulang lagi,Pengguna Google,1,2025-11-18 13:26:17
ngelag,Pengguna Google,1,2025-11-18 11:14:45
main baru lagi akun lama lupa game legend,Pengguna Google,5,2025-11-17 19:53:32
game bagus tapi kontrol nya susah di hp,Pengguna Google,4,2025-11-17 19:05:52
jelek bet game nya harus donlowd filenya donlowd nya kecil file inalilahi Tv,Pengguna Google,1,2025-11-17 17:23:09
"kenapa tidak ada yang namanya ""show floating dmg indicator? saya telah mengecek semua Dan bertanya ke ai juga, apakah ini bug? atau memang telah di hapus oleh dev?",Pengguna Google,1,2025-11-17 13:43:19
"for developer: overall very good game ever make but only one minus for me, in helio g99 phone its not smoth i wish you can fix graphic setting in low but smooth fps. thankyou for your beautyful game👊🏻",Pengguna Google,4,2025-11-17 12:13:32
karena aku harus hapus game kesayangan dan tiktok ku pun di hapus demi game ini 😭😭😭😭😭😭😭,Pengguna Google,1,2025-11-17 11:55:03
"gooodd game men i like this game banyak dinosaurus yang keren dan lain""",Pengguna Google,5,2025-11-16 18:06:43
"game ya keseringan download gak jelas, lama lagi👎",Pengguna Google,1,2025-11-16 17:51:38
bagus bgt cuk impian ku bisa main ark akhirnya terwujud walaupun tidak sama kayak pc tapi ini masih bagus. tapi masih ada sedikit kekurangan dan bisa dikebangkan lagi.,Pengguna Google,5,2025-11-16 17:14:03
optimalisasi di ark ume itu buruk banget dan ark sering bange maksa login.itu kadang ngeselin soalnya udah login tapi masih disuruh login.,Pengguna Google,3,2025-11-16 16:05:13
Wak save game ku ilang😭 plis ark di kasih cara buat balikin save game ku🙏🙏🙏,Pengguna Google,2,2025-11-16 14:17:11
gabisa di download,Pengguna Google,1,2025-11-16 14:05:01
mantap gamenya grafik nya bisa bikin meledak hp ku,Pengguna Google,5,2025-11-16 11:33:40
gamenya seru,Pengguna Google,5,2025-11-16 11:13:59
sangat bagus tapi sangat lama unutk mendownload data,Pengguna Google,4,2025-11-16 10:36:56
aku mau ada icon kelaparan sama kehausan buat mudahin liat kelaparan sama kehausan agar saya tidak usah buka inventaris setiap mau liat kelaparan sama kehausan dan saya juga mau saat saya keluar dari aplikasi saat download tidak stuck,Pengguna Google,4,2025-11-16 10:09:31
"bagus,,, tapi banyak lag dan kadang loading nya lama, tapi over all bagus 👍",Pengguna Google,5,2025-11-16 08:54:44
bagus sih cuma harus download lagu,Pengguna Google,5,2025-11-15 19:30:12
👍,Pengguna Google,5,2025-11-15 18:41:49
The Dodo game is difficult so how do you get in?,Pengguna Google,4,2025-11-15 16:28:07
apalah awal² langsung di suruh download 8gb,Pengguna Google,1,2025-11-15 13:41:00
ini knp kalau setiap mau login kan harus masukin kode verifikasi tapi ga bisa knp,Pengguna Google,4,2025-11-15 13:19:32
game tolol udah di sininya 1 gb di game nya 8 gb eh gue tinggal. tinggal sedikit lagi eh ke hapus semua suruh ulang lagi sangat sangat kecewa game rusak game rusak,Pengguna Google,1,2025-11-15 13:18:01
keren,Pengguna Google,5,2025-11-15 11:55:28
"game ini bagus sebenarnya, hanya saja ketika memainkannya membuat HP terasa panas. baru juga main bentar, tapi sudah panas Hp. aku pakek HP Infinix, jadi tolong untuk ditindak lanjuti biar HP Pemain tidak terlalu panas karena kebanyakan data pada sebuah game ini. jujur, lebih baik Ark Mobile versi lama dari pada ARK Ume. Ark Ume cocokNya untuk versi PC aja... sebenarnya Ark Mobile bisa dipertahankan asal Developer Rajin Update Dino BARU.Thx..",Pengguna Google,5,2025-11-15 11:52:20
bagus tapi download game file nya sedikit terlalu lama bagiku,Pengguna Google,5,2025-11-15 11:23:57
tolong bug nya dihapus kalo lagi nge Taming,Pengguna Google,3,2025-11-15 07:31:11
It's good but please make map 1-2 free so it's like ark pc,Pengguna Google,4,2025-11-15 07:00:52
saat ingin mencoba memainkan game nya malah keluar sendiri dan begitu trus,Pengguna Google,1,2025-11-14 21:00:09
"The game is good, but please download the map separately so it doesn't become too heavy when played.",Pengguna Google,3,2025-11-14 20:57:33
lama Mengunduh file tambahan yang diperlukan untuk bermain,Pengguna Google,1,2025-11-14 19:06:10
cara join nya gimana kalo pakek dd lama,Pengguna Google,5,2025-11-14 17:25:59
game bagus banget untuk ukuran yang hitungannya masih kecil banget,Pengguna Google,5,2025-11-14 16:50:46
bagus tapi jarangin update,Pengguna Google,5,2025-11-14 15:12:47
gemnya bagus gerafik bagus tapi saya yang jahat,Pengguna Google,1,2025-11-14 12:51:41
additional files could not be downloaded. please Developer fix this bug please!!!!!!,Pengguna Google,1,2025-11-14 09:43:52
tolong di optimisasikan game nya,Pengguna Google,2,2025-11-14 09:00:53
I gave it two stars because the optimization feature still doesn't work on my cellphone even though my cellphone is good and after I changed it to the worst one it still lags so please fix it,Pengguna Google,2,2025-11-14 08:27:30
I can't restore my god console????,Pengguna Google,5,2025-11-14 07:39:07
maen dari dulu bug nya itu itu aja. tiba tiba dowload data lagi 4gb. tiba tiba mental ngulang dari beberapa menit. loot crate tembus batu,Pengguna Google,2,2025-11-14 04:52:53
tolong yang hp turunin grafik nya developer plis ark nya grafik ini berat banget buah hp,Pengguna Google,4,2025-11-13 20:57:57
download nya lama,Pengguna Google,1,2025-11-13 19:46:46
pasti pada donlod ni game gara-gara darryl haha,Pengguna Google,5,2025-11-13 18:37:44
saya tidak bisa masuk ke game untuk survival dan harus mendownload file dengan cara menjaga Dodo saya ingin saat buka apk ark lansung bisa masuk ke game Tampa harus download file saya sudah mencoba berkali-kali tapi masih mati tu Dodo tolong next update langsung bisa masuk ke game Tampa harus download file,Pengguna Google,1,2025-11-13 17:26:45
seru,Pengguna Google,5,2025-11-13 16:21:14
sering dis connect dan roll back. jadi permainan kurang menyenangkan. dan banyak nya player cheat,Pengguna Google,1,2025-11-13 15:15:15
"kudacuki nga, talalu banya ba update",Pengguna Google,1,2025-11-13 10:16:24
game yg sangat seru dan menarik MC fersi smooth,Pengguna Google,5,2025-11-13 08:45:12
Sering patah patah trus grifik di turunin tetap jga ngeleg ini gmna cara nyaaa tolong di perbaiki makasihh,Pengguna Google,1,2025-11-13 08:44:14
game nya bagus grafik nya keren,Pengguna Google,5,2025-11-12 22:19:35
bisa gk kalau donlod data ya jangan sambil gerakin Dodo susah pls tolong di ganti,Pengguna Google,5,2025-11-12 20:19:50
tolong pas main multiplayer bug ketarik tarik sendiri pas lari di perbaiki!,Pengguna Google,3,2025-11-12 18:22:13
kan aku baru download trus aku main tapi gk bisa masuk kenapa ini tolong jelasin,Pengguna Google,1,2025-11-12 17:54:36
gak bisa masuk gara-gara dodol itu,Pengguna Google,1,2025-11-12 17:42:58
when i play it dosent loads the menu,Pengguna Google,1,2025-11-12 14:22:27
"bang dev bisa minta tolong buat ga berat bikin nya ini walaupun saya sudah mengosongkan sampai 30gb kenapa masih sama aja kayak sistem ui tidak beroperasi atau game ark nya tiba tiba matiin hp kuh sendiri, tolong buat lah game yang bisa di mainkan semua orang dan saya ingin memainkan gamenya",Pengguna Google,1,2025-11-12 06:27:57
saya selalu mati akibat fall damage,Pengguna Google,1,2025-11-11 16:56:46
mantap,Pengguna Google,5,2025-11-11 16:34:35
apalah anjir baru masuk langsung take off,Pengguna Google,1,2025-11-11 13:02:56
game survival realistis,Pengguna Google,5,2025-11-11 06:03:35
good game,Pengguna Google,5,2025-11-11 05:43:51
pls kenapa saya tidak bisa men download geme ini 🥲🥹,Pengguna Google,1,2025-11-10 19:56:29
gabisa di download,Pengguna Google,1,2025-11-10 12:45:48
"game ini aku rasaa sangat bagus, game ini menggambarkan bagaimana bumi pada masalalu dan kita juga bisa bertahan hidup.game ini cocok untuk orang ""yang ingin melihat bagaimana kondisi pada masalalu,",Pengguna Google,5,2025-11-09 23:55:41
"please fix the kicked and crash, i alr buy the map but i can't even play bcs always crash when i play genesis 2",Pengguna Google,1,2025-11-09 12:56:13
"aku juga pemain lama game ini, cuma pas sekarang download lagi, kenapa harus mainkan mini game nya itu pas nunggu download, menyusahkan, jika bisa di hilangkan hal seperti itu, kenapa enggak download biasa aja, misal juga ada mini game nya ,setidaknya engga harus maksa main itu agar download tetap berjalan, asli menyulitkan sekali",Pengguna Google,2,2025-11-09 11:59:36
"tolong di perbaiki bug nya, Baru juga setelah download gamenya malah gak bisa masuk padahal memorinya hp ku besar,pas mau masuk malah keluar aja gitu terus tolonglah developer di perbaiki bug atau kesalahannya",Pengguna Google,2,2025-11-09 11:43:48
crash,Pengguna Google,1,2025-11-09 10:19:38
tolong game nya jadikan ringan karena lag banget di bawah 10 fps di saya,Pengguna Google,2,2025-11-09 10:09:21
tolong saya masih gatau cara bikin tools pas di pencet 2 kali tetep ga bisa tolong kalau tau apa yang terjadi bilang,Pengguna Google,2,2025-11-09 09:19:33
"Please optimize it on my device, Infinix hot 30i, this application is not compatible on your device",Pengguna Google,4,2025-11-09 05:34:55
force close all the time dude.,Pengguna Google,3,2025-11-08 22:27:00
belum coba tapi pasti bagus dan seru,Pengguna Google,5,2025-11-08 12:41:48
gameplay bagus sih tapi lama banget download nya sampe musti hapus banyak file,Pengguna Google,4,2025-11-08 11:50:41
developer tolongdownload data nya di perdecat,Pengguna Google,5,2025-11-08 06:07:24
grafik masih sangat kurang apalagi dengan optimalisasi,Pengguna Google,1,2025-11-07 23:02:12
bagus sih tapi gak ramah buat hp kentang,Pengguna Google,4,2025-11-07 21:13:26
"Sangat Optimal, Sangat Smooth di HP Saya Sehingga Mendapat 5-10fps",Pengguna Google,5,2025-11-07 20:21:30
woiiiii gak bisa memasuki server,Pengguna Google,2,2025-11-07 20:04:51
"overall udah bagus, sekedar saran aja kedepannya mohon untuk membuat settingan tambahan di settingan grafik seperti mengurangi atau menonaktifkan rumput dan refleksi cahaya, agar permainan bisa berjalan lebih lancar lagi di device dengan spek yang medium agar meminimalisir frame drop, semoga ulasan ini dibaca dan diwujudkan oleh developer, karena dua fitur ini akan berpengaruh sekali dengan masalah fps yang selalu dikeluhkan oleh player lainnya, sekian🙏🙏",Pengguna Google,4,2025-11-07 17:55:48
gimana cara menemukan server pvp,Pengguna Google,1,2025-11-07 13:13:53
"Aku kasih bintang 1 karena ulasan ku ga pernah dianggap padahal aku ganti hp baru biar bisa main ARK, eh malah hp baruku yang ga bisa main, padahal POCO F5",Pengguna Google,1,2025-11-07 05:10:33
"gak bisa dibuka dan jalan sama sekali, baru buka langsung force close",Pengguna Google,1,2025-11-06 21:31:33
game mini terbagus sedunia tapi,Pengguna Google,5,2025-11-06 10:10:59
"Seharusnya Seperti pubg download nya per-map saja.. jgn semuanya di satuin,biar device bawah juga gk lag lag amat",Pengguna Google,5,2025-11-06 08:24:33
not compatible in poco f5 Snapdragon 7+ gen 2. please fix it,Pengguna Google,1,2025-11-05 22:43:10
Tolol,Pengguna Google,1,2025-11-05 09:52:04
"aku suka banget game ini sebelum update itu lancar aja di handphone ku, tapi sekarang nge frame parah, aku harap si ada grafik yang burik banget, gapapa lah asal aku bisa main, ini game yang sangat bagus👍🤍",Pengguna Google,5,2025-11-05 04:24:23
"tolong ukuran game nya di perkecil, seperti ukuran game ark survival evolved !!! ini terlalu besar membuat handphone cepat panas dan lag, patah patah super frame drop !!",Pengguna Google,5,2025-11-04 19:26:18
"Buat User mediatek Gw pakek Chipset Dimencty 8300 ultra maen di Map Ragnarok dapet 30fps kadang bisa turun, setingan rata kanan. Jadi yang chipset dibawahnya jangan banyak ngomel Lag pas maen. Suport aja Developernya supaya lebih diperbaiki lagi.",Pengguna Google,5,2025-11-04 14:47:21
"kenapa sih tetep ada crash di game nya lagi asik² taming sma Building crash mlu entah krna versi mobile atau gimana plis developer perbaiki donggggg, masalah udh enk² building mlh nge crash trus itemny ilang gk ke saveeeee, it's so pmo 😮‍💨😮‍💨",Pengguna Google,3,2025-11-03 21:19:06
lebih baik seperti versi ark survival evolved di playstore nya 2.5gb dan tidak donload data,Pengguna Google,1,2025-11-03 16:53:11
game ini sangat seru,Pengguna Google,5,2025-11-03 16:39:58
"banyak bug dalam gamenya ,ayo lah perbaiki",Pengguna Google,1,2025-11-02 23:11:14
game rusak gabisa crafting,Pengguna Google,1,2025-11-02 22:21:54
why the minigame for download progress? :( i wanna sleep while it downloads...,Pengguna Google,3,2025-11-02 21:52:18
tolol,Pengguna Google,5,2025-11-02 07:30:07
good game,Pengguna Google,5,2025-11-02 06:35:25
tolong segera di update,Pengguna Google,5,2025-11-01 23:56:02
lag banget tolong bikin versi grafick yang optimal dong untuk hp yang bukan speks gaming tolong yak,Pengguna Google,3,2025-10-31 14:47:41
"habis update, malah lebih sering nge crash",Pengguna Google,2,2025-10-31 12:20:50
"kurang lancar di Snapdragon 6s, tolong untuk patulan cahaya di air benerin kurang enak di lihat",Pengguna Google,2,2025-10-30 18:36:28
After update i can't download additional file (download not start/stuck),Pengguna Google,4,2025-10-30 16:39:12
"untuk game nya udah bagus kaya di PC tapi untuk kontrol nya tolong bisa di costum lagi agar tidak kaku, untuk pergerakan lebih baik sediakan analog dan untuk masalah kinerja tolong dong biar bisa lancar di setingan grafik rendah. masa genshin impact aja bisa lancar di grafik rendah 40-60 FPS",Pengguna Google,3,2025-10-29 17:07:01
game nya bagus tapi kadang kena force close kalo main server multiplayer,Pengguna Google,3,2025-10-29 16:09:04
gakbisabimainnin,Pengguna Google,1,2025-10-29 15:33:17
Saya pas memainkan nya malah ngelag dan ada bug nya 🫠 kayaknya harus main di komputer,Pengguna Google,2,2025-10-29 14:15:47
"tolong dong devloper bantu kita yang pake hp kentang soalnya grafik nya sejarang berat banget jadi hp kita yang udah gak suport jadi susah buat main ini game, padahal sebelum update masih lancar aja main ini game cuma pas update jadi lebih berat",Pengguna Google,4,2025-10-29 05:34:42
bagusss,Pengguna Google,5,2025-10-28 16:13:01
ya karna pas mau main di lobby malah disuruh download dulu apalagi disuruh kita yang ngurusin nya pake game gaje pula bikin bosen ya tapi aku mau main di virtual nya bukan game gaje nya. tapi ada kekurangan yang harus diproteskan ke developer nya game ini. awas kau ya developer game ini😡😡😡😮‍💨😮‍💨😮‍💨,Pengguna Google,1,2025-10-28 15:57:52
"pliss tolong segera di optimalkan dulu saya bisa main kan nya di tahun 2024 tapi sekarang gak bisa di download padahal android saya speknya udh versi 15 dan spesifikasi nya cukup untuk main di grapik settingan low-medium,jadi tolong di optimalkan dan di perbaiki lagi secepatnya 🙏",Pengguna Google,5,2025-10-28 08:53:38
game apanih masak mau login aja gak bisa padahal akun sama sandinya dah bener hadehhhh gak rekomendasi kecewa berat saya,Pengguna Google,1,2025-10-27 15:58:38
woi developer kenapa ark sekarang berat banget sama terang banget mending ark mobile versi lama grafik cukup bagus gak terang cukup ringan sistemnya mudah di pahami dari pada ark sekarang cerah banget sama berat banget,Pengguna Google,1,2025-10-26 22:51:48
bug nya tolong agak dikurangin terutama bug dino. Masa ada dino yang bisa tembus sama dino lain. Juga ada dino yang dihit dino lain tidak berkurang darahnya,Pengguna Google,3,2025-10-26 09:43:12
"game dajjal kenapa ada regrhionata di hutan pertama,si Jordi dan udin jadi mati saat berburu berry,btw jordi itu triceratops dan udin itu tek parasaur,yg gw bingung kenapa ada serangga late game di pulau pemula,item gw ilang semuanya,akhirnya gw balas dendam dengan mengajak Fikri(Spinosaurus) dan 2 trike dan 3 parasaur dan 6 dilo dan 3 raptor,eh bukannnya menang,Fikri gw mati keracunan dan dijadiiin tempat telor,setelah kejadian itu gw males main game ini,tapi gamenya bagus dan offline",Pengguna Google,2,2025-10-25 14:23:50
bagus bgt,Pengguna Google,5,2025-10-25 14:12:57
I already buy God mode but it's not avabile now?,Pengguna Google,1,2025-10-24 08:19:55
update terbaru malah sering force close,Pengguna Google,1,2025-10-22 17:34:50
"kalo ngasih petunjuk item, karena pemain tewas tandai X aja di map, ribet nyari sana sini gk ada.",Pengguna Google,1,2025-10-21 19:37:08
BINTANG 0 BESAR UNTUK GAME BUSUK INI,Pengguna Google,1,2025-10-21 14:56:54
kalo bisa jangan di kasi loding kayak gitu. biar kayak dulu,Pengguna Google,5,2025-10-21 14:17:45
MANA EVENT BARUNYA?? kaya event raptor clause,Pengguna Google,1,2025-10-20 10:16:44
tolong di update suka leg dan jangan di hapus,Pengguna Google,5,2025-10-19 15:01:16
suruh download 5 GB terus?? sudah 2 kali seminggu lo,Pengguna Google,5,2025-10-19 11:25:34
"game nya keren 😎 ,, ada beberapa yg kurang pencahayaan dari api kurang terang meski dengan jumlah banyak,,",Pengguna Google,5,2025-10-18 09:06:34
knp download datanya harus main game pake Dodo terus harus hidup dodonya?,Pengguna Google,3,2025-10-17 21:50:42
"How come it doesn't run smoothly for the Realme 5i cellphone, even though there's still a lot of storage left, is it really not suitable for the Realme 5i?",Pengguna Google,1,2025-10-17 13:04:34
"selsai download d playstor, pas login di suruh download file 8 MB doang TAPI SETAHUN GA KELAR""",Pengguna Google,1,2025-10-17 09:36:37
gw mau login akun epic game suruh nunggu kodenya lewat kontak malah gak ada kontak sama sekali,Pengguna Google,1,2025-10-16 17:23:35
"kenapa game tidak tersedia? padahal device yang ku pakai Poco F5, sedangkan device ku sebelumnya poco F4",Pengguna Google,1,2025-10-16 09:33:46
semenjak update malah FORCE CLOSE mulu di map genesis 2. padahal sebelum nya lancar lancar aja,Pengguna Google,1,2025-10-15 18:22:42
download gak bisa dimainin,Pengguna Google,1,2025-10-15 14:48:43
can you add npc like other tribes to make singleplayer game look realistic thank you,Pengguna Google,5,2025-10-15 10:17:31
Masih Bisa di atasi lah Di Helio G99 walaupun Fpsnya Kecil dapetnya🗿,Pengguna Google,4,2025-10-14 23:46:23
force close terus di ram 8 / 256,Pengguna Google,1,2025-10-14 19:44:47
grafik jelek parah ga sesuai ukuran apk,Pengguna Google,1,2025-10-14 19:44:21
game nya ini cara masuk nya emang harus mainin game Dodo ya?,Pengguna Google,3,2025-10-14 16:51:40
"bagus sih cuman butuh di optimalkan lagi dan kalau bisa download mapnya dipisah dalam game jadi bisa ditunggu sambil main. Dan tolong perbaiki hud nya, tombol tidak akurat sama garis aman nya kebanyakan kalau bisa ditambahkan fitur customize untuk tombolnya!",Pengguna Google,5,2025-10-14 16:03:58
tolong game nya dikecilin kan lagi karena masih berat Mukin di sistem memuat dunia,Pengguna Google,2,2025-10-13 20:35:19
game ini bagus grafik nya juga bagus banget tapi developer tolong kurangi RHYGIONATTA nya karena aku susah berjelajah karena suka di kejar,Pengguna Google,5,2025-10-13 19:05:18
download yang susah tolong jangan ada dodo untuk download masa harus nyelamatin burung dodo untuk download dan downloadnya lama mana mungkin 8gb lebih ayolah tolong download yang biasa aja gitu,Pengguna Google,1,2025-10-13 13:50:48
"Setiap update harus download data lagi 4gb lebih dan itu cukup mengganggu ,apalagi server download di ingame sangat buruk dan butuh waktu lama untuk mendownload ,harusnya tiap update ga harus download ulang lagi . belum lagi terjadi banyak crash dan bug yg menggangu setiap kali update . tolong agar Dev lebih mengutamakan. kenyamanan bermain playernya lagi.",Pengguna Google,3,2025-10-13 12:55:48
game banyak bug pas masuk gamenya tiba tiba force close Mulu benerin dong bug nya biar lancar main jangan bug nya makin menjadi jadi,Pengguna Google,1,2025-10-13 10:48:59
"kepada developer yg terhormat, mohon untuk kedepannya untuk update ark mobile tolong diringankan saja, bukan berarti kami tidak mau mengikuti standar yg pada update kali ini terasa berat banget, apalagi pas dimainkan oleh saya pada map Ragnarok itu berat banget sumpah, udh lag parah dan tidak bisa terbantu lagi aku udh pakai rata kiri juga masi saja tidak bisa mengimbangi game ark ini, tolong ya developer jngn sampai lag ark ume nya karna mubazir uang saja sudah beli map juga🙂",Pengguna Google,5,2025-10-12 22:15:40
"rating rendah belum tentu jelek, kebanyakan karena device tidak mempuni tapi memaksakan dan ngasih rating jelek, saya berani jamin game nya seru, btw saya pake poco x7 pro. sekalian ngasih tau ada bug yaitu delay suara saat berjalan atau berlari, semoga di tanggapi. terimakasih",Pengguna Google,5,2025-10-12 20:59:47
lain kali otak di pake ya developer gua udah jauh2 main loh udah 168 hari main udah banyak gua taming2 dino kenapa tiba2 gua ulang lagi dari awal padahal udah di save loh kenapa bisa corrupt data nya dah lah ampas,Pengguna Google,1,2025-10-12 13:43:09
"sorry, gw suka game nya tapi setelah update terbaru sering force close pdhal sebelumnya aman aja di grafik high pun",Pengguna Google,1,2025-10-11 20:29:39
semoga kedepan nya game ini lebih optimal dan bisa di mainin di hp yang memiliki kapasitas rendah,Pengguna Google,5,2025-10-11 17:45:08
bintang lima tapi tolong loding geme nya jangan lama lama aku nunggu 3jam,Pengguna Google,5,2025-10-11 08:13:11
bagus sekarang tidak sering cras,Pengguna Google,5,2025-10-11 05:06:51
game yg sangat bagus..hanya saja 1 dino kayak rhyniognatha g bisa follow..saat jatuh dr ketinggian itu dino sangat susah di ambil lg.bener menyulitkan,Pengguna Google,5,2025-10-10 23:50:07
pkai hp Infinix hot 60pro ram 8/256 g BS dibuka baru selesai download..g bs dmainkan,Pengguna Google,1,2025-10-10 21:37:57
sd320 lancar jaya mantab,Pengguna Google,5,2025-10-10 19:09:59
bagus,Pengguna Google,5,2025-10-10 03:15:38
Why doesn't this game want to download data?,Pengguna Google,1,2025-10-10 02:35:14
love it,Pengguna Google,5,2025-10-09 19:17:29
"gausa aja bikin game mobile, kalo gini mah bagusan yg dulu lebih ringan ga banyak bug, mending bikin ulang aja yg kaya dulu lebih bagus lebih ringan juga. kembalikan saja game ini ke pc kalo tidak segera diperbaiki",Pengguna Google,1,2025-10-09 16:16:34
"?, now it's weirder than it used to be, “Ark Survival Evolved” is now “Ark Ultimate Mobile” 😢, so please change it to “Ark Survival Evolved” again if I don't share it with people.",Pengguna Google,1,2025-10-08 17:14:28
"Gim nya Error ga bisa masuk padahal hp saya ram 8gb,Mana gua Download udah 2x tetap aja ga bisa masuk 😭",Pengguna Google,1,2025-10-08 02:56:07
"coba tolong developer. tolong di perhatikan kalaw ada pembaruan. atau sistemnya. sakit sekali hatiku lagi taming rhyonata, tersisa 25 detik sebelum berhasil tiba tiba game keluar sendiri. terus pas login kembali harus download kembali mana 4gb lebih. syukur kalaw selesai di download masih tersimpan data kembali. lain kali tolong perhatikan. ssumpah sakit sekali hatiku cok. sisa 25 detik taming selesai ehkkk. tiba2 update atau apalah. pengen bicara kotor cok.",Pengguna Google,1,2025-10-07 19:53:56
pls bring back ark survival evolved and update it so android 15 can play it,Pengguna Google,5,2025-10-07 14:41:54
halo developer saya dulu beli (God console) 300ribu tahun 2022 dan sekarang saya kaitkan lagi di tahun 2025 God console nya hilang padahal dulu saya membelikan God console karena itu bersifat permanen malah sekarang suruh beli lagi mana pertangungjawaban mu saya punya bukti pembayaran nya dan email saya Ndak hilang gimana ini tangung jawab nya lah!!!!,Pengguna Google,3,2025-10-07 09:26:12
"game nya bagus, enak kalo dimainin di singleplayer. saya berharap developer dapat menambahkan fitur multiplayer dengan private server, baik berbayar maupun cuma-cuma karena private server sangat seru seperti di pc. kalau bisa tambahkan map valguero pasti saya beli",Pengguna Google,5,2025-10-07 02:37:36
MALES MAIN ARK SERVER SELALU DC SAMPE 7X KELUAR MASUK HAMPIR TIAP HARI GUA KEK GINI UNTUK SEMENTARA INI UNINSTALL ARK DULU MOGA NANTI TAHUN DEPAN LEBIH MEMBAIK DEVELOPER 👌,Pengguna Google,1,2025-10-06 21:21:00
developer bisa nambahin dino lagi gak macam deinosuchus untuk versi saat ini udah bagus semoga di tambah lagi dino2 nya,Pengguna Google,5,2025-10-06 12:17:52
"Cryopod system. pls tiap aku kehilangan 1 cryopod aja rasanya pengen reset game. tolong buat cryopod bisa dibuat kayak di PC, at least lebih murah jangan 100 keys",Pengguna Google,2,2025-10-05 21:43:19
"Tolong kenapa tidak bisa masuk selalu force close terus, untuk di hp Oppo android,",Pengguna Google,5,2025-10-05 21:41:02
dolnotnya lama,Pengguna Google,5,2025-10-05 14:36:47
"server broken, useless mek!! bad game",Pengguna Google,1,2025-10-05 05:27:12
"game mantul buat jaman sekarang yg kebanyakan game moba/battle royale, cmn minesny game kikir p2w jir",Pengguna Google,4,2025-10-04 22:48:55
"Please fix this game, it's not compatible with small RAM phones, it's really slow. It's better to use the previous version which is more friendly to small RAM phones.",Pengguna Google,2,2025-10-04 19:35:31
bagus banget dan jangan lupa giganotosaurus di tambah,Pengguna Google,5,2025-10-04 19:32:52
game nya bagus,Pengguna Google,5,2025-10-04 18:53:13
gamenya bagus tapi ada beberapa bug yang harus dibenahi di saya entah kenapa saddle pteranodon ga bisa di engram walau level udah 38 dan point sudah banyak harap pertolongannya,Pengguna Google,5,2025-10-04 16:38:19
good,Pengguna Google,5,2025-10-04 15:56:16
tolong tambahi map fjodur dan valguero,Pengguna Google,5,2025-10-04 15:25:55
lebih suka ARK versi lama GX neko neko,Pengguna Google,1,2025-10-02 22:29:12
"bagus memuaskan dari segi visual, jalan cerita yang menarik, dengan memulai dari nol, selayaknya survival",Pengguna Google,5,2025-10-02 18:03:32
after update malah jadi keluar Mulu sana Gada perubahan yg signifikan,Pengguna Google,3,2025-10-01 07:31:07
lag lag,Pengguna Google,1,2025-09-30 19:12:20
so lag,Pengguna Google,1,2025-09-30 17:49:50
gamenya bagus gua rekomen banget wajib download,Pengguna Google,5,2025-09-30 17:42:34
apalah ni game baru download tadi bisa login sekarang gk bisa di paksa keluar mulu,Pengguna Google,1,2025-09-30 05:07:46
THE BEST SURVIVAL GAME EVER EXIST !!,Pengguna Google,5,2025-09-29 22:52:55
gamenya bagus sih tapi kalau orang protes tentang grafiknya kan bisa diganti tapi gua gak paham yang mobile,Pengguna Google,5,2025-09-29 20:31:32
lag parah ...,Pengguna Google,1,2025-09-29 19:19:03
secara keseluruhan game ini bagus sayangnya masih kurang stabil kadang lancar kadang patah patah untuk SD 8 elite juga masih patah gimana coba?,Pengguna Google,3,2025-09-29 11:15:16
berharap rilis di google play pc,Pengguna Google,4,2025-09-29 10:52:07
"mantap game PC akhirnya bisa di mainkan di mobile , game survival terbaik di mobile ini , apalagi buat pecinta dinosaurus bisa tame t-Rex 😋😋",Pengguna Google,5,2025-09-29 00:50:34
game nya seru,Pengguna Google,5,2025-09-28 19:12:11
please add the FJORDUR map in the next update,Pengguna Google,4,2025-09-28 10:08:25
"barusan kejadian, kenapa pas sign in kok tiba tiba sign nya lewat epic ya? padahal sebelum2 nya login pake akun google play, kenapa nih? tolong lah..dino yg saya tame udah banyak bgt, base juga udah gede 🙏🏻🙂",Pengguna Google,3,2025-09-28 06:27:12
tolong kasih Deinosuchus plissss,Pengguna Google,5,2025-09-27 23:58:44
👎🏻👎🏻👎🏻👎🏻,Pengguna Google,1,2025-09-27 20:10:48
"tolong atasi bug force close setelah update ini, soalnya setelah update saat download data game malah terjadi force close, padahal spesifikasi hp sudah lebih dari minimal",Pengguna Google,1,2025-09-27 17:20:18
game nya bagus bisa multiplayer dan lain lain tapi yang kurang palingan cuma berat itu juga game nya bagus jadi lumayanlah semoga bermanfaat,Pengguna Google,4,2025-09-27 13:08:59
"adaptasi dari game PC ke mobile nya udah bagus tinggal di tingkatin lagi,semangat dev🔥🔥",Pengguna Google,5,2025-09-27 07:45:16
bagus dan seru,Pengguna Google,5,2025-09-27 07:18:01
rog phone 9 fps dilimit 30 lawak,Pengguna Google,3,2025-09-27 04:20:33
tolong developer nya banyak bug game nya tiba tiba berhenti lalu keluar sendiri,Pengguna Google,1,2025-09-27 02:14:47
kenapa setelah update jadi force closes jadi kecewa,Pengguna Google,3,2025-09-26 22:52:51
game sampah jelek,Pengguna Google,1,2025-09-26 19:05:51
game berat goblog mending gausah download mending game lain,Pengguna Google,1,2025-09-26 16:36:24
yg bikin kesal selalu di kick,Pengguna Google,5,2025-09-26 10:56:05
"why always crash when update, goodbye mossa, i wish i could tame all of that dino. sigh.....",Pengguna Google,4,2025-09-26 00:45:15
"1,4GB Dan game nya gak seru",Pengguna Google,1,2025-09-25 18:12:52
abis di-update malah ga bisa dibuka game nya,Pengguna Google,2,2025-09-25 16:13:41
"habis update ga bisa masuk , baru masuk apk langsung forcr close, padahal sebelum update aman"" aja, kalau masalah device ga mungkin karena hp ku x7 pro, mohon segara perbaiki yaaa developer 😀😀😀",Pengguna Google,1,2025-09-25 14:13:24
Tolong developer susah banget mabar aku mau mabar kok di suruh join atau beli dan gerafiknya burik dan aku kok gk bisa naro kaya pondasi untuk bikin rumah kayaknya aku kena bug tolong di perbaikiya developer sama bawa gampang mabar aku tidak punya bes sama sekali aku mati mulu dan bawa mempercepat masuknya yg baru main,Pengguna Google,2,2025-09-25 12:55:21
bang gimana cara masuk server ARK.,Pengguna Google,5,2025-09-25 12:17:50
bagus baget tetstur nya bagus,Pengguna Google,5,2025-09-25 08:28:20
fc mau instal data gmn ni update malah eror,Pengguna Google,1,2025-09-24 18:28:17
"game sebagus ini sudah ada di mobile dengan susah payah developer membuatnya hingga direvamp sampai sama persis dengan di PC, kalian dengan se enaknya kasih rating jelek, dulu suka banget liat konten game ark dipc hingga akhirnya muncul diplaystore thanks dev, tapi barusan update kenapa malah jadi patah"" dan sering force close semoga segera di Fix.",Pengguna Google,5,2025-09-24 17:43:48
beuh keren amat terus realistis untung hp gua ramnya 26gb,Pengguna Google,4,2025-09-24 13:00:44
woy apa apaan disuruh download data 4gb ketika di download malah force close apa sih maunya,Pengguna Google,1,2025-09-24 12:17:02
pas gua download lama sampai cas cabut cas cabut gua tapi bagus juga geme nya,Pengguna Google,4,2025-09-24 10:48:56
njir ada bug pas download nya nih tolong diperbaiki,Pengguna Google,1,2025-09-24 05:25:11
ada bug beberapa hewan taming ilang sendiri padahal juga ga di apa apain dah 3 kali.,Pengguna Google,4,2025-09-23 23:44:23
"udh download dalemannya sekalinya di update di suruh download lagi,, aduh buang2 waktu aja",Pengguna Google,3,2025-09-23 21:32:54
update sekarang malah force close,Pengguna Google,1,2025-09-23 17:58:26
gem nya lumayan tapi yang bikin susah adalah dinosaurus nya baru main langsung di sergap oleh dinosaurus lainnya kocak tapi gem nya seru walaupun ga ada temen ku yang mau Mabar bosan lah aku 🤒,Pengguna Google,5,2025-09-23 17:45:04
"very good game, please add decorations so my house is not boring😅",Pengguna Google,4,2025-09-23 08:29:29
mohon untuk DEV game ini TOLONG BANGETT jangan kasi mini game untuk download datanya jadi kan kayak ark biasanya (Ark survival Evolved,Pengguna Google,5,2025-09-21 19:54:49
Tolong optimasi lagi gamenya please,Pengguna Google,2,2025-09-21 13:55:45
fps ga stabil sering drop rate,Pengguna Google,1,2025-09-21 09:32:30
gak bisa masuk ke game nya,Pengguna Google,1,2025-09-21 08:04:47
optimisasi nya busuk padahal udah paling low dan gambar paling burik. harus nya optimisasi paling bawah buat seringan mungkin. max setting nya terserah developer mau berapa gak masalah. (genshin aja gak gini2 amat),Pengguna Google,2,2025-09-21 00:09:36
trash game,Pengguna Google,1,2025-09-20 14:41:22
ba lolo,Pengguna Google,5,2025-09-20 11:02:55
kok bisa pocco f 5 sekarang ga kompetibel lgi sama ni game,Pengguna Google,3,2025-09-20 00:59:04
"game terlalu berat buat android,,, mending yg versi lama",Pengguna Google,1,2025-09-18 19:52:47
ok,Pengguna Google,5,2025-09-18 19:20:00
tolonglah untuk gamenya di perkecil lagi agar yang lain misalnya main dari hp kentang biar tidak lag dan ramah aman untuk maen gamenya biar rame juga gamenya,Pengguna Google,3,2025-09-18 18:58:24
The gem is already good but it would be better if it had a feature to create your own server,Pengguna Google,5,2025-09-18 12:57:43
pakek Snapdragon 8s gen 4 lancar banget,Pengguna Google,5,2025-09-18 09:45:02
crosshair bug plis fix it,Pengguna Google,1,2025-09-18 07:16:17
games yang bagus,Pengguna Google,5,2025-09-17 16:49:06
bagus,Pengguna Google,5,2025-09-17 11:36:26
ini beneran gak si,Pengguna Google,2,2025-09-16 22:22:03
"ini game adalah game survival yang sangat realistis dan sangat bagus grafiknya juga hd,pokoknya bagus dehh",Pengguna Google,5,2025-09-16 16:44:28
LEBIH SUKA ARK SURVIVAL EVOLVED,Pengguna Google,5,2025-09-16 15:46:38
kembalikan ark survival evolved mobile yg dulu... akun ku hilang anjir lah .... ga bisa di tautkan ark dulu sama ark skrg taaaiiii lu.. udah gitu gamenya ngelag bngt lgi ini,Pengguna Google,1,2025-09-16 11:50:12
tolong untuk grafiknya biar ga lag gini untuk HP menengah dimensity 8200 masa patah patah 🙂,Pengguna Google,2,2025-09-15 19:30:40
bang banyak orang pas login kembali Tiba tiba tolonglah buat stres orang aja dan juga terlalu tinggi masa perlu data 10giga tolong lah kurangin,Pengguna Google,3,2025-09-15 16:25:53
👍👍,Pengguna Google,5,2025-09-15 11:49:52
"Tidak bisa masuk ke dalam game, selalu force close. Tolong di perbaiki.",Pengguna Google,5,2025-09-14 23:18:55
"What's wrong with this game? It force closes very often. When I'm having fun playing, it force closes every time I enter the game, and when I play the game, it lags and then exits by itself if I fix everything.",Pengguna Google,3,2025-09-14 20:44:22
grafis buruk di Xiaomi Pad 7,Pengguna Google,1,2025-09-14 19:33:20
aku kasih bintang 1 karna gamenya gak bisa di handphone ku tolong perbaiki hal ini soalnya aku jadi gak bisa main game ini,Pengguna Google,1,2025-09-14 15:09:13
"hari ini tgl 14/09/2025 aplikasi tidak bisa di akses karna kesalahan internal game, tolong di perbaiki",Pengguna Google,2,2025-09-14 11:14:59
"download data lama,mana harus ngejaga burung dodo hidup",Pengguna Google,1,2025-09-14 09:45:37
optimize in lah berat bgt kalo lancar enak nih main nya,Pengguna Google,3,2025-09-13 22:19:32
Performa sangat buruk! lebih buruk dari ark mobile lama! map nya juga kebanyakan yang premium! sangat jelek,Pengguna Google,1,2025-09-13 20:53:45
ini game seru grafic ok gak ada bug pas gua main tapi tolong game ini sering update dan tolong kalau mau buat crayopod tidak pakai kunci ya 🙏,Pengguna Google,5,2025-09-13 17:02:13
gatau udah gak bisa di mainin lagi katanya udah di blokir,Pengguna Google,4,2025-09-12 20:22:48
kembalikan game yang dulu,Pengguna Google,1,2025-09-11 22:43:07
loding nya lama jing,Pengguna Google,1,2025-09-11 18:16:49
"Mengapa perangkat saya tidak bisa menjalankan game ini padahal perangkat saya sudah memiliki syarat untuk bisa memainkan game ini, tetapi saat saya buka gamenya keluar sendiri, baru bisa setelah mencoba beberapa kali, setelah saya mendownload data gamenya saat saya ingin bermain malah keluar sendiri. Tolong perbaiki!",Pengguna Google,3,2025-09-11 18:00:40
Buat yg mau main btw harus download file 8gb dl,Pengguna Google,4,2025-09-11 17:54:09
mantep dah bisa main sama temen kayak versi PC tapi ini lebih praktis bisa di mainin di mobile daripada bawa bawa laptop ribet,Pengguna Google,5,2025-09-11 15:21:27
gamenya bagus udah mirip kayak di PC sama ps grafiknya juga ok,Pengguna Google,5,2025-09-10 22:57:02
nice I play this game from 2019 and still be my favorite game oat!!,Pengguna Google,5,2025-09-10 19:53:42
jujur soal hud/uinya lebih nyaman yg lama dibanding baru,Pengguna Google,3,2025-09-10 03:27:03
kalau HP mu kentang jgn coba main helio g 99 sama 100 tdk usah main berat khusus HP ke atas ini bukan menengah,Pengguna Google,5,2025-09-09 11:29:25
lag parah,Pengguna Google,2,2025-09-08 21:53:07
"PLEASE POHON,RUMPUT, AIR SEDIKIT DI UBAH DI GRAFIK RENDAH, ATAU BUAT SEPERTI ARK SURVIVAL EVOLVED AGAR HP MID BISA SEDIKIT LEBIH BAIK DALAM BERMAIN, TERIMA KASIH",Pengguna Google,5,2025-09-08 20:58:00
"Please make more dinosaurs because when I play on the ark map it feels very quiet and silent so I beg you to add some dinosaurs ok, thank you",Pengguna Google,5,2025-09-08 04:25:58
"gamenya bagus diawal"" sih aman"" aja, pas pertengahan/udah level besar ngeframe parah, tapi aku Masi ttp mainin ini game karena suka banget walaupun mainnya sendiri, tolonglah developer kecilin gban datanya biar hp kentang kami biar main dengan lancar🙏",Pengguna Google,5,2025-09-08 02:14:17
bagus,Pengguna Google,5,2025-09-07 23:30:51
yang merasa lag tolong ganti hp😹,Pengguna Google,5,2025-09-07 07:17:13
game nya bagus,Pengguna Google,5,2025-09-07 06:56:04
tiap update progress ilang,Pengguna Google,1,2025-09-05 19:10:07
Gooo YES,Pengguna Google,5,2025-09-05 18:18:19
"Game sampah, kikir, burik, dongo, ga jelas",Pengguna Google,1,2025-09-05 18:04:31
aku main malah keluar dari gemenya bagnya ngeselin,Pengguna Google,1,2025-09-05 10:21:31
"Aku menemukan masalah yang mungkin juga dialami pemain lain: download data kadang stuck. Menunggu lama tampaknya sia-sia, tapi aku menemukan solusinya. Cukup tutup aplikasi lalu buka kembali, dan download akan berjalan lagi. Tidak perlu khawatir, ini tidak akan memulai download dari awal, melainkan melanjutkan dari titik terakhir. Jika Developer bisa mengatasi masalah ini, kurasa itu langkah baik untuk mengurangi rasa frustasi pemain baru yang mencoba bermain game ini. Silakan dicoba cara ini.",Pengguna Google,5,2025-09-05 05:41:21
forceclose mulu,Pengguna Google,1,2025-09-05 00:16:12
game jelek banget pas mulai itu harus mainin game dodo mana loginnya lama banget woi jangan dounlod lu pasti bakal kecewa sama kaya gua,Pengguna Google,1,2025-09-04 22:36:25
"baru maen, dan menurutku game ini sangat berat, device yang ku pakai itu infinix note 50s 5g, dan di game ini cuman dapet fps kurang dari 30, padahal device ini cukup kuat, tapi yah, game ini sangat seru, mulai dari statnya, terus crafting, monster, semuanya menarik",Pengguna Google,3,2025-09-04 17:40:23
leg dibanding yang dulu,Pengguna Google,2,2025-09-04 10:55:15
tolong teknik mainin minigame Dodo buat download datanya dihilangkan soalnya sangat lama ketika ingin download data,Pengguna Google,1,2025-09-03 19:31:19
jujur aja game nya keren tapi yang dulu bagus tidak ada donlod data atau apa gitu mending gak ada donlod,Pengguna Google,4,2025-09-03 17:46:58
masuh banyak bug,Pengguna Google,1,2025-09-03 02:15:37
pas mau main kenapa harus download data iya sih wajar download data tapi kenapa kita harus gerakin dodo perbaiki baru aku kasih antara 3 4 sama 5 bintang,Pengguna Google,1,2025-09-02 17:24:25
it's getting worse,Pengguna Google,1,2025-09-02 16:30:12
keren bro,Pengguna Google,5,2025-09-02 15:38:45
tolong tambah kan dino lain,Pengguna Google,5,2025-09-02 09:49:05
aku suka tapi tolong tambahkan fitur biar pas download Fila datanya tidak terulang dari awal tetap segitu meskipun kita keluar dari game nya harus tetap lanjut itusi kalau di update,Pengguna Google,5,2025-09-01 21:00:14
mohon untuk bikin aplikasi ini kompatibel supaya saya bisa update di perangkat saya(Poco F5/Snapdragon 7+ gen2) padahal sebelumnya saya sudah membeli ark pass dan saya ingin bermain PVP .,Pengguna Google,1,2025-09-01 18:27:56
tidak ramah untuk pemula,Pengguna Google,1,2025-09-01 12:26:39
harus download obbnya bro bisa hal lagsung masuk dan mbanya turn jadi 400? 😭,Pengguna Google,1,2025-09-01 10:54:27
game nya bagus tapi sayang HP gua lag 🥺🥺🥺,Pengguna Google,5,2025-08-31 17:35:13
kelihatannya keren gamenya tapi belum cobain,Pengguna Google,5,2025-08-31 17:19:44
"download datanya ngebug lama ga jalan, padahal jaringan lancar lancar aja, udh di tinggal semalam tapi masih stuck di 331 MB, PARAH",Pengguna Google,1,2025-08-31 13:24:54
fix your bug thank you,Pengguna Google,4,2025-08-30 23:07:57
😇,Pengguna Google,5,2025-08-30 18:32:35
"seru, tapi ada masalah pada Dino Rhyniognatha. Dia ga mau ngikutin siul follow, ga mau ngikutin karakter.",Pengguna Google,4,2025-08-30 12:53:17
kenapa harus download ulang di dalam game saat sudah update,Pengguna Google,5,2025-08-30 12:20:12
bg pliss lah HP gw ngebug bro g muncul pas nulis judulnya padahal HP gw jg udah semua requirements nya pliss di fix bro 🥲😭,Pengguna Google,5,2025-08-30 12:00:47
di hp Poco f5 gak bisa lagi main kecewa mana udah bnyk top up,Pengguna Google,1,2025-08-30 10:57:26
optimali lagi dong,Pengguna Google,1,2025-08-30 08:02:28
"Game keren, bagus banget, dari segi grafik maupun gameplay",Pengguna Google,5,2025-08-30 07:38:35
Bagus aja,Pengguna Google,5,2025-08-29 17:40:30
game nya bagus banget,Pengguna Google,5,2025-08-29 17:06:18
game nya bagus,Pengguna Google,5,2025-08-29 16:08:55
terlalu sulit mendowload file 📁🤯🤯😮‍💨,Pengguna Google,1,2025-08-29 04:37:47
seru lh yaa,Pengguna Google,5,2025-08-29 01:17:01
nga bisa di buka setelah di download,Pengguna Google,1,2025-08-28 20:55:55
game,Pengguna Google,5,2025-08-28 16:14:43
jelek kembalikan ark yang dahulu,Pengguna Google,2,2025-08-28 15:14:27
👞🎙👞,Pengguna Google,1,2025-08-27 23:09:51
gamenya bagus tapi banyak bug dan terlalu berat pliss buat lebih ringan kalok gak bisa lebih ringan lagi rilis ark mobil yang lama dan hilangin semua bug yang ada,Pengguna Google,3,2025-08-27 18:32:15
"hope you fix the bug, parasaur saddle is iuavailable. it should unlocl be in level 9, but its gone",Pengguna Google,4,2025-08-27 10:29:15
"mau donlot data aja harus main mini game, mana 8Gb datanya. main setengah jam cuma nambah 200mb. mana mini game harus jalan terus lagi. apa gunanya tolol",Pengguna Google,1,2025-08-26 23:48:32
"plis developer tolonglah di perbaiki lagi leg pada game, saya hanya dapat di 10 fps, semua player lain juga ingin memainkan game ini, klaw GK kembalikan aja ke game ark yg dlu lebih lancar di mainkan di hp yg kelas bawah",Pengguna Google,2,2025-08-26 22:36:37
Keren banget geme nya aku ketagihan Tapi aku ga bisa donlot di play tor tapi aku berusaha sendiri untuk bisa tardonlot mantap,Pengguna Google,5,2025-08-26 15:22:51
ternyata jelek,Pengguna Google,1,2025-08-26 01:08:09
"Please, Ark Ume, you can use the mod because if you want to see Torpor Dino, it's difficult",Pengguna Google,5,2025-08-25 22:06:08
"saya kecewa dengan game ark karna saya udh main lama tiba-tiba data saya hilang padahal sudah di kaitkan di akun game saya mohon untuk kompirmasinya , dari pihak developer ark",Pengguna Google,1,2025-08-25 21:56:53
"PLEASE REALESE ARK SURVIVAL EVOLVED AGAIN!!!! , MY PHONE DI'NT SUPPORT 😭😭😭😭",Pengguna Google,2,2025-08-25 17:05:20
"download data lama banget niat bikin game gak sih, atau bikin game cuma karna gabut?",Pengguna Google,1,2025-08-25 12:08:56
good,Pengguna Google,5,2025-08-25 05:24:36
"Jan dikasih mini game, soalnya susah juga 8gb lama. bisa bisa nanti jempol keram. dn juga udah berharap lebih Ama game, malah di suruh mlihara dodo. MOHON UNTUK DEVELOPER GAME ""ARK"" DIHILANGKAN MINI GAMENYA, DAN DI GANTI JADI DOWNLOAD DATA SPERTI GAME YANG LAIN",Pengguna Google,1,2025-08-24 20:47:20
dak tau mau ngapain tapi game hd bagus bagi saya tapi saya belum main,Pengguna Google,5,2025-08-24 18:23:48
saya saat masuk tiba tiba keluar sendiri,Pengguna Google,1,2025-08-24 13:05:58
I cant playing this game,Pengguna Google,1,2025-08-24 11:37:46
astaga saya udah isi saldo kok g bisa beli ark pass coba benerin ark pass nya saya top up key aja bisa CUMAN ARK PASS YANG GA BISA KATANYA ERROR MULU!!!!,Pengguna Google,2,2025-08-24 10:16:43
Susah untuk login,Pengguna Google,3,2025-08-24 06:18:04
"i wouldn't mind for maps behind paywall, but optimization for this game is really awful even for capable hardware.",Pengguna Google,3,2025-08-23 19:52:58
game nya gravik bagus lumayan banget buat di hp android,Pengguna Google,5,2025-08-23 19:33:03
my favorite game,Pengguna Google,5,2025-08-23 13:42:49
"Masih banyak cheat, perusak game , mereka bisa mengcopy bangunan jadi banyak berkali lipat dan masih banyak bug",Pengguna Google,2,2025-08-23 13:03:25
"It's already bad, there's another mini game if you want to download it, there will definitely be a mini game, we want to play it, not test our patience",Pengguna Google,1,2025-08-23 08:10:10
"This game is good, I like playing it, but please, why is the data download not working? I've been downloading for almost an hour and it's still at 0. Please fix it, I want to play again.",Pengguna Google,5,2025-08-22 19:54:22
"game apa ini!!!?, padahall hp saya bisaa muat game yangg GB nya gede ko inii cuma ngestak di gambar doang nyesel download nya",Pengguna Google,1,2025-08-22 19:36:36
kalo gak lag bakal sering main,Pengguna Google,5,2025-08-22 19:18:28
its so god,Pengguna Google,5,2025-08-22 13:58:08
gamenya aku suka tapi lag parah di device gua padahal options paling rendah masih ngeleg padahal hp gua Mayan loh tecno sparck 30c,Pengguna Google,3,2025-08-22 13:57:16
ada fitur aneh dimana tek sword hanya bisa dibuat dan diperbaiki menggunukan kunci jadi mohon hilangkan fitur ini,Pengguna Google,5,2025-08-21 18:16:02
"jelek banget yang ultimate di banding dulu ,yang dulu hud nya mantep bisa di seting terus setingan nya juga banyak ada teks damage terus status yang di liat kursor ,sekarang lag parah walau grafic paling serendah rendahnya , juga karakter kadabg stuck level nya ga bisa naik lagi padahal level nya masi 30 an jelek banget.terus ini tu mobile apa pc sih tombol scope nya kok di kiri bawah deket bet sama analog ,tombol loncat sama hit nya juga nyamping banget jelek nya",Pengguna Google,1,2025-08-21 16:42:46
bagus saya suka tapi tolong ini masih banyak bug,Pengguna Google,5,2025-08-20 20:55:00
"Hai developer, tolong percepat unduh datanya, menurut saya unduh datanya terlalu lama sekali, padahal data yang harus di download itu banyak sekali, sampai 8gb, jadi mohon untuk developer percepatlah unduh datanya🙏",Pengguna Google,1,2025-08-20 19:15:00
game yang bagus dan fun tapi game ini masi memiliki beberapa bug yang lumayan mengganggu dan terkadang sering nge crash tapi game ini overall bagus,Pengguna Google,5,2025-08-20 11:36:27
game gak jelas selalu keluar pas mau main apa coba ngabisin Kouta aja,Pengguna Google,1,2025-08-20 06:46:48
gak tau gameplay nya ke mana,Pengguna Google,5,2025-08-19 16:09:30
why did my cave loot crates isn't spawning?,Pengguna Google,5,2025-08-18 22:27:05
tolong developer Oppo a 5 pro tidak bisa,Pengguna Google,4,2025-08-18 06:22:45
Plis develop don't douwload data plis,Pengguna Google,5,2025-08-18 06:16:29
keren,Pengguna Google,5,2025-08-18 05:09:45
game bagus tapi tolong untuk kurangi lag dan bug agar para player yang hp nya kurang memadai dapat merasakan sensasi yang seru,Pengguna Google,3,2025-08-17 21:15:54
updatenya lama saya uninstal aja soalnya lama this so slow,Pengguna Google,1,2025-08-17 20:18:33
"p2w banget, opnimalis nya jelek, untuk main di map lain harus bayar.",Pengguna Google,1,2025-08-17 16:18:32
seru,Pengguna Google,5,2025-08-17 15:51:32
"kualitas gambar pecah, ada beberapa daerah yg gak bisa diakses selalu forclose kalo ke daerah situ. saya main pake Poco pad",Pengguna Google,1,2025-08-17 15:07:05
"game nya bagus tapi bisa tolong di masa depan deinotherium, deinosuchus dll ditambahkan di mobile ragnarok jadi tolong",Pengguna Google,4,2025-08-17 12:36:29
gak bisa masuk ke gamenya gak ada akses,Pengguna Google,1,2025-08-16 18:34:31
game nan halur main yang lucu dulu,Pengguna Google,1,2025-08-16 13:04:49
tolong ya developer kalo mau unduh data nya langsung aja. masa di suruh main mini game. percuma kalo gratisan tapi harus mainin mini game biar semua data nya di unduh. TOLONG YA DEVELOPER. LANGSUNG AJA DOWNLOAD DATA NYA JANGAN DISURUH MAIN MINI GAME!!!.,Pengguna Google,1,2025-08-16 12:30:38
seru,Pengguna Google,5,2025-08-16 09:23:23
mantap cuy,Pengguna Google,1,2025-08-16 09:05:15
tolong murahin dikit harga map nya😂,Pengguna Google,5,2025-08-15 23:19:28
pls fix force close in rog phone1,Pengguna Google,1,2025-08-15 17:07:39
ngen crash terus,Pengguna Google,1,2025-08-15 12:07:05
apa apaan game udah aku save terus tapi gak ke sav ngulangin terus bangunan nya ilang terus lama lama capek,Pengguna Google,1,2025-08-15 06:42:40
"game nya mah bagus cuman sistem di dalamnya , banyak bug dan ngeframe parah mau dipakai di hp manapun juga masih tetep sama, tolong developer perhatikan yang kayak gini tuh perbaiki biar semua player nya betah main disini karena jujur kalau game nya tuh bagus cuman sistemnya aja",Pengguna Google,3,2025-08-14 16:52:36
Ada beberapa yg menurutku kurang banget 1.tidak ada misi/quest jadi bermain sekedar bertahan hidup/survival bikin cepat bosan 2.hilangnya shooting balm 3.penukaran hadiah dari cave di ubah/tidak dapat hadiah Paling penting shooting balm sih untuk performa/kelancaran game yah sama seperti dulu tidak bisa smooth di hp mid end ty,Pengguna Google,2,2025-08-14 10:53:28
gamenya buruk 8 bit,Pengguna Google,1,2025-08-14 10:36:08
bagus banget,Pengguna Google,4,2025-08-14 06:44:53
"Game ini potensinya besar, apalagi jika ada opsi grafis lebih lengkap seperti render distance, FPS lock, texture quality, dan pengaturan vegetasi. Ini bisa membantu device minimum tetap lancar tanpa mengurangi pengalaman. Semoga GSG mempertimbangkan, supaya ARK UME makin ramah untuk semua pemain dan mendapatkan rating tinggi di playstore.",Pengguna Google,5,2025-08-14 05:28:48
coba aja developer nya lebih fokus buat ngembangin ark yang versi lama padahal ark yang lama lebih seruh loh cuma bug sama optimistis nya aja yang udah gak di urus sama developer nya coba deh ark lama di buat lebih fleksibel pasti bakal rame lagi kalo bisa tambahin dino dino yang ada di ark ume ke ark survival yang dulu,Pengguna Google,2,2025-08-13 21:05:52
kembalikan ark 2.0 🫠,Pengguna Google,5,2025-08-13 18:44:00
gem yaba Gus baget,Pengguna Google,5,2025-08-13 14:19:21
game ini sangat seru dan gameplay survival begitu sangat seru,Pengguna Google,5,2025-08-12 20:29:13
Terlalu sering download data dan buat berat penyimpanan hp,Pengguna Google,3,2025-08-12 18:25:12
"This game is actually good, but it lags too much for mid-range phones. Please optimize this game again.",Pengguna Google,3,2025-08-11 21:27:35
"game nya masih punya banyak bug, dan ada bug yang paling ngeselin, jadi pas saya sedang mencari artevak di goa, saya ingin menaiki argentavis saya tapi tidak bisa di naikin, terus saya relog dan malah spawn di tempat random, dan saya mencoba untuk bunuh diri agar spawn di base, tapi saat saya berada di base dino saya hilang, dan bangunan yang saya buat ikut hilang, dan yang tersisa hanyalah artevak yang ku ambil",Pengguna Google,3,2025-08-11 06:44:35
"pas download lagi malah god console yang dulu di beli malah hilang, rugi buang"" duit",Pengguna Google,1,2025-08-11 05:38:05
"halo - halo developer tolong dioptimalkan gamenya untuk hp mid range, dan untuk grafik, memang sudah sangat baik dan hd namun, itu sangat tidak stabil sehingga banyak sekali terjadi fps drop.",Pengguna Google,3,2025-08-10 19:45:59
bagus sekali,Pengguna Google,5,2025-08-10 19:28:21
lama donlod nya,Pengguna Google,5,2025-08-10 18:09:17
oke game ini ada kelebihan dan kekurangan nya aku bahas yang kelebihan nya dulu nah kelebihan nya ini game itu seru dino nya bervariasi walaupun terkadang agak ngeselin soalnya ada 2 dino ini kaproshucus sama thylacoleo nah kekurangan nya kenapa setiap hari Minggu itu harus download data udah itu lama banget pas aku pindah ke game satu lagi genshin impact pas aku download data genshin impact lebih cepat kenapa udah 5 menit masih ngestuck di 11 MB pas udah sepuluh menit baru 22 MB mohon dijawab,Pengguna Google,4,2025-08-10 17:27:59
"halo studio wildcard, kenapa ya saya waktu download in game selalu lama makan waktu berjam2 padahal internet lancarkanlah",Pengguna Google,3,2025-08-10 14:57:07
loading lama banget sampe 8 ribuan bayangkan game yang gua kepengen dulu malah pas gua instal malah lama banget masuk gamenya,Pengguna Google,1,2025-08-10 10:13:32
"Aneh kalian yaa kemaren waktu ark survival evloved banyak yang minta upograde grafik giliran di upgrade malah banyak komen Minta optimalisasi payyah,",Pengguna Google,5,2025-08-10 06:01:55
"Idiot, too lag, save data bug, crash, toooooo many crash lolbidiot, idiooooot",Pengguna Google,1,2025-08-09 22:57:01
gamenya bagus tapi mendownload file itu lams,Pengguna Google,3,2025-08-09 18:53:17
gamenya ngecrash terus padahal ruang penyimpanan ku udah di bersihin,Pengguna Google,1,2025-08-09 18:48:08
game kesukaan saya waktu saya coba pertama kali game ini,Pengguna Google,5,2025-08-09 08:36:02
"game nya masih terlalu berat untuk hp mid range karna grafis nya yang menurut ku masih seperti PC, dan game ini menurut game terberat yang pernah di mainin di Android ku",Pengguna Google,1,2025-08-08 23:34:04
cara atasi game nya yang forcle close gimana,Pengguna Google,5,2025-08-08 18:45:28
"Tolong lah developer aku udah beli map Genesis 2 dan lumayan mahal masa leg, dan klau bisa mana map yang mau di mainkan aja yang di download biar gak nguras data dan buat leg, dan buat map nya buat sama persis dengan di pc masa HLNA gak jual item cuman skin, Cryopod juga bisa di crafting lah apa lagi kita udah ngeluarin uang untuk game ini, atau buat yang udah beli map bisa crafting gitu, masa harus beli buat Cryopod kalau cari key susah minta ampun.",Pengguna Google,5,2025-08-08 15:43:49
hp Saya nak meletup,Pengguna Google,1,2025-08-08 12:45:12
Hadeh dasar grove street games,Pengguna Google,1,2025-08-08 11:46:25
server nya buruk dc mulu mana dc pas lagi nyerang dino,Pengguna Google,1,2025-08-07 23:53:46
keren aja masuk mobile,Pengguna Google,4,2025-08-07 20:54:01
kenapa loding nya lama,Pengguna Google,3,2025-08-07 12:18:24
My Phone huawei p30 pro FORCE CLOSE WHYYY,Pengguna Google,1,2025-08-06 21:55:16
sangat menyenangkan,Pengguna Google,5,2025-08-06 20:12:21
yo i heve a question. ive been purchase god console before in ark mobile is it can be restore in ark ultimate mobile edition,Pengguna Google,5,2025-08-06 17:28:44
great game with million glitch,Pengguna Google,1,2025-08-06 16:26:35
game ga becus!!! gw udh ngehapus semua game gw tapi masih lama donlotnya padahal udh pas GB RAM nya kok masih g bisa?! sampai ml gw gw hapus!!!😡😡😡😡😡,Pengguna Google,1,2025-08-06 13:38:42
"game sudah bagus sih,tapii tolong dong fps di Mobile sesuaikan supaya yang lain bisa main juga!",Pengguna Google,1,2025-08-06 04:57:01
"gila ga playable sma sekali dihp ane, padahal ark dulu lancar jaya",Pengguna Google,1,2025-08-05 23:47:35
"wild card studio i hope you seing my comment,the mek is too broken i mean like,this is a dinosaur game and when someone have mek he's unstoppable,i got raided by mek like 12 time,and fyi i have a giga which is the strongest dino in ark,but my giga loose with a mek level 50?,you make ark ume like pay to win game,i hope you seing my comment,thank you",Pengguna Google,1,2025-08-05 22:38:39
best Survival games,Pengguna Google,5,2025-08-05 18:01:46
"tolong kembalikan ARK yang dulu saya lebih suka yang dulu, yang ini di buat versi 2 aja",Pengguna Google,1,2025-08-05 08:24:20
seru,Pengguna Google,5,2025-08-04 19:48:36
Menurut gua ark yg sekarang tidak seru sama yang ark dulu yang dulu lebih asik walaupun map nya di situ -situ aja tapi asik gitu beda sama yg sekarang,Pengguna Google,3,2025-08-04 18:54:48
kok ini yang muncul di game cuman berperan menjadi bebek masa juga grafik nya low,Pengguna Google,1,2025-08-04 18:07:08
mediatek dimensi tu 8350 ultimate infinix gt 30 pro forc close,Pengguna Google,3,2025-08-04 17:29:48
ada drril di game ya,Pengguna Google,5,2025-08-04 15:44:07
"enggram dimap abrettionnya kurang lengkap,jadinya susah",Pengguna Google,3,2025-08-04 09:33:46
sumpah map yg lain kgk bisa di mainin ajg,Pengguna Google,2,2025-08-03 20:29:14
"ada bug...mohon dibenahi, terutama pada batu, batu yang sudah ditambang tiba tiba tidak terlihat ketika muncul kembali",Pengguna Google,3,2025-08-03 12:57:39
gamenya jelek☹️,Pengguna Google,1,2025-08-03 11:59:06
ga bisa masuk ke game nya,Pengguna Google,1,2025-08-03 11:14:36
keren sih gw sebelum donlot ngomong dulu. ni keknya game keren bgt gwe liat di topi sihir animation,Pengguna Google,5,2025-08-03 08:31:47
optimasinya sangat buruk tolong untuk optimasi kan lagi setidaknya berat grafiknya samakan saja seperti ark 2.0,Pengguna Google,5,2025-08-03 07:10:30
tidak sesuai dengan vidio payah,Pengguna Google,3,2025-08-03 02:06:51
"skrg hp gua main gme ini ngelag bener walau rata kiri ,dulu rata kanan oun tembus 30 fps",Pengguna Google,1,2025-08-02 13:32:24
it's just suck rn,Pengguna Google,1,2025-08-02 10:27:38
sering ke reset jadi level 1 lagi,Pengguna Google,1,2025-08-02 09:25:37
nggak bisa main aku cooo pas mau login keluar lagi ini hp ku ram 4G,Pengguna Google,1,2025-08-01 17:46:00
aku belum pernah main ini tapi setelah download aku coba main tiba tiba keluar sendiri apakah itu bug atau emang gitu aku gak bisa main sampai sekarang,Pengguna Google,2,2025-08-01 16:05:22
saya sangat suka game ini dari 2015.. tapi saya tidak mengerti MENGAPA SETIAP UPDATE SELALU DOWNLOAD SEMULA DI DALAM GAME..PADAHAL UPDATE SUDAH SELESAI DI PLAYSTORE SEBESAR 1 GB..TAPI SAAT MEMBUKA ULANG GAME..ADA UPDATE LAGI SEBENSAR 4.7 GB... KECEWA...!,Pengguna Google,1,2025-08-01 11:32:39
Nerf Wild Rhynioghata,Pengguna Google,4,2025-08-01 00:47:45
"Mohon Perbaiki Bug Dengan Secepatnya,jangan Seperti Game Upin Ipin Univers",Pengguna Google,5,2025-07-31 18:07:44
"pls donk dev,hp gua masih kentank,bikin versi untuk yang lebih ECO donk,pake graphic paling low aja cuman dapat belasan fps,gimana kalau gua bikin max,pls bikin lebih mudah dijalani di hp kentank donk",Pengguna Google,1,2025-07-31 17:38:46
Plis wok update agar cryopod bisa dicraft tanpa pke kunci di mobile 🥀,Pengguna Google,3,2025-07-31 17:34:16
"Gamenya susah, Dan kayak gimana jelasinnya saya pakai Dimensity 9300+ Tapi Kok pas setting grafik Terendah dapet 30an fps? Padahal Dimensity 9300+ loh, pls perbaikin gamenya",Pengguna Google,3,2025-07-31 10:39:12
seru👍,Pengguna Google,5,2025-07-31 08:48:13
game ya bagus tapi tolong kasih mode offline pas saya masuk harus donload data supaya bisa offline kan? semoga dibaca,Pengguna Google,5,2025-07-31 05:16:57
"game nya bagus mekanik gameplay yang menarik dan game petualangan yang asik, tapi tidak ada fitur seperti penyesuaian grafik (untuk device yang tidak kuat) penyesuaian kontrol (untuk kontroler yang pas bagi player) dan saya ingin mod bisa ditambahkan ke game seperti mod option di bawah option dan kita bisa mendownload mod ark survival evolved ke ark ultimate mobile edition (agar gameplay lebih menarik dan menantang)",Pengguna Google,5,2025-07-30 20:11:15
gameplay nya sering patah² jadi gak semangat benerin dulu lah bakal banyak orang yang males maen hanya karena gameplay nya,Pengguna Google,1,2025-07-30 20:01:14
sering bug dan lain lain dan suka nyankut dan kalo pake dino t rex kadang teleport ke temPat yang aneh aneh dan tylakoleo ngak bisa nerekam kita di red wood dan game nya pay to win,Pengguna Google,1,2025-07-30 17:28:15
awal nya hp nya bisa d pakai untuk main skrng Mlah g bisa aneh,Pengguna Google,1,2025-07-30 13:22:43
klo bisa pisahkan untuk unduh file nya percuma yg main gratisan gk bakal ke pake map baru nya. harusnya kaya game sebelah mau download atau tidak tergantung player. jika dev ngincer atas ke bawah permudah buat hp kentang jika tidak ngapain ada di playstore di pc aja udah,Pengguna Google,1,2025-07-30 12:07:03
Tolonglah dibuat agar bisa mengunduh data di latar belakang,Pengguna Google,3,2025-07-30 07:36:09
"Game ngantuk yang cocok untuk refresing, kalo bisa di tambahin mode multiplayer pribadi jadi kalo ada temen pengen main bareng ngga usah main server yang rusuh dan limit seperti PVP dan PVE, plisss di adain mode multiplayer pribadi kalo ada ni mode wahh gokil sih nih game👌👌👌",Pengguna Google,5,2025-07-29 23:24:50
I can't craft items,Pengguna Google,1,2025-07-29 21:29:36
tolong lah grafik nya optimalkan,Pengguna Google,2,2025-07-29 19:35:24
Tambahin map lost island dong!!!,Pengguna Google,5,2025-07-29 16:32:41
tidak bisa masuk game nya aku udh hapus downlod tapi masih aja nggak bisa,Pengguna Google,2,2025-07-29 15:06:51
bukannya main malah menggunakan Dodo di donlod,Pengguna Google,1,2025-07-29 14:04:47
"This is the mobile edition, lower the internal data a bit so that mobile players can play it more comfortably.",Pengguna Google,5,2025-07-29 07:13:59
tolong di tambahkan toogledamege ny dong biar enk gk perlu god consol,Pengguna Google,5,2025-07-28 22:33:11
sering crash saat main hp poco x6 pro,Pengguna Google,1,2025-07-28 21:39:33
good game,Pengguna Google,5,2025-07-28 20:58:02
game bagus cuma tolong di ubah setingan teming speed xp multiplayer dan lain2 jadi tidk harus punya god console,Pengguna Google,5,2025-07-28 20:22:06
yang paling ngeselin selama saya alami itu waktu udah main lama tapi tiba tiba game nya rusak/crash dan gabisa dimainin lagi harus bikin akun baru,Pengguna Google,1,2025-07-28 17:52:05
banyak sekali bug,Pengguna Google,3,2025-07-28 15:07:11
mantap seru dan gratis ga kaya geme raft survifal cuma donlodnya lama,Pengguna Google,5,2025-07-28 14:55:26
"aplikasi nya bagus kayanya, soalnya belum pernah download",Pengguna Google,5,2025-07-28 14:51:58
"dari segi grafis sih bagus ya cuma mungkin ada beberapa bug yang ganggu kalau masalah lag itu tergantung device masing-masing sih,tapi kalau boleh jujur saya lebih suka ark yang lama ketimbang ini sih",Pengguna Google,5,2025-07-28 07:29:07
needs hud layout setting and new button,Pengguna Google,4,2025-07-27 19:03:29
boleh tahan.. untuk newbie,Pengguna Google,5,2025-07-27 19:00:15
perbaikin lah ini bug nya sama koneksi jelek gua udah pake wifi/data tetep susah masuk,Pengguna Google,1,2025-07-27 14:20:57
bagus game nya,Pengguna Google,5,2025-07-27 14:03:05
game yg sangan sangat seruuuuuuuuuuuuuuuuuuuu banget pokonya,Pengguna Google,5,2025-07-27 12:48:10
patah patah burik,Pengguna Google,1,2025-07-27 11:27:30
"Game tolol, main di map lain gk pernah Force close klw mau save data. tp pas main di map Ragnarok FC mulu tiap mau save..... pdhl sebelumnya aman"" aja main di map Ragnarok... lvl jg udh 98.. gegara gk buka 3 hari jg ngebug gini.... tolol, jd ngulang lg dari awal.... B1 karena BUG gaje",Pengguna Google,1,2025-07-27 11:02:05
"bagus tapi data tambahanya6,7 GB lebih",Pengguna Google,5,2025-07-27 09:13:20
"game bagus grafiknya juga bagus tapi bug nya itulo deflopernya hilangin bug nya Nyang lainnya bagus tapi ada bug jadi gak puas main ,👍",Pengguna Google,4,2025-07-27 08:08:06
bagus cuman fps dan ngeframe gitu yah mainya gak tenang apalagi kalau di serang dino waduh gak bisa kendaliin layar,Pengguna Google,3,2025-07-27 07:42:20
"saat sangat kecewa sama epic games masalah nya saat buat akun registrasi untuk menyelesaikan nya loadingnya lama sekali saya menunggu hampir 10 menit dan tidak selesai-selesai, untuk pihak epic games mohon untuk kedepannya perbaiki lagi masalah registrasi akun, saya sangat kecewa game yg mungkin 8Gb tidak bisa sama sekali dimainkan.",Pengguna Google,3,2025-07-27 07:26:44
"udh okelah, but masih ada beberapa bug",Pengguna Google,5,2025-07-27 01:11:06
karena harus nunggu lama🥲🥲🥲,Pengguna Google,1,2025-07-26 20:11:46
gak jelas di suruh mainin buat bisa download data2 nya buang2 waktu padahal cuma pengen main malah disusahin buat download data nya,Pengguna Google,1,2025-07-26 18:27:43
bagus bet bejir,Pengguna Google,5,2025-07-26 18:05:52
game nya seru tapi tolong turunkan harga key atau per-gampang cari key,Pengguna Google,5,2025-07-26 15:57:47
if not want people bored of downloading just made it download on background,Pengguna Google,3,2025-07-26 15:31:46
kenapa saya mau save terkeluar sendiri dan mau save selanjutnya juga terkeluar jadi data data yang aku main gak ke save,Pengguna Google,1,2025-07-26 13:55:09
hadeh malas banget dan setiap update harus download data mana sinyal di tempat saya ampas pula ya game nya 90% mirip lah dengan ark pc,Pengguna Google,4,2025-07-26 12:24:02
aku sangat senang bermain game ini! saya memainkan game ini 11 jam dalam sehari,Pengguna Google,5,2025-07-26 11:44:21
game ini tidak bisa ku join nin atau login tolong update tolongg saya akan ngasih 5 bintang kalau bug nya diperbaiki,Pengguna Google,2,2025-07-26 08:46:18
"game nya aneh,masa ngedownload data awal nya harus pake kuota,kalo pake wifi lama bgt padahal wifi nya bagus,aneh aneh",Pengguna Google,1,2025-07-26 08:40:08
"dari masih ark survival E. sudah main dan tidak ada masalah, sempat berhenti dan sekarang main lagi malah jadi kecewa, main offline maupun online ketika autosave / manual save game malah auto crash, sudah di uninstall dan install ulang masih sama, padahal saat baru install sampai seminggu main masih lancar dan aman, mohon di perbaiki",Pengguna Google,1,2025-07-26 02:00:37
ada begitu banyak player ark dari berbagai negara dan dengan jenis/spesifikasi hp yang berbeda tolong untuk developer agar spesifikasi hp rendah bisa memainkan game dengan lancar,Pengguna Google,1,2025-07-26 01:01:00
rupanya hp saya yg burik setelah ganti hp game nya lancar jaya game nya keren dan tidak ngelag b5 pokok nya saran cepat rilis genesis 2,Pengguna Google,5,2025-07-25 22:01:53
"Grafik nya Bagus,tapi tolong diturunkan grafik nya tapi tetap seru. kasian orang yang tidak kuat seperti saya sangat ingin bermain bermain tetapi terhalang oleh device",Pengguna Google,4,2025-07-25 21:40:08
game nya masih terlalu berat tolong turunin dong,Pengguna Google,3,2025-07-25 21:00:02
why every time i press the save button i always go back to my home screen?.. please fix this. can't save is the same as no progress,Pengguna Google,3,2025-07-25 17:35:00
ngebug force close cok. mau save game malah ngecrash,Pengguna Google,1,2025-07-25 17:06:27
Download additional datanya lama banget,Pengguna Google,1,2025-07-25 16:59:30
kenapa pas saya masuk malah layar item terus force close??,Pengguna Google,1,2025-07-25 15:32:16
please fix for close,Pengguna Google,5,2025-07-25 10:33:46
"pliss knp setiap setiap save game malah fc ini, please fix the problem, in game i can't save progres this force close",Pengguna Google,5,2025-07-25 08:36:54
"It's really exciting, but if you can, reduce the price of the map, if you can, make it free, hehe",Pengguna Google,5,2025-07-24 19:13:06
aneh selalu keluar terus,Pengguna Google,2,2025-07-24 17:58:02
bagus,Pengguna Google,5,2025-07-24 13:58:38
"Hello wildcard studio, I have a little complaint in the ark ultimate mobile edition game that you released, more precisely about the trogpeognathus bug, where the jet skill and shooting skill of trogpeognathus cannot be used. I really beg you to fix it immediately because trogpeognathus is my favorite dinosaur.",Pengguna Google,4,2025-07-24 10:38:59
game nya bagus tapi god console nya agak kurang masa mau spawn reaper di the island ga bisa padahal gw udah punya map aberration.inti nya perbaiki lagi god console nya biar bisa spawn semua dino dari semua map dan semoga map valgoero di tambahin ke ark ultimate mobile edition,Pengguna Google,5,2025-07-23 19:40:07
"ini game kenapa sih bug mulu, gw baru main udah keluar aja, perbaikinlah jangan dipendem mulu",Pengguna Google,2,2025-07-23 19:23:44
"udah bagus banget cuman optimalisasinya harus diperbaiki, terutama di bagian grafik dan kalau bisa beri pemain opsi untuk mengubah UI interface",Pengguna Google,5,2025-07-23 17:27:52
banyak bug seperti terpental dari game,Pengguna Google,5,2025-07-23 16:05:58
saru banget jirr,Pengguna Google,5,2025-07-23 11:39:37
"bintang dua dulu, karna kurang di pengaturan grafik, ga bisa di bikin low banget, kalo ga bisa low banget grafik nya otomatis patah patah ngelag gamenya, udah rata kiri masi aja bagus grafiknya",Pengguna Google,2,2025-07-22 22:52:50
cukup bagus dari yang sebelumnya tapi pas aku masuk hutan itu hp aku lansung frame drop Saya sarankan untuk kasih setingan jarang pandang atau render,Pengguna Google,3,2025-07-22 20:03:23
sign akun ko kg bisa muter2 aja jd kg bisa cloud save,Pengguna Google,1,2025-07-22 16:40:31
"game nya bagus tapi suka ada bug, bug yang paling saya tidak sukai ialah ketika menggunakan quetzal dan terkena air maka quetzalnya akan menyatu dan menjadi sebuah benda kecil dan hanya telihat saddlenya saja. Satu lagi, bug nya sama yaitu quetzal tetapi menggunakan saddle yg satunya , saat saya sudah membangun struktur di atasnya lalu terkena air, saya ber teleport ke tengah tengah map (the Island), saya tidak tau ini bug hanya di the Island atau mungkin di map lainnya , tolong perbaiki",Pengguna Google,5,2025-07-22 13:50:46
ga bisa didownload lama banget di dalam gamenya,Pengguna Google,1,2025-07-22 13:14:09
ARK NYA KEREN. JIKA KALIAN PENGEN ARK EVOLVED KALIAN CUMA PERLU MENDOWNLOAD APK PURE DAN KETIK KATA ARK EVOLVED ATAU ARK UME JUGA ADA DAN GAME OLD LAINNYA😁🫸🫷DIWNLOAD APK PURE NYA DI GOOGLE,Pengguna Google,5,2025-07-22 09:55:34
game ini sangat seru tetapi tidak ramah buat hp yang ram nya kecil,Pengguna Google,4,2025-07-21 21:05:17
tolong di ringan kan game nya biar yang main si hp kentang bisa main dengan lancar,Pengguna Google,2,2025-07-21 20:14:14
jujur aja ini bagus tapi hp ku termasuk dalam buat main game berat main ini aku mentok grafik low bisa gk bedahin aja buat ark yg mendukung karna mayoritas pemain ark hp mulai ninggalin ark karena masalah berat nya game ini bahkan ada yg sampe frame aku harap aja bisa di bedain apk nya untuk hp yg mendukung,Pengguna Google,2,2025-07-21 16:32:49
sudah cukup,Pengguna Google,5,2025-07-21 14:27:50
"game apa sih ini? banyak banget bug, dino gua pada mati karena bug ga jelas",Pengguna Google,1,2025-07-20 23:00:38
"Please bro aku ga perlu grafik yg bagus banget, aku cuma ingin main Ark dengan lancar",Pengguna Google,3,2025-07-20 17:55:54
setelah update terbaru malah ngelag padahal udah coba di bbrp hp dan saya dari level 98 ngulang ke level 1,Pengguna Google,1,2025-07-20 13:08:43
optimasi nya udh bagus buat single player,Pengguna Google,5,2025-07-20 10:44:09
kenapa beberapa hp tidak bisa bermain ark,Pengguna Google,1,2025-07-20 08:39:57
di Poco f5 gk bisa njir cacat,Pengguna Google,1,2025-07-20 01:01:50
"di optimalkan lagi game nya karna lag banget, render map nya terlalu luas ga kaya ark mobile old dan di settingan lowest masih ada efek vignette, ambient occlusion serta semak semak belukar masih padat banget dan resolusi game nya jika diturunkan rata kiri bukan pixelated visual nya malah blur doang.",Pengguna Google,3,2025-07-20 00:41:03
jelek😤😤😤😤😤😤😤tapi boong 👍👍👍👍👍👍👍👍👍👍👍👍👍👍👍👍👍👍👍👍👍🤩🤩🤩🤩🤩🤩🤩🤩🤩🤩🤩🤩🤩🤩🤩🤩🤩🤩🤩,Pengguna Google,5,2025-07-19 19:20:44
gua benci pas main server sering dc dan dcnya tu selalu pas gua lagi jauh dari rumah,Pengguna Google,2,2025-07-19 19:01:12
bintang 1 dulu deh soalnya pas baru saya download harus mendownload 6 MB dulu tapi saya udh tungguin 1 jam masih lama bangettt tolong diperbaiki ya gamenya,Pengguna Google,1,2025-07-19 12:08:39
mantap game nya seru,Pengguna Google,5,2025-07-19 08:36:32
BAGUS WOK😹😹🤭,Pengguna Google,5,2025-07-18 21:12:09
"tolong perbaiki bug dibagikan menu dan in game nya, saran juga tambahin fitur untuk bisa main pakai controller stick, dan tambahin juga fitur save data dan save data login lewat google play games supaya sewaktu waktu mau instal game nya di device yang lain jadi bisa load save data itu aja dulu.",Pengguna Google,4,2025-07-18 20:31:34
saya cuma ngikutin topi sihir,Pengguna Google,5,2025-07-18 20:22:38
tolong dong grafiknya di tingkatkan dan permasalahan lainnya seperti bug 😔,Pengguna Google,1,2025-07-18 19:59:48
"kenapa semua dino ku hilang, bahkan dodo kesayangan dan giganotosaurus ku hilang😭",Pengguna Google,1,2025-07-18 12:19:46
"main single Player udah mayan progresnya, tiba"" ilang semua",Pengguna Google,1,2025-07-17 22:47:56
please ark survival evolved come back 😭😭😭,Pengguna Google,3,2025-07-17 22:25:47
jelek tak bisa login,Pengguna Google,1,2025-07-17 18:32:19
👍,Pengguna Google,5,2025-07-17 12:24:47
"kok semuanya ilang pas aku mendarat di dekat gunung, dino, building dan lain-lain. tolong perbaiki bugnya.",Pengguna Google,1,2025-07-17 10:25:07
mantap,Pengguna Google,5,2025-07-17 10:03:42
grafik ya bagus tapi map yang lainnya bayar dan hampir sama seperti di pc,Pengguna Google,5,2025-07-17 09:48:48
game nya tidak seru tapi saya belum nyoba 😁,Pengguna Google,1,2025-07-17 04:47:17
please add the increase structure limit option,Pengguna Google,5,2025-07-16 23:48:30
game nya bagus teruk realiti terus enak banget gw mau ini sampe 100 hari seru bet pokoknya,Pengguna Google,5,2025-07-16 13:50:29
game nya bagus dari segi grafik nya sama belajar sambil bermain🤭,Pengguna Google,5,2025-07-16 13:45:13
sangat bagus dan fantasic,Pengguna Google,5,2025-07-16 11:18:38
bagus,Pengguna Google,5,2025-07-15 23:35:55
bagus tapi masih agak lag,Pengguna Google,4,2025-07-15 22:53:53
game nya bagus grafik bagus bakan saya betah main nya cuma satu masalah masih banyak bug nya,Pengguna Google,5,2025-07-15 18:59:39
gem nya bagus,Pengguna Google,5,2025-07-15 17:57:30
sangat bagus grafiknya,Pengguna Google,5,2025-07-15 13:52:36
"Di sebagian hp ga kompitable padahal spek bagus🙏 tolong di perbaiki ya developer, masa di Poco F5 ga bisa. edit: kemaren bisa, kok udah ga kompitable lagi ini gimana???",Pengguna Google,5,2025-07-15 12:40:36
game survival keran banget,Pengguna Google,5,2025-07-15 12:04:25
hp gua jadi mesin cukur tiba-tiba,Pengguna Google,2,2025-07-14 19:45:33
"Friends, before you add another map, remember this well, TAKE CARE OF THAT SERVER THAT IS ALWAYS PROBLEMATIC,You are educated, right??",Pengguna Google,1,2025-07-14 19:18:38
"Please optimize the low resolution again, I only get 10-15 FPS",Pengguna Google,3,2025-07-14 17:49:18
Good game ever,Pengguna Google,5,2025-07-14 16:54:15
"Laggy , Need More Money",Pengguna Google,1,2025-07-14 13:55:40
"halo min,ini save an saya kok malah ngulang day 1 ya? saya sudah di hari 348,level saya masih maks dan kenapa semua dino saya hilang?... seperti giganoto,charca, dll tolong di fiks min...saya jadi kecewa kejadian atas ini, padahal terakhir save tadi malem tapi pas siang ini malah reset day 1,saya sudah 1 bulan main game ini, progres saya berjam-jam saya jadi sia sia....TOLONG DI FIKS MINNNN..ini masih di save an yang sama padahal + saya sudah login di epic games 🥲🥲",Pengguna Google,1,2025-07-14 11:24:57
"setelah update map baru, sekarang suka force close terus dan tdk bisa save data, tolong di perbaiki seperti dulu lagi",Pengguna Google,1,2025-07-14 06:45:41
download data tambahan yg cuma 6GB lama ny bukan main. saya downlod data game yg lain sampe 10GB keatas gak selama ini blok,Pengguna Google,1,2025-07-14 03:30:35
masuk malah keluar lagi,Pengguna Google,2,2025-07-13 22:23:49
mending balikin aja game lama deh lebih Ramah di hp chipset jadul dripada ini game rusak,Pengguna Google,2,2025-07-13 21:26:24
glicht Mulu,Pengguna Google,1,2025-07-13 17:50:59
jangan Download ini game mandang device kalo device hp kalian jelek siap siap keluar sendiri,Pengguna Google,1,2025-07-13 13:09:42
you are kicked incompatible aplication maksudnya apaan? ga boleh main? padahal baru download dari google store,Pengguna Google,1,2025-07-13 07:45:21
"Please fix the ""download data"" at the beginning, playing dodo is very boring and takes a long time, what nonsense is this we have to keep dodo for hours and if dodo stops then the ""download data"" stops too. If you want to download this game, my advice is don't download this game before the ""download data"" is fixed.",Pengguna Google,1,2025-07-12 22:01:36
good game,Pengguna Google,5,2025-07-12 21:04:58
ini gimana kok gak bisa masuk game padahal perangkat ku kompiteble,Pengguna Google,1,2025-07-12 07:58:40
untuk game memang seru tapi lag banget padahal sinyal saya bagi lalu saat saya lagi main tiba² keluar sendiri lalu data nya hilang tolong di perbaiki,Pengguna Google,1,2025-07-12 00:52:46
"server urus woy, chetaer meraja lela, server ngebug sering ke kick",Pengguna Google,1,2025-07-11 21:36:55
game nya gak bisa auto save baru di tinggal keluar reset Mulu lama progres nya,Pengguna Google,1,2025-07-11 21:19:17
"KENAPA CRASH TERUS, PERBAIKI SECEPATNYA DONG!!!!",Pengguna Google,5,2025-07-11 19:59:38
untuk admin saya mau game ark survival agar mudah untuk di mainkan oleh para pemula yang yang baru dan di kasih cara main ark survival cara buat peralatan dan lain agar ark survival mudah di mainkan oleh para pemula,Pengguna Google,2,2025-07-11 19:36:43
kok di hape saya gak bisa dimainin saya kan udah download,Pengguna Google,4,2025-07-11 19:02:08
"ampas bgt, optimalisasi parah bgt bahkan udh pake settingan low fps ttp sedikit yg di dapat dan fps sedikit itu ga playable bgt buat dimainin,mending next fokus ke system optimalisasi deh,tau sih namanya juga survival open world yg luas tpi bbrp game pc adaptasi ke mobile ga segitunya drop fps nya,contoh subnautica di awal perilisan aja mereka udh bagus bgt optimalisasi nya,hp mid range msih layak di mainin",Pengguna Google,1,2025-07-11 17:54:41
bisa ga kayak memori nya dikurangi semua hp merek nya memori nya gak gede,Pengguna Google,1,2025-07-11 15:27:11
"aku gak mempersalahkan tentang grafik, cuma mau bilang buatin fitur untuk mencari lokasi dino, udah pakai GPS buat nyari gabisa, udah di tempelin GPS jugaa ke dino nya,udah banyak dino ku yang ilang kaya charcarodonto, rhyogianatha, argentavis, pteranodon, Spinosaurus, megalodon, sama giant queen bee, itu pun main di single mode dan dinosaurus itu gak di wandering, damage Wild dino pun ku jadiin 0 jadi gamungkiin di bunuh dino lain,udah itu doang🙂",Pengguna Google,2,2025-07-11 13:59:55
gak ramah hp kentang,Pengguna Google,5,2025-07-11 12:43:31
please update ARK: Survival Evolved so that it can be played on the Android version 15 (latest),Pengguna Google,1,2025-07-11 10:31:05
Please optimize the game to make it smoother,Pengguna Google,3,2025-07-10 23:26:01
lack of text damage and difficulty creating an account and please add add-ons,Pengguna Google,5,2025-07-10 20:12:19
gamennya bagus,Pengguna Google,5,2025-07-10 14:03:58
game ini sangat bagus,Pengguna Google,5,2025-07-10 13:16:02
Mayan bagus,Pengguna Google,5,2025-07-10 10:12:14
burung Dodo nya bikin emosi sekali makan makanan lagi,Pengguna Google,1,2025-07-10 08:25:21
"nice game, still need update",Pengguna Google,5,2025-07-10 06:50:33
bagus,Pengguna Google,5,2025-07-09 23:00:36
ini sangat sangat menyenangkan,Pengguna Google,5,2025-07-09 20:11:55
"TRASH GAME, ALWAYS DISCONNECT AND BAN FOR NOW REASON",Pengguna Google,1,2025-07-09 19:06:34
tak bisa masuk ke dlm game,Pengguna Google,1,2025-07-09 18:59:24
kekurangannya saat masuk ke game sesalu ngulang dari nol,Pengguna Google,4,2025-07-09 17:24:54
game sampah,Pengguna Google,1,2025-07-09 12:45:55
aku berharap gamenya lebih ringan lagi tapi tetap bagus 😞,Pengguna Google,5,2025-07-09 08:05:03
"Why is the game incompatible with my device again? A few months ago, the game was compatible with the POCO F5. But when I checked today, it was back to being incompatible.",Pengguna Google,2,2025-07-09 07:08:14
"buat yg versi ini byk bugnya loh, meding yg seri sebelumnya",Pengguna Google,1,2025-07-09 02:54:09
game sangat seruuu dan mengasikann!!!,Pengguna Google,5,2025-07-08 16:22:09
game apa ini udh downloadnya lama pas masuk ke game malah nggak bisa masuk langsung keluar dari game,Pengguna Google,1,2025-07-08 16:20:03
game nya udah bagus tapi masih ada bug grafis kayak agak buram pas liat air dan lain lain mohon segera di perbaiki dan di update🙏,Pengguna Google,4,2025-07-08 15:30:29
kenapa aku kasih 5 karna grafik nya bagus dan dinosaurus nya bagus tapi ada yang kurang map nya dikit,Pengguna Google,5,2025-07-08 14:23:02
"halo ka, saya baru comeback lagi ke game ini dan saya pernah membeli god console di game ini sebelum update, kenapa sekarang saya tidak bisa menggunakannya lagi ?",Pengguna Google,1,2025-07-08 13:41:23
"game ampas tolong lah game ini kasi update grafik, gw dah 2 bulan main ini game dan pengalaman gw hancur banget sama grafik yang terlalu dipaksakan untuk game mobile. dari ngecrash lah. frame drop. dan paling mentok fps gw cuma sampe 15 fps tolong lah grafik game nya tuh samain kaya ARK survival evolved yang lama. masa grafik low gak beda jauh sama grafik high. pls setidaknya tuh kurangin hal hal yang bikin game tambah lag kaya rumput. daun daun pohon. dll pls developer ARK liat kritik gw",Pengguna Google,1,2025-07-08 13:08:46
BANYAK BUG GRAFIS DI MAP RAGNAROK,Pengguna Google,2,2025-07-08 10:32:56
"tolong optimasikan game nya agar tidak frame drop saat bermain, saya sadar hp saya tidak sebagus itu namun optimistis brantakan sekali masak saya cuma dpt 10 fps pdhl chipset saya sudah termasuk besar",Pengguna Google,2,2025-07-08 10:28:06
Banyak bug gua download lagi karena mau liat akun gua yang dulu malah gabisa donwload file 6gb,Pengguna Google,1,2025-07-08 08:07:44
gak mau salahin game nya hp ku helio G99 main gensin lancar walau grafik epep tapi optimistis nya bagus buat hp,Pengguna Google,3,2025-07-08 07:06:48
Is it possible to just download the additional data without needing to find dodo? I'm really tired of that.,Pengguna Google,1,2025-07-08 04:42:26
lama losing nya jadi gabut perbaiki geme nya berai,Pengguna Google,1,2025-07-07 23:10:30
Setelah update ada bug seperti force close saat ingin melakukan save,Pengguna Google,1,2025-07-07 22:01:12
"Kalo lancar pastinya seru sih, cuman berat banget buat hp mid ke bawah",Pengguna Google,5,2025-07-07 18:19:14
gameya bagus tapi kalok lebih bagus ya offline,Pengguna Google,5,2025-07-07 12:54:03
please back to ark survival evolved ark ultimate mobile edition is not best game 🤮🤮,Pengguna Google,1,2025-07-06 23:13:35
"kenapa kalau mau save malah force close(keluar aplikasi sendiri) atau ga misal main udh lama tiba tiba keluar sendiri,device hp padahal udh oke,sblmnya ga kaya gini,cuma baru ini aja,kalau sudah di perbaiki baru saya bintang 5",Pengguna Google,1,2025-07-06 21:09:27
🤮🤮🤮🤮🤮,Pengguna Google,1,2025-07-06 20:46:23
pas masuk langsung keluar,Pengguna Google,1,2025-07-06 20:06:08
bgus,Pengguna Google,5,2025-07-06 18:33:47
udh ngk bgus kontrol nya,Pengguna Google,1,2025-07-06 16:44:57
lag parah patah patah lagi ini game berat banget!,Pengguna Google,1,2025-07-06 16:17:26
ark itu game bagus tapi sayang ngelek parah untuk online padahal dah gunain waifi tolong dong perbaiki,Pengguna Google,2,2025-07-06 15:56:01
"aslinya udah bagus banget sih. cuman sangat disayangkan ada bug ngeselin. antara lain bug nya • supply kadang Bug di udara atau malah mendem kedalam tanah, kek mana ngambilnya coba • kalau Jinakin dino modelan Alpha raptor dll yang ada ""alpha"" nya suka ngebug dimana kalau buruan atau dino yang dia serang udah mati ga bisa ilang, jadi dia ngebug nyerah dead dino nya terus ampe ilang kemakan waktu atau saya sebagai player yang Ngilangin dengan di gathering 🗿",Pengguna Google,4,2025-07-06 15:04:52
"bagus sih tapi plisss grafiknya di tambah dan tolong perbaiki fps nya dan sekaligus tolong ada kan mod seperti paleo ark mod, indomitable dan ark addition the collection karena kadang saya bosan plis semoga terbaca pada developer nya untuk membuat tambahan mod menu sekali lagi saya ingat kan tolong untuk melakukan apa yang saya ketik",Pengguna Google,4,2025-07-06 13:43:57
good game: I hope it will be better in the future,Pengguna Google,5,2025-07-06 12:58:40
can you add we can make a multiplayer server,Pengguna Google,4,2025-07-06 12:22:04
lag,Pengguna Google,1,2025-07-06 06:45:50
ini game survival yang bagus dan punya dino dino yang keren keren,Pengguna Google,5,2025-07-06 00:08:13
saya tidak bisa mendownload game ini padahal saya dulu bisa mendownload game ini,Pengguna Google,1,2025-07-05 22:14:08
kenapa tidak ada charca yang muncul di dunia saya?,Pengguna Google,5,2025-07-05 18:27:54
godconsole yang dulu sudah di beli di versi lama sekarat hilang. kembalikan uang saya,Pengguna Google,1,2025-07-05 17:54:38
aku ingin game ini ada di Android,Pengguna Google,5,2025-07-05 16:17:56
ayo dong benerin biar makin rame lagi gamenyaa,Pengguna Google,1,2025-07-05 14:45:57
saat dulu memang bagus tapi sekarang saya tidak bisa meng save game malah langsung keluar itupun tidak ke save ayolah developer perbaiki bug nya,Pengguna Google,3,2025-07-05 14:39:56
bagus banget,Pengguna Google,5,2025-07-05 12:40:21
"Buat yang gak tau, Ultimate Mobile Edition, dibuat ulang dari nol, dan sekarang 100% mengikuti versi ARK PC/console, Jadi sebaiknya pelajari dulu mekanisme ARK PC, biar gak bingung. Game ini sebenarnya gak terlalu berat buat spek mid end, hanya butuh penyesuaian. Kalau terasa berat di HP kamu, coba aktifkan God Console (IAP) dan pakai fitur Command Console. Kamu bisa ubah grafik, FOV, efek, bahkan shadow dan texture resolution. Performanya bisa jadi jauh lebih ringan.",Pengguna Google,5,2025-07-05 12:39:45
finally playable on android 6+,Pengguna Google,5,2025-07-05 10:31:43
perbaikan BUG.. tidak bisa di Save. saat save.automatis keluar dari game...,Pengguna Google,1,2025-07-05 10:26:34
game nya sangat bagus tapi ada masalah yaitu lag banyak yg ngeluh karena lag tolong diperbaiki🙏,Pengguna Google,3,2025-07-05 10:04:53
"Untuk Studio Wildcard, sebenarnya Ark mobile ini udah bagus banget dan aku suka mekanisme game ini, kayaknya ini bakalan jadi game favorit aku, tapi ada beberapa bug di game ini yang bikin ga betah main. di saat aku save game, game nya nge crash dan itu ter ulang terus jadi saya tidak bisa melanjutkan world saya karena bug tersebut. jadi untuk kedepannya saya minta tolong untuk diperbaiki yaa terimakasih.",Pengguna Google,3,2025-07-05 08:40:24
"saya nga tau ini karna kualitas smartphone saya atau karna hal lain.karna saat saya maen PVP saya bisa masuk di setiap server, tapi saat saya bermain di PVE saya nga bisa masuk di semua server dan saat saya mencoba masuk ke server PVE,game nya tiba tiba error.suka keluar sendiri.tolong diperbaiki.karna saya suka sekali game ini untuk mengisi waktu luan saya thanks untuk pembuat game nya",Pengguna Google,1,2025-07-05 07:39:30
bagus aja sih,Pengguna Google,5,2025-07-04 23:58:10
pp SDM tinggi gamenya bagus,Pengguna Google,5,2025-07-04 21:21:25
"we kalo bikin game tu niat dikit, bug goa sepi tu diperbaiki, optimalisasi nya di tingkatkan, sumpah dari ark lama sampe ark baru juga bug nya gak di perbaiki, walaupun ark yg baru lebih sering update dan lebih baik si.tolong developernya segera update semua bug nya..",Pengguna Google,5,2025-07-04 20:01:47
good,Pengguna Google,5,2025-07-04 18:07:48
game nya keren tapi semoga saya bisa main juga aminn,Pengguna Google,5,2025-07-04 17:40:46
ngepris ngepris gem yak tidak di sangka,Pengguna Google,1,2025-07-04 16:23:45
keren,Pengguna Google,5,2025-07-04 15:13:45
"game nya sangat bagus,terus bisa ngejinakin dino 🥰",Pengguna Google,5,2025-07-04 13:36:51
gak bisa login,Pengguna Google,1,2025-07-04 11:08:38
DELETE MEK!!!!!! THIS GAME NOT FAIR FOR NEWBIE IN PVP SERVER!! DONT INSTALL THIS GAME GUYS. TRASH GAME,Pengguna Google,1,2025-07-04 10:27:47
data tidak bisa di save sering keluar sendiri,Pengguna Google,1,2025-07-04 10:06:45
Mamtap benerr nagih gamenya,Pengguna Google,5,2025-07-04 05:59:14
"Please help and respond to the bug problem when saving the game, instead the application stops",Pengguna Google,3,2025-07-04 02:13:53
mantep gamenya,Pengguna Google,5,2025-07-03 14:59:19
Mohon wilcard ini kenapa mogok game nya,Pengguna Google,5,2025-07-03 13:31:35
tolong grafik game nya di kecilin atau gak minimal bisa main dengan lancar walaupun grafiknya menjadi jelek,Pengguna Google,1,2025-07-03 12:48:49
"padahal dah lama download malah pas main gak bisa masuk game, ngestuck di logo ark nya habis itu layar hitam dan keluar dari game",Pengguna Google,1,2025-07-03 12:33:55
developer kasih supaya bisa bikin server sendiri dong atau unofficial server supaya pengalaman Mabar nya enak dan lebih mudah untuk Mabar dengan teman,Pengguna Google,3,2025-07-03 11:06:09
harus download dulu males,Pengguna Google,3,2025-07-03 10:58:32
Gad damn optimisasinya ancur parah💀,Pengguna Google,2,2025-07-03 10:57:44
udah di save barangnnya tapi hilang,Pengguna Google,2,2025-07-03 09:23:44
seru sangat,Pengguna Google,5,2025-07-03 03:50:39
"kak kontrolnya disamai seperti yang dulu, yang ini kontrolnya susah karena gabisa dipindah posisinya, ukuran mukul sama lompat juga kecil, sulit dipencet",Pengguna Google,2,2025-07-02 22:49:58
lag bgt game ini,Pengguna Google,1,2025-07-02 22:38:19
"Please , improve the lag and crash👍👍",Pengguna Google,3,2025-07-02 20:31:02
gamenya sudah bagus api yang membuat saya kesal saat saya bermain dengan teman saya berhenti dan bermain lagi di server saya disuruh create new survivor lagi saya malas bermain game ini,Pengguna Google,1,2025-07-02 19:42:15
game yang sangat seru dan menyenangkan tapi untuk spesifikasinya mohon diperkecil karna hp saya sedikit nge lag,Pengguna Google,5,2025-07-02 18:39:09
ga optimal,Pengguna Google,1,2025-07-02 17:43:53
goood,Pengguna Google,5,2025-07-02 16:49:23
keluar terus cok,Pengguna Google,1,2025-07-02 15:48:54
baguss,Pengguna Google,5,2025-07-02 14:48:58
mantap banget banyak yang bilang patah patahlah apalah yah walau ada bug kadang tapi bagus deh gw maennya lancar karena support dihpnya🤩,Pengguna Google,5,2025-07-02 12:57:31
"oi min, gw kalok mati egram gw balik lagi ke level 1 benerin napa bug nya, kan kalok mati egram harusnya gk balik level 1 lagi",Pengguna Google,4,2025-07-02 12:14:35
MASA GW PALANYA KEJEBAK DI ES KECIL BUG JELEK JANGAN DOWLOAD + GK ADA MIE AYAM ATAU PUN NASGOR,Pengguna Google,1,2025-07-02 11:59:12
bagus,Pengguna Google,5,2025-07-02 02:51:43
"likes to force close when saving please fix it, it's already good for games",Pengguna Google,4,2025-07-02 00:23:40
"this is the best game i have ever played, i really like this game, but i beg wildcard studio to add custom hud to make it easier for us to move, thank you",Pengguna Google,5,2025-07-01 23:26:10
"hai wildcard,ini kenapa ya? setelah saya update jadi sering fc,dan pas saya mau save pun gabisa,padahal dulu sebelum update aman aman aja tu,tolong di atasi plis,hal ini buat saya badmood saat mainin gamenya, tolong di atasi🙏",Pengguna Google,3,2025-07-01 22:42:42
banyak bug,Pengguna Google,2,2025-07-01 18:36:14
game nya bagus tapi harus sedikit di obtimalkan,Pengguna Google,4,2025-07-01 18:11:50
"Please, I can't enter the server, do I have to buy it first??? Sometimes the connection drops even though I'm using wifi",Pengguna Google,1,2025-07-01 16:33:24
seru,Pengguna Google,5,2025-07-01 16:30:13
kenapa sangat ngeleg padahal udah di seting ke versi low,Pengguna Google,1,2025-07-01 15:08:07
Why is it so laggy even though it's set to low?,Pengguna Google,2,2025-07-01 15:03:52
"Server kacau, Keluar terus dari game",Pengguna Google,1,2025-07-01 14:40:40
"sangat tidak rekomen untuk HP biasa atau kentang, skipppp mending yang dulu",Pengguna Google,1,2025-07-01 13:07:34
your game so beautiful .,Pengguna Google,5,2025-07-01 11:46:27
gamenya seru gamenya juga bagus,Pengguna Google,5,2025-07-01 09:57:29
saya ingin main tapi saya malah keluar game dan pas masuk saya malah di dalam sarco saya,Pengguna Google,5,2025-07-01 07:11:58
"jelek banget pas main layar nya warna warni bikin pusing kepala ni game 😡,lama lama gw tunggu buat donwload nya eh malah kek gini ini game nyesel gw lama lama tungguin😡😡😡😡😡😡",Pengguna Google,1,2025-07-01 06:41:35
gamenya bagus,Pengguna Google,5,2025-07-01 05:57:04
please fix the invisible obstacle bug and please optimize the application more,Pengguna Google,3,2025-07-01 01:36:16
FORCE CLOSE KETIKA SAVE GAME.,Pengguna Google,1,2025-07-01 00:38:12
selalu keluar sendiri saat mau save data,Pengguna Google,3,2025-06-30 22:41:37
minim optimasi tolong diperbaiki lagi,Pengguna Google,1,2025-06-30 20:54:09
aku terkena bug save save an selalu balik di lokasi yang sama gerak kesana force close lalu login lagi balik lagi ke tempat awal,Pengguna Google,3,2025-06-30 20:09:00
game dah bagus tapi gk ke save waktu selesai main,Pengguna Google,3,2025-06-30 19:29:29
setelah update malah sering keluar sendiri di handpone poco x6 pro,Pengguna Google,2,2025-06-30 19:02:47
"After the update, why are there so many bugs? 1.bug when pressing anything in the menu while playing, the intention is to save, but instead it exits 2.The whistle mechanism is used to tell the dinosaur to attack and be passive. If you press it several times, the dinosaur will remain silent, even though you have told it to attack.",Pengguna Google,3,2025-06-30 18:54:13
ini game mah bagus tapi plis item cyropod tuh di Murahin dikit Napa dan juga item yang dalam suply aidrop di gratisin itu item cyropod di offline Pliss .Gw kasih bintang lima kalau ini di buat si update selanjutnya. sekian trima kasih,Pengguna Google,4,2025-06-30 18:41:39
tunggu saya punya device bagus nanti saya mainin,Pengguna Google,1,2025-06-30 16:34:35
the worst optimization I ever felt,Pengguna Google,1,2025-06-30 16:23:54
"Tidak bisa save game, malah keluar dari gamenya. padahal gamenya sudah rata kanan, poco x7 pro. 12/512 Dimensi 8400 ultra",Pengguna Google,2,2025-06-30 15:49:13
tiap kali save malah keluar sendiri..,Pengguna Google,1,2025-06-30 13:58:25
masih ada bug force close saat ingin save game,Pengguna Google,4,2025-06-30 11:02:35
"akhirnya game ini kembali di playstore lagi, aku sangat kangen sekali dengan game ini, dulu sempat hilang dan aku mau ga mau harus mendownload bajakannya tetapi yah begitu game nya crash terus karena bajakan, thank you developer🙏🏻",Pengguna Google,5,2025-06-30 02:24:38
dikit-dikit bug,Pengguna Google,1,2025-06-29 16:21:06
"tolong di perbaiki ada bug, dimana hewan yang saya tame tiba"" mati padahal sedang taming, dan untuk hewan yang sudah saya tame tiba"" hilang entah kemana, padahal dia ikut sama saya tiba"" menghilang kaya glitch",Pengguna Google,3,2025-06-29 16:20:23
tolong gamenya update lagi soalnya hp aku enggak bisa main gamenya,Pengguna Google,5,2025-06-29 13:40:39
Game nya gg banget,Pengguna Google,5,2025-06-29 12:21:00
gimana cara masuk ke game nya,Pengguna Google,5,2025-06-29 11:13:57
I love dino from baby,Pengguna Google,5,2025-06-29 10:57:31
geme nya sebenarnya bagus tapi kenapa harus donwload data data sih mana datanya 6 GB lagi minimal data nya diringanin lah atau di donwload sekalian sama data nya selebihnya nya si bagus semoga di baca,Pengguna Google,4,2025-06-29 10:07:45
"ada sebuah masalah yang sangat menyebalkan pada game ini,yang dimana saat kita masuk ke dalam game kit langsung keluar dari game,semoga masalah ini bisa diperbaiki",Pengguna Google,1,2025-06-29 08:32:00
Game susah login gara akun epic game error. Minta akun email sudah di masukin malah gagal,Pengguna Google,1,2025-06-29 07:45:31
pastitur udah ditungguin basbesokya tetep sama,Pengguna Google,1,2025-06-29 06:57:18
"gamenya seru banget, tapi dinonya kurang banyak, lebih banyakan yang di PC, Dev tolong tambahkan dino lebih banyak",Pengguna Google,5,2025-06-28 23:36:14
"The game is good, but in my opinion the bad thing here is the multiplayer because there are a lot of bugs So if possible for multiplayer we can make our own server",Pengguna Google,5,2025-06-28 21:17:21
game ini sangat seru,Pengguna Google,5,2025-06-28 20:26:56
beh grafik nya mantep terus seru banget lagi gamplay nya pokok nya top markotop,Pengguna Google,5,2025-06-28 17:31:43
kecewa karena leg nya luar biasa andai ini masih seperti ark lama yg leg nya nga ada dan ringan untuk hp spek rendah,Pengguna Google,3,2025-06-28 16:13:16
game sangat 😎👍👍,Pengguna Google,5,2025-06-28 12:59:43
min optimalin dong di redmi pad se,Pengguna Google,3,2025-06-28 10:41:21
bagus,Pengguna Google,4,2025-06-28 00:39:26
download datanya susah banget gak bisa download di latar belakang,Pengguna Google,1,2025-06-27 23:19:15
"This is a good game, an adventure game based on prehistoric times.",Pengguna Google,5,2025-06-27 21:47:36
saya dari umu 1 sampai 8 suka dino gw awalnya cuma nyoba ternyata seru teman gw sampai gwbenerin dapetin t rex sma giganotosaurus bener,Pengguna Google,5,2025-06-27 21:18:08
"kecewa masih gak support untuk snapdragon 665 , gabisa main game ini lagi, kecewa berat..",Pengguna Google,1,2025-06-27 17:49:48
mohon MB nya jangan banyak banyak,Pengguna Google,1,2025-06-27 16:16:27
Game nya terlalu pay to win masa cryopod sama cryofridge pake kunci sama buat mengaktifkan damage text juga harus pake god console saya minta agar di update lebih bagus dan tidak pay to win terima kasih.,Pengguna Google,2,2025-06-27 13:57:47
ark nya gak bisa di mainin,Pengguna Google,1,2025-06-27 13:19:04
can you lower the graphic its a bit laggy,Pengguna Google,4,2025-06-27 12:21:26
dak bisa ka masuk game nya,Pengguna Google,1,2025-06-27 10:33:13
gak kayak ark dulu gw maunya grafik nya di kurangin biar ga ngelag yang gw gak suka lagi ngetame pasti silau bet udah dimatiin light bloom nya padahal,Pengguna Google,4,2025-06-27 08:36:17
pas saya masuk game nya malah black screen terus keluar terus tolong di perbaiki,Pengguna Google,1,2025-06-27 07:48:13
sangat seru dan menantang tapi rada patah patah karena hp nya kurang bagus 🤙👍👍👍👍👍👍,Pengguna Google,5,2025-06-27 00:45:22
"masih belum stabil di hp low,beda dengan series ark survival evolved yang lebih ramah untuk hp low,saya harap bisa lebih di stabilkan lagi",Pengguna Google,3,2025-06-26 22:02:31
sangat seru,Pengguna Google,5,2025-06-26 21:18:12
siap mengalah kan pokemon,Pengguna Google,5,2025-06-26 17:52:06
why all the cave on the island map is empty?,Pengguna Google,5,2025-06-26 14:43:56
gak bisa di donlot tertunda terus😡🤬🤬,Pengguna Google,1,2025-06-26 12:08:18
studio wildcard can u make this like normal ark mobile this too big to download makes the game too laggy so please fix it again,Pengguna Google,2,2025-06-26 11:12:37
The game is good but why isn't there ark on my old phone? Please fix ark survival evolved on all phones so all my friends can download it,Pengguna Google,3,2025-06-26 09:46:56
So far the gameplay is okay. But what's disappointing is not being able to create your own server on mobile to play with own friends. This game will be very fun if it can be played with friends without strangers or cheaters.,Pengguna Google,4,2025-06-25 23:39:01
"add status information while riding a taming animal, it is very difficult to see the player's blood status, such as suddenly dying because of not realizing entering an area that is too cold or hot, and need to open the inventory and click again on the player's status to see the blood status, and please fix the lag bug, this is quite annoying especially on the ragnarok map that I play, I find a lot of lag, even though my smartphone is included in the category capable of playing this ark mobile",Pengguna Google,3,2025-06-25 22:22:50
ga bisa di mainin jir padahal hp dah spek tinggi -_-,Pengguna Google,1,2025-06-25 20:41:28
pengen maen tapi hp gk mendukung 🥹,Pengguna Google,5,2025-06-25 20:10:35
update tambahin bison dong di map Ragnarok,Pengguna Google,4,2025-06-25 18:43:10
"The game is unclear, my cellphone has good specifications, when I enter the game, the screen goes black and then exits immediately and the game can't be played, I've tried everything, the screen is still black",Pengguna Google,1,2025-06-25 18:14:14
kebanyakan yang download fomo sama topi sihir awok awok,Pengguna Google,5,2025-06-25 14:01:17
saat mau di mainkan layarnya rusak buaram tolong perbaiki gemes nya,Pengguna Google,1,2025-06-25 11:55:45
tolong dikurangi hewan buasnya seperti Spinosaurus di di tempat herbivor islasd,Pengguna Google,5,2025-06-25 08:25:46
saya bikin akun tapi pas update malah hilang TOLONG DIPERBAIKI!,Pengguna Google,4,2025-06-25 06:42:30
keren,Pengguna Google,5,2025-06-25 02:29:19
"Mohon untuk optimalisasinya, karena lag terlalu parah untuk HP RAM 4GB. sekarang saya tambahi bintangnya sedikit karena saya rasa agak lebih enak, masih masih sering membuat HP cepat panas",Pengguna Google,3,2025-06-25 01:53:35
"tolong perbaiki game nya, saya coba masuk ke server khususnya map Ragnarok Trilobite slalu mental alasannya karena connection lost padahal koneksi saya aman tidak ada gangguan sama sekali.",Pengguna Google,1,2025-06-24 22:29:54
good,Pengguna Google,5,2025-06-24 21:59:39
gabisa di mainin sama sekali yang bener dong,Pengguna Google,1,2025-06-24 21:13:54
gak disarankan untuk HP kentang,Pengguna Google,2,2025-06-24 17:52:11
sumpah mending balikin Ark yang lama yang ini sampah banget optimalisasi nya,Pengguna Google,2,2025-06-24 16:30:29
"tolong di perbaiki peforma gamenya, spesifikasi perangkat saya mendukung untuk bermain game ini, tapi pada saat bermain saya sering mengalami lag dan for close.",Pengguna Google,3,2025-06-24 14:42:31
untuk gameplay sudah sangat bagus tentunya. tapi untuk grafik terlalu berat untuk mobile. saya harap kedepannya bisa diperbaiki grafiknya,Pengguna Google,4,2025-06-24 14:35:21
gabisa login,Pengguna Google,1,2025-06-24 10:29:16
so good,Pengguna Google,5,2025-06-24 09:22:30
"dulu gw suka main ini game, tapi semenjak update jadi ngelag,patah² gw sekarang udah kagak main ini game lagi, padahal gw kangen banget main ini game, gw mau ark dulu kembali aja supaya gw main game ini lagi,jadi pls balikin ark dulu kembali",Pengguna Google,1,2025-06-23 15:18:48
"bagus, tapi mungkin bisa di buat kan untuk hanya bermain dengan teman tanpa harus main di server",Pengguna Google,5,2025-06-23 14:47:21
tidak ramah di HP,Pengguna Google,3,2025-06-23 07:03:47
gak mau masuk oi keluar terus tolong perbaiki yahhhhhh,Pengguna Google,1,2025-06-22 21:02:15
game bagus. cuma pada saat mau beli map memakai saldo google pay malah gagal,Pengguna Google,4,2025-06-22 16:33:01
ngelag,Pengguna Google,1,2025-06-22 14:38:28
"jelek, klo main trus keluar kadang save datanya ilang jdi harus ngulang dari awal gamenya",Pengguna Google,1,2025-06-22 14:33:12
bagus,Pengguna Google,5,2025-06-22 11:14:06
game nya sangat bagus dan realistis,Pengguna Google,5,2025-06-22 10:14:59
bagus,Pengguna Google,5,2025-06-22 04:04:03
gamenya gak jelas setiap kali masuk langsung keluar lagi padahal sebelum nya bisa dimainin sampah bet,Pengguna Google,1,2025-06-21 21:44:51
sangat bagus,Pengguna Google,5,2025-06-21 15:37:29
bagus banget tapi lama aku download,Pengguna Google,5,2025-06-21 15:28:49
UDAH DOWLOAD NGABISIN KUOTA TERUS NGABISIN WAKTU PAS MASUK GA BISA,Pengguna Google,1,2025-06-21 14:27:04
game yang bagus aku menyukainga tapi plis bawa kembali ark survival evolved banyak yang akan setuju pada pernyataan ini,Pengguna Google,5,2025-06-21 12:18:04
bisa menjelajah bumi dengan bantuan hewan Jurassic,Pengguna Google,5,2025-06-21 07:53:25
kenapa saya di tendang padalah saya ingin bermain,Pengguna Google,1,2025-06-20 23:30:38
Aku main kok pakek dodo,Pengguna Google,2,2025-06-20 20:10:17
"menurut ku bagus ark survival evolved, ume optimisasinya hancur bgt",Pengguna Google,1,2025-06-20 19:06:00
"tambahkan soul traps di mobile plsss, dan saya tidak sabar menggu map valguero!!",Pengguna Google,5,2025-06-20 16:18:31
seru kali,Pengguna Google,5,2025-06-20 14:19:36
game aneh udah jelek pas udah masuk game nya malah tiba2 Langsung keluar dari game nya padahal udah berkali-kali,Pengguna Google,1,2025-06-20 13:17:50
g bs buat game percuma donlod lama tapi g sebanding dengan hasil gw kira harusnya bintang 5 tapi karna donlod yg lama dan main ny juga ngeleg lebih banyak yang ngeleg daripada yang lancar,Pengguna Google,1,2025-06-19 23:00:46
plese fix force close,Pengguna Google,1,2025-06-19 22:15:06
Gameplay nya sudah bagus dan seru tapi sayang optimisasi nya kurang kalau di HP mid range atau bahkan flagship,Pengguna Google,3,2025-06-19 19:45:16
Amazing game in the world😍😍😍,Pengguna Google,5,2025-06-19 19:18:50
game ini sangat seru tapi kurangnya hanya di map yang berbayar,Pengguna Google,5,2025-06-19 18:49:56
aku tidak bisa masuk gem nya padahal aku udah masuk gem nya berkali kali,Pengguna Google,1,2025-06-19 15:41:43
game sampah banyak bug,Pengguna Google,1,2025-06-19 14:04:20
"gamenya bagus tapi fitur settingan graphicnya kurang lengkap tdk seperti ark survival evolved dan ark survival ascended yang juga tidak lengkap tetapi setidaknya lbh banyak,pemain di device mobile memerlukan fitur settingan graphic yang lebih lengkap karena gamenya sendiri cukup berat dan di settingan low pun masih kelihatan bagus jadinya masih lag, tetapi dengan settingang grafik lbh lengkap terutama untuk mengatur ground clutter water reflection etc, maka bisa membantu performa bermain pemain.",Pengguna Google,5,2025-06-19 12:17:37
coba bisa di semua hp pasti seru,Pengguna Google,1,2025-06-19 09:00:41
"penyimpanan saya masih tersisa 13 gb tadi malam tapi saat di instal malah force close/keluar sendiri padahal data sudah hidup dan masih tersisa banyak kuota, dan padahal dulu saya bisa memainkan game nya, hp saya realme c17 btw",Pengguna Google,1,2025-06-19 08:08:58
gila berat banget game nya jadinya gua kaga bisa mainin game nya tapi kayaknya bagus,Pengguna Google,5,2025-06-19 05:54:27
to login so hard,Pengguna Google,1,2025-06-18 22:05:09
"sinyalnya sangat buruk, saya main game lain yang datanya lebih besar sinyalnya aman, game ini sinyalnya sangat sangat buruk. mungkin untuk developer untuk memperbaiki masalah ini agar playernya nyaman terkhusus multiplayer. terima kasih.",Pengguna Google,3,2025-06-18 21:38:15
sinyal bagus mental mulu main di server,Pengguna Google,1,2025-06-18 21:20:53
Wildcard studio can you fix world bug? I already unlock lv 21 and unlock tranq Arrow I save the world but when i rejoin it start on lv 19 and i still can craft tranq Arrow on lv 19 FIX THIS BUG DON'T UPDATE THE GAMEPLAY FOR A MONTH AND FIX THE BUG PLS,Pengguna Google,4,2025-06-18 19:05:21
ketika masuk tiba tiba keluar tolong hilangkan bugnya,Pengguna Google,1,2025-06-18 17:37:19
Ark bisakah kamu menambahkan mod pada game??,Pengguna Google,5,2025-06-18 16:08:52
loading nya lemot,Pengguna Google,1,2025-06-18 11:18:21
kembalikan ark mobile lamaa,Pengguna Google,2,2025-06-18 10:09:54
game nya sangat menarik dan seru 💗,Pengguna Google,5,2025-06-18 08:06:46
punya Ku kok pas masuk me DAlam map nya LAsung keluar sendiri ya,Pengguna Google,1,2025-06-17 22:13:06
bagus ye,Pengguna Google,5,2025-06-17 20:56:08
terlalu bagus 😂,Pengguna Google,5,2025-06-17 20:53:06
"Gamenya bagus banget,saat saya belum tau cara mainnya saya berkata ""game apaan ini ga seru"" tapi setelah saya tau cara mainnya seru banget!",Pengguna Google,5,2025-06-17 18:35:44
gamenya bagus,Pengguna Google,4,2025-06-17 17:53:27
bagus,Pengguna Google,5,2025-06-17 17:34:46
maaf sekali saya tidak bisa memainkan game ini semoga kedepannya bisa dimainkan di HP mana saja,Pengguna Google,4,2025-06-17 17:23:19
ada beberapa hewan yang tidak ada disini,Pengguna Google,3,2025-06-17 16:38:28
bagus tapi ko carbo nya ko berenang dalam tanah,Pengguna Google,4,2025-06-17 16:08:40
game cacat GK guna ni game,Pengguna Google,1,2025-06-17 16:05:10
gimana cara main wooy,Pengguna Google,1,2025-06-17 15:28:23
tolong dong game nya dibuat untuk bisa di save kok saya udh save game server nya ilang,Pengguna Google,1,2025-06-17 14:24:24
ya bagus lah tapi gara gara hp ku samsum galaxy a50 jadi agak eror saat memainkannya,Pengguna Google,4,2025-06-17 14:01:25
untuk developer kenapa saya saat membuka ark selalu terjadi crash,Pengguna Google,1,2025-06-17 13:00:30
ini kenapa gk ada tombol lompat atau tombol yg lain padahal udah centang dan kenapa gk ada croshair padahal udah centang ini tolong bug nya di fix dan opimalkan gameplaynya ginana player mobile bisa betah kalau ada ginian,Pengguna Google,1,2025-06-17 12:32:52
"sangat buruk,tidak optimal,fps rendah,dan download data nya nggak ngotak",Pengguna Google,1,2025-06-17 10:54:30
"dulu sebelum di update saya sudah membeli god console, sekarang mengapa saya harus membeli lagi? mengapa tidak bisa menggunakan pembelian yang kemarin??",Pengguna Google,2,2025-06-17 10:38:16
menggunduh resorts data nya lama banget padahal internet saya sudah bgus dan bnyk bug seperti tiba-tiba kembali keawal,Pengguna Google,2,2025-06-17 10:15:26
mantap,Pengguna Google,5,2025-06-17 10:14:48
ngelag banget yg versi dulu nggak ngelag loh,Pengguna Google,2,2025-06-17 10:00:31
seru tapi aku mati terus di serang raptor,Pengguna Google,3,2025-06-17 07:43:15
ini game akan mengajar kalian terhadap dinosaurus dengan cara menteming dinosaurus dan memperkenalkan nama dinosaurus,Pengguna Google,5,2025-06-17 06:37:21
game sampahhhhhh mau login aja susahnya minta ampun,Pengguna Google,1,2025-06-17 01:50:21
nunggu loading seabad,Pengguna Google,1,2025-06-16 22:05:30
👍,Pengguna Google,5,2025-06-16 16:16:36
di hp ku gak bisa di donlot kenapa yah ini,Pengguna Google,1,2025-06-16 01:06:51
tolong loadingya lebih dipercepat lagi itu aja sih untuk devoloper,Pengguna Google,5,2025-06-15 23:44:28
untuk hp versi 10 berat,Pengguna Google,1,2025-06-15 23:29:18
"saya mohon optimalkan game ini agar tidak lag, daripada memfokuskan isi dalam game saya lebih menyarankan untuk mementingkan kenyamanan pemain dengan pengoptimalan permainan agar lebih ringan",Pengguna Google,3,2025-06-15 22:46:15
"tolong di optimalkan untuk hp kentang , sedikit kan crash , juga optimistis kan agar tidak lag 👍",Pengguna Google,4,2025-06-15 21:06:50
"my single playerworld suddenly disappeared even though I have been playing for more than a week and have gotten a lot of dinos and many valuable items, but now the world is gone. Please return my world or help me restore it.",Pengguna Google,3,2025-06-15 21:03:11
when yah gak kompetible main online,Pengguna Google,1,2025-06-15 20:30:39
"sangat bagus, bisa ngelakuin apa aja tapi gw mau log in nya susah banget",Pengguna Google,5,2025-06-15 19:52:46
kenapa gak bisa masuk ke gem nya!? perbaiki lah udah download besar tapi malah gak bisa main apa ini mendin ARK dulu yang bisa masuk dari pada ARK sekarang,Pengguna Google,1,2025-06-15 19:41:58
"game nya bagus tapi sangat frem mohon di perbaiki patah patah dan frem, saya hanya dapat 10-15 fps di grafis low resolusi rendah perbaiki seperti ark survival evoled.",Pengguna Google,3,2025-06-15 19:13:42
"please optimize the game again, I hope everyone can play this game smoothly and comfortably",Pengguna Google,2,2025-06-15 18:46:25
"speed download utk datanya terlalu lama, padahal sinyal provider ane lumayan kencang buat download hal lain, tapi buat download resource nj game cuma bisa mentok di 300 kbps",Pengguna Google,1,2025-06-15 18:42:21
kok punya gw disuruh mainin burung Dodo doang,Pengguna Google,5,2025-06-15 18:32:18
"gamenya bagus soalnya gw udh coba yg ark biasa, nah gw pencoba ni game gw download tp lumayan lama oklah gw tungguin nah setelah gamenya kedownload gw mainin tp waktu gw mainin malah disuruh download lg oklah gw download lg gw kira tu game bisa download sambil main game lain jdnya gw kluar main game lain tp setelah gw main lg buat cek ehh malah g nambah jdnya gw harus ngeliatin itu selama 1 abad, pls lah perbaikin",Pengguna Google,2,2025-06-15 17:37:14
Loading ya lama🗿,Pengguna Google,4,2025-06-15 13:25:41
waw😆,Pengguna Google,5,2025-06-15 13:12:39
gw main ini gara gara gw nonton topi sihir animation jadi jangan berharap gw kasih bintang 5,Pengguna Google,3,2025-06-15 11:50:32
sangat seru untung bisa mabar kalau gak 3gb paket hilang,Pengguna Google,5,2025-06-15 11:38:29
gamenya gak bisa di mainin,Pengguna Google,1,2025-06-15 09:39:39
kalau update yg benar dong masak hp saya gak bisa instal dasar😡😡 bintang satu,Pengguna Google,1,2025-06-15 09:15:29
cool game but too lag,Pengguna Google,3,2025-06-15 08:42:06
tolong optimisasikan server game ini.. karena sering disconnect dan pingnya naik turun ga jelas padahal pake wifi,Pengguna Google,2,2025-06-14 23:35:14
aku baru saja masuk ke dalam game malah keluar gimana sih,Pengguna Google,1,2025-06-14 21:42:56
game ap ini tidak cerah masa depan saya wkwk,Pengguna Google,5,2025-06-14 20:50:04
bagus,Pengguna Google,5,2025-06-14 18:07:46
inimah gabisa dimainin di hape gua,Pengguna Google,2,2025-06-14 17:19:37
ini sangat keren,Pengguna Google,5,2025-06-14 16:33:27
"Hello, I suggest that the Ark Ultimate Mobile Edition can be lightened, such as MediaTek at least G85 and below and Snapdragon at least 6th gen 3, please try to fix it, thank you. semoga jawab",Pengguna Google,1,2025-06-14 15:12:33
hallo studio wilcard saya ingin game ini menjadi lebih ringan seperti ark survival evolved dulu itu sangat lancar tapi game ark terbaru ini saya sudah lama menunggu rilis malah sangat lag di divice saya hanya mendapatkan fps1-3 sajaa,Pengguna Google,1,2025-06-14 14:16:22
apakah bisa menambah fitur mod,Pengguna Google,5,2025-06-14 14:00:42
jelek kenapa sih harus aja ram nya diganti jadi tidak bisa main nih gua,Pengguna Google,1,2025-06-14 13:40:05
gamenya jelek gak kaya di PC malah download file nya lama nanti kalo ada update updatenya versi game nya gak ada download file,Pengguna Google,1,2025-06-14 13:20:45
ini ark yang bisa di mainin di hp 😁😁😁😁😁,Pengguna Google,5,2025-06-14 12:34:13
seru jadi tau ada dinosaurus macam apa,Pengguna Google,5,2025-06-14 11:57:29
saat saya ingin memainkannya saya tiba tiba keluar sendiri kenapa ya🤔🤔,Pengguna Google,1,2025-06-14 11:15:13
bagus,Pengguna Google,5,2025-06-14 10:46:43
semangat gw ilang buat main game gara gara 1 game ini. bacot katanya easy ada spino Ama sarco kanan kiri.tengah 2 raptor apa apa an lebih pantas bintang 0,Pengguna Google,1,2025-06-14 09:25:27
Karena keren dan bagus,Pengguna Google,5,2025-06-14 09:07:58
"setingan grafik dari command di buat gratis lah hehe,pls optimisasi game nya",Pengguna Google,3,2025-06-13 20:36:33
"woi, download datanya lama bet lah, padahal download apa apa biasanya cepet, ini bug bjir, udah nunggu seharian tapi ngestuck. niat bikin engga sih",Pengguna Google,1,2025-06-13 19:05:28
saya kasih bintanh 1 dlu pertama tolong kenapa klo saya main itu keluar²an terus belum gameplay loading pertamanya sebelum menu pemilihan tolong lh saya juga mau main ark lagi tolong di update nanti saya ingin handphone samsung a32 sudah lancar bermain ark,Pengguna Google,1,2025-06-13 18:22:01
kok GK bisa login?,Pengguna Google,5,2025-06-13 18:19:47
selalu bendal di oppo a6s,Pengguna Google,1,2025-06-13 17:52:22
tolong untuk studio wildcard grafik nya diturunkan untuk pengguna HP kerana sangat lag,Pengguna Google,5,2025-06-13 16:23:24
tolong developer jangan suruh download file tambahan data nanti habis paketanku,Pengguna Google,4,2025-06-13 16:06:12
tolong loginsd nya di awal awal jagan lama2 kalo ya nanti kalo udah ngak lama saya kasih bintang 5 untuk sekarang bintang 4 terlebih dahulu,Pengguna Google,4,2025-06-13 15:11:44
gamenya jelek gw main gabisa keluar mulu,Pengguna Google,1,2025-06-13 14:21:58
saya tidak bisa download 😡😡,Pengguna Google,5,2025-06-13 14:05:39
"overall game bagus banget, tapi sayang map lain harus bayar, coba di kasih uji coba gratis map lain kek, biar setidaknya player gratisan bisa mencoba, dan kalo map lain dikasih uji coba gratis(misal 3/4hari) bisa aja narik player itu buat beli mapnya setelah uji cobanya habis, ya itu saran gw sih, oke gamenya mantap bettt",Pengguna Google,5,2025-06-13 13:49:02
"hp gw gakuat main ini kir, dulu perasaan kuat loh jaman masih Ark SE",Pengguna Google,2,2025-06-13 10:46:23
sudah semakin ringan dan lancar. mungkin beberapa update lagi bisa sangat lancar. dan grafis kadang masih sedikit blur.,Pengguna Google,4,2025-06-13 10:13:08
Mantap 🗿👍,Pengguna Google,3,2025-06-13 09:59:02
penggelihatannya sering gebug,Pengguna Google,2,2025-06-12 22:51:44
"game ini sangat seru,taming ny mudah,game nya tentang open map,survival,tetapi wildcard studio bisa kecilin grafik nya yah,biar lebih seru",Pengguna Google,5,2025-06-12 20:57:37
ark ku ko error ya pala keluar dari game nya terus padahal download dari playstore bukan yg bajakan,Pengguna Google,1,2025-06-12 20:50:47
semoga ark ume bisa di semua hp 😓😓,Pengguna Google,1,2025-06-12 20:37:02
dinosahur,Pengguna Google,5,2025-06-12 19:56:37
tolong kepada studio wild card tolong buat game ini menjadi lebih ringan atau buat versi lite nya karena ark survival evoled sangat lancar pada handphone saya sebelumnya dan game ini sangat berat sehingga saya hanya mendapatkan 10-15fps please to wild card studio please make this game lighter or make a lite version because ark survival evolved was very smooth on my previous cellphone and this game is very heavy so,Pengguna Google,3,2025-06-12 18:41:14
tolong lah bikin game ark yang lebih ringan kayak ark yang dulu sekarang ngelag parah,Pengguna Google,3,2025-06-12 18:00:45
"tolong optimalkan grafik untuk chipset Mediatek G99, samgat tidak playable suka framedrop, fps cuman nyampe kurang lebih 20an. Padahal versi dahulu yang survival evolved lebih stabil bisa lancar 30an fps",Pengguna Google,1,2025-06-12 16:41:06
apakah game ini bisa di mainin di hp realme c33?,Pengguna Google,3,2025-06-12 16:13:17
jangan download kalo hp kalian speck nya kentang karna kayak gw pas masuk aplikasi itu pasti force close (keluar seketika) kenapa gw kasi bintang 5 karna biar muncul di rating Ter atas ini buat meminimalisir membazir kuota,Pengguna Google,5,2025-06-12 16:12:34
mantap,Pengguna Google,5,2025-06-12 15:24:54
gamenya bagus bet jir dari 2017 liat youtuber main ini akhirnya kesampaian juga sory kalo ratingnya telat😅,Pengguna Google,5,2025-06-12 15:03:26
gw kena bug stuck download data anjir,Pengguna Google,2,2025-06-12 14:40:06
ini game sebenarnya udah bagus cuman tolong bug nya di perbaiki lagi masa barang sudah di buka sama skill poin GK bisa di craft kan aneh harus nya kan bisa jadi cuman itu aja keluhan saya tolong di perbaiki lagi ya developer,Pengguna Google,2,2025-06-12 14:33:57
grafiknya bagus kok jika di android patah patah terkadang keluar paksa,Pengguna Google,2,2025-06-12 13:53:48
lawan pokemon,Pengguna Google,5,2025-06-12 10:23:05
gem nya yg beneran dikit dong tombol loncat di mana mana pula patah patah game apa coba benerin dulu,Pengguna Google,1,2025-06-12 09:14:36
alhamdulilah poco f5 lancar jaya,Pengguna Google,5,2025-06-12 06:03:36
game gak jelas masa tiba-tiba dino hilang semua sama rumah,Pengguna Google,1,2025-06-12 06:02:35
halah nyocot itu yg bintang 1,Pengguna Google,5,2025-06-12 04:54:57
lama lama donlot taunya cuma 10 fps balang mending ark yg dulu,Pengguna Google,1,2025-06-11 21:10:34
"game aneh,mau donlod data aja nge stuck kalo mau tulis aj di playstore 8gb atau full size nya jangan nulis nya 1 gb di game nya suruh donlod 6gb",Pengguna Google,2,2025-06-11 20:16:58
game taii ga bisa di mainin,Pengguna Google,1,2025-06-11 19:17:10
"ini kenapa kok tidak bisa di pencet join atknya tolong di perbaiki la, pas buat akun juga susah banget",Pengguna Google,3,2025-06-11 18:42:34
gamenya sangat bagus tapi dino bisa hilang ketika ekplor,Pengguna Google,3,2025-06-11 18:33:50
"saya tidak bisa bermain game ini,tiap kali saya bermain selalu saja keluar dari permainannya,kenapa ini game ini tidak jelas,Saya ingin main tapi kok disuruh keluar,kalau nggak bisa buat game ya sudah nggak usah bikin disini",Pengguna Google,1,2025-06-11 17:19:48
kok di hp aku gak bisa keluar Mulu baru aja aku kira bisa dimakan di hp,Pengguna Google,1,2025-06-11 16:04:48
gak jelas udah login akun google loading seabad,Pengguna Google,1,2025-06-11 15:53:06
bagus,Pengguna Google,5,2025-06-11 14:59:53
bagus tapi menyusahkan player untuk Mabar tidak seperti ARK:SE,Pengguna Google,3,2025-06-11 13:56:13
baru nyoba gagara nonton topi sihir main dan nampak epic gamenya 😭🗿,Pengguna Google,4,2025-06-11 13:32:32
game nya bagus dari segi grafik dan game play udah bagus cuma aku saranin untuk grafik nya tambahin lagi yah lebih hd,Pengguna Google,5,2025-06-11 12:37:33
pls untuk admin download data nya di fix dong lama banget anj gua beli paketan data malah lama pake wifi juga lama,Pengguna Google,1,2025-06-11 12:32:46
mantap,Pengguna Google,5,2025-06-11 10:54:27
semoga gem ini makin berkembang menjadi game yg sangat bagus amin,Pengguna Google,5,2025-06-11 10:23:10
downloadnya ribet banget,Pengguna Google,1,2025-06-11 09:43:06
mohon kurangin gb,Pengguna Google,2,2025-06-11 09:29:13
game ini cukup bagus dan mirip ark di PC keliatan nya doang aku si belum dowload🗿,Pengguna Google,5,2025-06-11 07:43:13
bagus,Pengguna Google,5,2025-06-10 23:40:40
Aku nonton animasi topi sihir jadi tau gimana main makasih topi shir,Pengguna Google,5,2025-06-10 21:36:37
benerin masih banyak bug,Pengguna Google,1,2025-06-10 20:57:12
"developer aku mau main tapi download datanya nggak jalan jalan udh sekitar 8 jam kutunggu nggak mendownload download padahal jaringan wifi kenceng,cepat perbaiki ini jangan dibaca aja developer",Pengguna Google,1,2025-06-10 20:27:05
"good game!. but unfortunately there are still some things that need to be fixed, such as device optimization, I use a cellphone that is adequate to play the game, neat for some reason there is still lag... please fix it",Pengguna Google,5,2025-06-10 16:36:28
GOOD,Pengguna Google,5,2025-06-10 16:12:00
nice,Pengguna Google,5,2025-06-10 14:51:39
game ini gak bisa masuk dalam permainan game ini jellek apa lagi gamenya gak bisa masuk jellek gw suda habisin data 1Gb lagi dan tidak bisa masuk 😡🤬,Pengguna Google,1,2025-06-10 14:33:21
ga bisa login,Pengguna Google,3,2025-06-10 14:26:18
kalo maen di hp android loding nya lama🗿,Pengguna Google,2,2025-06-10 13:46:25
gak tau sih bosen bae,Pengguna Google,1,2025-06-10 12:18:59
baut download foce close aneh,Pengguna Google,1,2025-06-10 09:13:23
Gerafik bagus,Pengguna Google,5,2025-06-10 08:53:25
menunggu sangat lama tapi game nya seru banget,Pengguna Google,5,2025-06-10 07:39:01
sagat sagat reailristik,Pengguna Google,5,2025-06-10 06:41:00
berat bangett,Pengguna Google,3,2025-06-10 03:51:58
"Hey developers, it seems like Ark Ultimate Mobile is very heavy for phones with Snapdragon 600 chipset and below, so please make Ark Mobile as light as before, namely Ark: Survival Evolved",Pengguna Google,5,2025-06-09 23:55:21
bagus tapi kalo mati bikin stress,Pengguna Google,5,2025-06-09 23:12:09
Game Apa Apaan ini? aku sudah download data berjam jam dan saat aku start dengan setingan grafik yang low malah force close padahal belum masuk baru pencet start dan kenapa harus memainkan yang di screen! game trash padahal dulu aku pernah download ini game bisa masuk dan gak force close sama sekali resolution enak dilihat tapi sekarang berubah total! tolong lihat lah keritik ini walaupun saya tau ini game pc ke konvert ke mobile tak pa lah saya kasih 3 bintang,Pengguna Google,3,2025-06-09 22:17:36
"developer, anda harus berterimakasih kepada channel youtube topi sihir animation atas lonjakan player baru beberapa bulan ini",Pengguna Google,5,2025-06-09 22:00:41
best game ever,Pengguna Google,5,2025-06-09 21:54:28
game burik kok mau mabar harus di server gimana ini tolong developer di perbaiki plis biar bisa mabar tanpa masuk server di ark,Pengguna Google,1,2025-06-09 20:57:30
tidak bisa di mainkan dan selalu keluar semdiri,Pengguna Google,1,2025-06-09 20:36:53
gw cuma ikut main gara gara topi sihir teryata seruh,Pengguna Google,5,2025-06-09 19:58:09
admin coba tambain satu pulau nama nya Palembang rakus,Pengguna Google,5,2025-06-09 19:42:46
game nya bagus cuma main server selalu disconnect main bentar disconnect sampe bikin stres,Pengguna Google,4,2025-06-09 16:26:47
gamenya bagus cuman grafiknya berat banget pls bikin game nya lebih ringan,Pengguna Google,4,2025-06-09 16:24:12
Hello ark games'your game is not opening problem is additional file not download,Pengguna Google,5,2025-06-09 14:53:45
bagaus bgt,Pengguna Google,5,2025-06-09 14:51:07
game nya terlalu berat di hp realme untuk studio wildcard ringanin grafik nya ya,Pengguna Google,2,2025-06-09 14:01:55
seru untuk dimainkan,Pengguna Google,5,2025-06-09 13:45:24
"i had problem with force close i don't really know what happened but,When I see the recommended specifications required, my device is compatible enough with the requirements, but I still can't log in and it always force closes.",Pengguna Google,1,2025-06-09 11:50:16
sangat bagus untuk hp yang cocok,Pengguna Google,5,2025-06-09 11:18:28
lebih seru yang lama coy gak terlalu berat dan leg,Pengguna Google,2,2025-06-09 11:07:31
tidak bisa masuk,Pengguna Google,1,2025-06-09 10:20:50
"please don't let it become a dead game or stop it, I want to keep playing this game, it's fun",Pengguna Google,5,2025-06-09 07:28:53
akhirnya muncul juga 🤭,Pengguna Google,5,2025-06-09 07:18:50
pas udah di doungload malah syukur jir pas dinglod data,Pengguna Google,2,2025-06-09 07:01:25
"ck apalah, masa iya kalo mau donwload data harus di mainin, mau sampe kapan?!!!",Pengguna Google,1,2025-06-09 06:35:14
kurangnya saat mendownload file,Pengguna Google,3,2025-06-09 05:28:24
"segini grafik nya bikin performa gameplay ambradul, aku balik ke ark Survival evolved 2.0 dulu soal gak ribet",Pengguna Google,3,2025-06-09 02:01:52
Aplikasi sampah tidak optimal sama sekali,Pengguna Google,1,2025-06-09 01:11:02
donglowding nya lama banget,Pengguna Google,3,2025-06-08 23:11:56
tolong di optimal kan untuk hp yang kurang mampu. leg banget tolong di optimal kan lagi,Pengguna Google,2,2025-06-08 22:39:00
ngeleg bgt,Pengguna Google,3,2025-06-08 21:32:36
"game nya gak bisa login beh Saya kasih bintang 1,5 masalah nya jelek",Pengguna Google,1,2025-06-08 19:02:56
saat di mainkan di handphone geser layar aja ga lancar padahal HP saya memori nya ga penuh,Pengguna Google,1,2025-06-08 18:26:58
gemenya seru cumak tambain alat yang bisa buat nyimpen dino yang gampang di buat jadi gak susah susah pindain dino,Pengguna Google,5,2025-06-08 18:16:10
"please🙏 add valguero map, I really want to play the map",Pengguna Google,5,2025-06-08 18:02:28
"pas gua mau join server, bug mulu dah, host lost connection, tapi pas gua liat lagi masih nyala sever nya, kapan di perbaikin bug nya",Pengguna Google,2,2025-06-08 17:12:37
ini bisa main di hp gak,Pengguna Google,4,2025-06-08 17:06:53
"kalo bisa optimalkan lagi untuk chipset helio g99, saat bermain saya mendapat 5 fps",Pengguna Google,3,2025-06-08 16:13:10
bagus tapi masih ngebug dikit,Pengguna Google,5,2025-06-08 16:00:41
game ini sangat seru,Pengguna Google,5,2025-06-08 15:16:34
setiap mau buka apk nya nyetak di logo,Pengguna Google,1,2025-06-08 15:16:20
pas masuk a ada tutorial tapi gak di kasih cara pake item nya terus bikin HP ngeleg,Pengguna Google,2,2025-06-08 14:54:23
lag,Pengguna Google,1,2025-06-08 14:43:37
gw lebih suka ark yg dulu soalnya hp yg kentang masih bisa main lah sekarang gerak dikit ngelagnya minta ampun,Pengguna Google,1,2025-06-08 14:42:41
hell nah,Pengguna Google,2,2025-06-08 13:39:12
ini game bagus semoga tidak dihapus dari playstor,Pengguna Google,5,2025-06-08 13:36:03
seru sih tapi patah patah mohon beritahu saya agar tidak patah patah,Pengguna Google,4,2025-06-08 13:15:03
gem ini susah login dalam,Pengguna Google,1,2025-06-08 12:37:52
"gua main udh ngelag servernya sering down sendiri, org cuma diam doang nunggu masak daging di bilang speed hacking.... biji",Pengguna Google,1,2025-06-08 12:33:02
susah banget join arknya,Pengguna Google,1,2025-06-08 12:21:23
Yas bagus ae..,Pengguna Google,4,2025-06-08 11:43:01
so bad man,Pengguna Google,1,2025-06-08 10:47:58
KAGAK BISA MASUK WOI PERBAIKI NAPA,Pengguna Google,1,2025-06-08 10:40:23
sangat lama masuk gem nya,Pengguna Google,1,2025-06-08 10:33:18
pas mau main gestak di logo,Pengguna Google,1,2025-06-08 10:06:53
gw kasih bintang 3 karena download datanya lemot banget,Pengguna Google,3,2025-06-08 09:36:07
waktu saya mau login malah keluar sendiri,Pengguna Google,1,2025-06-08 08:53:32
"game nya bgus,keren, kreatif, dllln",Pengguna Google,5,2025-06-08 08:20:52
lama loding. nya sampai 6000,Pengguna Google,1,2025-06-08 08:00:58
register epic games nya lama banget plus masih banyak bug nya juga apalagi tidak bisa main offline,Pengguna Google,2,2025-06-08 07:54:19
"If you summon a dino like t-rex level 1500 with hp 88.000, if you close the game and enter again, the Hp change to 27.000, you can fix it. thx",Pengguna Google,3,2025-06-08 03:48:16
karna tidak bagus dan gak asli,Pengguna Google,1,2025-06-07 23:07:50
"game sudah lebih Bagus,, kekurangan grafik di tingkatkan lagi setiap map grafik berbeda2,,masa beli map grafik burik",Pengguna Google,4,2025-06-07 22:38:07
"download file dan data in gem,nya terlalu lama dan cukup besar,mohon untuk di kurangi GB in gem nya menjadi lebih sedikit kecil,;(",Pengguna Google,2,2025-06-07 22:30:36
Mantap,Pengguna Google,5,2025-06-07 21:17:23
gw download ini gara² liat bg topi sihir,Pengguna Google,5,2025-06-07 21:09:47
"tolong ini kenapa saya mainya itu keluar terus dari aplikasinya,bahkan masih loading masuk ke game,belum masuk map-nya langsung keluar dari aplikasi gamenya,mohon di perbaiki , saya sebenar sudah un instal game ini tapi karena ini salah satu game favorit saya dan salah satu game terbaik yang pernah saya mainkan ,saya kasih 5 bintang",Pengguna Google,5,2025-06-07 19:59:27
bagusan ark evo,Pengguna Google,3,2025-06-07 19:56:59
tolong saya sudah download tapi masih aja fors close dari tadi saya coba berulang kali,Pengguna Google,1,2025-06-07 19:51:10
"Mimin Ark tried to make version 2.0.29 on a cellphone to adapt cellphones with 6,8,12 RAM because it often crashes",Pengguna Google,4,2025-06-07 19:45:58
kok wak tu mau masuk ke game nya keluar sendiri tolong diperbaiki,Pengguna Google,2,2025-06-07 19:40:16
gw gak bisa main kalo gak download dng cara main dodo,Pengguna Google,1,2025-06-07 19:37:45
mau nanya HP yg bagus untuk main ini apa maksud ku rekomendasi HP yg gk lag main ark ume :>,Pengguna Google,5,2025-06-07 19:35:46
kapan Oppo a38 bisa main game ini 😞,Pengguna Google,5,2025-06-07 19:33:29
akirnya bisa main ark,Pengguna Google,5,2025-06-07 19:28:17
good game,Pengguna Google,5,2025-06-07 18:29:49
"This game is too laggy and also not optimal, several times I can't enter this game. I hope this game can be developed to be even better.",Pengguna Google,1,2025-06-07 18:06:51
game nya bagus tolong tambahin mode creative dong,Pengguna Google,5,2025-06-07 17:41:36
gak bisa di download padahal udah 100 % tolong di perbaiki,Pengguna Google,1,2025-06-07 15:50:49
"padahal di info game minimal android versi 8, kok di gw ga bisa download dh",Pengguna Google,1,2025-06-07 14:46:38
"semuanya dh bagus,mirip seperti yang di pc,tapi EMG sedikit lag di beberapa device,tolong perbaiki dan aku kasih bintang 5. English: everything is good, similar to the one on PC, but pretty lags a bit on some devices, please fix it and I'll give it 5 stars.",Pengguna Google,3,2025-06-07 14:30:56
gj donload nya,Pengguna Google,1,2025-06-07 14:20:08
woi kok ponsel saya tidak kompeten uasu,Pengguna Google,1,2025-06-07 13:36:46
gak bisa masuk klo mau masuk HP gua langsung mati atau kembali sendiri,Pengguna Google,1,2025-06-07 13:14:17
kembalikan ARK Mobile😭,Pengguna Google,1,2025-06-07 12:37:00
tolong biar buat orang yang baru main gak bisa diserang selama 2-4 hari,Pengguna Google,4,2025-06-07 12:34:14
"game sudah cukup bagus, akan tetapi sering terjadi lag yang tiba tiba padahal sinyal sudah sangat bagus yang membuat saya tidak terlalu enjoy dengan gamenya",Pengguna Google,4,2025-06-07 12:21:24
game nya sih bagus tapi ngelag paraah,Pengguna Google,3,2025-06-07 11:53:38
"hallo studio Wildcard, saya memohon kepadamu bisakah kamu optimialisasi kan game ini? seperti ark pada ARK: Survival Evolve game itu lancar di Handphone saya pada saat itu, game ini sangat sangat bagus jujur saja mulai dari story, mekanik, dan lain lain , hanya saja game ini membuat grafik terlalu bagus untuk game ark Mobile, game ark ini sangat sangat lag pada handphone saya meskipun di set Grafik Low dan resolusi paling rendah, itu hanya mendapat 10-15 fps, tolonglah studio wildcard. trimakasi",Pengguna Google,3,2025-06-07 10:48:40
optimalkan untuk mediatek😴,Pengguna Google,1,2025-06-07 10:42:55
seru parah cuy,Pengguna Google,4,2025-06-07 10:16:17
main di xiaomi pad 7 ngeblur,Pengguna Google,1,2025-06-07 10:00:48
good,Pengguna Google,5,2025-06-07 09:45:40
Mohon Grapich nya Supaya Ada Super Low,Pengguna Google,3,2025-06-07 08:46:32
game ga jelas masa masuk langsung keluar sendiri,Pengguna Google,1,2025-06-07 07:46:42
keluar sendiri pas coba main game nya padahal hp masih bagus,Pengguna Google,1,2025-06-07 05:50:42
"entah hp gak kuat atau game rusak. perangkat ku Snapdragon 600san ram 4gb gak bisa masuk atau force close, padahal belum nyampe title",Pengguna Google,1,2025-06-07 00:55:01
game play nya bagus tapi loading data nya ganti jangan dodo lah pliss,Pengguna Google,4,2025-06-06 22:54:11
minimal di optimalkan dulu wahai kisanak 😠,Pengguna Google,3,2025-06-06 21:27:03
Keren,Pengguna Google,5,2025-06-06 21:13:12
gamenya nggak sesuai,Pengguna Google,1,2025-06-06 20:52:16
game nya bagus grafik nya bagus tapi dinosaurus nya itu loh kuat nya minta ampun dah pls tambahin dino herbivora yg baru buat di taming atau di jinakin sama dino karnivora yang baru dan yg kuat itu sih saran saya tapi nbuat hp kentang ni game kyk agak kasian sih,Pengguna Google,5,2025-06-06 20:14:29
enak game nya seru aku main tapi kok hp ku keluar trs ya tolong developer tambahin grafic rendah banget agar bisa di mainin di hp jelek ok makasih udh baca,Pengguna Google,5,2025-06-06 18:40:00
SERU BGT SUMPAH DEMI ALLLAH 🥰🥰🥰🥰🥰🥰🥰🥰 WAJIB MAIN INIMAH MESKIPUN DONWLOAD NYA LAMA GPP YANG PENTING SERUUUUU BGT😭😭😭😭😭😭😭😭😭😭😭😭😭 SAMPE JAM 4 PAGI GW MAIN SAKING SERUUUUU NYAAAAAAA🥰🥰🥰🥰🥰🥰🥰😭🥰😭🥰🥰🥰😭😭😭😭😭,Pengguna Google,5,2025-06-06 18:38:37
Susah bet sumpah pas awal sampe berapa itu ya,Pengguna Google,1,2025-06-06 18:20:59
saya mohon agar menambahkan fitur jauh pandangan (seperti chunk di minecraft) di graphic agar optimisasi game ini lebih baik dan juga ramah untuk device low,Pengguna Google,3,2025-06-06 17:49:52
seru cuman masih banyak bug gpp yang penting seru,Pengguna Google,5,2025-06-06 17:34:33
kenapa gamenya gak bisa di buka,Pengguna Google,1,2025-06-06 17:17:45
ini kenapa ya pas saya download pake wifi sudah 60 persen giliran saya ganti pake data malah ngulang dari 0 persen,Pengguna Google,1,2025-06-06 16:26:39
loginya lama sama harus nungguin donwtannya itu lama game nya keberatan,Pengguna Google,1,2025-06-06 16:07:14
saat saya login ke ARK saya hanya bisa lihat gambarnya doang gak bisa masuk ke geme ya tolong bug ini di perbaiki lagi,Pengguna Google,1,2025-06-06 16:00:49
"hmph , mungkin kali ini gw yg terlalu ngeremehin andez.🤚😹✋",Pengguna Google,5,2025-06-06 15:44:25
bug keluar sendiri,Pengguna Google,3,2025-06-06 14:11:50
game ny bagus cuy👍,Pengguna Google,5,2025-06-06 13:31:06
Paan coba gak bisa main di HP infinix,Pengguna Google,1,2025-06-06 12:34:10
sumpah pas download data susah nya minta ampun tiba tiba stuck saat mau lanjutin download data nya malah keluar keluar sendiri tolong lah developer bug nya di perbaikin malah merugikan player,Pengguna Google,1,2025-06-06 12:12:19
bagus,Pengguna Google,5,2025-06-06 11:37:15
gak bisa masuk game woyyy!!!,Pengguna Google,1,2025-06-06 11:23:30
gw ga bisa masuk gem nya dan tiba-tiba keluar sendiri,Pengguna Google,1,2025-06-06 11:08:52
nguelek nya luar biasa cuook,Pengguna Google,1,2025-06-06 10:25:43
tolong benarkan kan bug Disconnect please,Pengguna Google,5,2025-06-06 10:08:25
game nya bagus tapi kenapa pas donglod data nya Gulang Mulu tolong perbaiki lagi sistem donglod nya,Pengguna Google,4,2025-06-06 10:02:23
Sudah download data malah ke reset🥲,Pengguna Google,3,2025-06-06 09:45:42
if your need dino game you relly play this in your story,Pengguna Google,5,2025-06-06 08:37:56
kadang saya juga keluar sendiri pas main makanya bintang 2 dlu tolong diperbaiki ya developer perangkat saya oppoA77s,Pengguna Google,2,2025-06-06 08:37:17
tolong di optimalkan lagi mas develop,Pengguna Google,1,2025-06-06 07:48:14
keren gak ada obat,Pengguna Google,5,2025-06-06 05:48:01
TERIMAKASIH SUDAH MEMBUAT GAME TERBAIK TETAPI SAYA SANGAT LEG SAAT BERMAIN GAMENYA JADI SAYA MINTA TOLONG KEPADA DEFELOP UNTUK MERILIS GRAFIK YANG SANGAT SANGAT RENDAH UNTUK GAME YANG SANGAT BAGUS INI !!!!,Pengguna Google,5,2025-06-06 05:15:18
sama banget sama di ps4 mantP,Pengguna Google,5,2025-06-06 00:01:19
ingat bung ark survival uda di hapus di playstote,Pengguna Google,1,2025-06-05 22:42:13
kok ngestak pas download nyah jadi gua ulang lagih,Pengguna Google,3,2025-06-05 22:23:48
woilah pas download resources lama bet ngestack mulu dan pas sudah selesai terkeluar sendiri tolong diperbaiki gamenya,Pengguna Google,1,2025-06-05 22:21:40
very good,Pengguna Google,5,2025-06-05 21:55:08
susah asu,Pengguna Google,5,2025-06-05 21:41:25
siap mengalahkan clan pokemon🥶🥶,Pengguna Google,5,2025-06-05 20:56:37
uenak,Pengguna Google,5,2025-06-05 20:01:25
good game,Pengguna Google,5,2025-06-05 19:44:25
weh gabisa craft weh masih banyak bug cok,Pengguna Google,1,2025-06-05 19:40:05
Game nya agak berat udah gitu pas main layar nya kayak kesemutan gw saranin jangan sembarang download ni game gw udah download semua data tapi sekali main gak bisa layar nya kayak kesemutan gitu dan juga gak bisa di mainin di semua hp terutama Oppo renof,Pengguna Google,1,2025-06-05 19:25:41
segi grafik terlalu berat tidak cocok untuk hp yang lambat,Pengguna Google,4,2025-06-05 19:10:52
apa nih dah download habis beberapa gb malah gabisa main scam,Pengguna Google,1,2025-06-05 19:07:32
aplikaei game gak bisa di gunakan downloadt nunggu lama sia sia,Pengguna Google,1,2025-06-05 18:57:47
mantap euy🤭,Pengguna Google,5,2025-06-05 18:41:06
saya sangat suka dan ketagihan memainkan nya,Pengguna Google,5,2025-06-05 17:57:07
permainan nya bagus 👍,Pengguna Google,5,2025-06-05 17:21:07
ini game bagus banget tapi saya kasih ini bintang 1 karena mau main selalu keluar sendiri udah gunain semua cara masih aja jadi tolong saya udah capek mau pake cara apa lagi,Pengguna Google,1,2025-06-05 16:32:20
ini gw yg lag apa gmn dah download nya lama bener 1 file aja bisa Berjam jam belom 34 file Daleman lain nya,Pengguna Google,1,2025-06-05 16:23:16
"dinosaurus yang bagus detail bagus dengan tambahan dinosaurus yang lain memperlengkap game(giga,reppier,blood stlarker,managarmer) sungguh menarik",Pengguna Google,4,2025-06-05 15:36:39
emh grafik nya ga maen HD abiess aku rating 5 bintang plus aku habis nonton darlly,Pengguna Google,5,2025-06-05 15:11:20
gak bisa masuk pas pencet aplikasinya langsung keluar,Pengguna Google,1,2025-06-05 15:01:29
ga bisa di buka forclos terus ga kaya ark mobile dulu,Pengguna Google,1,2025-06-05 14:44:42
😎bagus banget,Pengguna Google,5,2025-06-05 12:30:00
bagus banget tapi ngelek,Pengguna Google,5,2025-06-05 12:15:08
"harusnya map map yg rilis ga masuk di update an play store, berat aja gitu klo update gede tapi yg bisa ngerasain yg udah beli map doang sedangkan yg main f2p cuma update buat ngabisin kuota doang. harusnya klo map itu masuknya di dalam game dan ada pilihan mo download map atau ngga biar size game tetep kecil dan ga boros kuota buat update.",Pengguna Google,4,2025-06-05 12:08:15
kalo bisa file nya di kecilin sedikit gapapa kalo grafik nya ga bagus yang penting yang hp nya ga terlalu kuat bisa main,Pengguna Google,5,2025-06-05 11:39:34
keren,Pengguna Google,5,2025-06-05 10:21:11
mau masuk kedalam game force close terus ga bisa masuk tolong dibenerin,Pengguna Google,1,2025-06-05 10:16:55
terbaik,Pengguna Google,5,2025-06-05 09:54:23
bagus,Pengguna Google,5,2025-06-05 08:19:27
sangat baik,Pengguna Google,5,2025-06-05 07:40:24
gamenya bagus sih bagus tapi sekarang yang mau di download banyak banget sama kalo mau main sekarang harus ada izin ortu untuk bikin akun gk kek dulu sama kalo main single player download caracter nya lama bet keknya ngebug semoga gamenya bisa di perbaiki dan bikin kek dulu lagi,Pengguna Google,1,2025-06-05 06:54:56
update 100% tapi gk segera terinstal game sampah,Pengguna Google,1,2025-06-05 06:54:29
"game nya bagus, tapi susah untuk login karena ingin mabar login nya sangat ribet",Pengguna Google,4,2025-06-05 05:37:37
Bintang 5 tapi gabisa mabar ama temen/bikin room 🥲,Pengguna Google,5,2025-06-05 05:05:20
"buat para gamers ayo main ARK Ultimate Mobile, coba sensasi berpetualang di semua map ,di jamin seru deh ,taming nya mudah ,cuman di grafik sih yg agak berat 😁, tolong developer grafik nya di ringankan dikit ya biar main nya levih seru lagi😁",Pengguna Google,5,2025-06-05 01:41:04
"SERING FORCE CLOSE, TERUS TAMPILAN GAME MASIH BELUM FULL SATU LAYAR !!!",Pengguna Google,1,2025-06-05 01:25:47
nice,Pengguna Google,5,2025-06-05 00:44:56
ada yang ngikutin topi dayrl😇😇,Pengguna Google,5,2025-06-05 00:34:27
mohon maaf developer kok aku pas mau masuk ke game lagi loading malah keluar mohon di perbaiki ya,Pengguna Google,3,2025-06-04 23:08:54
jujur lu mau download karena nonton Daryl kan,Pengguna Google,5,2025-06-04 20:36:37
kesini karena topi sihir,Pengguna Google,5,2025-06-04 20:33:02
mantap bang bikin nya Kaya ark asli🧢🧢,Pengguna Google,1,2025-06-04 20:24:51
donlot datanya kelamaan,Pengguna Google,1,2025-06-04 20:10:09
geming gigan,Pengguna Google,5,2025-06-04 19:16:40
ini kenapa apk nya gak bisa saya buka selsai saya download data nya 7GB,Pengguna Google,1,2025-06-04 19:16:01
Untung gak bisa kirim setengah bintang kalo bisa sih gw kirim setengah bintang soalnya baru download langsung FC,Pengguna Google,1,2025-06-04 19:14:21
pengalaman seru,Pengguna Google,4,2025-06-04 18:45:45
"good best, game",Pengguna Google,5,2025-06-04 18:35:01
kok ga bisa di buka sii😡😡,Pengguna Google,1,2025-06-04 18:18:47
data yg perlu di download sangat besar,Pengguna Google,2,2025-06-04 17:49:34
bagus tapi berat banget,Pengguna Google,5,2025-06-04 17:45:43
ini setiap update mesti download data lagi yaa??,Pengguna Google,3,2025-06-04 17:39:43
hapus dulu pliss banget untuk developer plis gratiskan lah map nya bosan main di island terus hope it is read,Pengguna Google,4,2025-06-04 17:32:13
gemenya ga sama demgan fotonya tolong diperbaiki,Pengguna Google,1,2025-06-04 16:42:08
gak bisa di download,Pengguna Google,1,2025-06-04 16:33:57
cara main multiplayer gmn pls aku taro bintang 5 biar jadi paling atas pdhl udh di Regis in pake Xbox gagal trus,Pengguna Google,5,2025-06-04 16:23:42
harus mendownload file tapi download nya lama sekali,Pengguna Google,3,2025-06-04 15:52:27
stuck mulu kalo download resourcs,Pengguna Google,1,2025-06-04 15:46:49
ga bisa di main in kalo mau main te keluar terus,Pengguna Google,4,2025-06-04 13:29:47
game ya bagus tapi aku tidak cukup ruang penyimpanan,Pengguna Google,5,2025-06-04 13:25:59
sangat bagus,Pengguna Google,4,2025-06-04 13:03:56
"Ini Gimana ya Download kok gak bisa² + malah di suruh mainin game nya lgi download tpi kita gk bisa gerakin ke atas bawah tengah doang + nyerang² pohon ambil buah daging biar Dodo jalan aneh, klo sambil dimainin + download bisa mah gk PP, lah ini gk bisa download data gk jalan",Pengguna Google,1,2025-06-04 12:56:00
"asik yuk, game ya mirip sama yang di PC kurang mod doang",Pengguna Google,5,2025-06-04 12:40:01
gabisa login epic games,Pengguna Google,1,2025-06-04 12:33:14
permainan nya lama banget donlod dalam nya juga apalagi MB nya banyak nhon kurangin dan jangan lama masuk nya dimohon kan jangan lama,Pengguna Google,1,2025-06-04 12:28:38
Ngebug mlu gk kyk yng di pc msa login aja smpe ngebug tba² kluar sendri,Pengguna Google,1,2025-06-04 12:21:03
bagus main gara gara topi sihir,Pengguna Google,5,2025-06-04 12:10:30
ini geme bagus bgt aku mau. beri reting kalo bisa 10,Pengguna Google,5,2025-06-04 10:52:29
saya gak bisa masuk ke game nya langsung keluar haduh,Pengguna Google,1,2025-06-04 10:36:24
udh download game dan data habisin kuata banyak aps udh selesai malah ga bisa login pas mau login malah terkeluar sendiri aneh aneh sia sia duit gue beli kuota,Pengguna Google,1,2025-06-04 09:40:10
bagus yang lama enak di lihatnya,Pengguna Google,1,2025-06-04 09:19:41
kekurangan nya gak ada fitur mutyplayer,Pengguna Google,3,2025-06-04 07:57:05
The joy so good I love it,Pengguna Google,5,2025-06-04 07:19:08
ini kok download data nya ngga bisa pake wifi sama login susah,Pengguna Google,2,2025-06-04 06:21:40
ini apk gua baru mau main langsung keluar terus co padahal gua masih punya penyimpanan 40 GB lebih,Pengguna Google,1,2025-06-04 06:02:14
susah nginstal,Pengguna Google,3,2025-06-04 05:13:12
"Tolong untuk rendernya dikurangin lah agar yang main dihandphone yang sudah lumayan masih bisa memainkannya dengan nyaman. Karena padahal hp saya sudah lumayan bagus dimainkan digame game lain yang sangat memerlukan fps bagus, sedangkan digame ini aduh ngelagnyooooooooooooo",Pengguna Google,1,2025-06-03 23:09:43
"bikin males, 30 menit download data, eh mau main malah ngeglicth, untuk developer bisa di benerin ya, soal nya ngeliat video topi sihir animation, kayak nya ark tuh seru banget",Pengguna Google,3,2025-06-03 23:07:05
ark ya terlalu lag dan ark lama tidak lag aku mau ark lama di balikin,Pengguna Google,1,2025-06-03 22:58:48
"Saya mengalami masalah force close saat membuka ARK: Ultimate Mobile Edition versi terbaru. Game langsung menutup sendiri (crash) sebelum masuk ke menu utama. Masalah ini terjadi setiap kali dibuka. Berikut detail perangkat saya: Perangkat: Realme 5i Chipset: Snapdragon 665 GPU: Adreno 610 RAM: 4GB Versi Android: 10 Versi Game: (isi sesuai versi game kamu, jika tahu) Sudah saya coba: Hapus cache & data Reinstall dari Play Store Update WebView & Play Services Gunakan koneksi internet",Pengguna Google,5,2025-06-03 21:48:34
gua kesini karna bang topi sihir,Pengguna Google,5,2025-06-03 21:00:50
yeah,Pengguna Google,5,2025-06-03 20:50:13
walaupun MB NYA besar tapi segi gempely mantap tapi masih banyak bug gua dan temen gua ketagihan karna Gemini dimainin sama idola ku topi sihir,Pengguna Google,5,2025-06-03 20:38:12
tidak bisa dimainkan,Pengguna Google,1,2025-06-03 20:30:38
"Udh nunggu lama² buat ngeload 6gb, tpi buat main ama temen harus login dan untuk login sangat ribet padahl belum pernah buat account di epic games tpi di bilang sudah ada account di epic games, ada kali gw nyoba 8 kali gk bisa², akhirnya main single player tpi sangat patah² sudah turunkan resolusi tpi masih sangat patah, GAME JELEK SANGAT PANTAS DAPAT BINTANG 1 KALO BISA MINUS AJA, dan mending main yg di PC kalo kata orang², tpi saya belom nyoba yg di PC karena tidak punya PC",Pengguna Google,1,2025-06-03 19:49:23
seru main nya,Pengguna Google,5,2025-06-03 19:45:13
mau main malahan disuruh download terus suruh harus an live Dodo terus susah,Pengguna Google,1,2025-06-03 19:05:00
berat dan harus unduh nya lama,Pengguna Google,4,2025-06-03 18:59:05
datanya gk bisa di download padahal gk lag,Pengguna Google,1,2025-06-03 18:49:28
gua gk bisa masuk ke game tambah juga gua saat login malah keluar sendiri,Pengguna Google,1,2025-06-03 18:48:55
baru tau cu kukira di PC aja,Pengguna Google,3,2025-06-03 18:39:50
wahhhhh gem nya bagus tapi ga bisa login wahhh,Pengguna Google,5,2025-06-03 18:01:24
"Game ini sudah bagus ada dinosaurus, bertahan hidup, membangun rumah dan lain lain cuma Terkadang agak patah patah jadi sangat menggangu ketika sedang bermain itu saja dari saya",Pengguna Google,4,2025-06-03 17:53:33
"gameplay nya bagus banget jadi bintang 4, namun masih banyak bug yg merugikan pemain tolong di per baiki",Pengguna Google,4,2025-06-03 17:40:16
TEGUH,Pengguna Google,5,2025-06-03 16:41:09
download file nya kelamaan! Sampe sejam🤬,Pengguna Google,3,2025-06-03 16:28:06
bikin game yang bener dong jangan tiba tiba keluar pas gua mau masuk tiba tiba keluar sendiri,Pengguna Google,1,2025-06-03 14:50:52
semoga game ini dioptimalkan untuk hp kentang,Pengguna Google,2,2025-06-03 14:49:30
Gw gak bisa main atau login ke gamenya cok,Pengguna Google,2,2025-06-03 14:47:19
ni game GK terlalu besar jadi GK lag,Pengguna Google,5,2025-06-03 14:36:24
lumayan tapi rada leg,Pengguna Google,4,2025-06-03 13:41:16
hp ku gak bisa main. walaupun gua setting low grafik,Pengguna Google,1,2025-06-03 13:07:22
gabisa di mainin force close,Pengguna Google,1,2025-06-03 12:24:10
ga bisa masuk geme nya langsung keluar aneh,Pengguna Google,1,2025-06-03 11:57:58
mohon diperbaiki saya setiap ingin masuk pasti keluar terus dan saya tidak bisa masuk ke game karena keluar terus jadi mohon di perbaiki,Pengguna Google,1,2025-06-03 10:39:47
jelek padahal udah pake grafik low masih lag padahal klo ark evold low gak bikin lag dan memori penuh,Pengguna Google,1,2025-06-03 02:55:50
After the renewal my ark pass was gone. How is this,Pengguna Google,1,2025-06-03 01:46:41
"It's good but fix it for potato phones, it's still really slow, the fps drops really fast to 20, give relief to players on potato phones....I'll give it one star first, if the game is stable I'll give it 5 stars",Pengguna Google,1,2025-06-02 23:30:34
Aku fomo ikut bang Darryl,Pengguna Google,5,2025-06-02 22:46:16
aku harap hp Vivo bisa memainkan ARK,Pengguna Google,5,2025-06-02 21:45:03
"udh nunggu lama, poco gak kompatibel jadi males, padahal dari dulu nungguin",Pengguna Google,1,2025-06-02 21:37:18
okee,Pengguna Google,5,2025-06-02 21:00:04
"game buruk k ,,",Pengguna Google,2,2025-06-02 19:51:15
AGHHH AKU MAU MAIN INI TAPI PATAH PATAH ANJ-,Pengguna Google,5,2025-06-02 19:43:13
game nya gak bisa di mainin keluar terus,Pengguna Google,1,2025-06-02 19:28:38
aku m au donglowd tapi g bisa,Pengguna Google,1,2025-06-02 19:20:38
baguss bbget grafik nyaaa 🤩🤩🤩,Pengguna Google,5,2025-06-02 19:09:36
bagus,Pengguna Google,5,2025-06-02 18:32:21
game ini sangat seru,Pengguna Google,5,2025-06-02 18:28:55
"Pls add option to remove fog and details like decoy bushes etc and pls add dino finder like in asa since ark ume cant install mods and pls fix rhyniognata cant follow, please change the dinosaur egg interval so we can make kibble easily, change the dino spawn because some dinos like rex, therizino, megatherium are very hard to find, dino finder will be very helpful for mobile players who don't have much time, add dinos from asa as promised",Pengguna Google,5,2025-06-02 17:39:05
ga jelas ni game,Pengguna Google,1,2025-06-02 16:12:15
masik donlowd,Pengguna Google,2,2025-06-02 14:21:23
game terseru dan bikin setres,Pengguna Google,5,2025-06-02 14:12:42
udah gk bisa tidur gak kaya dulu di tambah lagi semakin lag,Pengguna Google,1,2025-06-02 09:17:14
Overral bagus tapi game nya berat banget jadi baru main berapa menit hp langsung panas semoga game nya di buat ringan kayak dulu,Pengguna Google,3,2025-06-02 07:37:13
kok pas mau main keluar sendiri padahal memori ku juga Masi banyak 4G,Pengguna Google,1,2025-06-02 07:04:00
Need optimazed on all mediatek device,Pengguna Google,1,2025-06-02 04:21:55
aku udah coba download 4kali ini jika masih EROR aku hapus dan tidak aku download lagi. dan ya setelah gw download lagi GAME NYA MASIH EROR FORCE CLOSE terussss༎ຶn༎ຶ,Pengguna Google,5,2025-06-01 23:35:23
game nya sangat seru dan sangat asik,Pengguna Google,5,2025-06-01 22:49:12
game nya asik,Pengguna Google,5,2025-06-01 22:25:49
Hp kentang seperti ku ingin bermain game ini tapi sayang 🥹 tidak bisa karena gamenya terlalu berat🥹🥹,Pengguna Google,1,2025-06-01 22:16:40
download data lamaaaaaaaa,Pengguna Google,1,2025-06-01 22:04:36
"sayang sekali di divace saya lag, untuk developer apa bisa ark yg dulu kembali karena lebih ringan, semoga ark yg dulu di kembalikan",Pengguna Google,2,2025-06-01 21:46:35
ini kenapa kok saya udh mendownload terus udh pen menginstal malah ulang lgi?,Pengguna Google,1,2025-06-01 21:23:11
kembalikan ark yang dulu bagi kami yang gk bisa main di ark ultimate ini karena hp kami sangat tidak bisa di mainkan,Pengguna Google,1,2025-06-01 20:31:45
"ini game dimainin di HP redmi note 9T bisa giliran di HP redmi note 13 pro apk tdk tersedia, tolong developer",Pengguna Google,2,2025-06-01 20:25:40
bagus sekali,Pengguna Google,5,2025-06-01 18:34:02
nge download data nya lama banget🤬🤬🤬,Pengguna Google,2,2025-06-01 17:59:48
wow game ini sangat bagus dan keren terimakasih developer sudah bikin game ini,Pengguna Google,5,2025-06-01 17:41:24
kok donload nya lama,Pengguna Google,2,2025-06-01 17:32:40
"woi co Napa gak bisa login anj,gw dah nunggu lama",Pengguna Google,2,2025-06-01 16:19:53
😭😭😭😭😭😭😭😭😭😭😭😭,Pengguna Google,1,2025-06-01 14:19:38
kenapa pas saya mau main selalu kras padahal memori saya masih banyak,Pengguna Google,1,2025-06-01 13:26:09
aing Ndak bisa masuk Wak,Pengguna Google,1,2025-06-01 13:00:04
Vivo y51a game crashing when i start,Pengguna Google,2,2025-06-01 12:52:36
gak bisa login,Pengguna Google,1,2025-06-01 10:17:07
bagus,Pengguna Google,5,2025-06-01 09:25:35
bisa di biarin gak kalo pas masuk itu gak keluar di update lagi ya nanti ataupun hari ini🙏🏻😭,Pengguna Google,5,2025-06-01 09:20:28
release the unofficial server please and when will you update it,Pengguna Google,4,2025-06-01 07:50:48
gak bisa masuk pas mau main langsung keluar dari gemenya,Pengguna Google,1,2025-05-31 23:07:59
untuk developer ini bug atau apa kok nggak bisa masuk di perbaiki ya,Pengguna Google,1,2025-05-31 22:02:35
"mau main malah di paksa donlot ke1,58 gb kalau tidak di donlot tidak bisa main malah tetep di paksa saat mau donlot lama banget padahal sinyal di tempat saya sangat bagus tapi tetap lama donlot nya",Pengguna Google,2,2025-05-31 21:56:32
ini pengalaman yg seru pastinya! baru pertama kali nyoba game ini tau game ini dari (topi sihir animator) dan semoga seru la 🗿,Pengguna Google,5,2025-05-31 21:26:06
"lama downloadnya, tapi masih bagus, tolong ya di optimalin",Pengguna Google,4,2025-05-31 20:20:06
Admin admin apakah bisa multiplayer?,Pengguna Google,4,2025-05-31 19:08:08
lebih dikembangkan dan jangan malas untuk masalah bug bug di dalam game tersebut 🗿🗿🗿🗿,Pengguna Google,5,2025-05-31 17:59:42
bagus banget gem ya,Pengguna Google,5,2025-05-31 17:04:35
"gamenya sangat bagus sangat,I WANT TO LICK THE DEV",Pengguna Google,5,2025-05-31 16:59:47
gud gem,Pengguna Google,5,2025-05-31 15:13:15
bagus sih tapi ngeleg dan pas download dodonya nyiksa banget saya main berjam -jam sampek stres,Pengguna Google,3,2025-05-31 12:30:27
DEAR DEVLOP. HP SAYA POCO X3 NFC A10 TAPI GA SUPPORT DOWNLOAD DI PLAYSTORE PLSSSS HEELPP DEEEV :) 🙏,Pengguna Google,2,2025-05-31 11:11:34
good,Pengguna Google,5,2025-05-31 08:56:21
Tolong dev kasih fitur renderer lah,Pengguna Google,3,2025-05-31 04:59:21
"Terlalu banyak cheater player cina yang mendominasi, player awam hanya bisa merasakan penderitaan",Pengguna Google,1,2025-05-30 17:03:54
👎👎👎👎,Pengguna Google,1,2025-05-30 16:21:05
woi ark survival evolved kenapa di hapus,Pengguna Google,3,2025-05-30 13:48:00
game nya boleh lah tapi gua kira beneran cok,Pengguna Google,3,2025-05-30 13:19:17
game tidak bisa dibuka,Pengguna Google,1,2025-05-30 10:47:03
gemya dagus sekali,Pengguna Google,5,2025-05-30 09:23:42
Karena yg dulu beda yg sekarang dulu lebih mudah dan lebih cepat grafik dulu lebih bisa untuk dimainkan pas update malah grafik sekarang terlalu besar dulu grafik nya lebih sedikit sekarang lebih susah main nya sorry karena itu aku tidak main ark karena grafik nya pls grafik nya turun kan 😔,Pengguna Google,1,2025-05-29 23:26:20
"sudah bagus gamenya cuman kurang di optimisasi lagi untuk hp yang low end, yang membuat pengalaman bermain menjadi kurang seru di karnakan fram drop atau low fps",Pengguna Google,4,2025-05-29 22:49:58
"tolong ini game nya stack di login screen, setelah itu game nya close sendiri, ada yg bisa bantu",Pengguna Google,1,2025-05-29 20:34:35
"Bagus sih bagus,cuma gak ramah buat newbie,Resource nya dikit banget di area awal,jadi harus nyari ke tempat yg agak bahaya dikit,terutama nyari kulit dan chitin batu sama kristal(padahal sudah di area medium 3. terus tidak bisa di skip time,jadi harus begadang kalo gak pengen nunggu dan lanjut game. Ada juga masalah random resurection yg kadang tempat spawn nya gak ngotak,begitu bangkit langsung di makan compy,Dilopho saurus atau bahkan sarko kadang juga spawn di pulau laen yg penuh megalodon",Pengguna Google,2,2025-05-29 13:07:56
"game terlalu berat bagi hp entry level, tidak di rekomendasikan jika masih memakai cp Helio mending gak usah download terlalu berat, resolusi tidak mumpuni bagi hp entry, game p2w",Pengguna Google,1,2025-05-29 12:39:51
soalnya hewannya yang bagus sama ada hewan-hewan langka,Pengguna Google,5,2025-05-29 10:55:12
"bisa ngak buat ark ume bisa download di semua jenis handphone atau iphone, punya ku ngak bisa instan lagi walau sudah berbagai cara hanya bisa di play store ,terima kasih",Pengguna Google,3,2025-05-29 10:06:48
bagus sih tapi kalau teman ku mau main malah gak ada tanggapan,Pengguna Google,5,2025-05-29 08:55:41
tolong kalau mati saat melawan bos bisa spawn kembali di area pertempuran,Pengguna Google,1,2025-05-29 06:45:25
keren,Pengguna Google,5,2025-05-28 21:12:01
"The bug when taming a gigas are still there (an issue where narcotic and bio toxin had zero effect against the Giga's torpordity drain), but i still manage to tame it by letting the giga hungry in their sleep,then redo the taming process when the timing is right...really cost me a lot of resource",Pengguna Google,4,2025-05-28 18:23:28
aku sangat suka game ini karena sangat menyenangkan tapi susahnya itu cari dino yang tek Rex kalau udah ketemu yang tek Rex pasti kecil levelnya tapi game ini terbentuk banyak orang kasih review jelek karena ngleg padhal emang karena udah udpate,Pengguna Google,5,2025-05-27 21:27:29
tolong rendah kan grafik nya,Pengguna Google,1,2025-05-27 21:23:59
game ringan cocok untuk hp yang ram 2 GB support Samsung j2 prime semoga developer nya bikin yang untuk hp nokia😍,Pengguna Google,5,2025-05-27 19:09:06
"this game is cool but. please remove the file""keep life dodo"" hopefully he remove the file: game ini sangat bagus tapi.tolong hapus file "" dodo tetap hidup"" semoga dia hapus filenya",Pengguna Google,3,2025-05-27 17:33:06
aku disuruh donlod gb lama banget,Pengguna Google,1,2025-05-27 14:18:07
banyak glitch ketika membua tas,Pengguna Google,3,2025-05-27 10:51:17
maaf kalo aku bintang1 karna aku tidak bisa main game ini terimakasih,Pengguna Google,1,2025-05-27 06:31:27
parah snap dragon 8 gen 2 masih kerasa ngelek padahal buat main game gensin. rata Kanan lah game ini grafik medium malah agak ngeleg apalagi bug dino tiba² ilang tolong defeloper perbaiki frame drop nya,Pengguna Google,1,2025-05-27 06:29:32
bagus,Pengguna Google,5,2025-05-26 20:41:29
game nya force close dan gak bisa masuk ke game cuman stuk loading pas masuk apk doang,Pengguna Google,1,2025-05-26 20:12:11
game seru Cuman banyak bug juga plis tolong atasi Bug gk bisa login Ni gua pen main multiplayer cuman login harus epic Games dan gk tau blum bisa login ampe sekarang. Saran dari gwe Minimal hp klean spek midrage ane yg cipset dimenisty 8300 ram12/512Gb cuman dpt Grafiks Medium Low 30-40fps jadi yg hp di bawah spek itu mentok palingab 30fps setting low Dan di bawahnya lagi yah mungkin black Screen dll. saran kalo gk kuat gk usah dowload biar gk kecewa. (note ane juga pernah ngalamin nabung ae dl),Pengguna Google,4,2025-05-26 20:03:17
game ini sudah bagus tapi cuma kurang diringankan lagi sedikit saja grafiknya semoga ditanggapi,Pengguna Google,4,2025-05-26 18:21:29
selalu keluar sendiri,Pengguna Google,1,2025-05-26 13:28:43
mbejir ngfrezeenya tolong developer perbaiki dong udah bagus padahal gamenya cuma ngelagnya itu yang bikin kecewa tolong developer perabaikin gw bakal nunggu ampe bener,Pengguna Google,1,2025-05-26 10:51:56
download data game nya lama padahal sinyal nya bagus,Pengguna Google,1,2025-05-24 22:40:24
kocak,Pengguna Google,3,2025-05-24 16:58:32
minus dari game ini multiplayer nya harus login dan download data nya yang banyak dan itu tidak di saran kan untuk hp yang tidak mendukung,Pengguna Google,4,2025-05-24 15:30:33
"multyplyer masih banyak forclose ,lag, padahal gadget hp sudah melebih spek dan internet stabil, server ga stabil, bug banyak, kurang tanggap cs ark..jika sudah di perbaiki saya perbaiki bintang anda",Pengguna Google,2,2025-05-24 13:37:01
"gamenya makin upgrade,saya suka dengan ui yang telah diperbarui dan cara bertahan hidup yang lebih baru,dengan engram yang semakin banyak dan dino serta hewan baru yang ditambahkan semakin menarik,serta kualitas dan grafik yang sudah semakin bagus saya sangat suka dengan game ini semakin suka,terimakasih ark survival telah menyediakan pembaruan untuk game nya.",Pengguna Google,5,2025-05-24 06:31:18
tolong developer game ark. dengarkan lah keluh kesah Player Anda Baru pengen main Lah setelah rehat 1tahun Main masa Stuck di Donwload nya doang gerak aja kaga Padahal hp Ram 8 🥺😭,Pengguna Google,1,2025-05-23 18:00:39
"kekmana ni we dino gw dak ada demek Ama sekali buk kah,KLO buk benerin min,direlog sama aja",Pengguna Google,5,2025-05-23 13:18:13
ko keluar terus ya ga bisa masuk,Pengguna Google,4,2025-05-23 12:28:21
beeeehhhhh,Pengguna Google,5,2025-05-23 12:11:00
"jadi ribet, emang leveling lebih mudah disini tapi sistem save game dll makin ribet, udah berapa kali ilang save game disini. ampas",Pengguna Google,1,2025-05-23 11:06:56
game nya bgus dan memuaskan,Pengguna Google,5,2025-05-23 05:00:46
"game is broken, downloading data takes too long",Pengguna Google,1,2025-05-22 22:10:17
"game nya bagus sih tapi kalo mau di unduh butuh 1,6 GB. Yang dimana itu dapat menguras internet HP dengan cepat apa lagi saya harus menyelesaikan minigame diawal permainan dan itu sangat menyebalkan, saya mengunduh game dinosaurus 3D tapi saya dapat game bebek 2D. Tolong minigame diawal permainan dihapuskan saja, supaya mental pemain diawal permainan tidak terganggu. Di minigame bikin stres lalu di game utamanya nambah stres karena di bully dino karnivora yang OP seperti raptor. maaf kepanjangan",Pengguna Google,3,2025-05-22 21:07:39
devloper tolong wujud kan keinginan kami para pemain lama ark kembalikan ark yang dulu dan kurangi gb nyaa biar di hp kami yang ngga kuat gb berlebihan😅🙏,Pengguna Google,4,2025-05-22 19:15:37
anjay ini game impian gw dan seru ubur ubur ikan lele jangan bikin HP gw meledak le,Pengguna Google,5,2025-05-22 17:22:52
game ini pas mau login malah keluar kenapa ya?,Pengguna Google,1,2025-05-22 15:20:38
"di mana ark survival evolved? saya sudah beli ark pas lalu tiba-tiba aplikasi nya hilang, saya tunggu dan yang muncul ternyata ark ultimate. saya coba dowload dan HP saya gak kuat sama sekali, padahal ark survival evolved masih bisa di mainkan di HP saya, jadinya percuma saya beli ark pas. mohon kembalikan ark survival evolved",Pengguna Google,1,2025-05-22 10:58:14
Tolong di perbaiki game nya FC/force close,Pengguna Google,1,2025-05-22 10:28:49
"buat yang kasih bintang 1-3. lu liyat hp lu apa, kalo kentang jangan maksa main game gini cil. jangan rusak rating game gara"" hp lu yang kentang bukan game nya yang bug blok.",Pengguna Google,5,2025-05-22 05:13:39
good,Pengguna Google,5,2025-05-21 23:16:27
Grafik mentok tapi burik beda sama ARK SE yang dulu,Pengguna Google,1,2025-05-21 21:08:36
rhyniognatha bug can't following player,Pengguna Google,5,2025-05-21 17:34:27
balikin ark yang dulu😭 yg skrng MH sering frame drop,Pengguna Google,5,2025-05-21 09:04:13
"Clear your cheater,or do something most of ny dinos died because cheater they speed is so high and auto aim, GO PATCH THE ROLL BACK CHEATER ANJG GAME GAJELAS BAYAR MAHAL MAIN GA BISA CITER BANYAK GAME GOBLOK",Pengguna Google,1,2025-05-20 22:17:46
TO MANY ROLL BACK AND CHINA CHEAT I TIRED BRO,Pengguna Google,1,2025-05-20 22:15:47
Mantap,Pengguna Google,5,2025-05-20 19:27:37
pelu donload sampai 5GB,Pengguna Google,2,2025-05-20 17:42:10
"mending gk ush download masalahnya emg ni game dasarnya GK dipeduliin developer, kalian gk bakal nyaman mainnya klo GK top up/bayar ini game puncaknya P2W klo gua bilang, klo lu mau main ini secara gratis cmn download mending gk ush berasa survival hardcore, dari limit bawa barang yg sedikit, engram susah, naik exp susah, baru awal main udh ketemu dino level tinggi, beberapa blueprint klo mau buka mesti pake amber, dikit dikit disuruh top up, jauh lebih baik versi PC atau download Versi Mod aja",Pengguna Google,1,2025-05-20 17:32:42
"bagus saya suka genre game begini,saya sangat menikmatinya",Pengguna Google,5,2025-05-20 01:47:52
game nya bagus sama kayak di pc tapi tolong grafik nya di turunin sedikit biar hp kentang bisa main,Pengguna Google,5,2025-05-19 16:25:02
tolong kenapa di hp saya download nya lama banget juga kenapa sesudah di download harus ngedownload lagi,Pengguna Google,1,2025-05-19 12:32:37
game ini sangat leg entah kenapa fps nya turun terus ya semoga komen ini dilihat developer agar update kedepan di buat lebih ringan agar tidak leg,Pengguna Google,1,2025-05-19 07:30:40
keren mirip kaya di pc,Pengguna Google,5,2025-05-19 06:22:34
apalah malah tame dino tame negara kek,Pengguna Google,1,2025-05-18 17:50:48
plss add 60fps,Pengguna Google,5,2025-05-18 17:30:39
bagus banget,Pengguna Google,5,2025-05-18 15:00:51
suka keluar sendiri,Pengguna Google,1,2025-05-18 13:16:46
kere beke mau hapus semua 😭 hari hapus simulasi,Pengguna Google,4,2025-05-18 12:33:35
s22 ultra sering force close padahal hp gak panas,Pengguna Google,1,2025-05-18 10:17:20
"tambahin fitur gyroscope biar mempermudah main biar gk kaku banget, tolong fix bug creature baru gk bisa following juga repot",Pengguna Google,4,2025-05-18 06:25:27
"bug, ada bug forcetame bos, tidak bisa membuka inventore setelah keluar dan masuk kembali kegame, tolong di fix, nanti saya kasih bintang 5",Pengguna Google,1,2025-05-17 22:53:53
yang penting bisa main makasih devoloper,Pengguna Google,5,2025-05-17 22:01:51
this game is so cool and feels nostalgic to me,Pengguna Google,5,2025-05-17 17:48:43
Mantap,Pengguna Google,4,2025-05-17 09:26:44
ngga bisa masuk game,Pengguna Google,1,2025-05-17 04:42:41
"Untuk grafiknya keren kayak persis yang versi PC cuman ya...gak ramah buat hp spek med/low cuman dapet 10/15 fps doang di garfik rata kiri😴 Dan kuota ku jadi korban,nyesel bet asli udah nunggu Berjam-jam buat download ni game padahal ark dulu lebih lancar tapi malah di hapus di play store,ya...aku harap kedepannya bisa lancar di hp med/low gpp dapet 30 fps juga",Pengguna Google,2,2025-05-16 23:12:43
keren,Pengguna Google,5,2025-05-16 21:26:24
iykyk,Pengguna Google,1,2025-05-16 19:24:59
mantep game nyaa plis,Pengguna Google,5,2025-05-16 15:38:27
please bring back the normal ark and delete this ultimate ark,Pengguna Google,1,2025-05-16 11:00:51
"bug force close, please make it clear",Pengguna Google,2,2025-05-16 06:03:13
gua stak di download,Pengguna Google,1,2025-05-15 23:51:57
👍,Pengguna Google,5,2025-05-15 11:52:33
"apalah setelah update tiba tiba banget sering force close, main dikit force close",Pengguna Google,1,2025-05-14 21:47:37
loading nya lama banget sumpah,Pengguna Google,1,2025-05-14 09:38:15
tolong dibuatkan versi lite supaya kami bisa lancar mainnya walaupun gak bisa multiplayer gakpapa,Pengguna Google,4,2025-05-14 07:18:38
jelek,Pengguna Google,1,2025-05-14 02:51:14
aku suka game ini walau masih cuman dapat 9-14 fps TPI aku senang bisa menikmati game waktu kecil dlu,Pengguna Google,5,2025-05-13 17:37:40
aki dah beli god pack dlu tpi waktu download lagi kok hilang ya? sedikit mengecewakan untuk developer nya tolong perbaiki atau respon saya🫸🫷,Pengguna Google,4,2025-05-13 15:34:19
"banyak bug, quetzal tbtb emcumbered pdhl ga bawa apa apa, rhyniognatha gabisa di wistle, dll.",Pengguna Google,4,2025-05-13 13:46:42
please do optimization,Pengguna Google,4,2025-05-13 11:58:00
mode multiplayer sering disconnect tiba tiba,Pengguna Google,1,2025-05-13 04:58:51
"lost connection, like speeding hacker, chinesefree for cheating, just for money dont care for bug",Pengguna Google,1,2025-05-12 21:30:17
aku kok gak bisa ya,Pengguna Google,5,2025-05-12 15:21:43
loding ada geme ya Ng susah,Pengguna Google,1,2025-05-12 13:30:47
"tinggal di perbaiki,masalah map harus beli ya gpp lah game nya udah gratis juga",Pengguna Google,5,2025-05-12 05:06:07
"gw udh nyiapin memori banyak padahal untuk ni game, tapi pas di mainin sering patah² lah dan force close, untuk developer tolong benerin lah",Pengguna Google,2,2025-05-11 14:12:36
bagus gem nya tapi sangat lag,Pengguna Google,2,2025-05-11 13:38:19
game nya bagus tapi aku gak bisa masuk,Pengguna Google,5,2025-05-11 10:58:39
game bangus banget tolong kembangkan terus,Pengguna Google,5,2025-05-11 10:45:15
"saya telah mengetahui cara taming hewan laut, kalau bisa jika membuat Cryopod boleh tidak menggunakan kunci supaya sama dengan ark survival evolved yang tidak menggunakan kunci",Pengguna Google,5,2025-05-11 10:31:24
"the ""ultimate"" things must be better than before, but in fact it just gets worse, return the old ark!",Pengguna Google,1,2025-05-11 02:06:49
"grafik nya pecah, bad grapich di xiaomi pad 6, harapan nya next update, bisa optimal di xaomi pad 6",Pengguna Google,1,2025-05-10 23:25:37
gua aja tidak bisa masuk ke dlm geme nya,Pengguna Google,1,2025-05-10 21:39:05
"game dari segi visual gameplay bagus, namun sayang developer nya kurang perhatiin masih banyak bug, optimisasi, lama download, membuat hilang semangat bermain game ini",Pengguna Google,1,2025-05-10 20:22:21
"singkat saja,gabisa login",Pengguna Google,1,2025-05-10 16:56:42
"untuk game open world sangat bagus, menyenangkan dan menarik, tetapi bisakah adakan kembali dungeon seperti ark dulu karena membuat pengalaman bermain lebih menyenangkan dan menarik ketika mendapatkan reward lebih",Pengguna Google,4,2025-05-10 14:51:51
bagus banget titik♠,Pengguna Google,5,2025-05-10 12:46:19
good,Pengguna Google,5,2025-05-10 11:03:54
"Ini game cuma punya 2 masalah, terutama bagi player yang ga ada rencana buat spend uang (god console utamanya). Masalah itu ada di ketidakkonsistensian dari creature spawn rate dan level dari creature itu sendiri. Bayangkan aja, lu berjam-jam nyari dino yang spawn rate-nya kecil, pas ketemu ""duar"" level 5. Padahal dfficulty dah mentok kanan dan max difficulty on.",Pengguna Google,2,2025-05-10 06:15:16
gamenya terlalu berat saya mau main hp saya ram 3,Pengguna Google,1,2025-05-09 18:29:11
anjay,Pengguna Google,4,2025-05-09 11:53:47
Game Seru,Pengguna Google,5,2025-05-09 11:20:51
"Saya sudah membeli map Ragnarok pada update kemarin, setelah saya coba dan berkeliling kenapa tidak ada sarang/telur wyvern liar yg spawn. Dan di biome es sangat menyiksa karna terlalu dingin walau sudah menggunakan armor fur dan 20 fortitud. After Update i have a bug that flying dino can't fly... please fix it!",Pengguna Google,2,2025-05-09 11:02:14
please fix your server!,Pengguna Google,1,2025-05-09 10:45:47
good,Pengguna Google,3,2025-05-08 23:17:45
gamenya gak bisa dimainin setiap mau masuk ke gamenya selalu keluar sendiri :v,Pengguna Google,1,2025-05-08 20:26:41
bisakah mengoptimalisasi grafiknya?,Pengguna Google,4,2025-05-08 20:13:39
sinyal wifi nya udah bagus tapi pas main malah nge lag,Pengguna Google,1,2025-05-08 18:23:06
please available unofficial server,Pengguna Google,3,2025-05-08 17:22:31
"singkat saja, FORCE CLOSE",Pengguna Google,1,2025-05-08 17:12:41
kok gak bisa login udah nungguin malah force close abis itu gak bisa login lagi,Pengguna Google,1,2025-05-08 14:02:42
Game nya BEERATtttttt,Pengguna Google,1,2025-05-08 13:19:39
game bagus dan seru juga menatang,Pengguna Google,5,2025-05-08 12:37:12
Game nya bagus sayangnya kurang stabil,Pengguna Google,5,2025-05-08 10:53:22
optimalin lagi supaya lancar dan gk force close,Pengguna Google,2,2025-05-08 10:11:09
belum nyoba udah kasih rating kira² w tolol gak,Pengguna Google,5,2025-05-07 16:10:47
bagus,Pengguna Google,5,2025-05-07 09:06:33
"please fix the problem of kicked host, far rollback and host kicked issues. since the new map was released, the rollback is getting worse, speed hacks suddenly come out in the game.",Pengguna Google,2,2025-05-06 15:14:21
pas main ngefrize jadi gak worthit,Pengguna Google,1,2025-05-06 07:08:53
game nya bagus tapi masih ada beberapa bug. misal beer jar tidak bisa cooking padahal disana sudah tertulis irrigatet yg artinya sudah ada airnya tetapi tidak ada icon cooking padahal sudah memasukan berry dan tacht. lalu bug rrs seperti batu/kayu tiba² muncul kembali tetapi tidak terlihat alhasil character sering nabrak rss tersebut pas dipukul pake axe mengasilkan batu/kayu. semoga kedepannya diperbarui.,Pengguna Google,5,2025-05-05 23:16:27
bad game,Pengguna Google,1,2025-05-05 21:33:58
Game nya bagus TPI kalo hp nya kentang kga bakalan bisa dah mentok kiri masih ngelag bet.Mending sih grafik nya kek dulu TPI dino nya semua ditambahin karna gw main bukan soal grafik tapi tentang serunya taming dino dll,Pengguna Google,2,2025-05-05 20:16:33
Server official rollback dan data pemain serta dino gak otomatis ke save. Udah beli item mahal mahal. hilang begitu saja...... 😭,Pengguna Google,1,2025-05-05 19:51:12
roll back. base udah gede udah bagus malah role back. sakit ati. kecewa bgt. bintang 1.,Pengguna Google,1,2025-05-05 19:46:52
developer males optimalisasi..,Pengguna Google,1,2025-05-05 19:19:53
please make the game more leggings lp,Pengguna Google,1,2025-05-05 19:06:03
dev plis beri 1 atau 2. pulau gratis pliss😭😭,Pengguna Google,1,2025-05-05 14:44:27
game ber tahan hidup yang sangat bagus,Pengguna Google,5,2025-05-04 13:59:39
download resources nya sulit dan terlalu kelamaan,Pengguna Google,1,2025-05-04 11:43:56
game leg pada hal hp ram 8,Pengguna Google,1,2025-05-04 05:23:44
bagus broh,Pengguna Google,5,2025-05-04 04:48:05
gabisa di mainin di moba force close,Pengguna Google,1,2025-05-04 04:01:07
best game,Pengguna Google,5,2025-05-03 22:22:58
"game keluar sendir , game lag lag game 👎👎👎👎👎👎👎👎👎👎👎👎👎👎👎👎👎👎👎👎👎👎👎👎👎👎👎👎",Pengguna Google,1,2025-05-03 17:34:41
GOOD GAME,Pengguna Google,5,2025-05-03 13:21:45
saya tidak bisa memasuki game saat saya mulai mau mengaktifkan aplikasi saya ditendang keluar dari aplikasi padahal saya mendownload lama lama menjadi begini,Pengguna Google,1,2025-05-03 11:21:48
please fix network error for android,Pengguna Google,3,2025-05-03 11:12:30
"so laggy... i hope they add option for texture, and render",Pengguna Google,1,2025-05-03 05:31:50
gak bisa cafting,Pengguna Google,1,2025-05-02 20:43:40
kren beut game impian gua ni mah,Pengguna Google,5,2025-05-02 19:26:13
mengapa saat baru main malah force los layar hitam bug udah download gede malah Hitam layar nya,Pengguna Google,1,2025-05-02 19:06:14
hp ku infinix hot 50 kok gak bisa main ya gm yg anehhhh,Pengguna Google,1,2025-05-02 14:35:02
"why my account is always lost Connection timeout, whyy???? why????? why????",Pengguna Google,1,2025-05-02 13:28:19
game nya sudah bagus dan seru.Tapi kenapa ya setiap kali saya masuk pasti force close gitu tolong ya min,Pengguna Google,3,2025-05-02 12:49:18
"Saya suka gamenya namun tolong perbaiki bug Black screen saat masuk ke game, dan juga tolong kasih tutorial untuk pemain baru, saat saya main di extinction mengapa sering bug yang membuat menembus batu dan stuck, tolong beri tutorial cara memakai MEK saya kesal karena M.S.C.M tidak bisa di pakai padahal semua yang di butuhkan ada jadi tolong beri tutorial memakai M.S.C.M untuk MEKK MEM",Pengguna Google,4,2025-05-02 09:29:23
game bagus yg game play menarik saya suka ini game yg sudah lama dan penuh kenangan aku sangat berterimakasih atas nama developer nya,Pengguna Google,5,2025-05-02 06:59:56
"game nya sudah bagus, tapi untuk tampilan layar nya sedikit dilebarkan lagi untuk mencocokan ke jenis hp yang lebar dan sedikit panjang atau amoled",Pengguna Google,4,2025-05-02 06:08:57
mantap,Pengguna Google,5,2025-05-01 18:28:49
good game,Pengguna Google,5,2025-05-01 16:12:28
aku tidak tau caranya masuk game ini,Pengguna Google,4,2025-05-01 10:36:56
keren tapi lupa gimana cara crafting aku baru inget jadi ku download lagi,Pengguna Google,5,2025-05-01 09:08:52
terlalu berat 🥲,Pengguna Google,1,2025-05-01 00:54:51
udah enak si sekarang,Pengguna Google,5,2025-04-30 20:49:20
BAGUS BANGET GAMENYAAAA CUMA MINUSNYA BANYAK BUG BUG GAK JELAS KAYA TIREX TIBA TIBA HILANG SAMA DINASAURUS YANG GAK KELIHATAN JADI SERING MATI,Pengguna Google,5,2025-04-30 18:16:24
ARK pls saya cuma mau masuk saya suka grafiknya tetapi saya gak bisa masuk,Pengguna Google,5,2025-04-30 14:23:25
gamenya bagus tapi coba tambahin fitur peta/map seperti ark yg lama soalnya susah kalo mau buka map,Pengguna Google,5,2025-04-30 12:52:36
game nya bagus,Pengguna Google,5,2025-04-30 09:25:43
"donwload file nya lamak amet ajg,padahal wfi kantor lanju",Pengguna Google,1,2025-04-30 06:00:48
Plsss ban Cheater Tribe saya kena curi hampir semua dino tolong ban semuanya,Pengguna Google,5,2025-04-29 20:33:26
loding nya lama banget dan saya kasih saran ke developer untuk loding nya satu kali aja jangan dua kali saya nunggu nya lama banget,Pengguna Google,3,2025-04-29 18:34:30
Apk menyusahkan. Lebih baik download full data di play store dari pada download lagi di dalam apk. Download di dalam apk malah ngestuck dan buang buang waktu!!! untung saja saya orang waras dan langsung hapus,Pengguna Google,1,2025-04-29 17:57:22
gamenya 👍 👏👏👏👏👏👏👏👏👍,Pengguna Google,5,2025-04-29 15:08:59
syukur lah bug paling mengganggu perlhan menghilang setelah beberapa update thanks developer,Pengguna Google,5,2025-04-29 14:44:10
"gamenya udah bagus,tinggal tambahin unofficial aja udh mantep banget ni game",Pengguna Google,5,2025-04-29 06:51:44
good game,Pengguna Google,5,2025-04-29 01:16:54
Yang gk suport hpnya sadar diri cok,Pengguna Google,5,2025-04-28 23:27:48
gamenya bagus tolong ilagin bugnya itu saja,Pengguna Google,3,2025-04-28 23:25:51
bagus banget saya suka,Pengguna Google,5,2025-04-28 20:42:47
mohon maaf nih jangan ke game lain yg kikir dan g nurutin apa yg kita butuh game bagus tp ngeleg parah g ada render distance entah kenapa yg dlu lebih ringan tp banyak masalah g kek pc tolong optimalkan lg semoga banyak yg instal untuk hp hp yg g terlalu kentang,Pengguna Google,2,2025-04-28 20:25:56
"tidak alasan lain, hanya suka game nya",Pengguna Google,5,2025-04-28 15:47:37
can't open the game,Pengguna Google,1,2025-04-28 15:29:18
kembangin lagi,Pengguna Google,5,2025-04-28 13:04:01
"Tolong untuk save nya di perhatikan lagi dan perbaikan agar pengguna game tidak kecewa, mengulang membuat lelah pemain yang sudah dapat taming dino malah di save mengulang lagi dari awal, bila bisa kembalikan data save nya agar tidak mengulang lagi",Pengguna Google,5,2025-04-28 05:09:21
"Best game mobile sih ini, taming dan survival nya kerasa banget serunya, if can console mod can enable or disable to make survival more fun.",Pengguna Google,5,2025-04-28 01:07:24
best ever game,Pengguna Google,5,2025-04-27 20:27:24
enak untuk,Pengguna Google,5,2025-04-27 08:59:31
ini game keren,Pengguna Google,4,2025-04-27 08:05:41
memang bagus tapi tidak di sarankan untuk HP kentang dan developer kurangi detail untuk pengguna HP.,Pengguna Google,2,2025-04-26 19:26:32
udah gw pasrah mainnya game nya realistic tapi kok di android dia kayak gak lancar mainnya ngelek ngelek dikit padahal sinyal bagus ram hp gw banyak gw hapus lah emang untuk PC bukan android 🤬🤬😡🤬,Pengguna Google,1,2025-04-26 08:47:08
kau udah download gamenya tapi gak bisa dimainin aku keluar terus dari aplikasinya,Pengguna Google,1,2025-04-26 07:05:06
"ARK UME sudah sangat baik untuk game survival, tapi harus tetap dikembangkan lagi, saran saya tambahkan fitur RENDER DISTANCE, tingkatkan juga dari segi GRAFIK, RESOLUSI, DLL. Agar pengalaman bermain lebih seru/maximal, perbaiki juga beberapa BUG agar game nya lebih optimal. Tambahkan juga beberapa fitur yang ada di PC. Saya harap game ini bisa menjadi game survival terbaik di mobile 1-2 tahun kedepan.",Pengguna Google,5,2025-04-25 21:40:19
game gacor wak developer kembangin trus bagus ni game yang hate elitis,Pengguna Google,5,2025-04-25 21:00:24
g bisa masuk,Pengguna Google,1,2025-04-25 18:35:45
terbaik ARK MOBILE,Pengguna Google,5,2025-04-25 15:41:57
"ngebug, gk bisa login epic games",Pengguna Google,5,2025-04-25 08:49:11
"Gamenya bagus tapi yang paling malas pas loading + raptor, dilophosaurus, sama dino karnivora lain di jadiin gak agresif banget, di deketin gak nyerang dulu tapi kalo deket banget nyerang😅😅",Pengguna Google,5,2025-04-24 17:17:59
"Gamenya bagus banget, aku ketagihan mainnya sampai 20jam nonstop",Pengguna Google,5,2025-04-24 14:56:00
gak bisa masuk geme,Pengguna Google,1,2025-04-24 13:56:26
yg di tungu2,Pengguna Google,5,2025-04-24 13:08:25
bad,Pengguna Google,1,2025-04-24 08:53:22
makin berat gamenya,Pengguna Google,1,2025-04-24 06:40:38
"I play ngeleg, please old graphics",Pengguna Google,1,2025-04-24 00:54:52
tolong rendah kan grafis nya seperti duluu karena banyak sekali yang ingin bermain ark tapi grafis nya terlalu tinggi dan banyak orang yang tidak mampu bermain nya atau bisa di bilang tidak kuat untuk bermain ark ultimate ini,Pengguna Google,1,2025-04-23 21:01:32
"Gamenya Bagus Sih Seru Dan Penuh Petualangan,Cuman Agak Lag Tapi Saya Maklumi Karena HP Saya Low End,Tapi Yang Saya Masalahkan Itu Kenapa Quest Di Hapus,Mending Jangan Di Hapus Karena Dapat Mempermudah Pemain Baru,Intinya Bagus Tapi Lag",Pengguna Google,5,2025-04-23 19:53:42
sering FC..gagal main,Pengguna Google,3,2025-04-23 19:51:16
di paksa temen ngasih nilai bagus tolong request tambahin naga api naga es naga gendut omped Jin biru prima tampan gendut hitam dan udin cunring dan bungsu cacat udah makasih yah developer 🙏🙏 udah baca yah udah subscribe channel ku...,Pengguna Google,5,2025-04-23 11:18:31
"game sampah, main game berat lain nya lancar jaya main ni game kgk bisa malah FC trs kntol² bener² game sampah sia² download 1,5 gb",Pengguna Google,1,2025-04-23 10:34:34
aku nggak bisa login karna kok ada geme grafik 2D negara jadi burung purba ngeselin,Pengguna Google,1,2025-04-22 20:50:18
"sarver official sering rollback? semoga game nya jdi lebih baik,,, aku yakin game ini dapat bersaing dengan game lain",Pengguna Google,5,2025-04-22 19:24:52
"Saya mau masuk ke game nya tapi nggak bisa,keluar masuk dan agak ngelag sih",Pengguna Google,4,2025-04-22 15:50:49
👍👍👍👍👍👍👍👍👍👍👍👍👍👍👍👍👍👍👍👍👍👍👍👍👍👍👍👍👍👍👍👍👍👍👍👍👍👍👍👍👍👍👍👍👍👍👍👍👍👍👍👍👍👍👍👍👍👍👍👍👍👍👍👍👍👍👍👍👍👍👍👍👍👍👍👍👍👍👍👍👍👍👍👍👍👍👍👍👍👍👍👍👍👍👍👍👍👍👍👍👍👍👍👍👍👍👍👍👍👍👍👍👍👍👍👍👍👍👍👍👍👍👍👍👍👍👍👆👍👍👍👍👍👍👍👍👍👍👎👍👍👍👍👍👍👍👍👍👍👍👍👍👍👍👍👍👍👍👍👍👍👍👍👍👍👍👍👍👍👍👍👍👍👍👍,Pengguna Google,5,2025-04-22 13:43:25
donlod file nya lama,Pengguna Google,1,2025-04-21 06:18:19
bro bagaimana cara bunuh raptor kalo gak saja pas lagi jadi burung dodo?,Pengguna Google,3,2025-04-20 20:03:09
"gamenya udah bagus tapi grafiknya terlalu berat hape aku sampe bersuara,jadi tolong banget turunin ya makasih",Pengguna Google,1,2025-04-20 15:07:40
ya kalau saja hp ku kuat mungkin aku bisa memainkannya saat baru masuk saja sangat patah patah✌️✌️💔🥀,Pengguna Google,5,2025-04-20 09:16:36
game nya bagus tapi ngeleng baget plis biar dak ngelek lagi,Pengguna Google,4,2025-04-20 07:50:05
drastis banget Hanya fps 10 dulu high (g99) dapat 60 fps lancar maaf ya aku kasih 1 bintang revamp ya gamenya tolong developer gamenya kalo dapat 60 fps mungkin udah jadi game populer di Indonesia aku orang Indonesia minta tolong kepada mu developer buat di revamp jadi ringan aku pakai Infinix note 30 ya maksimal fps 15-10,Pengguna Google,1,2025-04-20 05:18:24
kenapa ya kok ngulang terus padahal sudah save,Pengguna Google,1,2025-04-19 23:20:18
"nunggu download datanya gausah dibikin game, mending loading screen biasa",Pengguna Google,1,2025-04-19 17:15:18
gua main nya habis mulai kok keluar,Pengguna Google,1,2025-04-19 16:53:55
Ga bisa tame dino,Pengguna Google,1,2025-04-19 09:12:48
the game is very good,Pengguna Google,4,2025-04-19 07:19:42
Add teleporter and add new map,Pengguna Google,5,2025-04-19 06:59:27
geme ya bagus banget grafik ya lumayan,Pengguna Google,5,2025-04-18 13:00:40
the game is good but PLS i want mods pls made the mods compatible with the ark ume (even tho i updated teh game is still asking me to update which is kinda anoying),Pengguna Google,5,2025-04-18 06:57:41
my fav game,Pengguna Google,5,2025-04-18 00:20:31
BUATLAH GIGA LAMA MENJADI LEBIH KEREN,Pengguna Google,4,2025-04-17 22:39:56
brutal aku mainnya patah patah parah kayak enggak bisa main,Pengguna Google,1,2025-04-17 20:25:48
sangat bagus cuman terlalu besar,Pengguna Google,4,2025-04-17 16:50:40
gak bisa masuk,Pengguna Google,1,2025-04-17 14:12:05
"bagus banget gamenya cuma ada beberapa bug doang, kalo lagi pukul batu yang gede terus di atasnya ada dino kita, bikin dino kita stuck... yang device nya gakuat gausah komen apa2 mending beli device baru dari pada bikin rating jelek wkwkwk",Pengguna Google,5,2025-04-17 13:23:12
gak bisa si masukin,Pengguna Google,1,2025-04-17 12:53:34
Ada bug Rhyniognatha ga mau follow kita jalan,Pengguna Google,3,2025-04-17 12:27:47
terlalu tinggi jadi susah masuknya,Pengguna Google,5,2025-04-17 12:20:40
"Yes, it's good, but please fix it when updating and the storage is too much, please, if it's been downloaded and the data has also been downloaded and then when it's deleted, when it's downloaded again, don't delete the data on the Redmi Note 12 cellphone, it's still stuttering",Pengguna Google,1,2025-04-17 04:55:48
sangat seru dan luas bagus banget di tunggu updatenya,Pengguna Google,5,2025-04-17 01:10:52
"andaikan engak update spinosaurus,t-rex,buaya ku sama giganotosaurus ku gak akan hilang yah makin update malah ngelek bisa diturunin itu gravik sama GBnya supaya bisa main walaupun grafik nya kayak dulu tapi bagus bjirrr tolong nyalakan mic dan itu saja",Pengguna Google,3,2025-04-16 19:50:41
Game sampah tidak berguna masa udah tidak kompatibel padahal spek hp saya android 11 tolong kecilkan lagi untuk android nya saya menjadi kesal,Pengguna Google,1,2025-04-16 13:05:56
saya kaga tau cara mulai nya,Pengguna Google,2,2025-04-16 10:32:46
Love Ark. I hope it can be more Lighter in the future. until it can frendly with my potato handphone. xixixi,Pengguna Google,4,2025-04-16 04:59:11
plissssssssss,Pengguna Google,1,2025-04-16 01:08:14
Game bagus,Pengguna Google,1,2025-04-15 22:39:22
kagak bisa download sampai hampir nangis l,Pengguna Google,1,2025-04-15 18:21:46
"game nya baguss sekali , tapi masalah nya ada bug contoh nya batu transparan , itu doang sih terimkasih",Pengguna Google,5,2025-04-15 17:12:52
"berubah jauh tidak seperti dulu, sekarang mirip dengan versi PC. tidak bisa tidur buat skip time. bed hanya buat fast travel. dan starter saat mulai game nya tidak dikasih peta dan kompas seperti dulu. tidak ada quest lagi sekarang, padahal itu cara cepat naik level",Pengguna Google,1,2025-04-15 17:03:48
game bagus sangat bisa di mainkan di hp kentang,Pengguna Google,5,2025-04-15 15:32:35
saya tidak bisa download,Pengguna Google,5,2025-04-15 14:18:39
game nya msh kurang stabil msh sering drop fps tiba tiba,Pengguna Google,3,2025-04-15 13:09:15
"I often experience so many wyvern response bugs that my dino dies on the Ragnarok map. Please, the developer immediately fix the bug so that it doesn't bother the players. Thank you 🙏🙏🥹",Pengguna Google,4,2025-04-15 12:42:45
"Masih banyak bug, hewan tersangkut, tembus dinding, tolong di perbaiki.",Pengguna Google,1,2025-04-15 02:25:17
kenapa hanya saya ajah yang punya ark temen saya malah gak punya,Pengguna Google,1,2025-04-14 16:53:25
enakan ark dulu. yg sekarang berat. banyak bug. dan jelek,Pengguna Google,1,2025-04-14 13:44:41
cik gamenya nge lag aku gak suka btw gw bocil,Pengguna Google,1,2025-04-14 08:29:55
"developer nya males, bug muncul ketika mau masuk arena boss tapi crash/lag,",Pengguna Google,2,2025-04-13 22:05:24
"kenapa bugnya sangat mengesalkan, saya sudah menjebak dino yg ingin saya jinakkan namun pada saat saya on kembali dino yang saya jebak hilang keduanya entah kemana, apakah karena terlalu lama keluar dari render map??.. sya kehilangan dua dino saya yg levelnya begitu tinggi mohon di fix bug ini, agar pemain lebih Leluansa bermain, dan game ini akan lebih membaik, dev jangan ngantuk ingatlah anda sudah berupaya susah mengembangkan game ini. jngn sampai game ini akan bernasib seperti versi sebelum.",Pengguna Google,2,2025-04-13 17:31:32
"to studio wildcard please respond the game need more option on graphics setting need to add shadow resolution, Option to turn on or of motion blurr, shadow, & depth of field and a texture resolution option would be great so ppl have more freedom to tweak with the setting adding just resolution slider & presets just wont do it",Pengguna Google,2,2025-04-13 17:29:46
game ini bagus tapi baru spawn udah ngelag,Pengguna Google,4,2025-04-13 15:20:33
permudah gamenya biar pemula lebih betah bermainnya di awal,Pengguna Google,5,2025-04-13 13:16:07
"FC mulu, udh gitu pas main pencahayaan jelek banget, kadang terang kadang gelap, ngk jelas banget",Pengguna Google,1,2025-04-13 12:15:39
"untuk grafik dll sudah bagus mungkin untuk server bisa di perbaiki , karena stelah bermain di server kemudian masuk lagi ke server posisi saya dan teman saya terpisah ke pulau lain dan saya tidak bisa satu pulau bersama dengan teman saya setiap awal masuk server , itu saja dari saya semoga sistem server pada game ini bisa di tingkatkan dan di perbaiki lagi terimakasih",Pengguna Google,3,2025-04-12 23:21:22
"sbenernya sudah mulai suka game nya cuma menurutku untuk game hp itu terlalu ribet, kayak mau bikin barang aja hrus buka lemari cari barang satu"" itu yg sangan membuat ribet knapa pas craft g langsung jadi satu aja resort nya haru di ambilin taruh tas semua itu jga kadang weight nya g mencukupi trus gimana mau bikinya? sama hewan nya terlalu bloon buat ngikutin, jalan tinggal belok sdikit bisanya cuma lurus doang.",Pengguna Google,1,2025-04-12 19:38:51
Gamenya kok Crash?,Pengguna Google,1,2025-04-12 17:51:38
keluar sendiri,Pengguna Google,1,2025-04-12 14:50:01
"game kalo belum siap rilis ga usah rilis ajng dari awal launching udh main support developer dengan top up udah eh dev nya jarang ngurus gamenya update event taik bug masih banyak rolback dimana"" kalo ga siap rilis mending tutup dah!",Pengguna Google,1,2025-04-11 23:06:20
kenapa hewan herbivora punya gua gak bisa farming berry tolong jawab developer,Pengguna Google,3,2025-04-11 19:31:19
saya tidak suka louding dodo,Pengguna Google,3,2025-04-11 18:31:38
"GG bagus bener ark nya kayak yang di PS 4,5 original lagi mantap👍👍👍",Pengguna Google,5,2025-04-11 18:31:14
"download saat baru memainkan game sangatlah lambat, dan sering kali harus mendownload ulang, jadi malas main",Pengguna Google,1,2025-04-11 12:17:02
saya pernah membeli god console di ark sebelumnya tapi tiba tiba game ark menghilang begitu juga dengan god console saya,Pengguna Google,2,2025-04-11 09:16:44
udah bagus tetapi terkadang setiap mau masuk ke game nya agak keluar keluar Mulu sih,Pengguna Google,4,2025-04-10 16:55:56
apk nya crash Mulu sampe nggak bisa di mainin,Pengguna Google,1,2025-04-10 14:30:53
GK bisa dimainkan an,Pengguna Google,1,2025-04-10 13:50:38
hp gua ga kuat,Pengguna Google,2,2025-04-10 12:13:57
banyak bug trus lag,Pengguna Google,1,2025-04-10 12:10:46
seru,Pengguna Google,5,2025-04-09 23:08:06
"so i used my 100 key to make a cryopod, and i accidentally load my backup save data and restarted to when im not yet make the cryopod but i didnt get my keys back, 100 keys is a lot for a f2p Player yk. i know its my Mistake, but cmon my world and items got restarted but my keys didnt?",Pengguna Google,3,2025-04-09 20:19:45
"game nya bagus dan saya bisa memberikan bintang 5 karena hal tersebut, namun. disaat saya ingin bermain multiplayer, saya terkena banned padahal saya tidak melakukan hal kecurangan apapun. tolong perbaiki hal tersebut agar tidak terjadi false banned kepada yang lain juga.",Pengguna Google,3,2025-04-09 17:53:56
force close dev mohon diperbaiki ^_^,Pengguna Google,3,2025-04-09 14:19:28
game nya bisa di donlot tapi tidak bisa di mainin,Pengguna Google,1,2025-04-09 12:20:42
lama download data nya,Pengguna Google,1,2025-04-09 11:18:55
"bagus bangett, ga sia sia nunggu ark revamp. itel p55 5g dpt 15-10 fps tpi gapapa sih soalnya dri dulu nunggu ark revamp🤭🤭",Pengguna Google,5,2025-04-09 10:56:24
kembalikan Graphic ark yang lama yang sangat lancar di mainkan di hp gua ini,Pengguna Google,2,2025-04-08 22:21:31
devoloper maaf nih ya jangan malas baca ulasan harap dibenarkan bug dan lebih optimal kan performa dalam game karena untuk hp yang bisa tahan main game ini pun masih patah patah,Pengguna Google,4,2025-04-08 15:58:20
bintang satu karna gak bisa masuk ke game nya,Pengguna Google,1,2025-04-08 14:15:39
belum coba aku soalnya bas donlod memori ku habis atau gak cukup buat game ini,Pengguna Google,5,2025-04-08 12:48:05
tolong buat developer nya buat kan setting untuk rendering nya,Pengguna Google,3,2025-04-08 12:39:50
Bagus.,Pengguna Google,5,2025-04-08 12:26:05
taming triceratops lama banget padahal level 50 beda sama yang ark mobile old tanpa kibble aja bisa cepet ketaming trikenya mohon diperbaiki proses tamingnya,Pengguna Google,3,2025-04-08 08:59:55
Ini game cakep jir,Pengguna Google,5,2025-04-08 07:26:45
game bagus,Pengguna Google,5,2025-04-08 00:25:15
mantap bang,Pengguna Google,5,2025-04-07 20:07:03
mantap,Pengguna Google,5,2025-04-07 19:50:49
mantap,Pengguna Google,5,2025-04-07 19:39:29
PLS UPDATE BIAR TIDAK NGELENG DAN LEMOT😑,Pengguna Google,1,2025-04-07 18:48:00
bagus tapi agak ngelek,Pengguna Google,5,2025-04-07 16:43:55
mau join keserver di suruh pakai email yaudah gua pakai email dan disuruh pakai sandi email nah sandinya udah diganti udah dicatat masih aja sandi sama email gak cocok tolong aja di benerin ini ya.,Pengguna Google,1,2025-04-07 14:53:11
"one star because the game keeps exiting even though my cellphone has 4 RAM, please fix it for my Redmi 8 cellphone, please, game maker, I want to play the game like before",Pengguna Google,1,2025-04-07 14:16:41
"terlalu berat untuk seukuran game HP bahkan lebih ringan ghensin dibanding game ini, setelah saya turunin resolusi masih saja nge frame dan stuck di 11 fps padahal HP saya infinix note 40 256/8",Pengguna Google,2,2025-04-07 13:15:50
entah kenapa lebih suka ark survival evolved. yang ultimate berat banget gak middle range friendly,Pengguna Google,2,2025-04-07 09:09:14
"percuma gw download, pas di mainin keluar"" sendiri, di perbaiki dong, udh lama gw GK main",Pengguna Google,1,2025-04-07 01:51:45
"Why is the Ark game lagging now, but before the revamp it was really smooth",Pengguna Google,1,2025-04-06 19:56:06
aku tidak bisa masuk karena loding,Pengguna Google,2,2025-04-06 19:14:11
game sangat bagus,Pengguna Google,5,2025-04-06 18:00:32
game nya bagus banget walau pun saya sudah lama tidak main ini,Pengguna Google,5,2025-04-06 15:52:37
having a force close when launching the app,Pengguna Google,1,2025-04-06 14:41:08
"aplikasi tidak bisa di buka sama sekali, setiap di buka langsung crash",Pengguna Google,1,2025-04-06 10:29:45
geme harus beri makan burung dodo susah memeberi makan,Pengguna Google,1,2025-04-06 07:46:46
knp GK bisa login,Pengguna Google,3,2025-04-05 17:06:02
masalahnya gak bisa download malah ada tulisan aneh,Pengguna Google,1,2025-04-05 11:03:54
"game dengan survival terbaik dari semua game terbaik paling terbaik yang pernah ada, the best ARK !",Pengguna Google,5,2025-04-05 09:44:03
Kurang enak di mainkan soalnya cuma mentok 30 fps naikin lah fps nya main di 30 fps tu ga enak,Pengguna Google,3,2025-04-05 03:34:14
bagus,Pengguna Google,5,2025-04-04 22:52:16
"tiap ada update masa harus main ulang, karakternya terhapus.",Pengguna Google,1,2025-04-04 21:27:40
game ini saat saya ingin masuk ke aplikasi nya keluar sendiri plis hilang kan semua bug tersebut,Pengguna Google,1,2025-04-04 14:03:31
game nya sangat bagus sekali,Pengguna Google,5,2025-04-04 13:22:16
seru bangat,Pengguna Google,5,2025-04-04 12:51:03
Gak bisa dimainin lodingnya lama,Pengguna Google,1,2025-04-04 08:37:58
Gerafik nya bagus dan gem nya seru tapi masih banyak bag aku pernah tiba2 jatuh kedalam tanah aku mati barang ku hilang dimohon memperbaiki semua ya developer,Pengguna Google,5,2025-04-04 05:06:05
mantap,Pengguna Google,5,2025-04-04 00:54:19
loding nya lama banget,Pengguna Google,1,2025-04-03 21:43:11
"tolong di perbaiki ,saya tidak bisa taming quin bee padahal cara taming sudah benar, tapi quin bee tidak bisa di kasi makan rare flower,dan terkadang di dalam goa dino tidak muncul",Pengguna Google,4,2025-04-03 20:51:59
please developer fix u server PVE pass Asia Slingshot very suck i buy ur pass but ur server is sick,Pengguna Google,2,2025-04-03 17:34:50
bug whistle all. bug bug bug,Pengguna Google,4,2025-04-03 16:48:07
"sangat bagus, cuma kenapa fitur quest nya tidak ada?",Pengguna Google,4,2025-04-03 13:41:21
saya yang pake nubia v70 max patah patah bngt tolong untuk di buatin agar yang HP nya menengah bisa main juga🙏🙏,Pengguna Google,2,2025-04-03 12:37:18
Game ini sangat bagus setelah update.,Pengguna Google,5,2025-04-03 07:04:59
update lah asw,Pengguna Google,1,2025-04-03 04:40:18
good game,Pengguna Google,5,2025-04-02 16:43:01
bagus banget... kalau ke hp yg mendukung,Pengguna Google,5,2025-04-02 10:00:28
optimize your game,Pengguna Google,1,2025-04-02 07:19:14
"FRAME DROP,PADAHAL HANDPHONE SAYA ITU PERFORMA NYA BAIK LOH,KOK BISA FRAME DROPP",Pengguna Google,1,2025-04-01 22:34:51
sesuai,Pengguna Google,5,2025-04-01 17:28:20
i played this already till had some dinos after iit i saved in the menu section and when i logged back save my save game gone and i had to go back. again tame my dino. there is indeed a load save button but its not useful,Pengguna Google,1,2025-04-01 14:02:06
nice,Pengguna Google,5,2025-04-01 01:34:54
game bagus,Pengguna Google,5,2025-04-01 01:02:04
better old ark,Pengguna Google,3,2025-03-31 16:07:04
seru banget,Pengguna Google,5,2025-03-31 10:17:48
aku tidak bisa mendownload adittional files mungkin bug?tapi tolong segera perbaiki,Pengguna Google,2,2025-03-31 10:10:34
"ngabisin kuota doang, game sampah!!",Pengguna Google,1,2025-03-31 06:29:35
developer gabecus nanganin cheater di pvp,Pengguna Google,1,2025-03-31 05:02:59
tolong tingkatkan kualitas gamenya soal aku HP kentang,Pengguna Google,5,2025-03-30 20:23:42
pengen main tp HP gak kuat,Pengguna Google,5,2025-03-30 17:52:07
pas mau masuk game malah keluar sendiri,Pengguna Google,1,2025-03-30 17:42:13
"nggak recomended sumpah, fps drop parah,klo di tepi pantai masi okelah dpt 50 fps, lah pas masuk hutan langsung drop 20, padahal device poco x6 pro. KEK MANAAA!!!",Pengguna Google,1,2025-03-30 15:12:46
gak bisa masuk game nya,Pengguna Google,1,2025-03-30 11:24:54
Tolong pas Download files sampe 3000 jangan minigame minimal Download aja,Pengguna Google,2,2025-03-30 09:13:13
"Too much cheater on multiplayer server, and developers just ban randomly player even player didn't use any cheat to, many ark pass server always rollback because the cheater dupe they dino, item, structure, etc, make the game experience feels so bad, and so much abused player play freely disturb other player on multiplayer server without get some penalties, please listen player complain and fix the problem first before update the features game, we pay the ark pass, pls fix it.",Pengguna Google,2,2025-03-30 05:06:38
ngeleg gua pengen dowload yang mobile biasa auto foreclose benerin dong yang mobile biasa,Pengguna Google,1,2025-03-30 05:00:25
1 bintang dulu deh grafiknya gila kali HD banget kek nonton film kgk kuat HP Gue,Pengguna Google,1,2025-03-30 03:58:53
game dino terbaik,Pengguna Google,5,2025-03-29 20:38:56
masih ada bug 1. terkadang dino yg sudah ditame hilang 2. save bermain hilang 3.GC Yg GW BELI HILANG KATANYA PERMANEN,Pengguna Google,3,2025-03-29 16:06:24
loveee,Pengguna Google,5,2025-03-29 15:00:18
geme gbk mau main aja pake loding mana lama lagi pas loding juga di suruh main game dodo susah gbk gak jelas gbk game tolol,Pengguna Google,1,2025-03-29 10:27:49
gw cuman suka sama desain Dino nya,Pengguna Google,5,2025-03-29 02:06:18
"Many Cheaters, Hackers, and Worst Optimized",Pengguna Google,1,2025-03-29 01:43:01
bagus tapi gw gk bisa main sumpah padahal pengin main hanya bisa liat youtube doang 😭😭,Pengguna Google,5,2025-03-28 19:39:00
it's gud but still a lot of bugs,Pengguna Google,4,2025-03-28 08:12:15
"singkat padat, intinya sebenrnya gamenya bagus masih banyak banget potensi yang perlu dikembangkan, namun developer kurang aktif memperbaiki bug yang masih sangat banyak terdapat di dalam game, intinya kecewa, device sebagus apapun dan game di support dengan membeli konten-kontennya pun kalau developernya tidak aktif bagaimana gamenya mau maju, sebentar lagi juga jadi dead game.",Pengguna Google,1,2025-03-28 03:58:35
"masih bgusan ark yg dulu,yg skrng bnyk bugnya for close frame dll back up datanya juga hilang semua item yg udh di craft",Pengguna Google,1,2025-03-28 01:41:34
game nya bagus(disclaimer:ini dipaksa sama play store:v,Pengguna Google,5,2025-03-28 01:37:26
bagus sih bagus tapi banyak bug ngelag sama kontrol nya susah,Pengguna Google,3,2025-03-27 20:19:32
always roll back,Pengguna Google,2,2025-03-27 15:11:47
ko gak bisa masuk madahal udah di beli memory udah foto sedikit masih gak bisa main,Pengguna Google,1,2025-03-27 14:30:31
nggak asik gamenya,Pengguna Google,1,2025-03-27 13:04:06
ya lumayan worit ini game nya tetapi hp kentang langsung emosi,Pengguna Google,4,2025-03-26 16:30:26
"sudah bagus gamenya, tapi yang saya sangat tekankan adalah ketika mau tek Cave kan ada tribute yang namanya ""Alpha Leedsicthys Blubber"" nah mencarinya itu sangat susah. bagaimana kalau tambahkan juga hack craft di Tribute Terminal?",Pengguna Google,5,2025-03-26 13:31:39
balik main ini game karna update hp kok malah kontrolnya malah bikin bingung,Pengguna Google,2,2025-03-26 09:02:47
loadingnya lama,Pengguna Google,1,2025-03-26 07:57:44
"Optimalkan lagi agar lebih stabil pada android(lag and bug only), because this my favorite game, im waiting for next update developer!, for that's problem🎓🔥",Pengguna Google,5,2025-03-26 01:32:03
"gamenya kok gk jalan, padahal hp ku android 9.0 merek redmi note 8 ,mohon tolong di perbaiki masalahnya soalnya kepengen main nih",Pengguna Google,2,2025-03-25 21:28:51
buat dong pemain di hp semakin lancar seperti ada setting grafik tambahan atau penyesuaian kami para pengguna handphone sangat keberatan dan kecewa😒,Pengguna Google,3,2025-03-25 21:09:09
"gak bisa login,keluar sendiri padahal sudah memenuhi persyaratan",Pengguna Google,1,2025-03-25 12:57:11
sangat buruk,Pengguna Google,1,2025-03-24 19:07:02
mohon maaf tapi kenapa kalau saya mau join ke ark harus download fele dan lamaa banget tolong di perbaiki atau hapus fitur itu,Pengguna Google,1,2025-03-24 18:13:38
game paling mantap cuman kok main di ram 8 ngekres Mulu ya kasih solusi nya dong udah ganti ke medium juga ngekres,Pengguna Google,4,2025-03-24 17:54:18
"Hopefully all phones can enjoy this game without feeling lag and freeze drop fps, the same as the old ark to make it easier.",Pengguna Google,1,2025-03-24 16:24:36
"bugnya jauh lebih banyak dibanding ASE , seperti pada saat menggunakan grappling hook pada crossbow karakter kita bisa stuck dan grappling hook tidak bisa dilepas, selain itu juga dino bisa masuk ketanah di area pegunungan yg saat menjengkelkan ada lagi bug dibagian save, file backup save yg hilang walaupun kita selalu melakukan save game membuat ku kehilangan banyak sekali waktu, overall lebih bagus ARK ASE yang ada di HAPPYMOD karena bug yg sangat sedikit dan jarang dijumpai",Pengguna Google,1,2025-03-24 16:15:30
game ini sangat fantastis,Pengguna Google,5,2025-03-24 15:12:37
bagus kok,Pengguna Google,5,2025-03-24 14:59:23
"so far is very good. but in my case, i'm running ark on Mali GPU but got some lagging while playing. hopefully next update this issue Will fix it",Pengguna Google,5,2025-03-24 12:46:20
aku bakan nya mau marah tapi aku bingung kok aku gak bisa main,Pengguna Google,1,2025-03-24 07:48:58
Tolong server unoficial nya di ada kan kenapa di server nya suka keluar Mulu itu bikin emosi.saya udah top up ehh gamenya ngulang tapi kunci saya ngk ngulang juga haduhh penipuan ini kalo begini tolong game nya banyak cheat di server dan banyak yang pakai cheat bug dupe dan rollback,Pengguna Google,1,2025-03-24 03:51:54
bagus coy,Pengguna Google,5,2025-03-23 21:55:02
bagus lah grafik nya mayan,Pengguna Google,5,2025-03-23 20:24:12
gua jugak mau main tapi hp kentang baru di layar awal udah patah patah heheheh gua berharap si game Ark ini di bikinin grafik yang bisah buat hp kentang gitu biar kita yang hp kentang tu bisa ngerasain main jugak,Pengguna Google,4,2025-03-23 17:42:31
hp baru gue main game ini,Pengguna Google,5,2025-03-23 17:12:25
"Gak jelas,setiap main fc baru loggin fc terus ada tulisan ""something wrong"" padalah ini GAME bagus loh tapi kok malah jadi kayak gini tolong devoloper diperbaiki bug seperti ini biar aku juga bisa main lagi",Pengguna Google,1,2025-03-23 17:01:43
gamenya bagus akhirnya agak sedikit gak nglag lagi,Pengguna Google,5,2025-03-23 14:50:19
lah kok gua ga bisa masuk yah padahal ram gua 8,Pengguna Google,1,2025-03-23 11:04:54
game nya tidak ramah untuk pengguna hp spesifikasi rendah jadi tolong buatkan fitur untuk pengguna hp spesifikasi rendah seperti kami.,Pengguna Google,1,2025-03-23 06:49:52
force close,Pengguna Google,1,2025-03-23 04:46:36
"I've been playing Ark since 2019 until now since Ark Update My cellphone doesn't support Ark, Ark is my favorite game for a long time",Pengguna Google,5,2025-03-23 02:31:42
"tolong saat offline sudah membeli barang tetapi tidak ke deteksi, biar mempermudah agar ngga online terus",Pengguna Google,4,2025-03-22 12:00:47
tidak bisa di buka + force close sendiri,Pengguna Google,1,2025-03-22 10:15:42
tida bisa di maini,Pengguna Google,1,2025-03-22 08:41:26
pas masuk hp saya mati nyala,Pengguna Google,1,2025-03-22 07:50:41
semoga update selanjutnya bisa di tambah kan hewan yg baru seperti naga atau semacam,Pengguna Google,5,2025-03-22 06:16:07
ok,Pengguna Google,5,2025-03-22 04:29:00
masih leg pas main,Pengguna Google,1,2025-03-21 15:28:59
very good,Pengguna Google,5,2025-03-21 14:24:22
game aneh kagak bisa masuk udah capek ngabisin data buat download eh malah gak bisa masuk benerin dong developer an***,Pengguna Google,1,2025-03-21 09:18:56
gem gakbisa di mainin,Pengguna Google,1,2025-03-21 07:53:01
gemnya seru tapi dapetin telurnya sulit ya bagaimana tapi seru gemnya,Pengguna Google,4,2025-03-21 07:44:51
decrease the lag pls,Pengguna Google,5,2025-03-21 05:36:40
"kenapa ga bisa masuk terus, padahal hp sudah memumpuni. selalu saja saat masuk ga lama keluar sendiri begitu terus.",Pengguna Google,1,2025-03-21 04:59:10
good game,Pengguna Google,5,2025-03-20 22:13:11
tolong kembalikan ARK yang dulu saya tidak suka dengan ark yang sekarang,Pengguna Google,3,2025-03-20 13:49:27
game ini sangat buruk download nya lama dan desain nya sangat buruk sekali,Pengguna Google,1,2025-03-20 12:24:20
"game yang aku tunggu sekian lama, sangat banyak peningkatan dari versi ark mobile yang lama, walau masih ada beberapa bug tapi kami yakin team bekerja sangat keras untuk menyempurnakan game ini kedepannya, semangat ya dev😉, jangan biarkan komentar miring mempengaruhi semangat kalian, banyak player yang mendukung kalian. my device poco F6",Pengguna Google,5,2025-03-19 21:18:16
its good,Pengguna Google,5,2025-03-19 20:57:42
"aplikasi terus berhenti, mungkin karna layar nya",Pengguna Google,1,2025-03-19 17:06:03
download data nyaa stuck mulu,Pengguna Google,5,2025-03-19 11:16:37
buang2 waktu saya udah unduh tpi pas mau masuk ke game ke luar2 sendiri,Pengguna Google,1,2025-03-19 07:24:36
Dikeluarkan tanpa sebab padahal hp sudah memadai,Pengguna Google,2,2025-03-19 04:07:20
Gamenya aneh cuma ngendaliin burung dodo doang,Pengguna Google,1,2025-03-18 21:41:07
sangat ngeleg dan grafiknya Majapahit,Pengguna Google,1,2025-03-18 20:01:32
"Kenapa server waterskin sering ngilang sih,udah gitu server yang lain juga tolong perbaiki gamenya balikin server yang udah hilang kami udah berusaha keras buat taming giga,reaper,rock golem,trex,spino,dan megalosarus tolong semoga -servernya cepat kembali",Pengguna Google,2,2025-03-18 19:48:04
game ini bagus sekali cocok dan seru sekali ini menarik bagiku Bruce game ini zaman dulu terus kita boleh menemui hewan-hewan yang berbahaya terus mengerikan terus game ini macam-macam cantik sekali pokoknya boleh bikin rumah atau kalahkan pada akhir survival yang dibayar cantik semua pokoknya memang tidak ada yang dikurangkan,Pengguna Google,5,2025-03-18 18:31:56
seru kalo lagi gabut dan gak punya kuota,Pengguna Google,5,2025-03-18 17:01:25
Gk bisa di buka,Pengguna Google,1,2025-03-18 11:52:22
Mantap akhirnya devnya dengar,Pengguna Google,5,2025-03-18 06:29:13
Yes akhirnya poco x6 pro udah bisa mwehehehe,Pengguna Google,5,2025-03-18 04:20:19
gamenya rusaaaaaak,Pengguna Google,1,2025-03-17 22:20:23
Sebaiknya hp kelas bawah grafis nya di setting menjadi low supaya tidak mengalami lag yang terlalu parah,Pengguna Google,4,2025-03-17 19:10:42
Sangat mantap grafiknya. Hampir sama seperti di PC. Tetapi masih cukup banyak bag. Seperti Grifia masih bag. Selamat berjuang membangun ARK UME agar mebih baik nantinya.,Pengguna Google,5,2025-03-17 15:41:32
Ko aku tidak bis login ya,Pengguna Google,1,2025-03-17 12:08:54
Aku tidak bisa download mohon perbaiki bug ini di samsung tidak bisa di download aku ingin memainkan nya,Pengguna Google,1,2025-03-17 06:19:06
Fc sendiri blm masuk game udh fc,Pengguna Google,4,2025-03-17 01:50:48
game terlalu berat mohon untuk diperbaiki lagi buat spek bawah,Pengguna Google,2,2025-03-17 01:10:55
"apaan ini,, di remake malah sering FC.padahal sebelum di ubah jadi ark ume ga layar hitam+FC aneh PERBAIKI SISTEM GAMENYA AGAR SEPERTI DULU. MASA HP KOMPLITABE MEMORY MASIH LONGGAR CHIPSET OK LAH,,, TAPI PAS LOGIN LAYAR HITAM+FC(FOR CLOSE). hp saya Samsung galaxy a20 ,, yang tau caranya tolong buatin di YouTube...",Pengguna Google,1,2025-03-16 23:10:47
baguss,Pengguna Google,5,2025-03-16 23:10:18
Rumah gw di maling mulu,Pengguna Google,5,2025-03-16 22:16:09
lagging on samsung a32,Pengguna Google,4,2025-03-16 13:19:49
"Tiba Tiba Map Terhapus Sendiri Padahal Sudah 81 day,gak tau kenapa tiba tiba hilang cuman pas pagi login Map Tiba Tiba Ngulang Day 1 dengan karakter Map Day 81. mana Back up save Gua Jauh Lagi jadi males banget.. Tolong Perbaiki Bug Rhyognata tidak bisa mengikuti player.....",Pengguna Google,1,2025-03-16 11:03:09
game tidak bisa di main kan karna itu membuat saya kesal dengan game ini,Pengguna Google,1,2025-03-16 10:13:09
kenapa di hp saya sering forclose ya? padahal yang versi lama gak suka force close.......,Pengguna Google,1,2025-03-16 09:09:59
grafiknya bagus banget terus habis itu di nyonya juga kayak asli,Pengguna Google,5,2025-03-16 08:30:52
Bagus si bagus tapi sejak kapan pass download data harus sambil main sih apa lagi sering ngelag pass gerakin dodo nya tolong lah diganti cara download data nya biasa aja kagak usah ada fitur mainnya plssss gw cuma mau main ark plsss,Pengguna Google,2,2025-03-16 06:07:53
Download data nya banyak banget 3 GB lebih loh lebih banyak dari ARK survival evolved🤬,Pengguna Google,1,2025-03-16 05:51:27
"Dari segi grafik dan tampilan dll sudah bagus dan dari segi item/fitur sudah lengkap dari sebelumnya, tapi di sisi lain HP jadi lebih mudah panas btw HP yg saya gunakan Poco F6 12/512 entah jadi cepet panas karena apanya saya kurang paham, tapi sejauh ini maen game lain seperti Efootball/HOK grafik high/paling kanan aman hanya maen Ark HP jadi panas",Pengguna Google,4,2025-03-16 05:15:09
Keluar keluar sendiri,Pengguna Google,1,2025-03-16 04:32:00
Keluar sendiri🙏🙏 maaf tolong di perbaiki.aku sampai putus asa karna ini.tolong di lihat ya 😉,Pengguna Google,1,2025-03-15 21:24:31
game bagus sih sebenarnya. cuma pakyer geratisan kayak gak ada harapan 🤣🤣🤣 main server. klo main solo okelah. itu pun sulit sih klo gak beli gc.,Pengguna Google,4,2025-03-15 19:56:53
Bisa di download tapi pas mau masuk ngecrash Mulu(hp support padahal),Pengguna Google,1,2025-03-15 19:55:40
datang kesini karena ada alasan: -game tetap ngelag meski setting rata kiri -sering force close dan dll tapi sisi positive nya game ini tetap is da best ggs,Pengguna Google,4,2025-03-15 19:28:58
Sangat seru bisa menjelajahi para dinosaurus,Pengguna Google,5,2025-03-15 17:41:12
game sangat bagus,Pengguna Google,5,2025-03-15 12:24:20
Good,Pengguna Google,5,2025-03-15 12:22:52
Tolong untuk grafik yang low lebih di turunin lagi! dan banyakin opsi lain. Tahun kemaren masih bisa main game ini tapi sekarang udah low pun masih patah patah.,Pengguna Google,2,2025-03-14 23:52:51
Game bagus punya nambakan pannah bius/peluru bius,Pengguna Google,5,2025-03-14 20:02:02
"Ini saya udah Download tapi gabisa masuk gamenya ini gimana ya? Tolong dijawab atau memang ngga support, saya udah pengen banget main soalnya",Pengguna Google,1,2025-03-14 17:46:32
Gem yang bagus tapi biasa nya gak bisa login,Pengguna Google,3,2025-03-14 15:25:03
Game ya bagus tapi sayang patah2 dan leq hp ram 8gb🤣🤣,Pengguna Google,1,2025-03-14 11:49:59
Ini game lebih susah dibanding ark survival evolved terus cara ngendalikinya agak susah,Pengguna Google,3,2025-03-14 10:57:33
Banyak dino yang harus di teming,Pengguna Google,5,2025-03-13 17:44:35
Meskipun aku belum main gem ini aku kasih bintang 1 karna aku sesudah download udah 100persen kok masih enggan muncul muncul gem nya lalu aku download lagi lah sama saja ini hp ku atau gem ya nik padahal udah 100 persen ini tolong di perbaiki,Pengguna Google,1,2025-03-13 15:31:17
"Terlalu lag tolong perbaiki agar kita bisa bermain dengan lancar seperti di Ark yang dulu, grafik low-hight sama saja tidak ada perubahan dari segi kelancaran",Pengguna Google,1,2025-03-13 15:16:09
2 kali download baru bisa di instal..rugi paket aku,Pengguna Google,1,2025-03-13 15:13:06
Please mb nya kurangin jadi 1.4 soalnya ngelag sama bikin kibble nya juga makanya mempermudahkan ya terus jangan bikin glich Soalnya itu ngelag banget gbnya kurangin plis biar bisa lebih enteng dimainin,Pengguna Google,3,2025-03-13 14:50:57
"Mohon untuk developer nya ini sedikit di permudah untuk liat torpor dino nya,kalau make magnifyng glass harus deket banget, itu susah, juga kalau bisa di resourch atau item nya di gabung jadi satu seperti di pc karna terlalu banyak item kalau di pisah,tolong juga kurangi jumlah kunci untuk membeli cryopod nya 1000 terlalu berat untuk di cari setidak nya 800/700 saja",Pengguna Google,4,2025-03-12 23:15:21
Lag banget,Pengguna Google,1,2025-03-12 20:13:18
"Sudah sangat baik, tapi tolong perbaiki masalah dimana artifacts tidak spawn di map ragnarok dalam PVE, saya mengalami masalah di hal tersebut",Pengguna Google,5,2025-03-12 12:04:32
"Kenapa ga bisa masuk kedalam game, masuk game PUBG bisa kenapa masuk game ini ga bisa 🗿🗿🗿",Pengguna Google,1,2025-03-12 09:39:58
Saat sudah di download saya tidak bisa masuk ke dalam game ark jadi saya uninstall,Pengguna Google,1,2025-03-11 16:47:14
Woi game ini keren banget nih,Pengguna Google,5,2025-03-11 14:21:40
Punyaku masih lag dan suka for close sendiri padahal di game aku udah turun kok masih naik jadinya mati terus,Pengguna Google,5,2025-03-11 13:07:43
Sangat sulit perintah dino nya kurang peka,Pengguna Google,5,2025-03-11 12:36:26
very bad optimization,Pengguna Google,1,2025-03-11 12:20:48
Taik lah cuma bisa didownload gk bisa dibuka.,Pengguna Google,1,2025-03-11 11:32:00
"please fix bug key. i do payment for chip price, then i got triplet key 🗿 the beast best 👍👍👍👍👍",Pengguna Google,5,2025-03-11 07:29:58
Masih banyak bug banyak resource seperti batu yang tak kasat mata di pinggiran pantai,Pengguna Google,3,2025-03-11 01:54:07
Terbaik 👍,Pengguna Google,5,2025-03-10 23:30:07
karna tidak bisa login saya kecewa berat,Pengguna Google,1,2025-03-10 22:34:22
Game nya tolong benerin biar engga ada misi burung dodo susah,Pengguna Google,1,2025-03-10 21:23:29
Awal di menu bagus tapi pas main layar bug warna warni sama suka crash dari ark jadi mohon untuk si pembuat agar di revisi ulang,Pengguna Google,3,2025-03-10 20:47:01
"Tolong perbaiki masalah bug pada mutasi warna dino breeding, kenapa setelah login kembali warna mutasi dinonya menghilang",Pengguna Google,1,2025-03-10 14:16:51
Sering keluar sendiri,Pengguna Google,1,2025-03-10 12:38:17
Download data nya sangat lama,Pengguna Google,5,2025-03-10 11:54:24
Bisa gak sih kalau disuruh download file dausah sambil main hape ku ngelag banget sampai gak bisa ambil beri ngapain juga kasih game2 gajelas di download file malah makin ngelag,Pengguna Google,1,2025-03-10 10:29:53
Saya suka dengan gameplay nya juga grafik nya bagus hampir mirip yang di PC dan cara taming dinonya lebih mudah,Pengguna Google,5,2025-03-10 09:37:57
Very laggy and the sleep feature is removed,Pengguna Google,1,2025-03-10 05:02:47
Loadingnya terlalu lama,Pengguna Google,1,2025-03-09 21:33:48
"apasi asu , Napa harus download data segala ,dlu gada downloadnya , lama lagi download nya bgst",Pengguna Google,1,2025-03-09 20:47:04
guud,Pengguna Google,5,2025-03-09 18:02:15
"Untuk game udah bagus saya suka tema berpetualang bersama para dinosaurus. Namun akhir akhir ini saya mengalami bug pada aksi whistle. Saat saya memilih opsi whistle follow all dan juga stop all, tidak ada dino yg mau menurut meskipun sudah ku taming. Oleh karena itu saya harus menggunakan opsi whistle follo (one) dan stop (one) agar dinoku dapat menuruti perintah. Menurut saya bug ini cukup merugikan tolong segera diperbaiki agar pengalaman bermain para player lebih menyenangkan. (Single mode)",Pengguna Google,4,2025-03-09 12:13:51
"I love every ark game, but can you make the grafik even lower so the game was playebel for any device (the game is to laggy)",Pengguna Google,2,2025-03-09 09:35:55
Baguss banget mirip kaya di PC,Pengguna Google,5,2025-03-09 09:17:50
Ini game sangatlah keren cuy,Pengguna Google,5,2025-03-09 09:02:53
ganti aja grafik nyaa itu susah banget buat di mainin suka keluar keluar sendiri mending grafik yang lama aja,Pengguna Google,1,2025-03-09 08:37:24
"Kukira game nya crash ternyata enggak, bagi ku game ini top dahh seru keren grafik nya hd mantap dahh👍sedikit saran untuk update kedepannya tolong tambahkan angka damage saat ngehit plisss banget semoga di tambah kan",Pengguna Google,5,2025-03-08 21:02:53
Kenapa ya di hpku pas masuk gamenya keluar sendiri😞,Pengguna Google,1,2025-03-08 20:06:08
lagging,Pengguna Google,1,2025-03-08 18:22:38
"game nya seru banget pas aku donload udah gak sabar banget cuma pas masuk game nya kok kayak ada mini games gitu sambil nunggu masuk ke game nya, cuma mini games nya susah banget jadi aku gak bisa masuk game deh",Pengguna Google,2,2025-03-08 16:07:53
Buang buang waktu,Pengguna Google,1,2025-03-08 12:27:18
Game apa ini ko ga bisa masuk masa harus download risospek lagi,Pengguna Google,1,2025-03-08 11:25:54
Game yang detail sekali dan seru untuk di mainkan,Pengguna Google,5,2025-03-08 07:47:43
Hd bgt tapi kontrol yg sekarang susah,Pengguna Google,4,2025-03-08 05:14:55
Kerenn,Pengguna Google,5,2025-03-08 00:08:08
GAUSAH DOWNLOAD!!!,Pengguna Google,1,2025-03-07 23:56:54
Keren,Pengguna Google,5,2025-03-07 22:12:24
Kerennn,Pengguna Google,5,2025-03-07 22:05:31
Bagus banget grafik nya kayak isekai,Pengguna Google,4,2025-03-07 21:37:30
Nice,Pengguna Google,5,2025-03-07 15:16:40
Saya tak tahu harus bagaimana dengan menggunakan metode bermain,Pengguna Google,5,2025-03-07 14:59:44
Gamenya udah bagus tapi kurang enak di mainin karna kebanyakan fitur gak guna yang harus di beli tapi kita tetap di suruh buat download resource yang gak kepake,Pengguna Google,2,2025-03-07 14:39:33
Nice game,Pengguna Google,5,2025-03-07 13:00:40
killer time best gams ever,Pengguna Google,5,2025-03-07 11:49:33
Versi lama lebih enak di mainin,Pengguna Google,3,2025-03-07 07:29:38
Tolong di optimalkan untuk mediatek g96,Pengguna Google,1,2025-03-06 21:48:17
Buatkan yang versi lite ultimate mobile edition nya yang versi lite tolong buatkan semua HP belum akses buatkan yang lite biar semua biar semuanya bisa oke itu saja,Pengguna Google,5,2025-03-05 20:04:05
"Hm. sayang sekali game ini terlalu berat untuk dimainkan di hp standar, padahal bagus gamenya aghk",Pengguna Google,2,2025-03-05 19:48:49
make it support mouse and keyboard plz,Pengguna Google,4,2025-03-05 17:38:40
Saya tidak bisa memainkan game ini,Pengguna Google,1,2025-03-05 11:45:38
good,Pengguna Google,5,2025-03-05 09:54:56
Padahal saya suka mainin tapi sering keluar mulu,Pengguna Google,3,2025-03-05 08:29:49
Gk seru gara gara game nya HP ku ngeblank untung aja selamat,Pengguna Google,1,2025-03-04 23:06:23
Game lag kurang jelas disuruh cari GB banyak gak ada otak dipikir gampang nunggunya gak ada otak kau buat game ambil nih bintang 1,Pengguna Google,1,2025-03-04 21:06:35
Ga bisa di mainin pas masuk malah keluar,Pengguna Google,1,2025-03-04 20:21:05
"grafik: bagus bgt untuk sekelas game hp control: agak kureng ga bisa di atur creature: uhhhh banyakk beut overal: b4 dlu karna gamenya masih kureng soal perbaikan banyak yg komplen dan soal bug di game nya. menurut gw yg komplen gegara crash atau lag menurut gw itu salah hp atau perangkat yg dia gunain yg kurang mumpuni buat main ark, gw main ark rata kanan aman aja ga pernah crash atau patah patah mungkin karna hp gw mumpuni buat main ark",Pengguna Google,4,2025-03-04 16:56:09
Dinonya banyak sih tapi ngelag,Pengguna Google,4,2025-03-04 14:24:16
Game nya bagus grafik bagus tapi lek jadi tolong di perbaiki,Pengguna Google,5,2025-03-04 11:42:58
Force close di sg 680,Pengguna Google,1,2025-03-04 10:56:50
Gamenya sangat bagus karena ada dinosaurus dan grafiknya bagus,Pengguna Google,5,2025-03-04 09:46:56
Burik,Pengguna Google,1,2025-03-04 09:19:26
Aku download tapi pas aku masuk malah keluar,Pengguna Google,1,2025-03-03 18:48:24
"Kenapa saat bermain ark waktu login layarku menjadi warna warni / kresek""",Pengguna Google,3,2025-03-03 11:28:28
Setelah update game nya makin berat lebih baik yang dulu dari pada yang sekarang,Pengguna Google,3,2025-03-02 14:06:12
"Kenapa abis update malah download 3GB lagi di dalam seperti awal download dulu, jadi malas main nya",Pengguna Google,2,2025-03-02 08:59:44
Gamenya bagus banget mudah-mudahan ini semua game judulnya gratis,Pengguna Google,5,2025-03-02 08:06:22
Bagus sih cuma susah dapetin telor taming dino agak susah dan Giganotosaurus paling serem paling kuat no debat gak ada yang bisa kalahin kalo mau monster lain sih reaper aja sih walau pun tamingnya susah,Pengguna Google,4,2025-03-02 06:49:15
Gak bisa di buka,Pengguna Google,1,2025-03-02 06:45:57
Game kontoI gak jelas,Pengguna Google,1,2025-03-01 23:11:07
Game jelek sangat tidak stabil dan developer sangat tidak memperhatikan kenyamanan pengguna ponsel untuk bermain game ini dari segi konsep memang sangat bagus tapi ke stabilan saya lebih suka ark dlu skrg ark nya sangat tidak nyaman untuk di main kan,Pengguna Google,1,2025-03-01 20:47:22
Masapas. Lagi. Main. Ko. Palah. Keruwal. Dari. Gem,Pengguna Google,1,2025-03-01 18:26:19
"banyak bugnya sama telur dino liarnya ngga ada yang ngedrop emang katanya drop ratenya kecil cuman ga nyangka sampe ga ada sama sekali, ya ssya ga tau juga mungkin yang lain ga atau sistemnya yang beda tapi tolong drop ratenya ditingkatkan lagi telurnya, saya buat kibble di ark survival gampang karna nemuin telur dinonya mudah yang liar aja banyak kalau ini susah banget",Pengguna Google,3,2025-03-01 15:57:02
Beda sama gambar,Pengguna Google,1,2025-03-01 10:33:16
Sangat patah,Pengguna Google,1,2025-03-01 09:24:40
Please add frame rate settings,Pengguna Google,4,2025-03-01 09:13:47
Tak bagus screen menjadi kecil,Pengguna Google,1,2025-03-01 09:10:12
Saya tidak bisa masuk ke dalam apk setiap masuk keluar sendiri atau for close Tolong di perbaiki terima kasih 😀😀😀,Pengguna Google,1,2025-03-01 07:49:53
it's a good game they just have bad phone,Pengguna Google,5,2025-03-01 07:03:12
"Gamenya udah bagus,tapi tolong developer untuk memperbaiki lag yang ada,agar bisa bermain dengan lancar,itu saja,sekian terima kasih Speak engglish: The game is good,but please developer to repair the existing lag,so they can play smootly,that's all and thank you👍",Pengguna Google,5,2025-03-01 06:19:53
Save datanya ngebug,Pengguna Google,5,2025-03-01 00:27:48
"Untuk game nya bagus tapi untuk bug yang nyusahin kayak save nya tolong dibetulkan,soal nya pas selesai ekspor map aku kan ke base nah pas aku save terus main lagi eh malah balik pas aku nge ekspor map jadinya aku mati karena spawn ny di rawa yang banyak buaya, Kejadian ini udh 3× aku lama lama jadi bosen.",Pengguna Google,5,2025-02-28 21:54:06
"Ga bisa download data di game nya bego,kenapa ga di playstore aja sekalian",Pengguna Google,1,2025-02-28 18:36:23
"Tolong, suply drop diperbaiki lagi biar tidak tembus tanah, batu, dll.",Pengguna Google,4,2025-02-28 18:07:52
Waw keren sekali👍👍,Pengguna Google,1,2025-02-28 16:13:35
Update New Dino,Pengguna Google,5,2025-02-28 14:42:13
Seru bisa bikin pasukan raptor,Pengguna Google,5,2025-02-28 14:32:54
Ga bisa masuk ke game nya ini game tolol ya adik2,Pengguna Google,1,2025-02-28 12:49:19
"Teruntuk developer tolong perbaiki gamenya lagi, saya sudah mendownloadnya namun game tak bisa di masukkan, tolong perbaiki gamenya ya 🙏",Pengguna Google,1,2025-02-28 10:17:16
lag,Pengguna Google,5,2025-02-28 10:04:22
"Gamenya udh seru grafik juga udh mantap dan gameplay yang menarik,dalam game survival ini kita dapat bebas melakukan apa saja mulai dari ngebuild rumah,ngetame dino dan lain-lain serta game yang bisa dimainkan dalam permainan online ataupun offline yang begitu menghibur para pemain.🙂 Semoga developer selalu sehat dan semangat dalam mengembangkan gamenya.🙂",Pengguna Google,5,2025-02-28 08:34:14
Ketika gw mau masuk gamenya malah ada tulisan aplikasi telah berhenti padahal androind gw 10,Pengguna Google,1,2025-02-28 08:26:14
game yang sangat seru dan menarik,Pengguna Google,5,2025-02-27 21:22:49
"Apa apaan ini, sebelumnya Saya sudah mendownload data tetapi setelah mengupdate malah disuruh update lagi",Pengguna Google,1,2025-02-27 16:16:50
WAAAAA GAMENYA BIKIN EMOSI SUDALAH LEG PUTUS PUTUS SAMPAI KELUAR BIKIN EMOSI LAH,Pengguna Google,1,2025-02-27 14:00:40
Ribet pake harus download download segala,Pengguna Google,1,2025-02-27 10:50:46
"Bung, dari pada mendownload data di dalam game kno gk sekalian di play store kan lebih efisien, gua yg udah nunggu lama buat download 1,6 gb eh malah disuruh download lagi.... Belum main aja dah malas apa lagi kalau main",Pengguna Google,1,2025-02-27 10:36:28
"Baru di download udah force close aja 😑 Jgn didonlod kalo device kalian mid end, buang2 kuota doang",Pengguna Google,1,2025-02-27 07:58:32
sebenarnya sih ya bagus tapi mengapa t rex ku tidak bertelur padahal mereka female,Pengguna Google,5,2025-02-27 05:04:40
good lebih dikembangin oagi,Pengguna Google,5,2025-02-27 02:14:03
Untuk HP vivo sangat tidak lancar semoga next update HP vivo bisa lancar,Pengguna Google,1,2025-02-26 21:46:11
Too Lagging,Pengguna Google,1,2025-02-26 21:43:56
Berat untuk HP chipset mediate khelio g99 atau setara gausah berharap lancar bakal lag. Gw udah coba.,Pengguna Google,3,2025-02-26 20:36:26
Hd banget 😃👍👍👍,Pengguna Google,5,2025-02-26 14:00:10
I LIKE,Pengguna Google,5,2025-02-26 13:26:24
"Aplikasi nya sudah bagus sangat lancar di ponsel POCO f6 saya, Saran saya, untuk pengaturan visual low, itu benar-benar di buat ringan seperti efek yang memberat kan dihilangkan seperti cahaya, blur dan lain lain seperti visual ARK yang sebelumnya, saya yakin jika visual low itu seperti ARK yang lama, pasti ponsel kelas Menengah mampu memainkan ARK baru ini, maka dari itu hilang kan lah semua efek visual pada pengaturan Low. Itu saja saran dari saya, biar pengguna ponsel Menengah bisa bermain.",Pengguna Google,5,2025-02-26 10:15:46
Talong kalo update tambahin teks demage dong,Pengguna Google,5,2025-02-26 06:26:32
Gamenya sangat bagus,Pengguna Google,4,2025-02-26 05:52:57
Please add floating damage text,Pengguna Google,3,2025-02-25 20:39:11
Gabisa masuk malah keluar,Pengguna Google,1,2025-02-25 20:10:20
Perlu perbaikn yng bnyak... Stiap d buka langsung kluar sendri,Pengguna Google,1,2025-02-25 19:08:11
Halo depeloper ARK UME bagaimana bisa GOD CONSOLE DAN MAP yang sudah saya beli hilang dan harus beli lagi. Sedangkan di penjelasan GOD CONSOLE DAN MAP itu jika sudah di beli bisa di gunakan secara permanen? Apakah depeloper melakukan penipuan di dalam game. Saya suka bermain GAME ini tapi jika terjadi seperti ini sangat mengecewakan. Saya sangat keberatan. Mohon di perbaiki atau kembalikan kerugian saya. Terimakasih tolong di respon,Pengguna Google,5,2025-02-25 18:32:22
"Hi developer, can you improve the game graphis soo we're (mobile Player) can play your game without any problems like lag and others.",Pengguna Google,4,2025-02-25 14:42:59
Game bagus tapi masih banyak kekurangan dalam hal optimisasi,Pengguna Google,5,2025-02-25 00:56:03
Game yang memuaskan,Pengguna Google,5,2025-02-24 21:04:35
Menurut gw giganya banyak banget banyak game gw dihapus padahal gw udah pake wifi loh tapi gamenya bagus sih itu menurut gw ya,Pengguna Google,4,2025-02-24 20:24:46
Suka cepat taming cepat selesai delloer🩷,Pengguna Google,5,2025-02-24 19:55:36
"Game ark setengah ini lumayan lah. Meski aku main agak susah dan lag dikit tapi tetap mantap🤌, Lumayan tapi ini iseng aja karena aku dah ada ark di PC Yang real.",Pengguna Google,4,2025-02-24 19:29:07
Lebih optimalkan grafis dan fps mungkin pada hp menengah dan low end mungkin saya kasih bintang lebih bagus jika sudah di optimalkan,Pengguna Google,1,2025-02-24 18:25:13
"game yang sangaat menantang, saya suka itu",Pengguna Google,5,2025-02-24 18:23:50
game ini harus mengunduh filenya yang membuat saya malas menunggu,Pengguna Google,1,2025-02-24 18:21:19
perbesar ukuran font di atas kepala dino soalnya kekecilan nggak bisa ku baca aku mines kesulitan untuk baca susah kalau mau baca teks informasi tentang dinonya,Pengguna Google,3,2025-02-24 17:16:44
I CAN'T PLAY THIS GAME BECAUSE IT'S SO BREAKING,Pengguna Google,1,2025-02-24 16:23:45
"mengapa grafis ark nya di ganti tidak seperti dulu bahkan untuk texture saja terlalu detail tidak seperti ark yang dulu,pemain yang memainkan game ini juga tidak mungkin semua hp nya di atas rata rata bahkan saya saja menggunakan hp dengan chipset snapdragon 6 gen 1 saja tetap lag entah kenapa di ubah padahal ark yang dulu saja saya jarang merasakan lag",Pengguna Google,1,2025-02-24 15:37:20
Lag Banget HP ku infinix 40 pro aja lag,Pengguna Google,4,2025-02-24 13:55:48
"Max pro m1,,,ga bisa maen ga usah download",Pengguna Google,5,2025-02-24 07:11:41
"Game nya bagus, cuman tolong tambahkan mode survival biasa yg ga ada ivent apapun jadi bikin gamenya tambah realistis.",Pengguna Google,5,2025-02-23 19:11:51
"The gameplay is good i like it i play it everyday, but 5 minute ago i died by direwolf at north zone then i uninstall this game, I have 5 cryopod(I didn't buy ark pass) 1 yuty 5 rex 1 therizino",Pengguna Google,4,2025-02-23 18:36:59
Pengen download tapi versi gak kompetable ini game impian ku kalo aku udah ganti device ku download ni game dan tamattin kalo kalian setuju versi 12 dibolehkan untuk download ni game buat ulasan ni berguna biar developernya notice ulasan ku🙃🙃,Pengguna Google,5,2025-02-23 15:35:46
Game ark gak Bisa dimain kan karena perangkat HP aku gak bisa menahan gerapik Game ark nya,Pengguna Google,1,2025-02-23 14:31:46
Anjai lama nunggu tp ga bisa di mainin,Pengguna Google,1,2025-02-23 14:23:08
Game ini tidak bisa di dowload,Pengguna Google,1,2025-02-23 11:26:05
The game is good but still lags a bit so please optimize it,Pengguna Google,5,2025-02-23 06:16:18
Bagus kalau bisa,Pengguna Google,4,2025-02-23 01:43:50
Gamenya bagus,Pengguna Google,5,2025-02-23 00:05:40
Gak bisa masuk Tiba-tiba aja keluar sendiri,Pengguna Google,1,2025-02-22 23:21:26
"Bug paling bug grafik sisanya bagus, nanti gw rate lagi kalo dah upgrade device 😁 (belasan fps jir)",Pengguna Google,4,2025-02-22 19:58:09
"Mending lu benerin dulu deh gamenya, gimana caranya supaya gamenya gak mudah di hack, lu tau gak hacknya itu laris dengan harga $60 - $90 coba aja lu mau bikin game ini lebih kokoh pasti ark pass dan keys yang lu tawarin di toko lebih laku daripada hack/cheat, ngotak dikit bisa lah ya🫵🧠, bikin game tuh gak usah setengah setengah.",Pengguna Google,1,2025-02-22 10:21:02
Best,Pengguna Google,5,2025-02-22 07:29:22
good game🪿,Pengguna Google,5,2025-02-21 20:10:06
GK bisa download data lama,Pengguna Google,1,2025-02-21 14:55:07
Game kelamaan download data,Pengguna Google,1,2025-02-21 12:58:13
Game nya nyuruh download data 1tahun,Pengguna Google,1,2025-02-21 12:54:34
"game babi isinya cuma bug & UI nya di ubah jadi kaya sampah , yang mau download liat rating aja dulu. sayang kuota karena size-nya gede",Pengguna Google,1,2025-02-21 06:57:13
lag problem,Pengguna Google,2,2025-02-21 06:23:57
saya gak bisa beli map ragnarok nie gimana nie cara nya saya mau main map nya nie coba jelaskan selagi saya beli map nya masa bilang nya gak ada koneksi internet padahal jaringan saya lancar aja nie coba jelaskan kepada pihak game,Pengguna Google,2,2025-02-21 04:10:35
Tolong perbaiki bug di map Ragnarok,Pengguna Google,4,2025-02-20 21:39:59
download data nya gak jelas,Pengguna Google,1,2025-02-20 21:27:51
Bagus,Pengguna Google,5,2025-02-20 20:16:26
Nice update,Pengguna Google,5,2025-02-20 20:13:04
Bagus jangan dengerin yang rating jelek itu pendapat mereka dan mungkin kesalahan mereka dalam memainkan gamenya jadi menurut saya ini bagus bagus aja,Pengguna Google,5,2025-02-20 20:00:00
"Semuanya bagus, tetapi apakah rasio layarnya benar-benar seperti itu? Perangkat saya memiliki layar yang panjang dan ada ruang kosong berwarna hitam di kanan dan kiri. Statistik dino nya terlalu kecil, memang seperti itu atau ada yang salah dengan settingan Saya. Saya berharap akan berbeda di update selanjutnya.",Pengguna Google,5,2025-02-20 19:53:00
"Nggak bisa masuk, katanya suruh tunggu buat download survivor tapi lama banget lebih dari 2 jam 😡",Pengguna Google,1,2025-02-20 17:49:44
Gak bisa main langsung keluar sendiri,Pengguna Google,1,2025-02-20 17:19:08
sekarang hp saya tidak kompatibel,Pengguna Google,1,2025-02-19 21:57:48
geme nya bagus kuat di hp teknho,Pengguna Google,4,2025-02-19 16:24:06
bagus sih game ini,Pengguna Google,5,2025-02-19 14:46:13
Pengin main tapi spek hp gw terlalu gahar,Pengguna Google,5,2025-02-19 14:09:27
"Over all sudah bagus, cuma ada sedikit bug pada toggle map, dimana sudah dijelajahi tetapi tetap tertutup, dan tidak ada juga Damage displaynya",Pengguna Google,5,2025-02-19 10:12:37
Setiap update harus mendownload semua data ulang... Langganan yang error uang saya jadi lenyap begitu saja sangat buruk,Pengguna Google,1,2025-02-18 23:03:40
Untuk developer. Tolong tambahkan opsi untuk menghilangkan rumput di game ini karena membuat ponsel saya mengalami lag semoga ulasan saya dibaca🙏,Pengguna Google,3,2025-02-18 16:46:57
Hp kentang maksa main ga kuat nyalahin game nya wkwk,Pengguna Google,5,2025-02-18 14:02:23
"Berat sumpah frame drop patah"" Min, tolong ada perbaikan ,spec hp lumayan tapi grafik rendah pun masih drop, FC lag juga masih update apaan lah hadeh",Pengguna Google,3,2025-02-18 10:26:08
"Sejauh ini game ini sudah cukup baik, kedepannya bisa di tambahkan pengaturan kostumisasi kontrol tata letak, dan saya ingin menyampaikan bahwa pihak developer untuk memberikan pengaturan pilihan fps pada game, saya lebih suka memberikan saran daripada membajak game untuk mendapatkan Consol God, selebihnya terima kasih semoga game ini tambah sukses.",Pengguna Google,4,2025-02-18 07:28:42
Ngestack di 22% pas download data game,Pengguna Google,1,2025-02-18 03:23:14
"sangat bagus, saran untuk menghilangkan bug yg mengganggu",Pengguna Google,5,2025-02-17 20:40:10
loading is very long and boring,Pengguna Google,1,2025-02-17 20:08:20
"ada bug saya naik petranodon selain saya ngak mencet apapun selain buat mengontrol petranodonnya,tiba tiba saya jatuh pada hal saya sedang terbang diatas pohon",Pengguna Google,2,2025-02-17 20:06:59
Bagus bgt bisa pelihara dino dan bikin rumah seru bgt loh kalian wajib dowload guys ya🙇🔥🔥,Pengguna Google,5,2025-02-17 19:59:36
Halo nama guwe Yanto hp guwe panas banget main gem ini padahal buat main emel lancar tolong diper baiki 😅,Pengguna Google,1,2025-02-17 18:09:27
Gabisa diman,Pengguna Google,1,2025-02-17 16:50:16
Saya kasi bingtang 1 dulu karena layar arknya warna warni,Pengguna Google,1,2025-02-17 15:35:26
Saya gak bisa main padahal saya sudah download di suruh download ark survivor dan hp saya leg,Pengguna Google,3,2025-02-17 13:22:40
"Gak bisa multiplayer, Gak bisa bikin server sendiri",Pengguna Google,4,2025-02-17 13:15:07
"Chemistry bench bug, cannot craft absorbent. Rhyniognatha bug cannot follow, cave creature still no respawn",Pengguna Google,1,2025-02-17 10:42:54
Woy 2x update belum bisa ke instal juga ngaco game nya,Pengguna Google,2,2025-02-17 09:11:57
"Saya kasih rating 1,siap instal gamau dibuka,malah keluar sendiri",Pengguna Google,1,2025-02-16 23:44:55
Penyimpanan masih 31 GB tapi tetep patah²,Pengguna Google,1,2025-02-16 14:01:33
"Game nya tak dapat dibuka, nge close terus ,L game",Pengguna Google,1,2025-02-16 11:25:06
Game burik bikin sakit mata,Pengguna Google,1,2025-02-16 11:23:18
"Give render Distance pls my phone so lagging, and just got 10 fps 🗿",Pengguna Google,3,2025-02-16 11:03:43
The old ARK Survival Evolved is better than the current one,Pengguna Google,1,2025-02-16 10:25:00
gaame bagus,Pengguna Google,5,2025-02-16 09:29:11
"Game nya hd tapi sedikit pata""tapi grafik nya bagus dan saya suka",Pengguna Google,5,2025-02-16 06:47:28
"Saya sudah membayar ARK pass untuk kedua kalinya, tapi pada pembayaran kedua, saya sudah mengeluarkan uang, namun masih belum bisa mengakses ARK Pass, tidak bisa membuka map dll.",Pengguna Google,2,2025-02-15 21:23:34
Keren,Pengguna Google,5,2025-02-15 15:14:22
Game bug ga bisa masuk ke game tolong dari developer perbaiki kesalahn ini sangat merugi kan dan game patah patah,Pengguna Google,2,2025-02-15 13:39:35
Gamenya berhenti terus padahal HP udah bagus,Pengguna Google,3,2025-02-15 08:24:27
"In my opinion, Ark Ume is very good to play, even though my cellphone specifications are below Ark Ume's recommendations, but I am very happy to be able to play it.",Pengguna Google,5,2025-02-15 08:15:57
"Keren.... Ini game terberatt yg prnah gw mainin,, favorite bangeet 😇😘😘KLW Klian mw puas main game ini minimal ram 10GB , Snap Dragon 8/9 gen trbaru. Gak worth it Helio G80an",Pengguna Google,5,2025-02-14 22:35:03
Bisa download bahkan tulisannya suport tapi pas buka ark nya malah force close terus sudah coba semua cara tapi tetap gk bisa atau mungkin emg gk suport? HP vivo y20s,Pengguna Google,1,2025-02-14 19:42:32
Game nya bagus dan udah ada dinasaurus baru,Pengguna Google,5,2025-02-14 19:42:31
Login akun ribet harus pake kode 6 digit dan itu aku gk pernah pake kodenya,Pengguna Google,3,2025-02-14 17:32:58
Ark sekarang lebih berat ketimbang versi jauh sebelumnya.,Pengguna Google,2,2025-02-14 16:07:18
"Ga smooth gameplaynya, ga kaya yg sebelumnya",Pengguna Google,1,2025-02-14 15:10:31
Saat bermain hp saya malah bermain game Dodo bukan ark kenapa tolong pembuanya itu dibenarkan ya tidak tau Ita login atau tidak,Pengguna Google,1,2025-02-14 14:08:09
Game ini sangat seru dan saya sangat suka,Pengguna Google,5,2025-02-14 13:54:20
Kok ga bisa main,Pengguna Google,1,2025-02-14 13:00:18
Udah 100% di donload tapi engga bisa masuk,Pengguna Google,1,2025-02-14 10:55:53
nice game,Pengguna Google,5,2025-02-14 02:35:21
Can you please fix the lag,Pengguna Google,4,2025-02-13 22:27:55
Ketika saya sedang download ark tiba tiba pas nyampe 100%malah berhenti download Tan nya dan ada ulasan lain tiba tiba layar ark saya jadi warna hitam saat memulai game nya tolong diperbaiki ya admin ark saya ingin sekali bermain game ark dikarenakan saya dulu sering memainkan nya di PC sodara tapi udh di jual dan adanya ark mobile saya bisa main namun layar menjadi hitam,Pengguna Google,1,2025-02-13 21:32:30
"Ni beneran setiap ada update mau itu kecil atau gede, tetep download data dalam 3gb lebih,",Pengguna Google,3,2025-02-13 21:18:53
Semoga update kedepannya bisa dimainkan di semua Device,Pengguna Google,3,2025-02-13 18:24:44
Dev pls lah gw udah up 4 kali masa harus download file 4 juga ampe bosen gw nunguin semoga up kali ini bagus bisa kuragin lag ampe hape gw mau meledak jadi kali ini gw kasih dulu bintang 2 lah tapi kalo bisa hilangkan download file 3gb gw auto kasi 5 deh jadi semoga kedepan nya tambah bagus lah nih game😮‍💨,Pengguna Google,2,2025-02-13 17:57:45
Force close jir,Pengguna Google,1,2025-02-13 15:09:41
Game bagus,Pengguna Google,5,2025-02-13 13:29:51
"Inventori dodorex, megapithecus, broodmother forcetame gak bisa dibuka setelah close trus buka gamenya lagi",Pengguna Google,1,2025-02-13 09:52:31
Kenapa kita harus main minigame untuk download additional files cok 😭,Pengguna Google,1,2025-02-13 07:59:53
Makin ringan ni sekarang 🤣,Pengguna Google,5,2025-02-13 05:00:49
"Tolong dioptimalkan lagi untuk grafis nya agar hp yang menengah bisa main juga, grafiknya masih terlalu berat apalagi kalo main yang di banyak rumput atau objek seperti hutan, kalo di pesisir masih aman deh, kalo udah bisa diatur dan diturunkan lagi grafisnya baru jadi bintang 10",Pengguna Google,2,2025-02-12 22:53:47
"saya kasi rating 1 dulu karna gameplaynya pata"" padahal udh dibuat low semua terus jarak pandangnya burem jdi gabisa ngeliat apa"" saya kecewa dengan game ini😞 lebih bagusan ark yg versi lama gak pata"" plis tolong diperbaiki lagi grafiknya padahal gua udh pakai handphone yang chipsetnya tinggi lo☹️ tapi masi juga pata"", saya sedih",Pengguna Google,1,2025-02-12 21:50:46
Kok ga bisa masuk ke game jelek bet,Pengguna Google,1,2025-02-12 20:45:22
good game,Pengguna Google,5,2025-02-12 19:48:33
Gamenya macam t4i aku mau main langsung keluar plis lah developer perbaiki bug ini,Pengguna Google,1,2025-02-12 19:24:25
seru,Pengguna Google,5,2025-02-12 19:11:01
Sering bug di save data astaga parah sih ini kalo harus ngulang pas mati,Pengguna Google,5,2025-02-12 17:37:49
"Untuk update sekarang lebih ga enak malah agak berat dari pada yang kemarin untuk next update fix invisible resouce,pengoptimalan pfs dan fix fps drop saat buka inventory dino dan jangan lupa untuk renderingnya di perbaiki karna update yang sekarang lebih ga enak",Pengguna Google,3,2025-02-12 13:21:16
Akhirnya yang di tunggu tunggu rilis juga😍😍😍,Pengguna Google,4,2025-02-12 07:32:41
Tolong lebih di perbaiki lagi masalah bug nya jangan sampai update map mulu tapi bug nya yg di map island tidak di perbaiki.,Pengguna Google,4,2025-02-12 00:07:23
Force close for new update,Pengguna Google,1,2025-02-11 21:03:05
Bagus tapi masih butuh perbaikan,Pengguna Google,5,2025-02-11 20:32:11
"Save savean kacau, bug pohon sama batu invicible, load save data suka korup kayak ga guna save di game ini",Pengguna Google,2,2025-02-11 19:17:27
Ok,Pengguna Google,5,2025-02-11 18:31:43
"Sangat kecewa setelah membeli ark pass tidak bisa digunakan, duitku hilang begitu saja, tidak ada respon yang baik untuk masalah ini, sangat kecewa.",Pengguna Google,1,2025-02-11 17:41:05
"Inii kenapa plis saya beli map ragnarok trs Map aberration yang saya beli jadi terjual lagi dan saya setiap mau main berration harus belii map nya. Kan saya sudah beli, kecewa saya udh beli 100rb lagii",Pengguna Google,2,2025-02-11 16:56:37
"progres saya hilang semua padahal sudah saya save data sebelum off,dan lebih parahnya semua dino,base,dan semua resource saya hilang dan gatau kemana,semua hilang seketika dan gaada yang tersisa,ini sebenarnya bug atau gimana ini,tolong la saya sudah mainkan ni game 1bulan lebih dan sudah mengumpulkan resource dan dino"",tapi kenapa bisa hilang begitu saja,apa ada penjelasan? tolong lah ini developer,udah banyak waktu yang saya korbankan buat main ni game,saya kecewa banget si,tolong lah",Pengguna Google,1,2025-02-11 16:37:56
"Ram sudah 6 gb masih tidak bisa untuk main game ini, slow parah main nya, HP poco m3 ram 6",Pengguna Google,1,2025-02-11 16:35:35
Berharap ada awesome spy glass😁,Pengguna Google,5,2025-02-11 13:37:03
Tolong perbaiki masa hp saya g kuat padahal sudah ram 16,Pengguna Google,1,2025-02-11 12:45:57
"Dari segi gameplay sih enak banget, cuman kadang ada bug",Pengguna Google,5,2025-02-11 11:16:51
Nice map Ragnarok,Pengguna Google,5,2025-02-11 11:10:37
I like this game,Pengguna Google,5,2025-02-11 11:06:31
Sudah di download tapi nggak bisa dimainin pas mau dimainin keluar terus,Pengguna Google,1,2025-02-11 10:51:59
The best dev,Pengguna Google,5,2025-02-11 10:31:29
setiap update.mengapa harus download lagi 3GB LEBIH..PEMBOROSAN KOUATA.,Pengguna Google,1,2025-02-11 10:20:25
Lama bet donlod awal gamenya 3gb cok,Pengguna Google,3,2025-02-11 10:14:18
"Kok di HP ram16 patah"" Ya🙏",Pengguna Google,1,2025-02-11 00:49:54
Game nya seru.Ada beberapa bug wajar karena baru kalau ada hp yang gk support terus main game close mulu malah nyalain game woy hp kalian semua yang gk support nabung beli hp baru bukan jelek gamenya,Pengguna Google,5,2025-02-10 23:09:12
Bagaimana cara nya memainkannya pakai keyborad,Pengguna Google,2,2025-02-10 20:18:47
Dear dev can you optimize more for chip helio g99? 🙏,Pengguna Google,3,2025-02-10 20:08:25
Bagus tapi size nya besar,Pengguna Google,5,2025-02-10 18:36:37
LOVE THIS GAME❤️ But i Miss the old one,Pengguna Google,5,2025-02-10 18:12:56
Apa apaan udh download pas di mainin malah force close padahal device udh mendukung,Pengguna Google,1,2025-02-10 17:25:25
gamenya bagus,Pengguna Google,5,2025-02-10 16:44:05
Semangat,Pengguna Google,5,2025-02-10 15:28:13
Sebenarnya apknya bagus tapi pas saya main fps drop sampai ke angka 1 semoga kedepannya lebih baik,Pengguna Google,5,2025-02-10 15:15:42
game nya gak bisa masuk,Pengguna Google,1,2025-02-10 10:24:30
Bug cryopod yang saat ngeluarin dino dari cryopod item barang armor senjata tiba tiba hilang semua tolong di fix bug meresahkan itu,Pengguna Google,1,2025-02-10 07:33:48
Makin lag buat hp mid,Pengguna Google,1,2025-02-10 01:57:40
Lag coy 🗿 kek nya harus divice yg bagus,Pengguna Google,1,2025-02-09 22:00:47
"FPS nya terlalu rendah, biasanya 3 fps atau 9 fps, tolong di perbaiki terlebih dahulu!!!",Pengguna Google,2,2025-02-09 21:43:24
Game nya sangat boros batre,Pengguna Google,1,2025-02-09 21:08:53
I bug icant play game,Pengguna Google,1,2025-02-09 20:31:51
goodgame.,Pengguna Google,5,2025-02-09 18:30:28
Gamenya seru terus ada bayam yang baru tambah semangat main game ark survival walaupun mau masuk gamenya keluar-keluar terus terus kalau mau main nunggu dulu loading 🙏,Pengguna Google,5,2025-02-09 11:49:41
Anjrit 1gb kirain udah full data ternyata masih donlot lagi mini games dodonya bosenin banget lagi,Pengguna Google,1,2025-02-09 10:05:02
Game nya setelah update keluar sendiri.gk bisa login setiap login Keluar sendiri.dulu gk gini,Pengguna Google,2,2025-02-09 09:06:37
Mau main game tiba tiba keluar sendiri gimana mau main. 😭😭😭😭,Pengguna Google,1,2025-02-09 08:03:44
Perbaiki bugnya lah,Pengguna Google,1,2025-02-09 02:07:49
Kenapa gak bisa di pakai di android 13?,Pengguna Google,3,2025-02-09 02:04:05
Tolong developer balikin yang dlu say dlu main ni ga patah patah sekarang malah lagi parahhhhh,Pengguna Google,1,2025-02-08 22:07:07
Jos dah ini game ...,Pengguna Google,5,2025-02-08 21:23:17
Jg dowloat game inih jika kalian cumah punya ram 8 ke bawah soalnya gk mungkin bisah main adah lebih dari 3000 binatang yg busah buat hp kentang jadih kentang bakar sungguhan,Pengguna Google,3,2025-02-08 20:36:59
"trashh, buang kuota",Pengguna Google,1,2025-02-08 19:42:35
engga bisa di mainin aneh udah masuk lepas itu keluar lagi developer di perbaiki dong,Pengguna Google,1,2025-02-08 18:30:59
"Tidak bisa dimainkan, force close sesaat setelah login google play",Pengguna Google,1,2025-02-08 18:02:40
Saya gk bisa masuk ke dlm gamenya,Pengguna Google,1,2025-02-08 16:33:07
lag,Pengguna Google,3,2025-02-08 16:29:45
Game ini sudah bagus tetapi masih banyak bug salah satu bug yg membuat saya susah adalah bug ryhnatha tidak bisa mengikuti walaupun sudah di whitlis follow tetap tidak mau tolong hilangkan bug ini,Pengguna Google,5,2025-02-08 15:39:27
Sayang banget dulu nunggu banget game ini cuman karna keterbatasan device saya jadi tidak bisa memainkannya,Pengguna Google,4,2025-02-08 14:36:38
Layar ku blur,Pengguna Google,1,2025-02-08 12:49:08
Tidak ramah pada pengguna mediatek,Pengguna Google,1,2025-02-08 11:15:35
Nge crash(force close) Mulu GK bisa di mainini,Pengguna Google,1,2025-02-08 11:09:26
Aku tidak bisa login pas mau masuk Keluar Mulu gitu terus ber ulang kali,Pengguna Google,1,2025-02-08 10:07:15
Mantap,Pengguna Google,5,2025-02-08 09:03:54
Gak bisa masuk🥲 padahal pake Nubia Neo 5g,Pengguna Google,3,2025-02-08 00:52:58
Seru tapi tolong kasih toko seperti ark mobile,Pengguna Google,4,2025-02-07 20:27:11
I feel like I wasted my time downloading this game hopefully the update will be better,Pengguna Google,3,2025-02-07 20:19:15
ngelek😅🥲,Pengguna Google,1,2025-02-07 19:47:48
Saat baru main layar nya warna warni Tolong gimana caranya biargak kaya gitu,Pengguna Google,1,2025-02-07 19:44:12
cara mengatasi Force close gimana,Pengguna Google,3,2025-02-07 16:09:14
Cok kok gak bisa langsung masuk harus main game dodo dulu sama susah,Pengguna Google,2,2025-02-07 14:25:08
mantap mirip pc dlcnya juga lumayan,Pengguna Google,5,2025-02-07 11:03:33
frame drop parah padahal hp ga kentang,Pengguna Google,1,2025-02-07 09:31:31
"Lag nya minta ampun, hp ku nak meletup 💥",Pengguna Google,1,2025-02-07 08:32:47
"Sangat lag, mohon turunkan kualitas grafiknya. Hampir semua perangkat android yang saya gunakan semuanya tetap lag. Lebih bagus ark dulu",Pengguna Google,1,2025-02-07 08:31:06
"Berat banget ini game meskipun rata kiri, tapi tetep terbaik",Pengguna Google,4,2025-02-07 07:35:06
"Very good with this edition, but I hope to update it with the new dino",Pengguna Google,5,2025-02-07 06:21:59
Gw sih udah tungguin nih game rilis soalnya game ini gw suka soal taming dino atau mempunyai dino yg populer gitu jadi gw kasih bintang ★★★★★,Pengguna Google,5,2025-02-06 19:12:35
Force Close!...Mohon perbaiki,Pengguna Google,2,2025-02-06 19:09:07
"Masih ada beberapa bug yg mungkin belum ku ketahui, tapi saya sudah pernah merasakan bug yg dimana ketika mengendarai dino tiba tiba dino itu nyerang sendiri padahal tombol serang nya tidak saya pencet. Tapi terimakasih karena telah membuat fitur tidur di ark mobile yg lama kembali",Pengguna Google,5,2025-02-06 16:52:46
Game ngelag terus ini dari game nya yg GB nya besar atau hp ku yang kentang tolong perbaiki Akau gak bisa main,Pengguna Google,4,2025-02-06 16:18:08
"saya make console command untuk spawn dino level gede tapi pas login ulang stat nya malah turun, kalau bisa tambahkan sistem build sesuatu tanpa harus mengambil bahan""nya di storage (pull resource)",Pengguna Google,3,2025-02-06 15:42:51
Saya gabisa masuk ke gamenya setelah Ada tulisan a langsung warna hitam dan keluar,Pengguna Google,1,2025-02-06 14:52:42
Kurang optimal bagi hp spek rendah seperti saya tolong lebih optimal untuk hp ram dan kapasitas rendah terimakasih,Pengguna Google,3,2025-02-06 13:59:28
Bagus,Pengguna Google,5,2025-02-06 13:29:55
I can't say anything.. I am amazed by this game.. I need to fix his character's step voice.,Pengguna Google,5,2025-02-06 13:22:04
"Keep up the spirit, this game is the best",Pengguna Google,5,2025-02-06 11:00:16
Ada bug di Rhynionagtha (tamed) tidak bisa mengikuti pemain,Pengguna Google,3,2025-02-06 02:28:01
Saya tidak suka saat ingin bermain sudah habis waktunya harus bayar jika tidak bayar tidak bisa main menurut saya ini sangat lah merepotkan karena harus membutuhkan uang di dunia nyata,Pengguna Google,1,2025-02-05 20:56:17
"Mantap dah walau versi yg dulu lebih lancar di hp w grafik rata kanan epic, 30 fps ke atas, di versi yg sekarang/yg revamp ini ngeleg bngt pdhal grafik udh di setting makin berat game nya, tapi w salut aja kualitas grafik nya di tingkatan lagi... Dan alhasil w hapus lagi karena ga betah main leg""an👍🏼👍🏼",Pengguna Google,5,2025-02-05 20:22:07
"Kok ga bisa di install di HP aku?, ngestuck di 100%",Pengguna Google,2,2025-02-05 20:14:00
Saya masuk tetapi tiba tiba keluar,Pengguna Google,1,2025-02-05 20:13:52
Min kok poco x6 pro GK kompetibel sama ark ni Tolong di perbaiki,Pengguna Google,1,2025-02-05 19:03:49
dari gamplay dan grafik bagus,Pengguna Google,5,2025-02-05 18:22:33
"Bagus sekali ,walaupun ada bug si pas dulu soalnya tadi map nya atau karakter ku bisa warna hijau semua gak tau gimana ceritanya tapi sudah bagus lah (tambahan update yang saya mau : saya mau ada mod yang ada di ark PC kayak ada deinosecus ) kalau ada alasan gak bisa ya gak apa apa",Pengguna Google,5,2025-02-05 17:13:04
why can't I find even 1 giga,Pengguna Google,5,2025-02-05 16:03:50
Tohapok ga bagus gamenya dari tadi spawn random Mulu padahal dah ada bed,Pengguna Google,3,2025-02-05 14:13:29
👍,Pengguna Google,5,2025-02-05 09:45:39
"to many bug , and this game feel like lil too heavy please repair the problem and i'm gonna give a five star",Pengguna Google,4,2025-02-05 06:45:21
kalo bisa Adain fitur fps biar makin lancar👍,Pengguna Google,3,2025-02-05 06:11:11
Saya tak bisa login,Pengguna Google,1,2025-02-05 05:49:22
"game aneh, bug gabisa login akun google, suka muncul beberapa kali screen yg buat masuk akunnya",Pengguna Google,1,2025-02-05 05:48:17
Kapan game nya support prosesor mediatek,Pengguna Google,4,2025-02-05 01:32:34
kurang bahasa Indonesia nya,Pengguna Google,5,2025-02-05 00:49:56
"Mungkin nanti fitur getar layar pada saat memukul kayu atau batu pakai alat bisa ada lagi seperti ark mobile yang dulu, karena fitur itu berpengaruh besar dengan pengalaman bermain sejauh ini agar tidak terlihat kaku, selebihnya ark ultimate sudah bagus secara keseluruhan",Pengguna Google,5,2025-02-04 21:06:00
Aku kecewa berat sama game ini padahal aku sangat menginginkan game ini tapi realita nya saat saya masuk game saya tidak bisa bermain dan ada tulisan ark terus berhenti,Pengguna Google,1,2025-02-04 21:05:06
Mohon maaf sebelumnya kepada developer. Saya ga sengaja ngaktipin langganan ark pass dan sekarang saya membeli pass dengan otomatis padahal uang nya saya lagi butuh buat sesuatu apakah bisa di batalkan? Mohon tanggapannya,Pengguna Google,5,2025-02-04 20:47:46
Baguss Seperti yang ada di laptop atau PC cumaa agak lag dikit,Pengguna Google,5,2025-02-04 19:32:50
Aku sangat suka game ini sejak dulu tetapi seharusnya game ini harus di optimalkan dan diringan kan agar semua orang bisa bermain game ini tanpa lag dan semua orang bahagia aku sangat berharap kalian bisa membaca ini,Pengguna Google,5,2025-02-04 19:30:18
Geme ini seru,Pengguna Google,5,2025-02-04 18:15:39
good,Pengguna Google,5,2025-02-04 17:01:09
Game survival terbaik di andro tapi masih perlu di kembang kan kaya bisa di tambah mod dll dah itu aja,Pengguna Google,5,2025-02-04 16:36:53
Saya ingin game ini cepat loading file sampai 1 jam dan dan pas baru masuk patah patah gapapa semangat ya,Pengguna Google,3,2025-02-04 16:09:01
"Tolong dulu,ark saya ngelag parah!!!!!!!",Pengguna Google,1,2025-02-04 15:57:01
wow,Pengguna Google,5,2025-02-04 14:34:38
Game sampah bangkrut aja,Pengguna Google,1,2025-02-04 14:00:18
Developer tolonglah jaringanku bagus tapi aku main gamenya patah-patah 😡,Pengguna Google,1,2025-02-04 07:43:59
Terlalu sering forclose.,Pengguna Google,5,2025-02-04 04:58:07
"mohon developer grafiknya di samain seperti ark evolved misal grafik low rumputnya di hilangin, dan tenderingnya di kurangi seperti ark evolved. makasih",Pengguna Google,5,2025-02-03 22:56:36
"Terlalu berat saya sarankan untuk membuat map yang berbeda tidak dalam satu game itu yang membuat game berat dan juga mengalami crash. Permasalan pada di download file yang sudahmemakan banyak waktu, dan juga game tidak optimal, aku harap developer membacanya agar banyak player yang memainkannya.",Pengguna Google,1,2025-02-03 21:47:12
Saya merasa ark survival evolved mobile jauh lebih bagus dan lancar,Pengguna Google,1,2025-02-03 21:37:36
Bagus,Pengguna Google,5,2025-02-03 21:08:32
Game nya tidak seperti dulu lagi sangat berat itu menyedihkan,Pengguna Google,1,2025-02-03 19:58:40
Good,Pengguna Google,5,2025-02-03 17:13:45
Ini adalah game paling bagus di dunia,Pengguna Google,5,2025-02-03 15:28:37
where my arkpass? i'm already pay,Pengguna Google,4,2025-02-03 12:36:04
Tolong lebih di kembangkan lagi 🙏🏻,Pengguna Google,5,2025-02-03 10:00:19
ini dia akirya udah rilis gila nugun ini lama bget dah 2025 rilis pula ni game,Pengguna Google,5,2025-02-03 09:54:25
Balikin ark mobile lama🙁,Pengguna Google,4,2025-02-03 05:53:45
Kenapa grafik airnya tidak sama seperti ark yang lama..gambar agk aneh di mata saya.. jadi agak kecewa.. settingannya samakan aja kaya ark sebelumnya..lebih enak di pandang mata..,Pengguna Google,1,2025-02-02 22:59:16
Update ini udah kaya main di PC tapi lag nya di ilangin min di hp saya gak kuat,Pengguna Google,5,2025-02-02 21:42:32
Gamenya menjanjikan tapi saya sering fc,Pengguna Google,4,2025-02-02 21:03:03
Saya tidak bisa me restore pass bulanan,Pengguna Google,1,2025-02-02 19:25:52
kenapa aku kasih bintang 1 karena pas mau masuk game nya selalu cras,Pengguna Google,1,2025-02-02 18:49:12
apik,Pengguna Google,5,2025-02-02 17:04:47
Gak bisa. Dimainin pas dipencet malah keluar sendiri,Pengguna Google,1,2025-02-02 15:01:13
Tambahkan render setting,Pengguna Google,4,2025-02-02 14:25:07
Plis buat yg 2gb an aja hp gw gak kuat😭 Ngelag kalo yg 3gb an lebih,Pengguna Google,3,2025-02-02 11:24:11
"Game nya bagus, overall semuanya keren. apalagi ini termasuk masih tahap pengembangan. semangat tingkatkan lagii performanya",Pengguna Google,5,2025-02-02 10:07:44
"INI SANGAT BAGUS ULALALA walaupun ada lag harus difixed , perlu banyak penyimpanan wajar sih , tetapi tolong buat semua device android termasuk xiaomi , poco m3 Pro 5G dan semua device android tolong difix",Pengguna Google,5,2025-02-02 09:40:15
"Why does the ark come out on its own on the Oppo f9 pro phone? Please ask the developer to support all phones, if they don't support it, there will be few ark players. Want a busy game but it doesn't support all phones. What should I do?",Pengguna Google,5,2025-02-02 08:03:09
"terimakasih telah membaca keluh kesah pengguna aplikasi anda, selalu cepat melakukan perbaikan disetiap ada kritikan. saya yakin game ini akan menjadi populer ketika sudah 99% lancar di mainkan",Pengguna Google,5,2025-02-02 07:21:57
Tolong developer optimalisasi kan ark mobile agar tidak terlalu berat bagi pemain hp,Pengguna Google,1,2025-02-02 03:59:39
Sebelumnya keyboard tidak bisa di pake setiap mau ngetik apapun pasti crass....dan sekarang sudah diupdate lagi...Terimakasih karena sangat cepat memperbaiki bug bug yang merugikan player.... Sekali lagi saya ucapkan terimakasihh. ARK.,Pengguna Google,5,2025-02-02 02:07:36
"Game nya bagus siii"" Tapi ada yang sangat merugikan bagi saya ya, karena apa saya mengatakan sangat merugikan? Cobalah la teman teman mikir sedikit. Masak update sedikit ada pasti kita download data lagi.. Kan sngat boros itu. Cuman dari saya yaa jangan la setiap update sedikit kita harus download data lagi. Cuman itu sii🙂😏😏",Pengguna Google,1,2025-02-02 01:40:40
lot bug please fix,Pengguna Google,4,2025-02-01 23:30:13
absolute cinema,Pengguna Google,5,2025-02-01 21:28:46
Game nya gak bisa di buka apa lah,Pengguna Google,1,2025-02-01 21:12:21
Good 👍🏽👍🏽 tapi tolong sumber material spawn nya diperbaiki dan fps nya disesuaikan,Pengguna Google,5,2025-02-01 20:39:43
Bagus,Pengguna Google,5,2025-02-01 20:27:50
Server sering rollback . Terlalu banyak cheater . Pve pun gak aman karena banyak pencuri telur menggunakan cheat. Bintang 1 dulu nanti kalau dah baik baru naik bintang 2,Pengguna Google,1,2025-02-01 20:14:24
Sering update mantap sekali,Pengguna Google,5,2025-02-01 19:33:53
Saya suka geam nya tapi bisa kah untuk versi Android nya bisa di ringan kan agar tidak patah patah di merek hp apapun saya kesusahan saat ber main dan geam play manjadi tidak seru dan sangat boros paket saya mohon untuk pihak ark untuk memperbaiki versi Android ini agar ringan dan tidak membuang-buang paket sekali lagi mohon dipakai,Pengguna Google,1,2025-02-01 19:19:57
keren developer langsung diatasi masalah crashnya,Pengguna Google,5,2025-02-01 19:08:53
Tolong perbaiki gem nya kok gak bisa di buka udah nyoba 10kali tetep gak bisa,Pengguna Google,1,2025-02-01 18:57:01
Pliss banget gw android 13 kok ga bisa masuk ke ark ya? Tolong di perbaiki secepatnya dong,Pengguna Google,1,2025-02-01 17:14:14
"Tolong dong developernya buat di benerin lagi, masa kalo mati terus kita respon di random location terus persediaan kita hilang kan jadi susah buat nyari item yang udah kita ambil",Pengguna Google,1,2025-02-01 16:26:54
Like,Pengguna Google,5,2025-02-01 15:14:27
Good game without optimization=trash,Pengguna Google,3,2025-02-01 13:40:54
Geme nya tidak bisa di mainkan,Pengguna Google,1,2025-02-01 07:10:03
"Panas banget asli HP gua, dimensity 8200 😑",Pengguna Google,4,2025-02-01 06:57:06
"Hello wildcard developer, can you bring mods to this ark? Well... all people wants it too and to download the mod is from survivetheark website, i mean look at path of titans and arbs mobile! They have workshop even ingame and yet this ark cant, path of titans mod even heavier than some of the useful mod in ark, or you could just add the ark additions to vanilla and awesome spyglass, and... i hope you read this. Have a great day.",Pengguna Google,5,2025-02-01 06:26:07
Game nya sangat bagus,Pengguna Google,5,2025-02-01 03:32:44
"Apalah kenapa baru download udah bs login tiba"" fc mulu maksudnya apa.. minimal kalo nggak ngedukung dikasih tau di ps nya jadi gk buang"" kuota orang",Pengguna Google,1,2025-02-01 01:14:12
Jelek banget baru download udah leg padahal kapasitas penyimpanan ny besar bagusan yang lama,Pengguna Google,1,2025-01-31 23:58:55
Sekarang game sudah makin stabil daripada pas awal rilis,Pengguna Google,5,2025-01-31 22:19:00
Game ini terus berhenti bekerja padahal prangkat saya mendukung tapi banyak bug kalau gini terus mending bubar aja gak semua orang itu orang kaya,Pengguna Google,1,2025-01-31 22:06:57
"tinggal tambahin new dino nya ,overall good",Pengguna Google,5,2025-01-31 22:04:24
"Banyak bugnya, kontrol terhadap cheater 0 fair player menderita, jujur kecewa karena udah lama nunggu dari versi yg sebelumnya ternyata ga jauh beda.",Pengguna Google,1,2025-01-31 21:06:23
Sistem download data sangat tidak jelas,Pengguna Google,1,2025-01-31 18:16:34
"kenapa saya lebih ngelag di base daripada masuk hutan²??, spesifikasi hp saya snapdragon 695",Pengguna Google,5,2025-01-31 15:46:38
"WOI WORKER STUDIO WILDCARD,INI GAME RATA² YANG DOWNLOAD=ANDROID RAM 4/64GB,AGAR LEBIH CEPAT TENAR SESUAIKAN DONG DENGAN KONDISI HP PEMINATMU YANG MASIH LOW-END. DAN INI GAME JIKA GRAFIK LEBIH HD DAN UNTUK BUGNYA LANGSUNG DIPERBAIKI,BISA DAPAT RATING YANG BAGUS. JIKA DIIJINKAN USULAN SAYA MAINTENANCE LEBIH SERING LAGI,DAN BUAT EVENT2 BERBURU HEWAN LANGKA DENGAN NOMOR SERI CONTOHNYA PASTI GAME BUATANMU INI LANGSUNG MASUK TRENDING 10. OK TOLONG DIBACA YA DEVELOPER,WORKER STUDIO WILDCARD.PEACE OUT",Pengguna Google,5,2025-01-31 14:53:38
semenjak update jadi banyak force close padahal sebelumnya gak. meski sekarang jarang ngeframe tapu menurut saya lebih baik ngeframe daripada force close apalagi gak ada auto save nya jadi kalo kena force close semua progress hilang,Pengguna Google,1,2025-01-31 14:20:48
"Game nya sudah bagus ,memuaskan, namun masih banyak juga masalah seperti bug sistem dan bug item, lalu kiranya server online di optimalkan karena saat bermain online menjadi sangat lag , bukan lag fps namun lag dalam koneksinya, padahal jaringan internet saya tidak seburuk itu, dan terakhir semoga kedepannya perlahan lahan engram , general dan sejenisnya di perbarui agar semakin miri dengan versi ark Evolved PC",Pengguna Google,4,2025-01-31 13:38:00
Game nya selalu force close terus padahal hp saya baru tolong perbaiki,Pengguna Google,1,2025-01-31 11:33:35
Baagus,Pengguna Google,5,2025-01-31 10:46:16
Aplikasinya sangat bagus berpetualang aku sangat suka 🫡🫡🫡🫡🫡,Pengguna Google,5,2025-01-31 10:39:59
I don't have complain at all rn but if u guys can add more event like free skin for dino maybe its better,Pengguna Google,5,2025-01-31 07:34:02
where is the deinosuchus?,Pengguna Google,2,2025-01-31 06:14:27
"Ga asik. Apa"" harus Ark Pass pa lagi Multiplier server nya juga harus harus ikutan, itu namanya cuman ada dino baru tapi multiplier nya kagak bisa di naikin, multiplier exp juga, gimana orang mau ngerasain naik level cepat? Di server orang yang meresahkan? Orang yang suka main single-player juga mau kali. Dan Masalah Grafik/texture nya kagak di fix masih. Still 1 Star For This Game",Pengguna Google,1,2025-01-31 03:39:34
Full cheater devloper ga ada respon,Pengguna Google,1,2025-01-31 02:49:55
RIP GPU MALI G96,Pengguna Google,1,2025-01-31 02:45:01
good,Pengguna Google,5,2025-01-31 01:40:06
Ulasan positif,Pengguna Google,5,2025-01-31 01:07:25
Kocak,Pengguna Google,1,2025-01-31 00:07:30
"Game nya bagus tapi buat pencipta game ini tolong untuk bug di pencarian tidak bisa diakses seperti hal nya pencarian item atau enggram, dan juga untuk penyimpanan player atau dino nya tolong di perbarui atau dirubah seperti hal nya saat berjalan akan terasa lambat saat penyimpanan player/dino penuh tolong untuk pencipta sistem tersebut dihilangkan jadi untuk berat yang penuh tidak mempengaruhi dari speed move dijadikan normal saja saat berjan jika penyimpanan penuh",Pengguna Google,4,2025-01-30 23:18:02
Perfect !! Thanks a lot for update and resolving force close,Pengguna Google,5,2025-01-30 22:33:39
aku sangat suka game dino,Pengguna Google,5,2025-01-30 21:33:58
"Di realme 3 pro agak patah2 rata kiri, tapi ga masalah yg penting bisa main🥳🥳🥳",Pengguna Google,5,2025-01-30 19:35:37
give 4 stars... because this game always comes out on its own ￼,Pengguna Google,4,2025-01-30 19:13:30
Sangat bagus untuk ark versi ume ini saya bisa memakai grafik high dengan tinggi 👏👏👏,Pengguna Google,5,2025-01-30 19:09:33
"game bagus bang,dari ark mobile old aku main sampai ark ultimate mobile edition ini game nya makin seru karna makin banyak fitur dan dino nya juga terutama ada berbagai map yang bisa kita mainin,tapi masih ada kekurang yaitu bug mungkin karna baru early juga untuk game nya,aku harap aja developer memperhatikan game ini buat berkembang,ark survival best lah pokoknya",Pengguna Google,5,2025-01-30 18:52:56
ngeleg banget Cok tumben ini server nya meni ngeleg aku jadi mainnya gak nyaman dan gak mood main padahal aku sudah tunggu update ini tapi Malah jadi kaya gini server nya ngeleg PATAh patah jadi gak bisa main deh tolong perbaikan server nya ini ngeleg banget aku pengen main cobain update baru ini pliss nya🙏🙏🙏,Pengguna Google,1,2025-01-30 18:49:40
"Often force close so it's not good to play this game, I hope this game is bankrupt.",Pengguna Google,1,2025-01-30 17:40:37
please add the lost island because i really like that maps thank you,Pengguna Google,5,2025-01-30 17:13:49
Aneh bangt dah di chipset lbh tinggi ga dimensitty 8300 ultra ram 12/528 ga Kompemtibel! giliran helio G99 ram 8/128 Kompemtibel aneh aneh soak,Pengguna Google,1,2025-01-30 16:55:06
Gamnya sangat bagus!!,Pengguna Google,5,2025-01-30 16:45:11
"lanjutkan brokk, bagus poll",Pengguna Google,5,2025-01-30 16:16:59
"Sangat buruk, pada saat saya baru menginstal aplikasi saya mengalami force close yang tidak bisa diatasi dan itu membuat saya jengkel karena tidak bisa bermain",Pengguna Google,1,2025-01-30 14:40:46
Waktu saya masuk game nya malah keluar sendiri di rekomen epep aja,Pengguna Google,1,2025-01-30 14:16:32
Bagus banget,Pengguna Google,5,2025-01-30 13:31:40
Gamenya bagus banget tapi minusnya ngelag banget Dan tolong developernya dibenerin leknya plis,Pengguna Google,4,2025-01-30 12:29:35
ok,Pengguna Google,5,2025-01-30 11:58:37
Aku nge lag,Pengguna Google,5,2025-01-30 11:28:15
For app subscriptions please fix it again. I already bought a subscription but du Fame is not connected.,Pengguna Google,2,2025-01-30 10:13:19
update map semoga lebih cepat,Pengguna Google,5,2025-01-30 07:29:55
kenapa habis update jadi sering keluar sendiri,Pengguna Google,4,2025-01-30 02:49:12
seru dan menang tang cuma masih ada bug di tiap kasih nama gk bisa ke dino nya,Pengguna Google,5,2025-01-30 01:49:27
Bagus grafiknya tapi nge frame rate sangat jelek pas jalanin permainannya,Pengguna Google,4,2025-01-30 00:12:41
"Tolonglah. Game ini pas mau rilis aja ekspetasiku udah gak kebayang, eh pas di download malah force close😌 kecewa. Padahal kalo game ark lama GK begitu😔 itu aja sih harapanku semoga aja uncle lihat keluh kesah player ark ume",Pengguna Google,1,2025-01-30 00:05:18
"Help, tolong dong dino cave nya di perbaiki Sya nyari megalania susah sekali",Pengguna Google,5,2025-01-29 23:30:10
Setela update sering keluar sendiri..,Pengguna Google,2,2025-01-29 23:17:09
Tulisan nya ga bisa login play google game,Pengguna Google,3,2025-01-29 21:53:07
stupid update always force close after update,Pengguna Google,1,2025-01-29 21:09:14
"Ini sih mau main game berujung uninstall, tolong dibikin lancar buat mediatek Helio g88. Cepaaaaattt pingin main!!!!",Pengguna Google,2,2025-01-29 21:08:41
Game nya tentang fantasi dan dinosaurus grafik nya bagus banget,Pengguna Google,5,2025-01-29 19:46:57
Waktu saya menggunakan Oppo f9 support tetapi saat menggunakan Poco m6 pro tidak support padahal lebih bagus Poco m6 pro dibanding Oppo f9,Pengguna Google,1,2025-01-29 18:55:05
please tolong aku pernah beli God console dihp lama tapi waktu pindah hp kok God consolenya udh gk ada padahal masih di email yg sama please bantu jawab🙂🙏,Pengguna Google,5,2025-01-29 18:19:52
ark passnya ngebug tidak bisa di restore,Pengguna Google,4,2025-01-29 17:26:34
"Di beberapa device crosshair nya nggk bisa berfungsi,dah di setting sedemikian rupa pun tetep sama..",Pengguna Google,1,2025-01-29 16:30:33
"Tolong buat developer lagnya diperbaiki karna sering keluar sendiri sama patah² Kadangan juga pas main bentar udh keluar sendiri padahal baru main bentar, dan juga masalah Dino yang tiba² sering ilang jadi tolong buat developer agar bisa dibikin kayak dino yang kita tame langsung teleport ke kita gitu jadi mohon di perbaiki",Pengguna Google,2,2025-01-29 16:22:14
"masih terlalu lag untuk hp ram 8 memori 256. patah patah padahal grafik sudah paling rendah.Sisanya sudah oke jarang ada bug,mirip sama yang di PC,saya tunggu update nya -realme c53",Pengguna Google,3,2025-01-29 16:02:28
Game ini sangat menarik untuk petualangan,Pengguna Google,5,2025-01-29 16:01:36
Keren bet☠️☠️,Pengguna Google,5,2025-01-29 14:06:02
game survival terbaik,Pengguna Google,5,2025-01-29 12:09:45
"Saya ingin melaporkan sebuah bug yang membuat permainan crash, yaitu saat membuka menu enggram level tidak bisa menggunakan keyboard untuk penelusuran,tidak hanya enggram level tapi juga pada crafting dan inventory,menu pencarian tidak menampilkan keyboard dan bahka membuat game crash",Pengguna Google,1,2025-01-29 10:03:29
"Tolong dong buat developer kenapa di jenis hp Infinix note 40 android 14 kok ngelag ,FPS terun banget stack di angka 11 tolong buat developer untuk segera diperbaiki, karena sangat menggangu permainan",Pengguna Google,3,2025-01-29 08:49:27
Tiap update selalu download lagi data ny 3 gb an anjir Inimah bukan update tapi instal ulang anjir Mana fps drop nya parah kagak stabil anjirr,Pengguna Google,2,2025-01-29 08:43:09
Game nya seru saya baru main udah di nyam nyam sama Giganotosaurus😏👍,Pengguna Google,4,2025-01-29 06:34:18
Bug dino tengelam ke dalam tanah plss benerin,Pengguna Google,3,2025-01-29 04:19:06
Terlalu lag di device (redmi 10),Pengguna Google,3,2025-01-29 00:27:21
masih harus di perbaiki,Pengguna Google,3,2025-01-29 00:08:32
untuk grafik sudah bagus sih tapi pas main ngeleg banget mendingan ark yang dulu soalnya ark yang sekarang grafik low masih lemot banget. semoga developer bisa dioptimalkan dan diperbaiki lagi,Pengguna Google,1,2025-01-28 21:38:09
"overall udah bagus tapi untuk optimisasi nya masih aga kurang, semoga bisa lebih baik lagi optimisasinya di hp android",Pengguna Google,5,2025-01-28 20:48:42
Revival platform dihapus ya min? Ark yg lama ada revival platformnya yg baru ini tidak ada,Pengguna Google,3,2025-01-28 19:11:36
"setelah update malah sering ngfreez,black screen padahal sebelum update smooth lancar tolong segera di perbaiki",Pengguna Google,1,2025-01-28 17:49:30
makin keren dan berkembang ark bagus sekali saya suka lanjutkan dengan update yg lebih saya harap dapat memasukan mod di ark ultimate mobile edition. terimakasih,Pengguna Google,5,2025-01-28 17:46:49
"Okay, the game is believe it or not actually getting up, i thought is gonna end COD:Warzone, but no, you actually care about the game. But you know it's still have problem, like when you get to a crowded area the game start to buffering/lagging, and another thing, idk if this happen to other but, i have a little trouble with the HUB N' UI, like when am trying to run is really hard to do, 'cause you have to double tap the left screen, and think you guys should uses a analog controller.",Pengguna Google,3,2025-01-28 17:25:31
Device menengah kebawah jangan berharap,Pengguna Google,1,2025-01-28 16:43:19
not bad,Pengguna Google,3,2025-01-28 15:48:46
please adain Griffin gw mau Griffin gak nemu nemu,Pengguna Google,5,2025-01-28 15:29:25
"patah patah aku main nya 🗿, developer saya mohon grafik nya di bikin bisa ke lebih kecil lagi 🙏🏻",Pengguna Google,2,2025-01-28 11:35:17
"Untuk developer, untuk sekarang saya kasih bintang satu untuk rating nya karena masih ada beberapa bug contoh bug floating damage, dan untuk animasi pohon tolong kasih setingan off dan on soalnya bagian itu cukup berat untuk beberapa prosesor pada hp",Pengguna Google,1,2025-01-28 11:19:04
"ini sebelum update di tgl 23 Januari kemarin masih aman aja gak for close, tapi pas setelah update gila for close terus pdhal device dh compatible banget",Pengguna Google,1,2025-01-28 10:56:57
keren,Pengguna Google,5,2025-01-28 10:36:32
hanya perlu dioptimalkan sedikit,Pengguna Google,5,2025-01-28 10:32:58
Kenapa seeing keluar swndiri ya,Pengguna Google,5,2025-01-28 10:26:02
Perbaiki lagi ya,Pengguna Google,5,2025-01-28 09:27:40
good but my divice not support,Pengguna Google,5,2025-01-28 09:03:03
Tolong di optimalin dev,Pengguna Google,3,2025-01-28 08:47:21
"SEMOGA MENJADI GAME TERBAIK SEPANJANG TAHUN ,,,, TINGKATKAN !!",Pengguna Google,5,2025-01-28 08:29:22
Tolong Settingan ganti akun,Pengguna Google,5,2025-01-28 08:28:26
Seru jadi ga bosen,Pengguna Google,4,2025-01-28 07:12:03
Tolong di perbaiki lagi soal graphic soalnya ngeleg parah dan suka force close,Pengguna Google,2,2025-01-28 07:02:44
mantap seru game nya,Pengguna Google,5,2025-01-28 05:54:13
Update malah sering force close gimana ya,Pengguna Google,2,2025-01-28 04:37:18
Lag,Pengguna Google,4,2025-01-28 04:28:20
nice,Pengguna Google,4,2025-01-28 01:43:20
setelah update selalu keluar sendiri dari game padahal sebelum update lancar-lancar aja,Pengguna Google,2,2025-01-27 23:40:41
"Salah satu adaptasi game PC ke mobile terbaik menurut saya,yang kurang hanya beberapa fitur seperti opsi pengubahan pengaturan gameplay yang tidak sama persis seperti yang ada di PC/konsol dan juga sedikit pay to win,dan juga spawn dino nya yang sedikit jadi kurang ramai semoga pihak developer bisa mengatasi masalah nya",Pengguna Google,4,2025-01-27 23:34:12
Habis diupdate jadi sering Force Close.. Pdhal sbelumnya aman2 saja..,Pengguna Google,3,2025-01-27 23:29:39
good,Pengguna Google,5,2025-01-27 23:24:14
semoga makin ringan gamenya mudah dimainkan dhp mana pun,Pengguna Google,5,2025-01-27 22:47:54
update baru malah Bug Text.. tiap cari ngetik text malah FC mulu. maren g knp2,Pengguna Google,2,2025-01-27 21:35:35
"Game nya terlalu berat untuk hp ram 4 , kenapa maksa banget rilis di hp ram 4 , Padahal udah nunggu banget ni game rilis tapi pas rilis cuman bisa main sampe edit karakter aja kerena pas di in game terlalu berat, lagian saya nunggu ni game ark yang baru ini bukan kerena grafiknya tapi mau dinonya lengkap😐",Pengguna Google,1,2025-01-27 21:06:04
"Thank you very much to the game developer for updating the game, I hope it will be even better in the future.",Pengguna Google,5,2025-01-27 19:39:12
Enggak bisa masuk game,Pengguna Google,1,2025-01-27 19:31:46
Bagus,Pengguna Google,5,2025-01-27 19:24:07
Ngelag parah jelek wuu,Pengguna Google,5,2025-01-27 18:54:48
Helio g99 cmn tembus 11fps T-FK?????,Pengguna Google,5,2025-01-27 18:41:49
"Overall its good, but still many crash and freeze",Pengguna Google,2,2025-01-27 18:12:35
game nya bagus tpi kenapa file nya harus di do download terus udah gitu 3gb pula,Pengguna Google,3,2025-01-27 17:25:43
"Gila sih bukan update tapi download lagi,gamenya lag parah ram 12/571 Perbaiki lagi gamenya",Pengguna Google,2,2025-01-27 17:18:16
"game nya sangat bagusss, sayang sekali tidak ada buku panduan dalam gamenya,sangat sulit bagi player yang baru mencoba game ini, saran dari saya tolong berikan buku panduan, itu sajaa terimakasih.",Pengguna Google,4,2025-01-27 16:42:48
keren sihh nih game grafik oke,Pengguna Google,5,2025-01-27 16:33:51
Game nya seru tapi pas download g seru,Pengguna Google,5,2025-01-27 16:08:38
Udah mirip banget sama ark PC tapi tolong buat dino RIHYNIONATHA nya teralu gak masuk akal udah sakit cepet sampai beberapa dino terbang gw metong tapi gw respect dengan pembuat ark karena masih peduli dengan ark mobile,Pengguna Google,4,2025-01-27 15:52:38
why does every update have to redownload 3GB? it's very time draining,Pengguna Google,3,2025-01-27 15:49:45
"Fix force close,before update is normal",Pengguna Google,1,2025-01-27 15:32:01
good,Pengguna Google,5,2025-01-27 14:51:30
"structure limit is anoying, what do you expect from a saddle platform but it has limits",Pengguna Google,1,2025-01-27 14:24:35
"untuk gamenya dah mantapp,dan juga buat temen-temen yang pas main itu patah"" jangan salahin gamenya tapi HP kalian yang kentang. untuk gamenya semoga bisa lebih optimal lagi ya",Pengguna Google,5,2025-01-27 14:18:31
Mantap saya ga bisa download nya,Pengguna Google,5,2025-01-27 14:09:16
game bagus,Pengguna Google,5,2025-01-27 13:52:48
Semuanya bagus ya tapi tolong player China nya di servernya tuh ngeganggu terus tolong diatasi,Pengguna Google,5,2025-01-27 13:48:18
mantap game bagus,Pengguna Google,5,2025-01-27 13:43:10
good game,Pengguna Google,5,2025-01-27 13:40:29
Mantap lanjut kan,Pengguna Google,5,2025-01-27 13:33:04
"I love this game, before ark ultimate i played ark survival evolved",Pengguna Google,5,2025-01-27 13:31:11
"nice game, but more optimized at the in game for device mid spec",Pengguna Google,4,2025-01-27 13:08:24
Tolong diperbaiki gamenya login terus keluar terus Gak bisa menikmati gamenya Tolong di perbaiki agar saat login tidak keluar sendiri,Pengguna Google,1,2025-01-27 12:26:07
"please update the map aberration please it's very difficult at the beginning of the game and there are no flying animals at the beginning of the game like yi ling, so it's difficult at the end of the game because you want to go down to the red zone you can't go back up. so I hope the map aberration is updated again",Pengguna Google,4,2025-01-27 11:59:22
Gamenya bagus tapi klo update harus download 5 gb lagi,Pengguna Google,3,2025-01-27 11:57:27
Tolong bug nya di perbaiki saya padahal sudah save game nya tapi game nya tidak Ter save atau dari ulang lagi mohon untuk developer untuk segera di perbaiki menganggu soal nya,Pengguna Google,1,2025-01-27 11:27:58
Gemnya udh bagus tapi bisa enggak sih di hp reality c55 punya aku lag banget padahal pengenain masuk bisa ngrapich udh rata kiri tetap aja lag untuk depolover bisa yah dibikin jangan leg di hp mana pun usahain juga tolong banget gue pengen main gem ark ini tapi ngeleg banget,Pengguna Google,4,2025-01-27 11:12:46
plis fix bug whistle in my ark,Pengguna Google,5,2025-01-27 11:02:15
Setelah update crash melulu,Pengguna Google,1,2025-01-27 10:45:21
Ternyata game nya lebih berat ketimbang Ark yang satunya . Udah aku ganti grafik nya aja tepet berat. Tolong di ringankan lagi untuk game nya,Pengguna Google,2,2025-01-27 10:15:36
Menurut gw game nya udah bagus cuma perlu optimisasi buat smartphone yang mempunyai device yang cukup gak mempuni seperti hp saya terlebih dari semua hal udah bagus,Pengguna Google,3,2025-01-27 09:55:09
Developer bener bener bisa mengoptimalkan dan memperbaiki bug bug dan mendengarkan keluh kesah player semoga terus di optimalkan untuk spek hp Low to Mid Range dan kalo bisa untuk FPS nya di mentok ke 60,Pengguna Google,5,2025-01-27 09:49:40
Bagus tapi tolong lag nya dikurangi karena saya sering habis kuota🗿,Pengguna Google,4,2025-01-27 09:11:55
Membaik sekali. Kita liat dulu.,Pengguna Google,3,2025-01-27 09:10:53
Tolong bikin game nya lebih ringan masa harus 3 gb HP gw ngak kuat bambang🗿,Pengguna Google,4,2025-01-27 08:48:56
"Ini game nya loginnya susah, aku saranin pakek google play soalnya kalo login yg kayak isiin email itu agak ribet dan game nya agak patah ²",Pengguna Google,2,2025-01-27 08:27:48
"The game was really good, but we need more optimization, because after the newest update, the game is crashing for so many times after I played again",Pengguna Google,4,2025-01-27 07:59:30
game bagusss,Pengguna Google,5,2025-01-27 05:57:00
but maybe have still bug,Pengguna Google,5,2025-01-27 00:05:12
"Hi developer, I feel annoyed every time I enter the game, why does the game data always disappear so that every time I want to play I have to download 3GB and it takes a long time, please fix that",Pengguna Google,1,2025-01-26 22:06:24
Kalau bisa di pasangin mod lebih gg sih,Pengguna Google,5,2025-01-26 21:16:08
Aneh!!! Malah download file lagi padahal dh di download. Malas download ulang kelamaan,Pengguna Google,3,2025-01-26 20:39:22
Ark ga bisa dibuka dan gabisa main,Pengguna Google,1,2025-01-26 20:09:29
"AKU SUKA GAME INI🥰 TAPI TERLALU NGELAG, TOLONG BUAT GRAFIK BUAT HP KELAS BAWAH PLS DEVELOPER",Pengguna Google,5,2025-01-26 19:46:04
Game ini sangat aneh saya tidak bisa main game nya waktu saya main saya langsung keluar dari game nya dan saya tidak merekomendasikan game ini untuk para HP kentang seperti saya meskipun saya sudah cukup MB nya tapi saya tidak bisa main game nya maaf kalau ada kesalahan,Pengguna Google,1,2025-01-26 19:05:58
seru amat ini gMe,Pengguna Google,5,2025-01-26 18:55:56
"Tolong buat grafik yang sangat rendah, kurasa itu dapat membuat game ini laris",Pengguna Google,2,2025-01-26 18:31:43
i love the dino,Pengguna Google,5,2025-01-26 17:48:55
seru tapi map nya belum kebuka semua,Pengguna Google,5,2025-01-26 17:27:08
ngelag!! parah dan download data nya lama,Pengguna Google,1,2025-01-26 17:09:05
game yang sangat bagus👍👍,Pengguna Google,5,2025-01-26 16:55:47
"Please make a room coop for us, i want to play with my friends, i try playing on server official but cannot Enter.. Please make a coop room, I really like this game.",Pengguna Google,4,2025-01-26 16:41:48
semoga gamenya lebih stabil dan map gratisnya lebih dari 1,Pengguna Google,5,2025-01-26 16:40:28
"Ngelag pada hal hp gw itel rs4 emang harus spesifikasi apa biar bisa main lancar ni game,tolong di perbaiki dulu masa fps,frame rate,sama grafiksnya",Pengguna Google,1,2025-01-26 16:33:42
gamenya gk bisa di mainin,Pengguna Google,1,2025-01-26 16:29:10
game nya sangat enak. tetapi terlalu lag akibat banyaknya structure,Pengguna Google,3,2025-01-26 16:23:16
bagus sekali gamenya,Pengguna Google,5,2025-01-26 15:50:12
kalo bagus bintang 5 coba dlu yak,Pengguna Google,2,2025-01-26 14:22:16
terlalu lambat mendownload datanya ;(,Pengguna Google,1,2025-01-26 14:17:30
Tidak bisa masuk ke dalam game nya,Pengguna Google,1,2025-01-26 13:11:11
mantap,Pengguna Google,5,2025-01-26 13:05:49
"Masalah iron dan force feed sudah diperbaiki,tapi sekarang setting rata kiri pun bisa force close",Pengguna Google,4,2025-01-26 12:40:31
Udah update masi sama ja gak bisa main masih bintik bintik Pelang padahal udah update,Pengguna Google,1,2025-01-26 12:08:50
Kenapa saya main tidak ada tanda panah dalam meyerang,Pengguna Google,4,2025-01-26 12:00:51
Brooo suka forces close sumpah masih banyak bug nya tolong di benerin jangan update nambahin fitur doang tapi bug nya banyak sama aja gk bisa di mainin kalo mau update tambahin fitur sama ilangin bug nya terutama kamera ngefreeze sama force close benerin ya bg,Pengguna Google,1,2025-01-26 11:56:50
"Mantap, namun agak ngelag, gatau ya ini memang hp saya yang gak kuat atau gimana, tapi sudah bagus, karna gratisss",Pengguna Google,5,2025-01-26 11:56:05
Tetap Improve,Pengguna Google,4,2025-01-26 11:32:27
game yang bagus tolong perbaiki bug bayi dino terbang saja,Pengguna Google,5,2025-01-26 11:30:05
game dino terbaik sepanjang masa,Pengguna Google,5,2025-01-26 11:07:03
Optimize the game better...,Pengguna Google,5,2025-01-26 10:56:17
keren,Pengguna Google,5,2025-01-26 10:49:25
"Hp saya poco F5 kenapa gak Kompatibel, sedangkan hp saya satunya redmi note 10 malah kompatibel?? Tolong, saya beli poco F5 buat main ini game, kenapa malah gak bisa di download????",Pengguna Google,3,2025-01-26 10:42:54
game sudah bagus tapi tolong dikasi mod. map yang free juga,Pengguna Google,5,2025-01-26 10:25:34
Saran ku sih tambahin fitur jarak render biar hp menengah ga kewalahan main game ini,Pengguna Google,4,2025-01-26 09:13:00
"mantap banget gamenya,sayang nya ngelag banget",Pengguna Google,5,2025-01-26 09:01:37
kenapa ga bisa ngasi liat damage?,Pengguna Google,2,2025-01-26 08:38:34
bad optimization,Pengguna Google,1,2025-01-26 08:33:58
game nya sangatlah geloo untuk melatih mental makasih topi sihir animation udah kasih tau game yg paling geloo,Pengguna Google,5,2025-01-26 08:33:21
mantap,Pengguna Google,5,2025-01-26 07:48:28
"i like this game,has a good and interesting update, I wish I could have it on Steam",Pengguna Google,5,2025-01-26 07:43:37
game beta. masih banyak yg di batasin,Pengguna Google,4,2025-01-26 07:19:10
good,Pengguna Google,5,2025-01-26 07:12:42
"mantap,makin kesni perbaikan bug makin dibenahi,ditunggu rilis map Ragnarok",Pengguna Google,5,2025-01-26 07:10:59
lumayan,Pengguna Google,4,2025-01-26 06:43:58
good game ITS still good like the last time i play,Pengguna Google,4,2025-01-26 06:29:50
Game bagus deg deg gan,Pengguna Google,5,2025-01-26 06:25:19
kurang show damage di android min,Pengguna Google,5,2025-01-26 06:20:44
saya main di Infinix hot 20s dengan chipset Helio G96 tetap ngelag walaupun sudah menggunakan grafik low tetapi saya masih memainkan game ini karna saya suka denga game ini,Pengguna Google,5,2025-01-26 04:52:38
nice update😍😍😍,Pengguna Google,5,2025-01-26 03:28:30
Update yang baru malah tambah rusak bukan nya tambah bagus.masak tiba tiba keluar sendiri,Pengguna Google,5,2025-01-26 03:07:29
"overall udah bagus banget tinggal pemoptimasian sedikit lagi,terutama buat GPU mali,dannn menunggu map map lainnya",Pengguna Google,5,2025-01-26 02:39:01
"Buset dah baru mau coba main pas di loading screen nge crash mulu sialan dah kocak banget tolong dong developer di fix biar saya bisa main ya kali ada orang yang mau coba game nya malah uninstall sama rating buruk cuman gara gara crash pas lagi loading screen kocak, serius dah ini game dari awal yang ada di pc pengen saya mainin cuman yak terbatas nah pas ada game ini di mobile jadi excited pengen coba lah malah crash !?!?!",Pengguna Google,2,2025-01-26 01:03:09
Best Game Ever,Pengguna Google,5,2025-01-25 23:57:03
game bagus banget Tambahin updatean lagi,Pengguna Google,5,2025-01-25 23:27:41
good,Pengguna Google,5,2025-01-25 23:15:37
Akhirnya update sekarang sudah tidak terlalu ngelag bagi mediatek user,Pengguna Google,5,2025-01-25 23:07:00
game ini game terbaik bagi gw,Pengguna Google,5,2025-01-25 22:36:36
Pecinta game survival wajib download ini sih😁,Pengguna Google,5,2025-01-25 22:26:17
"Very good game, made a dodo army with 20 dodos total, tried to take on a level 120 rex and died",Pengguna Google,5,2025-01-25 22:20:40
ok,Pengguna Google,5,2025-01-25 22:03:34
"Game nya bagus, cuma sayangnya pas main agak lag, kalau bisa sih hp² mid range di bikin bisa lancar main ini game",Pengguna Google,5,2025-01-25 21:45:47
Update yg sangat bagus karna malah nge crash terus menerus🥰,Pengguna Google,2,2025-01-25 20:34:25
ngelag banget,Pengguna Google,1,2025-01-25 20:11:08
best,Pengguna Google,5,2025-01-25 20:09:36
sangat seru,Pengguna Google,5,2025-01-25 19:43:00
"Keren bgt game nya, tapi ada bug yg lumayan ganggu, seperti tiba2 keluar dari game, dan untuk official server nya sering maju mundur trus gatau kenapa padahal internet dh lumayan",Pengguna Google,4,2025-01-25 18:48:42
Aku ga bisa download padahal penyimpanan ku masih banyak 6gb lagi kenapa ya?,Pengguna Google,5,2025-01-25 17:36:41
"Indonesia: Gameplaynya mantap, tapi tolong servernya di optimalisasi lagi pingnya, dan tolong sediakan fullscreen option. Saya bermain di Poco F6 (Android 14), dan tampilannya tidak fullscren. English: The gameplay is great, but please optimize the server to reduce ping, and provide a fullscreen option. I'm playing on a Poco F6 (Android 14), and the display is not fullscreen.",Pengguna Google,4,2025-01-25 17:11:09
game gatel udh di sv malah ilang semua harus ulang dino² dan bangunan hilang semua semakin hari semakin jelek aja nj game gaada perkembangan,Pengguna Google,1,2025-01-25 16:50:58
i like this game,Pengguna Google,5,2025-01-25 16:26:41
Ok,Pengguna Google,5,2025-01-25 15:43:51
Ini HP ku yg kentang atau bug tapi pas aku nyoba masuk gamenya tiba tiba aku keluar sendirian dari gamenya,Pengguna Google,1,2025-01-25 15:28:29
I love the update,Pengguna Google,5,2025-01-25 14:33:30
Tolong developer untuk memperbaiki masalah yang hpnya tidak support dan force close sendiri,Pengguna Google,1,2025-01-25 14:10:39
I have to re-download 3GB after updating. Again and again. Enough bruh.,Pengguna Google,1,2025-01-25 14:02:10
good,Pengguna Google,5,2025-01-25 13:29:58
gila hp gua jadi rata kiri gara gara mau coba min ark di mobile,Pengguna Google,1,2025-01-25 13:28:28
"Saya suka permainan ini, karena saya juga bermain versi yg lama. Tetapi di versi terbaru, prosessor saya g99 tidak bisa mencapai 30 fps. Saya sangat kecewa. Semoga kedepannya perangkat saya bisa memainkan game ini dengan lebih lancar walaupun di setting terendah. Untuk selebihnya bagus👍👍👍",Pengguna Google,5,2025-01-25 12:58:42
"Setelah instal tidak bisa masuk/force close, ekspektasi saya terhadap game ini belum terpenuhi, bintang 1 dulu nanti kedepannya mungkin saya tambah",Pengguna Google,1,2025-01-25 11:27:05
"Server ping is so high, Barely can play multiplayer. Why don't fix the server problem first Or just launch the unofficial server?",Pengguna Google,4,2025-01-25 10:42:26
Game nya gak lancar login nya lama kali tapi pas saya lihat punya teman saya ternyata keren banget grafik nya gak masuk akal ku kira bakalan jelek,Pengguna Google,3,2025-01-25 10:23:14
Please release unofficial server and free!!!!,Pengguna Google,5,2025-01-25 09:43:43
"sangat seru, untuk update selanjutnya saya menantikan server unofficial",Pengguna Google,5,2025-01-25 09:39:43
Bagus developer niat mengembangkan game nya dan memberikan respon yg baik ke player nya,Pengguna Google,5,2025-01-25 09:20:50
Game terbaik yang perna saya mainkan.,Pengguna Google,5,2025-01-25 08:57:28
Nice,Pengguna Google,5,2025-01-25 06:41:54
Nice update,Pengguna Google,5,2025-01-25 06:32:17
"Sebuah mahakarya, terimakasih telah menyediakan game ini secara gratis",Pengguna Google,5,2025-01-25 06:18:04
gamenya bagus,Pengguna Google,5,2025-01-25 05:53:14
Kalian membutuhkan anti cheat/hack masbro,Pengguna Google,3,2025-01-25 04:24:52
"fps drop di ponsel ram 4, SoC UNISOC T606",Pengguna Google,3,2025-01-24 21:58:40
"To much bug pls fix, bruh 2 cryopods has gone cause the bug",Pengguna Google,1,2025-01-24 21:18:27
bagus banget,Pengguna Google,5,2025-01-24 20:48:42
"Broken, sering force close, saran aja jangan download.",Pengguna Google,1,2025-01-24 19:34:12
kenapa selalu waktu download data kadang kadang nge stuck sendiri dan berhenti nge loading data sunguh gaem tidak sempurna tolong di perbaiki!!!!karna saya hinga menunggu berjam jam,Pengguna Google,1,2025-01-24 19:30:08
please developer fix this glitch all my items and dino are missing even though I have saved please fix it developer.,Pengguna Google,1,2025-01-24 18:14:50
Tolong perbaiki optimisasi nya biar lancar ini g99 ultimate aja cuma dapat belasan fps,Pengguna Google,1,2025-01-24 17:10:41
"Masih download data,tidak bilang bilang",Pengguna Google,1,2025-01-24 16:10:27
Tolong yang buat gema ARK ultimate mobile tolong buat semua versi hp masalahnya aku mau mainin game ya tapi kok kayak error gitu semoga di balas ya:),Pengguna Google,5,2025-01-24 15:39:37
Gila Cok di lobi nya aja udah ngeleg banget banget hp ini sampai keluar sendiri mulu,Pengguna Google,3,2025-01-24 14:06:03
Lama loadingnya,Pengguna Google,1,2025-01-24 12:36:31
"kenapa pas mau masuk harus download lagi padahal udah download data3gb lebih pas mau main mau download lgi dan juga gak ada apa² cuman ada teks character list,,gimana nih",Pengguna Google,1,2025-01-24 09:59:27
"dear developers, please can the lowest graphic settings juts no grass like juts green stuff that grass its making me soo lag but when im look at sky its not lag,but the game its SOO good i like it👍🏻",Pengguna Google,5,2025-01-23 21:48:11
Game nya harus di update lagi banyak bug tapi overall game nya dah bagus dan asik,Pengguna Google,5,2025-01-23 20:57:02
Setiap saat saya mau login hanya ada logo ARK dan kemudian blank hitam dan gamenya keluar sendiri,Pengguna Google,1,2025-01-23 20:38:53
"Mantap banget sih game nya lancar smoth bisa online sama offline,bagi yg hp nya kentang sadar diri jangan review negatif ke game ini",Pengguna Google,5,2025-01-23 19:02:14
Bagus sekali,Pengguna Google,5,2025-01-23 18:42:46
🙁👎,Pengguna Google,1,2025-01-23 18:21:49
Gua gak bisa login tapi semago nanti atau besok bisa aminn,Pengguna Google,2,2025-01-23 18:02:31
Gak bisa masuk,Pengguna Google,1,2025-01-23 17:17:04
Seru tapi grafiknya dong di reaslistihs sih,Pengguna Google,5,2025-01-23 17:13:51
Gue gak bisa masuk game nya game macam apa ini bisa di download game nya gak bisa masuk,Pengguna Google,1,2025-01-23 16:36:51
"Baik ,Kurang stabil aja , perlu pengoptimalan lagi agar fps game nya lancar, perbaiki lagi untuk control nya agar lebih mudah ,lebih baik control nya seperti game rpg atau controlnya bisa di custom letaknya sesuai selera , control saat masih agak ribet apalagi kalau butuh aksi cepat. Untuk save data lebih baik seperti ark evolved lebih bagus sih gak gampang corrupt datanya dan juga kasih save cloud ke google biar enak . Kasih teleport dino agar level rendah bisa bawa dino dan biar gak hilang .",Pengguna Google,4,2025-01-23 15:03:42
"please optimize the game,make it smooth to play🙏",Pengguna Google,5,2025-01-23 12:51:38
"Gamenya bagus kalo gua ma memang penggemar ark sejak dulu. G peduli bug dan lain""❤🔥🔥",Pengguna Google,5,2025-01-23 10:16:18
"force close , sangat buruk kenangan game ark mobile sebelum nya udah di bunuh sama developer sendiri",Pengguna Google,1,2025-01-23 08:30:20
Game yang sangat berat hp samsung a045f masak gak kuat harus pakek hp yang kayak apa coba biyar bisa main aplikasi ini kompitibel di perangkat anda pas udah download ehhhh gk bisa di main ngakaka banget hapus aja dari play store game nya,Pengguna Google,1,2025-01-23 04:46:17
Dah bagus tapi kenapa servernya sering ilang kecewa,Pengguna Google,1,2025-01-23 01:16:32
Aku memiliki kendala sat ini saya menggunakan versi tap tap dan memaksa karena hp saya di claim tidak support padahal device saya Poco x6pro,Pengguna Google,2,2025-01-23 00:46:29
Tolong kenapa ini gamenya tidak bisa di masuk padahal saya sudah bersemangat untuk bermain di game ini,Pengguna Google,1,2025-01-22 21:38:27
gamenya gak bisa dibuka,Pengguna Google,1,2025-01-22 21:27:31
"Saya support developer untuk terus mengembangkan game ini supaya lebih baik 😉 List bugs yang tolong diperhatikan untuk next update : 1. Bugs Cave, beberapa cave monsternya ga spawn. Atau ada yang spawn malah di dalam tembok. 2. Rhyniognata tidak mau follow 3. Gigantosaurus tidak spawn di tempat Saya 4. Resource tidak spawn lagi (metal, obsidian, crystal) jadi lama2 resource abis. Padahal buat bikin industrial butuh banyak banget resource",Pengguna Google,5,2025-01-22 19:36:08
"Update baru, dan semakin lag",Pengguna Google,1,2025-01-22 16:51:22
Tolong perbaiki download tidak nambah,Pengguna Google,1,2025-01-22 16:47:43
Ram nya tolong diturunin sama download data nya,Pengguna Google,4,2025-01-22 16:46:08
"Alhamdulillah akhirnya rilis juga... ❤️❤️❤️ Tolong tambahin fitur save cloud in single player,. 🙏 Dan tolong hilangkan cheater in official server 😭",Pengguna Google,5,2025-01-22 15:37:47
Untuk developer tolong ajarkan gimana cara main ark nya woi!!!! Gua ga bisa main udh seti seti ga bisa bisa gimana ini gada bacaan buat play nya as#@/,Pengguna Google,1,2025-01-22 13:35:02
gamenya bagus dan keren,Pengguna Google,1,2025-01-22 11:37:17
mending ark yg lama,Pengguna Google,1,2025-01-22 10:44:16
Need more update to fix bug and glitch,Pengguna Google,4,2025-01-22 10:22:43
Thanks dev for the free ARK,Pengguna Google,5,2025-01-22 07:16:27
"Tolong dibenerin, kenapa saya gabisa masuk game nya padahal memori hp nya masih kuat? Tolong dibenerin.",Pengguna Google,3,2025-01-22 04:58:10
Game Survival terkeren yang pernah Ada,Pengguna Google,5,2025-01-21 20:53:14
GAME BGST,Pengguna Google,1,2025-01-21 20:08:07
"Saya kasih 4 bintang duluh, tolong di optimal lagi. Untuk spek hp menengah masih kurang bagus.",Pengguna Google,4,2025-01-21 19:49:01
Karna gerafiknya bagus,Pengguna Google,5,2025-01-21 19:49:00
Mantep pokoknyaaaaaaa... Btw ark passnya juga mantep bro.. Semoga banyak jenis jenis dinosaurus baru kek majungasaurus dan bahkan kayak thalassotitan🔥🔥🔥,Pengguna Google,5,2025-01-21 17:32:06
OK 👌🤏🤏 . . . . . . . . . . . . . . Saya telah menunggu update dalam waktu yang lama. Tetapi tidak apa karena saya senang memainkan game ini.,Pengguna Google,5,2025-01-21 16:42:44
Main single player Pagi² normal pas buka siang survival nya ke reset dino ilang semua cuma enggram sama lv yg nyisa 🤣,Pengguna Google,1,2025-01-21 14:14:41
Saat saya masuk pertama kali lalu saya mainkan layarnya malah aneh menjadi rusak seperti tv yang lagi rusak,Pengguna Google,1,2025-01-21 12:56:45
Tolong nanti update mohon dari pihak ARK tolong bisa buat mode multiplayer dan bisa membuat server gratis untuk bisa main bersama teman mohon perhatiannya🙏🙏,Pengguna Google,4,2025-01-21 08:49:45
Please add the option to connect a Gmail account because it's difficult when you change phones but the data doesn't go to the other phone.,Pengguna Google,1,2025-01-21 06:51:27
"Hello admin, I have been cut off from renewing my Arkpass subscription, but today I can't enter the game because my Arkpass was not renewed. Please check my account, because I have already paid the subscription fee.",Pengguna Google,3,2025-01-21 06:35:00
Yaaaa lumayan untuk sekelas game portinga dari pc,Pengguna Google,5,2025-01-20 22:55:24
Bagus banget sumpah abis update ini gila,Pengguna Google,5,2025-01-20 21:49:17
Game lol mending main ark yang lama,Pengguna Google,1,2025-01-20 18:20:41
Mantap tapii agak sedikit gak mewing + aura -1000,Pengguna Google,4,2025-01-20 16:27:49
Game ini bagus tapi sering ngelag coba ark mobile lama bisa dimainkan kan jadi lebih untung orang dengan hp yang GK bisa mainkan game ark ultimate mobile edition,Pengguna Google,3,2025-01-20 16:11:59
"game nya cukup lag walau udh ku turunin graphic nya,jika bisa game nya dijadikan seperti dulu saja",Pengguna Google,3,2025-01-20 15:47:38
Susah login gak bisa login pakek play game katanya ni apk belum kedaftar,Pengguna Google,3,2025-01-20 14:18:00
Game dan kualitas nya bagusbanget,Pengguna Google,5,2025-01-20 11:57:18
Semangat buat developer nya 😘😘😘,Pengguna Google,5,2025-01-20 07:14:33
Banyak bug baru masuk udah kayal tv tidak ada sinyal,Pengguna Google,1,2025-01-20 04:58:12
"there are still many hacker players, for Chinese players.",Pengguna Google,1,2025-01-20 03:02:55
"game bug, disempurnakan dulu",Pengguna Google,1,2025-01-20 00:22:51
fps gamenya buruk.. walaupun hp high,Pengguna Google,1,2025-01-19 22:19:35
Mental gak bisa masuk😶,Pengguna Google,1,2025-01-19 20:02:37
Menantang dan sulit 👍🙏 😃😀,Pengguna Google,5,2025-01-19 19:37:42
Good game i like Dodo and Dodi.😍,Pengguna Google,5,2025-01-19 18:49:24
Donglod nya lama bgt,Pengguna Google,3,2025-01-19 18:36:04
Bagus juga game nya. Pasti ada yg download game ARK gara² ada yg nonton topi sihir🗿,Pengguna Google,5,2025-01-19 16:05:41
Saya gk bisa masuk,Pengguna Google,1,2025-01-19 15:12:47
"Gamenya udh bagus,walau jika masuk di server terkadang lag minta ampun dan kurang optimal,tapi ini masih bisa diwajarkan karena game nya baru launching,saran saya mohon perbaiki bug bug yg ada,dan permudah dapat exp untuk singgle player",Pengguna Google,5,2025-01-19 11:57:48
Bug tidak bisa transfer atau ambil barang dari smity dll,Pengguna Google,1,2025-01-19 10:53:59
"Sebenarnya gamenya udah bagus dari segi grafik, gameplay, dan dinonya banyak. Tapi masih ada bug yang cukup menggangu, tapi gpp karna game ini masih baru rilis. Jadi saya wajarkan👍",Pengguna Google,4,2025-01-19 10:48:00
Awokawok samsung a14 gw lag nya mw mamp us co wkwkwk,Pengguna Google,5,2025-01-19 10:44:34
ARK nya udah bagus kok-_-,Pengguna Google,5,2025-01-19 09:58:15
Gamenya ngeleg banget aku pusing lihatnya tolong di perbarui lagi biar tidak ngeleg lagi 🙏🙏🙏,Pengguna Google,1,2025-01-19 09:28:03
"This is very disappointing, I've been using it for years, but it's like games that already exist on a laptop or PC that are made for Android, the controls are very uncomfortable for Android users and there are a few bugs, but I love the control problems which are very annoying.",Pengguna Google,4,2025-01-19 08:24:55
"Udah download mahal mahal, pas main malah ga bisa,kecewa sih dengan update sekarang, Bagus ark dulu",Pengguna Google,1,2025-01-19 07:12:15
gak bisa gamenya,Pengguna Google,2,2025-01-19 06:54:01
"1. Please add a joystick control option instead of tap to move control, it's difficult to move backward with this tap action control 2. Add option to toggle on and off the hold to dismount action in the settings, sometimes when i land with my flyer i accidently dismount while i was in dangerous area 3. Please also add multiple save file like in the previous ark mobile 4. Allow us multi forcefeed our tame with holding the consume button so we can farm poop with phiomia or simply healing our tame",Pengguna Google,3,2025-01-19 01:59:38
tolong crash nya di perbaiki biar bisa main,Pengguna Google,3,2025-01-19 01:38:14
segera update banyak sekali bug,Pengguna Google,1,2025-01-19 00:38:23
"Sebenernya udah bagus tapi buat beberapa hp atau perangkat mobile yang lainnya membutuhkan pengoptimalan yang cukup untuk mendapatkan 60 fps atau 30 sudah cukup itu pasti akan lebih seru, dan termasuk Saya sendiri sudah rata kiri tetap saja lag parah framedrop parah walau ada god analog tapi yang hanya ingin bermain dengan lancar tanpa membeli kan susah untuk mendapat uang, jadi tolong developer sediakan grafik khusus untuk hp yang tidak kuat pada Grafik trsbt jika sudah #5upstar",Pengguna Google,2,2025-01-18 22:53:34
"Setelah update malah gak bisa download resources data, suck 👎",Pengguna Google,3,2025-01-18 22:41:48
"Hi developer, please fix the force close on the application system when I open it and it immediately exits by itself, then make the graphics and fps optimal again like on a PC so that mobile players can play smoothly.",Pengguna Google,2,2025-01-18 21:38:15
Forclose,Pengguna Google,3,2025-01-18 21:04:30
"Very Good. Just Please Add Feature, So You Can Exit The Application Without Force.",Pengguna Google,5,2025-01-18 19:35:00
"Gimana mau rame game nya, gak semua hp bisa di download. Ayo dong secepat nya, bisa in di semua perangkat dan tipe hp.",Pengguna Google,5,2025-01-18 18:24:23
Seru bet,Pengguna Google,5,2025-01-18 17:54:18
Game nya berat dan ngelag ngelag padahal ark yang dulu saya lancar banget tidak recommended,Pengguna Google,1,2025-01-18 15:48:17
Sudah bagus namun saat saya mainkan masih lag,Pengguna Google,4,2025-01-18 13:43:03
Bang engga ada crafting peta/ map.,Pengguna Google,3,2025-01-18 13:08:44
hp kentang gw mau meledak jir baru aja login udah kaya kebakar HP gw,Pengguna Google,1,2025-01-18 12:29:49
"Game nya eror,aku udah unduh data tambahan 3gb,tapi pas aku play layar nya jadi titik² pleangi,padahal saya pakai hp RAM 4 GB pemyimpanan masih tersedia 23 gb cipsent mediatek helio P35, kenapa dev dolong jawab dan benerin masalah nya🙏",Pengguna Google,2,2025-01-18 10:43:02
game ini hanya untuk orang yang sabar,Pengguna Google,5,2025-01-18 10:03:17
Kapan update map Ragnarok,Pengguna Google,5,2025-01-18 07:12:22
Aku liat game ini di YouTube game ini keliatan seru ini game sepi karena GB yang tinggi dan bug game tapi aku suka game ini dengan monster reaper queen dan gigantosaurus dan aku sangat terIMpirasi dari reaper untuk komik ku semoga bisah di bagus kan game nya dan hilangkan bug,Pengguna Google,5,2025-01-18 06:53:55
"Ngk bisa login, akses terblokir trs",Pengguna Google,1,2025-01-18 05:05:59
Dari awal rilis hingga sekarang saya rasa game ini sudah sangat ok untuk game awal rilis. Tapi saya telah menemukan bug yang dimana baru saja terjadi sebelum saya menulis ulasan ini. Pada saat saya melempar cryopod dari udara (sambil menunggangi rhyniognatha) yap seperti biasanya dino yang didalamnya keluar TAPI Isi inventory saya beserta cryopod yang telah saya beli pakai keys didalam ikut menghilang entah kemana dan bagaimana kabarnya. Tolong untuk pihak developer untuk segera menangani ini 🙏,Pengguna Google,3,2025-01-17 23:09:41
Malas langganan lagi. Pas login udah berkali2 barang hilang padahal nggak mati cuma ditinggal 1mnt,Pengguna Google,2,2025-01-17 20:34:19
Gw suka game ini tapi karna ada pokemon gw marah besar,Pengguna Google,4,2025-01-17 16:54:37
Cepat hadirkan server unofficial dawgh atau tetap bintang 3,Pengguna Google,3,2025-01-17 16:07:24
Kenapa donlod nya lama gausah pake donlod data aja bikin lama sama aku mau main game ini cepet hapus donlod data nya😡😡😡😡,Pengguna Google,5,2025-01-17 15:44:45
Game nya Bagus bnget,Pengguna Google,5,2025-01-17 14:15:39
bagus game nya,Pengguna Google,5,2025-01-17 14:11:25
"setiap update harus download ulang data tambahan lagi, update selanjutnya apa masih begini terus?",Pengguna Google,1,2025-01-17 14:05:15
baru download dan mau di coba malah gk bisa main padahal hp spek tinggi game lh keluar sendiri,Pengguna Google,1,2025-01-17 13:53:40
Mantap,Pengguna Google,5,2025-01-17 13:29:26
Kok nggak bisa masuk sih padahal aku ingin banget main game ini tolong di perbaiki lagi game nya saya mohon itu aja,Pengguna Google,1,2025-01-17 11:52:12
tolong tambah in fitur host world dan kalo udh beli map bisa akses semua settingan nya dan toggle damage taro di setting an world,Pengguna Google,5,2025-01-17 11:16:09
"Game bagus, versi nya sudah 98% mirip dengan yang di PC cuman kontrol nya saja yang agak ribet.",Pengguna Google,4,2025-01-17 05:28:52
Ngeleg,Pengguna Google,1,2025-01-17 05:19:36
game apa kaya gini baru login tiba tiba keluar sendri cobalagi keluar lagiiiiii btw hp gw samsung,Pengguna Google,1,2025-01-17 05:16:11
Bagusan yg satu,Pengguna Google,1,2025-01-17 01:14:07
"saya sudah main game nya untuk bug nya udah ada sih yg di perbaiki tapi masih kurang dikit pas buka map posisinya udah pas , pas ku perbesar map nya lagi yg lebih besar posisinya belom pas terus cara nya jinakin dino yg langsung dikasih makan gimana padahal udah dekat ku tekan makanan dino nya malah di makan sendiri ku tekan layar gak bisa ku tekan tombol pikul malah ke pukul makanin nya gimana , terus indikator buat + di tengah buat pasin panah / senjata lain nya gak ada apa gak bisa sih susah",Pengguna Google,4,2025-01-16 21:01:18
game untuk android ini terlalu berat sih cb di kurangin bbrp gb,Pengguna Google,1,2025-01-16 20:03:36
"Download data filenya lama dan juga kadang stuk, padahal jaringan bagus,udah 2 jam nungguin nya masih ngestuk untuk download file data tambahannya,jadi saya kasih bintang 1",Pengguna Google,1,2025-01-16 19:27:31
Gamenya sangat berat,Pengguna Google,1,2025-01-16 18:56:06
woy gua cape cape nunggu lama cuma untuk download 1GB disuru download 3GB lagi hah kurang ajar banget anj,Pengguna Google,1,2025-01-16 18:27:37
Apalah download data aja membutuhkan waktu yg sangat lama ayo dong boleh di percepat waktu mendownload data,Pengguna Google,1,2025-01-16 18:17:09
Loadingnya doang lama please ganti dong loadingnya loading jangan dodo,Pengguna Google,1,2025-01-16 16:34:57
"sayang sekali di meditek helio g85 ram 6 kurang bersahabat,semoga update selanjutnya bisa di optimalkan lagi untuk mediatek",Pengguna Google,4,2025-01-16 16:29:44
Gak bisa di buka 😔,Pengguna Google,1,2025-01-16 15:32:59
Gak bisa masuk,Pengguna Google,1,2025-01-16 14:49:02
"Saya sudah beli pass bulanan tapi knp ga aktif, sungguh mengecewakan, rugi",Pengguna Google,2,2025-01-16 14:02:32
Kog punya saya lagi bukak game nya kluar sendiri min?,Pengguna Google,2,2025-01-16 13:00:56
Gw mau main ini game tiba tiba force close,Pengguna Google,2,2025-01-16 12:51:04
kok gua ga bisa mauu yaa,Pengguna Google,1,2025-01-16 10:48:18
Tolong hilangkan loding saat loging,Pengguna Google,4,2025-01-16 10:24:21
Gw kasih bintang 1 dulu lah.. Kalau gw rasa bagus gw tambah,Pengguna Google,1,2025-01-16 08:50:53
"We need virtual analog control movement. The current control movement is so suks, especially when riding dino. A run or walk button should be added, instead of double tap. Or at least let the player custom their button UI position. Or let the player have at least 3 custom button, that the function can be customized. Whatever for dino going on that way, attack agrresive, attack that target, etc. Whoever designing the control, is a suks guy. Its easier code to add button, instead this suks control",Pengguna Google,4,2025-01-16 08:44:44
Game nya seru banget,Pengguna Google,5,2025-01-16 07:03:34
Force close,Pengguna Google,1,2025-01-16 05:02:52
harus dioptimalkan lagi agar bisa bermain lancar. masih belum lancar di snappdragon 712 ram 6,Pengguna Google,3,2025-01-16 04:29:05
Kok sudah download nggak bisa masuk game nya,Pengguna Google,1,2025-01-15 22:15:16
Lama banget download fill nya,Pengguna Google,2,2025-01-15 22:00:47
Tolong diperbaiki saya udah download tapi ngak bisa masuk lobinya,Pengguna Google,1,2025-01-15 18:53:16
Game nya kelihatan bagus tapi yg bikin gw mau banting ni game karena harus nyelesaikan 3490 GB sampe Dodo nya mati Mulu gw udah di 1509 GB kemarin pas gw lihat lagi GB nya lah kok 0 GB lagi memang game impossible sterrs,Pengguna Google,2,2025-01-15 18:32:52
menurut saya ini game nya bagus tapi yang kurang dari game banyak loading,Pengguna Google,4,2025-01-15 17:47:52
Udah main seminggu. Eh tiba tiba suruh download 3.5gb lagi. Astagaa. Game aneh,Pengguna Google,1,2025-01-15 17:44:37
Melek,Pengguna Google,1,2025-01-15 17:38:14
"Gaje di download stop Mulu udah 2gb,ngabisin kuota",Pengguna Google,1,2025-01-15 17:16:48
Mendownloadnya memerlukan banyak data apalagi mendownload resource-nya yang sampai 13,Pengguna Google,1,2025-01-15 17:16:43
Lag parah mending yang dulu lebih lancar,Pengguna Google,1,2025-01-15 17:06:17
"Tolong di update mengenai compatible device nya, karena banyak device dengan hardware mendukung tp malah tidak compatible di playstore nya, contoh poco f5, poco x6 pro, samsung s23 ultra dll",Pengguna Google,5,2025-01-15 16:14:07
"Sharp Aquos R3 DT , keren main pakai gamepad,, lebih keren grafik yang ini daripada evolved tapi kenapa pasif taming nggak bisa",Pengguna Google,5,2025-01-15 15:49:56
download nya lama kali dua hari ga selesai selesai,Pengguna Google,1,2025-01-15 15:39:05
"Baru download kenapa Malah tidak bisa dibuka, Malah Tiba tiba keluar sendiri Tolong Ini kenapa ya?",Pengguna Google,1,2025-01-15 15:08:28
ARK,Pengguna Google,5,2025-01-15 13:13:25
Masihh kurang di bagian grafik . padahal hp yg sya pake masuk syarat untuk memainkannya,Pengguna Google,1,2025-01-15 12:40:16
"BUG nya masih ada min, 1. Consume beberapa item ke dino gabisa 2. Pembuatan fertilizer di bin",Pengguna Google,3,2025-01-15 10:29:26
Game nya sangat bagus sesuai dengan yg asli,Pengguna Google,5,2025-01-15 07:19:44
"Permisi nih, #aya mau nanyak ini anknya pas saya mainin kok kek TV rusak gitu ya apa HP saya saja yang g kuat, tolong jawab min",Pengguna Google,1,2025-01-15 04:51:07
Ngelek banget tolong grafik nya di jelekkin,Pengguna Google,2,2025-01-14 22:49:23
Gamenya bagus tapi selalu ngelag walaupun low tapi gamenya punya potensi yang tinggi,Pengguna Google,4,2025-01-14 21:57:22
download data lama dan Gk jelas,Pengguna Google,1,2025-01-14 21:56:40
"Haha, the game is so bad, lol, stuck in download data",Pengguna Google,1,2025-01-14 20:57:41
Gamenya bagus Tapi sekarang susah utk tau torpor dari dinonya,Pengguna Google,4,2025-01-14 20:09:50
gudd,Pengguna Google,5,2025-01-14 19:22:24
Sering keluar sendiri,Pengguna Google,1,2025-01-14 18:59:54
Kenapa aku gak bisa masuk ARK nya,Pengguna Google,5,2025-01-14 17:57:20
Sayang nya di galaxi Tab A tidak kompitabel . Padahal game seru ini .,Pengguna Google,1,2025-01-14 17:50:22
Drop fps parah,Pengguna Google,2,2025-01-14 17:34:38
"Sekarang ark pass saya sudah kembali,jadi saya sudah bisa memberi bintang 5",Pengguna Google,5,2025-01-14 16:16:02
permaina yang sangat keren,Pengguna Google,5,2025-01-14 15:47:21
"Okay sejauh ini bagus penyesuaiannya, berarti developer beneran ngurusin. Kebanyakan bug atau problem udah di fix palingan yang sisa ya enable crosshair sama mount button yang harus diaktifin terus",Pengguna Google,4,2025-01-14 15:21:31
Tolong di perbaiki masa setiap maau main harus instal ulang apk . Paadahal sebelum level 90+ masih normal2 aja dan setiap instal ulang harus mulai dari 0 lg,Pengguna Google,4,2025-01-14 14:41:12
Gamenya terlalu berat. Bagusan Ark Survival Evolved..,Pengguna Google,1,2025-01-14 13:45:25
"Game ini sudah sangat bagus. Tapi masih ada beberapa bug, tolong segera di fix. Seperti di aberration di Sana saya sangat sulit menemukan bee hive dan giant queen bee, saya mau mencari madu untung taming roll rat",Pengguna Google,5,2025-01-14 11:27:47
"Mengapa aku tidak bisa mendownload data tambahan di dalam game? Selalu ngestuck, tolong mungkin ini bug tolong developer perbaiki sesegera mungkinn, nanti setelah selesai aku kasih 5 bintang",Pengguna Google,2,2025-01-14 10:49:01
"Udah balance bagus banget, cuman ada beberapa yang ga aku suka.. 1. Rhyniognatha di Swamp, ilangin coba.. 2. Ukuran dinosaurus lebih dibuat proposional. 3. Atau setidaknya bikin 2 mode, realistis yang berdasarkan data ilmiah saat ini tentang dinosaurus, dan yang ARK original yang boleh deh developer bikin semaunya.. Mana ada bjir kumbang Segede pesawat gituh.. lagi enak-enak terbang dibikin jantungan pas di sembur Rhyniognatha.",Pengguna Google,5,2025-01-14 10:07:01
"Ini game bagus woy anj HP lu pada yang kentang malah nyalahin game nya, mana pada rating jelek karena HP sendiri yg kentang. Tolol",Pengguna Google,5,2025-01-14 09:40:36
"Buat gw,kyk gw yang memaksakan, device gw Redmi Note 9 pro, tapi masih ngelag entah karna device gw yang jelek apa game nya keberatan (kyk karna device gw buruk)",Pengguna Google,4,2025-01-14 05:09:21
The game very not stabil and force close my device are good spek but the game very lag,Pengguna Google,1,2025-01-14 02:25:40
I appreciate the developer 💪🏻,Pengguna Google,5,2025-01-14 01:29:37
Game 😁👍,Pengguna Google,5,2025-01-13 22:30:02
Poco f5 jadi gk support,Pengguna Google,4,2025-01-13 22:09:03
Gak bisa ke buka suka ke tutup sendiri,Pengguna Google,1,2025-01-13 21:29:27
Ngeleg banget padahal hp aku spek nya lumayan loh tapi kok gk bisa main yah,Pengguna Google,1,2025-01-13 21:21:17
"Jangan terlalu percaya tulisan compatible hp kentang , pas selesai di instal patah patah cokk , lag ga bisa dimainkan",Pengguna Google,1,2025-01-13 20:57:42
game nya seru baguss asik buat di mainin,Pengguna Google,5,2025-01-13 20:50:22
game nya terlalu ngeleh gerapik nya ga ngotak hd,Pengguna Google,5,2025-01-13 20:45:57
"Banyak banget bugnya,tolong diperbaiki,dan dipermudah untuk banyak aspek",Pengguna Google,1,2025-01-13 20:44:13
"Sejauh ini bagus,tapi tolong ada satu creature yang GK bisa di Whistle follow dan stop,si rhynioghatha,,tolong donk creature ini dibuat bisa nurut player,agak merepotkan creature ini,tolong donk dev perbaiki masalah creature yang satu ini",Pengguna Google,5,2025-01-13 20:31:49
"Untuk game nya udah bagus banget dan semoga saja kedepannya bisa di pasang mod dino atau nggak awesome spyglass, SUKSES SELALU DEVELOPER 👍",Pengguna Google,5,2025-01-13 20:12:38
Gamenya bagus saya sarankan buatkan versi cloud nya juga agar ponsel yang tidak support dapat memainkan game ini,Pengguna Google,5,2025-01-13 20:02:43
Developer gem nya bagus tapi tolong kasi vitur hit indicator untuk player gratisan yg gk mampu untuk beli gempass🙏🙏🙏,Pengguna Google,5,2025-01-13 19:30:28
"I know everyone upset because its got a bug, but its a new game, a console game planted to android of course it has a bug, and wildcard even update it every week, even added sleep back! They are so kind, but the missing thing is mod, i wish there was a mod in ark UME, like you download mod from the website, and then directed to the ark, and a mod selection menu was added too like in pc, the mod in ark pc is not so heavy like awesome spyglass and other. Pls wildcard developer, make this come true",Pengguna Google,5,2025-01-13 18:10:25
bagus,Pengguna Google,5,2025-01-13 17:06:17
Saya tidak pernah main game ini,Pengguna Google,5,2025-01-13 16:46:01
"gamenya bagus, yang ngasih b1 hpnya kentang",Pengguna Google,5,2025-01-13 16:42:41
"Tolong untuk di optimasikan game nya lagi biar experience gameplay nya ga hilang gara gara lag,force close dll semoga di adjust lagi",Pengguna Google,3,2025-01-13 15:44:36
"bagus sih tp masih bnyk bug nya,mohon diperbaiki lagi. semangat para tim wildcard ya",Pengguna Google,5,2025-01-13 15:39:39
MASIH HARUS LEBIH DI OFIMALKAN LAGI UNTUK GRAFIKNYA,Pengguna Google,5,2025-01-13 15:15:44
Aku kasih bintang 4 game nya bagus enak tapi agak ngeframe dan 1 lagi tolong di Samsung A14 5G biar bisa main,Pengguna Google,4,2025-01-13 14:30:27
Lumayan seru,Pengguna Google,5,2025-01-13 13:02:33
google play error dan bug google play muncul setiap 3 detik padahal dulu tidak begini mohon diperbaiki,Pengguna Google,1,2025-01-13 07:40:08
Awesome,Pengguna Google,5,2025-01-13 06:50:27
Tak bisa dimainkan padahal memorinya GK full dan internet lancar,Pengguna Google,1,2025-01-13 05:38:02
"pembaruan yang sangat bagus, tinggal nunggu optimalisasi server yg lagging dan update terbarunya",Pengguna Google,5,2025-01-13 01:03:32
makin berat,Pengguna Google,1,2025-01-13 00:42:09
"Tolong untuk poco F5 di masukin list update dong, mau update malah gk compatible walau playabe tp mau update kg bisa",Pengguna Google,2,2025-01-12 23:59:13
Force close 👎👎👎👎👎,Pengguna Google,1,2025-01-12 23:32:14
"Saya sudah membeli ark pass, namun tidak bisa join di server yang mewajibkan pass",Pengguna Google,5,2025-01-12 22:43:33
"Ga bisa masuk , ngecrash terus ketika masuk padahal di play store dibilang bisa",Pengguna Google,2,2025-01-12 22:42:03
Tolong optimalkan di chipset dimensity 1300,Pengguna Google,3,2025-01-12 21:17:18
Mantap,Pengguna Google,5,2025-01-12 20:24:01
Loding nyah pas pake wifi lama banget sama ga nambah nambah (kasih tau kenapa ga nambah nambah masih0%mulu),Pengguna Google,5,2025-01-12 20:23:43
masih lebih bagus yang dulu sekarang malh graphic low aja lag bgt padahal main genshin rata kanan ga lag,Pengguna Google,1,2025-01-12 20:14:37
Gw pernah main di laptop gamenya seru banget karena bisa Berpetualang dan bisa teaming dino juga buat mempermudah proses main nya,Pengguna Google,5,2025-01-12 19:24:49
Gua nyesel main ark ultimate karena mhl harga map seandainya murah 30.000 pasti 90%bnyk plyer beli daripada 95.000 cuma 20% plyer yg beli,Pengguna Google,3,2025-01-12 18:57:29
The game keep running at 15 fps even i set the grapich to low end my device is Infinix Note 40 Helio G99 Ultimate please make a improvement,Pengguna Google,1,2025-01-12 18:53:56
Ngeleg,Pengguna Google,1,2025-01-12 18:53:01
Keren🔥,Pengguna Google,5,2025-01-12 18:51:38
Download data lama padahal internet saya kenceng,Pengguna Google,1,2025-01-12 18:46:24
Salah satu game terbaik menurut ku entah mengapa ini mungkin memang pendapat pribadi dimana memang udah kayak jodoh aja kali yak...saya orangnya suka dengan hal pengetahuan sejarah dan prasejarah dan genre game yang saya sukai adalah genre petualangan aksi disini ark survival bisa dibilang satu satunya game yang bisa memberikan saya penggabungan antara kedua hal tsb. Jika anda orang yang punya selera yang sama seperti saya mungkin ini salah satu game yang cocok untuk dicoba dan di mainkan,Pengguna Google,5,2025-01-12 18:36:25
Mohon di optimalkan lagi masa stuck 30 fps dimen 8200,Pengguna Google,3,2025-01-12 18:31:55
Lebih gk geleg versi yg dulu dr pd yg ultimate,Pengguna Google,2,2025-01-12 18:07:00
Force close mulu capek gw,Pengguna Google,1,2025-01-12 18:06:49
Game payah. Tidak sebagus ark mobile sebelumnya. Server online selalu crash Perlu di perbaiki lagi Saya kira ini Game berbayar Multiplayer tidak cocok untuk pemain gratisan Selalu roll back. Mengecewakan,Pengguna Google,1,2025-01-12 17:18:56
tolong bisa di gunakan untuk semua hp ini gw baru mau masuk aja langsung keluar for close gw jadi bingung udah download lama lama malah kek gini aduh kecewa berat😕,Pengguna Google,1,2025-01-12 17:04:11
In-game download is too slow,Pengguna Google,3,2025-01-12 16:04:29
Mau cerita gua dah download game nya kan dah masuk tuh ke menu utama di suruh download data tambahan kan 3GB Oke lah gua download udah mau kelar udah 2.7 data nya abis itu keluar sendiri force close abis itu gua mulai ulang kan tapi download data ulang dari nol kecewa berat gua aneh ini game Dev nya saran aja mending yang ark survival evolved mobile yang biasa yang ringan aja mentok-mentok 1-2GB aja jangan ini 3-4 GB apa gak penuh itu store kalian saran sih yang biasa walaupun ada kurang nya🗿🗿,Pengguna Google,1,2025-01-12 15:58:28
Bug engram hilang,Pengguna Google,1,2025-01-12 15:48:36
Ira Wibowo mengatakan engkau tidak tahu bagaimana cara agar bisa sy chat,Pengguna Google,1,2025-01-12 15:41:31
Game nya bagusi tapi game nya gak berjalan optimal jadi kalok bisa di optimalkan dan juga disetingan wolrb nya yang di hp saya yang tanda Centang nya cumak 2 mohon di fix ya,Pengguna Google,5,2025-01-12 15:33:59
Bagus tapi tidak cocok di mainkan di hp kentang,Pengguna Google,4,2025-01-12 14:56:43
Bagus banget gua Tamiang giga dan ya grafik bagus sih,Pengguna Google,5,2025-01-12 14:48:29
"Game nya bagus tapi ngelag patah patah gitu padahal ku tunggu tunggu,emang nya harus seberapa luas sih penyimpanan nya",Pengguna Google,2,2025-01-12 14:48:00
Bagus tapi gak kayak dulu kurang optimal dulu dapet sekitar 50 fps sekarang 42-34 grafiknya padahal gak jauh beda sama dulu,Pengguna Google,3,2025-01-12 13:59:56
game terlalu memaksakan buat masukin akun padahal udh dimasukin akunnya tetapi tak bisa join,Pengguna Google,1,2025-01-12 13:26:14
Lemot banget download data terus katanya cuma 3.49mb ternyata 3.49gb,Pengguna Google,1,2025-01-12 13:21:36
Download ini game karena bang derryl jadi kepo 😅😅,Pengguna Google,5,2025-01-12 12:58:45
"Game nya sudah bagus, tapi knp gamenya lumayan suka ngecrash ketika ingin main, benerin crash nya pun lumayan susah. tolong dibenerin",Pengguna Google,3,2025-01-12 11:43:34
Tolong diperbaiki saya tidak bisa masuk kedalam gamenya karena black screen terus gamenya crash,Pengguna Google,1,2025-01-12 11:33:11
Your game not download data,Pengguna Google,1,2025-01-12 11:26:26
"Lebih baik versi lama daripada versi yang ini, control tdk bisa di ubah, banyak bug dan save tdk berjalan dengan baik",Pengguna Google,1,2025-01-12 10:04:19
gamenya bagus namun download datanya ada sedikit bug,Pengguna Google,3,2025-01-12 09:24:32
game nya ga bisa dimainin download data nya aneh gatau gimana cara nya selesain itu,Pengguna Google,1,2025-01-12 08:12:52
Game nya suka keluar sendiri,Pengguna Google,1,2025-01-12 08:01:59
bagus banget sampai hati,Pengguna Google,5,2025-01-12 07:12:09
Selalu for close saat ingin memasuki game nya,Pengguna Google,2,2025-01-12 06:15:47
Kejawa,Pengguna Google,1,2025-01-12 01:07:17
"masih banyak bug. lari tiba"" berhenti kaya nabrak tembok ada beberapa tempat yg bikin drop fps+force close. saran fix bux ny+tmbahin spyglas yg model baru. yah baru rilis sih tp stidaknya diteliti lebih detail lagi... Semoga direspon.",Pengguna Google,2,2025-01-12 00:32:15
"This game is not compittable in poco f5 and playing online is very bad for signal, please for developers to fix the game server problem in order to run smoothly.",Pengguna Google,4,2025-01-12 00:27:38
ditunggu unofficial servernya,Pengguna Google,5,2025-01-12 00:06:58
Sangat kurang sekali optimasi gamenya.,Pengguna Google,1,2025-01-12 00:04:33
"Untuk developer, ini seperti nya terdapat bug pada bagian setting sebelum masuk map, tidak bisa scroll kebawah, hanya mentok di enable crosshair. Mohon di perbaiki dev.",Pengguna Google,3,2025-01-11 22:24:13
Gelap terus padahal udah hapus semua game giga juga banyak banget tapi kenapa gitu padahal Padahal liat orang aja jadi kepengen lo,Pengguna Google,1,2025-01-11 22:14:08
Download nya setengah mati setelah itu langsung ngebug bagusan yang dulu gimana sih,Pengguna Google,1,2025-01-11 21:45:35
Game old yang sangat bagus,Pengguna Google,5,2025-01-11 21:11:13
Game nya pas mau di mainin ke Napa gak bisa ya tolong di perbaiki bug nya,Pengguna Google,1,2025-01-11 20:59:02
Semoga ark bisa samsung a22,Pengguna Google,4,2025-01-11 20:55:00
I can not play this gema,Pengguna Google,3,2025-01-11 20:44:59
"Mantap.. udh mirip bgt sama yg di pc, yg pada bilang ""kenapa hp gw ga support"" Itu ya karena hp kalian kurang memadai, bukan karena gamenya, gamenya aja terinspirasi dari ark survival Evolved yg di pc, ya wajar klo ga semua hp bisa main game ini😇",Pengguna Google,5,2025-01-11 20:31:15
"Gameplay sudah bagus dan grafik juga bagus banget ,semoga kedepanya ada optimasi agar bisa dimainkan di hp mid-low seperti genshin impact",Pengguna Google,5,2025-01-11 20:27:33
"Its good, but it need a upgrade on the graphics. Because its all blurry. Maybe a little optimization for better fps",Pengguna Google,3,2025-01-11 20:18:14
Sbenarnya bagus tapi terlalu banyak pohon dan saya merasa ark survival evolved mobile lebih bagus dan lebih lancar,Pengguna Google,3,2025-01-11 19:58:44
Tiap masuk crash co padahal sebelum upd lancar jaya,Pengguna Google,1,2025-01-11 19:58:19
Saya saran saat download file tidak perlu main game,Pengguna Google,1,2025-01-11 19:47:48
seru tapi jang an di ilangkan lagi,Pengguna Google,5,2025-01-11 19:35:49
Tai bet game nya,Pengguna Google,1,2025-01-11 17:55:57
"Game menurut gua udah bagus, tapi buat control rada susah, lompat,sama lari, dan satu lagi tolong tambahkan bahasa Indonesia semoga kedepannya tambah bagus. Dan di tambah bahasa Indonesia. Thx",Pengguna Google,1,2025-01-11 17:25:46
"Tolong untuk ada update baru optimalkan bagian grafis misalnya rumput di gem di kurangkan, dan jarak render di pendekkan",Pengguna Google,3,2025-01-11 17:22:31
Keren keren keren keren keren,Pengguna Google,5,2025-01-11 17:20:39
Najis kagak bisa di mainnin,Pengguna Google,1,2025-01-11 16:43:45
Kok gw tunggu lama bgt ya gw uda hapus sebagian game gw tapi kok masih lama ya tolong dong kasitau aku bagai mana cara nya cepet buat download file nya karena lama bet sumpah gw gak bohong dari kemarin gw tunggu tunggu gak kelar kelar tolong dong bagaimana caranya di percepat plesssssss,Pengguna Google,3,2025-01-11 15:49:02
Tidak ada bahasa indonesia nya,Pengguna Google,1,2025-01-11 14:11:51
Pas login ke game ya layar tiba² hitam terus kelua tolong banget di perbaik ki ya🙏🙏,Pengguna Google,3,2025-01-11 13:31:22
Lag parah,Pengguna Google,1,2025-01-11 12:50:47
Mantap man,Pengguna Google,5,2025-01-11 11:10:31
Saat aku mulai main tiba tiba keluar sendiri tolong developer di peringan game nya,Pengguna Google,3,2025-01-11 10:55:15
Game Bagus Si Bilang Underrated Ga Tuh ✋🗿🤚,Pengguna Google,5,2025-01-11 10:29:47
kenapa g bisa di masuk ke game nya ada yang tau kenapa?,Pengguna Google,1,2025-01-11 10:20:25
Seru,Pengguna Google,5,2025-01-11 10:10:42
main server lag parah padahal jaringan bagus bagus aja,Pengguna Google,1,2025-01-11 09:59:54
"Bro i play this game very smooth, why now its not compatible on playstore? Device poco f5.",Pengguna Google,5,2025-01-11 09:52:15
Ga bisa download data,Pengguna Google,1,2025-01-11 05:10:15
"Ark sebelumnya lebih baik dari pada yang sekarang, sering terjadi Force close, dan bahkan setelah force close saya tidak dapat masuk ke dalam game lagi.",Pengguna Google,2,2025-01-11 05:08:08
"Saya tidak bisa download aplikasi ini,ini sangat membantu aku marah padahal aku ingin download game ini",Pengguna Google,1,2025-01-10 22:19:47
Di tunggu untuk hp kentangnya yah,Pengguna Google,5,2025-01-10 22:02:06
Terlalu berat buat helio g99,Pengguna Google,3,2025-01-10 20:52:14
Lagggg,Pengguna Google,1,2025-01-10 20:27:26
Bang bagi setingan paling burik biar hp kentang bisa main,Pengguna Google,4,2025-01-10 19:56:20
"gendeng, gamenya ngelag banget walau udah rata kiri",Pengguna Google,1,2025-01-10 18:38:56
"Why i'm ban,Even though I haven't downloaded or played this game for more than 2 years",Pengguna Google,1,2025-01-10 18:27:35
Sulit dapat telur dino saya rating satu dan memori 300 GB dan masih download 20 GB,Pengguna Google,1,2025-01-10 18:27:26
Gak bisa di login mental mental,Pengguna Google,3,2025-01-10 17:39:46
game cacat hp udh mendukung ram 8gb masih leg ples GK bisa ganti karakter cewe ke cowo tdk ada tombol loncat lari serang bahan udh siap GK bisa di buat download 1gb lbh data dalam 3gb. Peringatan untuk yg mau main game ini nanti nyesel game ampas 🤮🤮🤮👎👎👎,Pengguna Google,1,2025-01-10 16:50:56
Tidak bisa masuk game padahal ram saya 8 gb,Pengguna Google,1,2025-01-10 16:35:23
Bagus dan realistis,Pengguna Google,5,2025-01-10 16:16:39
qpasih ga login dipaksa login dan itu setiap detik menganggu baget,Pengguna Google,1,2025-01-10 16:04:04
Patah patah,Pengguna Google,2,2025-01-10 15:22:20
Uhhhhh jelek banget ga bisa donwload di tablet pokoknya ancur jelek sampah,Pengguna Google,1,2025-01-10 14:30:01
Cok,Pengguna Google,1,2025-01-10 14:23:58
"Min diperbaiki lagi, masih terlalu berat untuk Ram 8, Mohon di perbaiki lagi Mau size gede juga gpp asal Gk drop frame dan force close, lancar minimal di Resolusi mediumlah mohon kerjasamanya Sudah menunggu lama malah di kasih game setengah jadi! (Penggunaan: Infinix Note 10 pro)",Pengguna Google,5,2025-01-10 14:07:54
Tolong saya udah beberapa kali main ark mobile dulu terus keluar lah ark ultimate yg baru saya sangat senang tetapi setelah saya download pas saya buka aplikasi sekitar 5 detik tau tau keluar dari aplikasi ya dengan sendiri pls di fix endak sabar main pls🙏🙏,Pengguna Google,5,2025-01-10 14:04:24
download data sangat lama padahal jaringan lancar,Pengguna Google,1,2025-01-10 13:49:47
Kembalikan ark yang dulu,Pengguna Google,2,2025-01-10 13:40:16
Aduh wak. Ya aplikasi ark yang lama harus ada juga lah biar pra user hp kentang masih bisa main ni game yang versi lama Buat lu pada yang maen di hp ram 1-4gb jan download ni game kalo gamau nyia'in kuota sama memori,Pengguna Google,1,2025-01-10 13:30:11
Tolong gamenya dioptimalkan jadi lancar di chipset Helio G70 ke atas,Pengguna Google,3,2025-01-10 12:23:46
"Game nya bagus,peningkatan nya sangat banyak",Pengguna Google,5,2025-01-10 12:23:24
Gbisa tame,Pengguna Google,1,2025-01-10 11:59:50
Pengen main,Pengguna Google,5,2025-01-10 10:35:35
Nice gameeeeeeeee,Pengguna Google,5,2025-01-10 05:56:39
Keren tingkatkan lagi,Pengguna Google,5,2025-01-10 00:31:56
Game tidak bisa di mainkan download. data lama,Pengguna Google,1,2025-01-10 00:19:44
Gak bisa masuk ke game selalu keluar saat mau masuk,Pengguna Google,1,2025-01-09 23:14:49
Grafik seharusnya di kurangkan lagi dan lebih memperhatikan device bawah atau yg kurang bagus untuk game seperti ini Saya dulu main ark yang versi lama ga se ngeleg separah ark ultimate padahal grafik 11/12 knp malah tambah lag Seharusnya grafik dan detail gak penting di hapus saja atau di kurangi untuk versi device mobile khususnya android yg pastinya kurang bagus buat game grafik atas,Pengguna Google,3,2025-01-09 22:33:17
More shader for android hahaha 👍/ btw why do i have download ingame data again?,Pengguna Google,5,2025-01-09 21:31:50
Blum optimal buat di sebagian hp mid end tolong di optimalkan lagi dev,Pengguna Google,4,2025-01-09 21:24:47
"Download dalam gamenya lama ngentt,ngeleg pula",Pengguna Google,2,2025-01-09 21:22:47
"The best i love this game , good job dev",Pengguna Google,5,2025-01-09 21:12:55
"suka skali gameplay nya, apalagi sering di update cuman satu saran saya buat pengembang ark tolong save datanya dibikin kaya ark lama, yg sekarang sering eror savenya, kalo kita load backup data yg muncul malah lain2.",Pengguna Google,5,2025-01-09 20:22:46
"Tambah jelek game nya ga kyk dulu,abis download game nya 1 GB lebih pas mau main di suruh download lagi 3Gb lama banget Bikin tambah jelek tolong hilang kan Download yang 3Gb lama itu akan menyebabkan game semakin di tidak di sukai para pengguna android yg memorinya kecil,mending Ark: Survival Evolved yg dulu nya ga pas mau main download nya kecil ga sampe 3Gb",Pengguna Google,1,2025-01-09 20:14:59
"Karena di update, sekarang makin banyak bug. Bahkan sering force close terus di hp Vivo y20 ram 8, tolong segera berikan solusi agar lebih optimal",Pengguna Google,1,2025-01-09 20:08:08
"Aku sudah beli ark pass kemarin, sekarang malah hilang. Progresnya juga ikut hilang.",Pengguna Google,2,2025-01-09 19:45:42
Game ya ngelek parah sampek layarnya itam putih,Pengguna Google,1,2025-01-09 18:23:45
This is good but 1.9 GB is big,Pengguna Google,4,2025-01-09 18:21:25
Ngeleng,Pengguna Google,1,2025-01-09 18:20:07
Game apa sih download data aja kaga jalan jalan padahal sinyal bagus manteng Udah habis 10 GB masih kaga maju heran bet gw tolong lah kalo bikin game sekalian aja sama data nya biar ga ribet,Pengguna Google,1,2025-01-09 18:09:40
Kenap ga bisa main saat grafpik low hp aku ram 3 tolong kurangi data apk ark ini saya tidak bisa bermain sering keluar mulu saat ingin mulai,Pengguna Google,3,2025-01-09 18:08:08
Ini kok aku buka gamenya gak bisa ya? Selalu keluar kalo buka gamenya. Tolong diperbaiki,Pengguna Google,1,2025-01-09 17:54:15
Game suka keluar sendiri semoga cepat di perbaiki dan suka ngecrash,Pengguna Google,1,2025-01-09 17:48:25
Game tidak jelas,Pengguna Google,1,2025-01-09 16:52:26
Miror!!,Pengguna Google,1,2025-01-09 16:43:20
udah beli ark pass baru 2 hari udh gak aktif,Pengguna Google,1,2025-01-09 15:53:22
Masuk tiba2 keluar gj,Pengguna Google,1,2025-01-09 15:44:39
Download filenya lama,Pengguna Google,3,2025-01-09 15:19:07
"bagiku aplikasi nya lancar lancar aja,tapi kalo mau mainan game nya,HP ku tiba-tib.a nge close sendiri dan harus di ulang ulang baru bisa padahal Device dan yang lainnya udah bagus , mohon maap kalau ada salah kata.",Pengguna Google,4,2025-01-09 14:49:01
"kasih 3 dulu kenapa?karna ada bug saat membuka crafting yang ada pada char, jadi gabisa diakses dan gabisa buat tranq arrow,mohon untuk dev segera atasi bug tersebut, terimakasih",Pengguna Google,3,2025-01-09 13:29:27
Tolong developer supaya game nya itu lebih Di perbaiki fps nya grafik nya gua ngag bisa main gua udah donlot semua nya eh tau tau nya enga bisa main,Pengguna Google,1,2025-01-09 13:02:50
Bagus,Pengguna Google,5,2025-01-09 12:56:37
"Tolong perbaiki untuk beberapa HP tidak bisa main, saat mau login pasti crash, for close dan tidak bisa dibuka gamenya cuma black screen. TOLONG SEGERA PERBAIKI UNTUK BEBERAPA DEVICE",Pengguna Google,1,2025-01-09 12:37:59
Gem ini tidak misa di mainkan setiap kali kita akan memainkan gem ini dia otomatis keluar mengecewakan,Pengguna Google,1,2025-01-09 12:15:37
gem bagus,Pengguna Google,5,2025-01-09 12:00:17
"next update, fix GPU Mali and adding setting graphic ""very low""",Pengguna Google,1,2025-01-09 10:42:43
seru game survival tapi di jaman dino bikin tegang game,Pengguna Google,5,2025-01-09 09:49:22
Peforma buruk meskipun perangkat Saya sudah mumpuni dan optimalisasinya juga buruk dan tidak efisien,Pengguna Google,1,2025-01-09 07:48:20
"Kecewa berat bagi hp yang kurang optimal, tolong untuk developer beri sedikit pengoptimalan untuk device yang kurang bagus",Pengguna Google,1,2025-01-09 07:29:54
"Udah bagus banget,cuman fps nya rendah banget padahal dulu enggak gini",Pengguna Google,2,2025-01-09 07:12:49
"Tombol buka peta harus di ubah, karena saya mau buka peta malah kepencet dismount, jadi otomatis loncat dari tunggangan, mana pakai pelargornis lagi susah mau tame hewan itu cari nya yang hinggap di darat akhirnya mati di atas gunung jatuh karena dismount hewan nya hilang setelah itu drop semua barang saya dan hewan tidak bisa di temukan, oh ya tambahkan untuk panggil hewan seperti ark lama supaya dino gak hilang",Pengguna Google,1,2025-01-09 07:06:59
Apalah kusus yg mau di uji anj,Pengguna Google,1,2025-01-09 06:04:48
Bagus',Pengguna Google,5,2025-01-09 02:43:52
"Sangat buruk banyak sekali masalah mulai dari frame drop dan ketika masuk untuk kedua kalinya malah hitam dan stuck download menambah 3,5 GB harap segera di perbaiki",Pengguna Google,1,2025-01-09 00:25:36
"Pls optimisasi game nya untuk spec yang lumayan rendah rumputnya jika di grafik low ulangan saja karna itu terlalu berat dan gunakan saat di atas grafik high,, karna saya main di grafik low itu gpu untuk memproses grafik sampai 100% dan cpu untuk memproses logika hanya 70% jadi menurut saya hilangkan saja detail yang terlalu banyak seperti rumput di grafik low karna itu yang membuat game ini terlalu berat karena itu karena di grafik low rumput nya masih ada dan itu terlalu detai n terlalu banyak",Pengguna Google,3,2025-01-08 22:37:31
Tolong jangan download nya pasproses jangan lama,Pengguna Google,3,2025-01-08 21:47:16
Tolong optimalisasi di geme nya di tingkatkan karan freme nya drop terus,Pengguna Google,5,2025-01-08 21:44:08
game gajelas download main di dodo nya gjls,Pengguna Google,1,2025-01-08 21:32:56
Wey ini ark knpa ini di suruh download daleman terus ni!! Gimna ini devoloper,Pengguna Google,3,2025-01-08 21:22:40
Enakan dulu ga lag sekarang lag banget,Pengguna Google,3,2025-01-08 21:16:32
aku suka sama ark tapi buat HP aku berat,Pengguna Google,1,2025-01-08 21:08:49
sangat bagus,Pengguna Google,5,2025-01-08 20:08:08
A#u gabisadimainin go#$*k,Pengguna Google,1,2025-01-08 20:05:33
"game nya mengecewakan masa gw dah cape cape download 1,2gb suruh download data 3gb Hu dasar game memeras kuota",Pengguna Google,1,2025-01-08 19:50:43
Belum cobak cuman saya berharap bagus,Pengguna Google,5,2025-01-08 19:17:05
Gak bisa login dan downloadnya banyak 1 GB,Pengguna Google,1,2025-01-08 19:11:59
"setelah update hari ini ukuran filenya didownload ulang dong 3gb terus data yang habis paaaak 6gb,, coba dong apakah sy aja yg ngalamin,,, dan tolong lah buat hp yg agak kentang seperti oppo reno 5 agak patah2 cuk di fix lah dikir,,, grafik no 2 fps yang utama",Pengguna Google,4,2025-01-08 18:40:20
"Game nya bagus tapi kenapa setting world nya jadi terbatas?, tidak bisa ubah setting jadinya, frame rate juga makin rendah, penurunan peforma, semoga kedepannya bisa diperbaiki lagi, good job buat tim pembuatnya 👍",Pengguna Google,3,2025-01-08 18:36:06
tolong ini kenapa gak bisa masuk ke gamenya,Pengguna Google,1,2025-01-08 17:50:58
Gak bisa masuk ke game masuk keluar lagi,Pengguna Google,1,2025-01-08 17:21:38
Kok malah force close game ga bagus,Pengguna Google,1,2025-01-08 17:12:46
Game nya udah bagus tapi ada yang kurang yaitu fitur agar kita dapat memasang mod semoga fitur ini kedepannya bisa di tambahkan tanpa harus berbayar,Pengguna Google,5,2025-01-08 16:53:06
"A good recreation of the old one but i still miss the old server and most server now just other map that i can't join and pls add multiplier for tamed creature in map setting maybe like tamed damage multiplier or tamed resistance something like that pls add it, the game it self is a 10/10 many new creature added to ark mobile and new map that need pays, just like the computer one complete balance but the god console still acting pretty weird not like the old one that just make you lvl max",Pengguna Google,5,2025-01-08 16:44:44
Kok gua gak bisa masuk gemenya,Pengguna Google,1,2025-01-08 16:28:39
Good update bro,Pengguna Google,4,2025-01-08 16:19:50
"Mantap, tolong bikin juga supaya gak perlu pake kabel lagi untuk alirin listrik, dan tidak pakai pipa lagi untuk alirin air, terimakasih",Pengguna Google,5,2025-01-08 14:09:25
Nga jelas tapi kalau di geser di kdkdndlsjsnzoj,Pengguna Google,1,2025-01-08 13:43:05
"kok nggak kompatibel dengan aplikasi, padahal spek hp sudah bisa dibilang lebih dari cukup",Pengguna Google,1,2025-01-08 13:42:34
Sangat bagus,Pengguna Google,5,2025-01-08 13:41:59
gak bisa main server,Pengguna Google,1,2025-01-08 13:11:38
Mantappp..,Pengguna Google,5,2025-01-08 13:11:19
"Thats good game, but need optimization",Pengguna Google,5,2025-01-08 13:10:40
We gimana nih cara download lya kok aku GK bisa kasih tutor download nya pls pengen main,Pengguna Google,1,2025-01-08 11:57:24
After updating I had to re-download all my data again,Pengguna Google,1,2025-01-08 11:51:38
Please no updates because the ark I installed needs to be downloaded again and again every time it is updated.,Pengguna Google,1,2025-01-08 11:38:57
Anjay gurinjay,Pengguna Google,5,2025-01-08 10:49:54
kenapa tiba2 tidak kompatibel dengan perangkat? jadinya tidak bisa update di samsung A54,Pengguna Google,1,2025-01-08 10:13:02
Seru,Pengguna Google,5,2025-01-08 07:51:46
"aneh abis update tgl 2 malah perangkat tidak kompatibel malah ga bisa instal lagi. tak kirain ga bisa di update, pas coba hapus niat instal ulang malah ga bisa di instal. makin kesini makin kesono",Pengguna Google,1,2025-01-08 07:45:41
Min ini kok ARK saya keluar masuk game nya ya? Kalo boleh tau apa ya solusi nya,Pengguna Google,1,2025-01-08 07:16:05
Tiba tiba saya disuruh donwload ulang padahal udah di download,Pengguna Google,1,2025-01-08 06:24:38
"Kenapa saya login malah download required lagi ya... Padahal tadi malam abis main,, dan di download lagi udah tinggal 1gb kurang, ada yang telefon beres beberapa menit kejendela download lagi jadi 2gb lagi doang, hilang 3gb kemana !!?????, dan sekarang tanggal 8 Januari download lagi aja semua required..!!!!",Pengguna Google,1,2025-01-08 06:19:40
Untuk update kali ini update ngebuat aku lumayan kecewa seberapa hud yang mungkin tempat awalnya contoh seperti tombol scope yang tiba tiba ada di kiri bawah dan itu lumayan susah untuk di pencet di karenakan posisi nya yang di ujung yang menyebabkan mungkin salah pencet aku harap hud tombol scope nya ada di atas bar equipment lagi,Pengguna Google,2,2025-01-08 02:33:38
Permainan yang sangat bagus,Pengguna Google,5,2025-01-08 00:51:25
"Sorry, I've only been playing for 30 minutes but I've already experienced 'crashes' while playing more than 15 times, in offline mode. I've changed the settings to low graphics with 0 resolution, But it doesn't work for long especially when playing near water and also when taming dinosaurs it 'crashes' the most.",Pengguna Google,5,2025-01-08 00:47:16
"I can't update the developer anymore even though I've changed my cellphone! My cellphone is infinix note 40 pro+ 5G, how come it still doesn't work",Pengguna Google,1,2025-01-08 00:42:17
Game gak bisa di buka,Pengguna Google,1,2025-01-08 00:23:22
Seru,Pengguna Google,5,2025-01-07 23:32:06
Server trash always roll back. And lag Bad Control Swip annoying Very rigid movements,Pengguna Google,1,2025-01-07 23:29:52
"Hp kentang ya jangan maksain game ini, upgarde dulu hp lu dongo seenak jidat ngasih bintang 1",Pengguna Google,5,2025-01-07 23:24:18
"Lag parah padahal hp gw bisa kuat di codm kualitas medium tanpa lag,tapi pas main ark malah lag parah",Pengguna Google,1,2025-01-07 22:20:08
"Why must there be Dodo lives when downloading data, it is very difficult to play and downloading data takes a long time, what's this?",Pengguna Google,2,2025-01-07 22:04:06
"Kebelet cuan sampai harus cepat rilis, baru sebulan Beta tes!! Beta tes itu buat cari tau kekurangan geme-_- main rilis aja begooo",Pengguna Google,1,2025-01-07 21:46:30
Kereh sih habis update😁😁,Pengguna Google,5,2025-01-07 21:44:49
Lag lumayan,Pengguna Google,3,2025-01-07 21:35:19
Ngecrash mulu,Pengguna Google,2,2025-01-07 21:03:16
Not bad,Pengguna Google,5,2025-01-07 20:41:45
For close mulu game rusak,Pengguna Google,1,2025-01-07 20:35:10
Xiaomi MI 9 gak bisa download padahal snapdragon 855 apa karena bug?,Pengguna Google,4,2025-01-07 20:21:32
Kurang banyak bug nyq,Pengguna Google,1,2025-01-07 20:17:37
Ngini ngelek ngini ngelek jaringan Telkomsel,Pengguna Google,4,2025-01-07 20:12:41
Udah habisin kuota buat akunnya lama banget semoga bisa di perbaiki sebaik-baiknya,Pengguna Google,2,2025-01-07 20:03:27
"Saya kecewa,padahal saya sudah download semua data dan sudah memainkannya,tapi tiba-tiba saya disuruh download ulang data😡🥲😭😰",Pengguna Google,1,2025-01-07 20:03:21
gak bisa untuk hp poco m5s ku🥲🥲🥲,Pengguna Google,2,2025-01-07 19:21:14
Pls ada setingan kurangin grafik laut plsss lag banget dan kecewaaa banget gara gara setingan nya berbayar jadi nya gak seru kecewa bangett,Pengguna Google,1,2025-01-07 19:20:49
Bug in custom world option - can't swipe in to the bottom of the world custom option ( stuck at crosshair and disable lootbox) -All fixed,Pengguna Google,5,2025-01-07 19:06:54
Kok download datanya dua kali bangke,Pengguna Google,3,2025-01-07 18:53:07
fore close mulu,Pengguna Google,1,2025-01-07 17:48:57
Mantap dah pokonya,Pengguna Google,5,2025-01-07 17:46:14
Old ark better than this one bro It can support my device and this new ark kinda making my phone getting even hotter than before i hope ya can make some update so i cant complaint,Pengguna Google,1,2025-01-07 17:43:23
Bgus,Pengguna Google,5,2025-01-07 17:42:37
Mayan enak mainnya tapi bisa di tambahin tek teleporter atau apa gitu agar lebih mudah mindahin item banyak dari base 1 ke base 2,Pengguna Google,3,2025-01-07 17:42:19
"Game ngelag,semoga kedepannya Grafiknya Bisa di atur lebih rendah lagi",Pengguna Google,1,2025-01-07 17:32:55
ngeleh ajg 😠😡,Pengguna Google,1,2025-01-07 17:24:45
"Masak pas update ngulang download data dalam sih, adminnya tolong dong perbaiki saya udh download 3 kali data sebesar 3gb situ ngotak dong gak mudah cari duit buat beli kuota mohon di perbaiki!!!!",Pengguna Google,1,2025-01-07 17:11:01
Game nya lumayan tapi ngelek dan tiba-tiba di suruh download ulang 3 gb nya padahal sudah download dan datanya hilang,Pengguna Google,1,2025-01-07 17:09:08
Grafiknya bagus sih tapi ngelag dan juga udah swipe up malahan kameranya keatas,Pengguna Google,1,2025-01-07 17:07:13
I hope sometime dev can optimized next time for lowest device overall this game is good like ark on Nintendo but still have bug and force close(well my save data is disappear),Pengguna Google,5,2025-01-07 17:06:05
Saya sudah mendownload yang tiga giga. Saya download itu Sampek saya ngak ngak tidur. Namun besok saya mau main tapi bisa harus download,Pengguna Google,1,2025-01-07 16:58:53
Nice,Pengguna Google,5,2025-01-07 16:52:44
Kenapa tidak bisa download di hape Vivo?,Pengguna Google,5,2025-01-07 15:15:37
Gak ada tutorial,Pengguna Google,1,2025-01-07 15:10:30
Tolong pas mau buka gamenya tau tau keluar sendiri,Pengguna Google,4,2025-01-07 15:04:50
Makin mirip di PC seru cuy pake HP ram 8 aja cukup kok,Pengguna Google,5,2025-01-07 14:47:43
"Kerja bagus, tetaplah berkarya 😎👌",Pengguna Google,5,2025-01-07 14:40:15
anjay,Pengguna Google,1,2025-01-07 14:23:02
game bagus cuma butuh beberapa pengoptimalan aja,Pengguna Google,5,2025-01-07 14:22:34
Makin bagus Terimakasih sudah membuat ark pc masuk ke mobile,Pengguna Google,5,2025-01-07 13:46:51
greattt,Pengguna Google,5,2025-01-07 13:23:06
Mantap,Pengguna Google,5,2025-01-07 13:18:59
"Hey, Dev. This game needs optimization. When I want to download additional files. It was very laggy, so I didn't download the data and didn't play. Please optimize the game or bring back Ark Survival Evolved",Pengguna Google,1,2025-01-07 13:17:27
Fonload data nya lama banget males gw nunggu,Pengguna Google,1,2025-01-07 13:09:02
Gamenya udah bagus tapi ngelag fps nya 3,Pengguna Google,2,2025-01-07 12:44:56
Bagus,Pengguna Google,5,2025-01-07 12:38:31
lama download datanya,Pengguna Google,3,2025-01-07 11:59:27
"lag parah, tolong developer segera perbaiki",Pengguna Google,1,2025-01-07 11:39:06
Keep going bro i waiting valguero😘,Pengguna Google,5,2025-01-07 11:37:23
"Thank you developer, thanks to you this game becomes better to play",Pengguna Google,5,2025-01-07 11:28:56
Turunkan harga map-nya..!!! nanti aku kasih bintang sepuluh,Pengguna Google,5,2025-01-07 11:18:42
Gw pengen main gak bisa masuk terus terus layar nya hitan terus anjig,Pengguna Google,1,2025-01-07 10:31:53
ikut meraimaikan b1 awkawk,Pengguna Google,1,2025-01-07 10:08:11
Best game on mobile 🤩,Pengguna Google,5,2025-01-07 10:02:30
Grafik parah banget tolong lah knpa bagusan ark yg lama grafik nya ...sama control nya lebih enak ark lama lebih gampang,Pengguna Google,1,2025-01-07 08:39:26
game nya bagus tapi tolong permudah ui nya soalnya aku bingung sama ui nya,Pengguna Google,5,2025-01-07 08:38:11
Game sebagus ini knp pada rating jelek dah.,Pengguna Google,5,2025-01-07 07:36:13
The best game,Pengguna Google,5,2025-01-07 07:14:10
"Bagus Keren,Jika Bisa berikan setting Grafik Agar,grafik air dan daun tidak terlalu realistis",Pengguna Google,5,2025-01-07 06:50:51
Kagak bisa di donlowd,Pengguna Google,1,2025-01-07 06:50:06
Apa ini udah download data malah ngulang lagi hangus 3 GB ku wak,Pengguna Google,1,2025-01-07 06:37:03
Setiap aku mau masuk ke game nya malah balik lagi ke awal tolong di perbaiki,Pengguna Google,1,2025-01-07 06:18:34
Kecewa berat udh download data full main 1 jam pas keluar trus masuk lagi harus download data lagi,Pengguna Google,1,2025-01-07 06:06:18
Tolong gamenya di bikin jadi frame rate-nya ga gampang ngedrop,Pengguna Google,2,2025-01-07 05:54:55
Nice,Pengguna Google,5,2025-01-07 05:36:34
Good game,Pengguna Google,5,2025-01-07 03:24:06
"How do I sleep, I have trouble getting through the night",Pengguna Google,5,2025-01-07 03:10:01
lets survive jangan ngeluh aja,Pengguna Google,5,2025-01-07 02:28:09
"Belum ku mainin,Saat mau buka gamenya malah keluar lagi😓😓. Apa masalahnya ad di HP ya🥲🥲",Pengguna Google,2,2025-01-07 01:27:15
gamenya seru lebih baik dari versi sebelumnya karena lebih banyak creature dan lebih HD -snapdragon 720G,Pengguna Google,5,2025-01-07 00:22:49
Ngelag,Pengguna Google,1,2025-01-07 00:08:37
Akses di blokir: Ark: Ultimate Mobile Evolved belum menyelesaikan verifikasi google. ini kenapa dah?,Pengguna Google,1,2025-01-06 23:59:20
Update kali ini memang bagusin tapi kok bisa ngelek parah tolong di kasih penjelasan atau dipermudah biar lancar lagi dan bisa mainn lagi khusus hp fps stabil,Pengguna Google,3,2025-01-06 23:22:40
Tolong dong game lu nge lek banget. Tolong kasih kita setingang buat nyeting jarak pandang biar GK ngelek. Kami para player hp kentang GK bisa nikmati game yang lu buat coba di perbaiki lagi dong game nya. Yang paling penting buatkan kamu pengaturan buat mengatu jarak pandang player biar tidak terkena lag!!!!!!!!!!!!!!!!!!!!!!!!!!!!!!!!!!!....,Pengguna Google,2,2025-01-06 23:08:12
Kalau download terus keluar apk download nya ke reset,Pengguna Google,1,2025-01-06 22:14:28
Crash while repairing item,Pengguna Google,2,2025-01-06 22:13:38
Aku ingin nangis 😭😭 soalnya di downloadnya gak bisa memang dasar ark,Pengguna Google,1,2025-01-06 22:03:07
"super lag, plss fix lag and add frame rate",Pengguna Google,1,2025-01-06 21:13:47
"Dari segi grafik sih bagus, tapi menurut saya kontrol nya susah banget, dari mau ngambil barang dan dll. Tolong di perbaiki kontrol nya.",Pengguna Google,2,2025-01-06 20:59:05
Saya tidak bisa memasuki game padahal hp atau chipshet saya agak dominan terhadap game tapi kenapa saya tidak bisa memainkannya,Pengguna Google,1,2025-01-06 20:45:29
Ngelag,Pengguna Google,2,2025-01-06 20:42:48
Maaf min ini ko saya nggak bisa masuk game nya min,Pengguna Google,1,2025-01-06 20:25:08
Ko gabisa masuk di awal,Pengguna Google,4,2025-01-06 20:20:44
Cabe-cabe tumbuh data lagi,Pengguna Google,1,2025-01-06 20:10:40
Baru masuk ke dalam gamenya langsung rusak layar gebug🤬🤬🤬🤬🤬🤬🤬🤬,Pengguna Google,1,2025-01-06 20:07:49
GAME INI KENAPA NYA AKU INGIN DOWNLOAD GAME INI TAPI UDAH AKU HAPUS-HAPUS FILE AKU COBA DOWNLOAD LAGI TAPI MASIH TIDAK BISA PADAHAL SUDAH AKU HAPUS SEBANYAK-BANYAKNYA TOLONG DEVELOPER SAYA JUGA INGIN BERMAIN ARK TAPI TOLONG DIPERKECIK GRATIS NYA SOALNYA SAYA TIDAK BISA MENDOWNLOAD GAME NYA,Pengguna Google,1,2025-01-06 19:59:42
"Setidaknya untuk mendukung developer, next untuk ke depannya diperbaiki lagi untuk bug nya yah 😊",Pengguna Google,5,2025-01-06 19:48:06
sering terjadi force close,Pengguna Google,1,2025-01-06 19:46:47
Gabisa masuk ga jelas dah gitu aja ga bisa di mainin,Pengguna Google,1,2025-01-06 19:20:38
I can't play this game cuz my potato phone i love this game so much ❤️‍🩹🙂,Pengguna Google,5,2025-01-06 19:13:28
Saran ku bisa di mainkan di semua device,Pengguna Google,5,2025-01-06 19:11:59
"bagus ,tapi banyak bug semoga cepat di fix,sama game nya di bikin lebih ringan (mungkin ) BERAT BGT NI GAME KON",Pengguna Google,5,2025-01-06 18:35:22
wowww,Pengguna Google,5,2025-01-06 18:00:55
"Kok pas loading malah crash, Cara mengatasinya gimana ini",Pengguna Google,1,2025-01-06 17:53:25
Game yang sangat berat dan tidak kompatibel di hp saya,Pengguna Google,1,2025-01-06 17:50:10
Di hp ku laaaaag bro,Pengguna Google,1,2025-01-06 17:17:05
GK bisa di mainin di hp saya,Pengguna Google,1,2025-01-06 16:53:49
"This is why I can't play the game, I have to download the data for a long time, it takes 1 hour.",Pengguna Google,1,2025-01-06 16:42:09
"Role Back terus... Belom lagi lawan China yg pake Cheat.. Kalo g d bnrin juga, bakalan tutup ni game.masa game baru udah ada aja cheatnya bisa online lg.kocak",Pengguna Google,1,2025-01-06 16:36:40
Belum dimainin soalnya,Pengguna Google,1,2025-01-06 16:07:09
gak bisa masuk ke game nya!! force close👎,Pengguna Google,1,2025-01-06 15:25:44
Tiba2 ngbug gabisa bikin metal,Pengguna Google,2,2025-01-06 15:18:04
Udh nungguin lama buat rilis di play store eh ga bisa masuk,Pengguna Google,2,2025-01-06 14:47:32
Karena ketika saya masuk tiba tiba keluar mohon di perbaiki,Pengguna Google,1,2025-01-06 14:27:40
geloo,Pengguna Google,5,2025-01-06 14:23:17
Lag parah,Pengguna Google,1,2025-01-06 13:36:41
Force close di HP gw,Pengguna Google,1,2025-01-06 13:28:19
Grafik bagus tapi fps gak bisa diatur plus gak optimal gua dah mainin puas punya game keren ginian,Pengguna Google,5,2025-01-06 13:15:00
GK tau,Pengguna Google,5,2025-01-06 12:33:34
Bagus banget coyy,Pengguna Google,5,2025-01-06 12:14:51
Loading data lama,Pengguna Google,1,2025-01-06 11:47:15
Donwload datamya lama banget,Pengguna Google,1,2025-01-06 11:41:00
Ga bisa login keluar sendiri,Pengguna Google,1,2025-01-06 11:36:50
"Saya mau tanya padahal saya sudah download tapi kok gak bisa main yah, setiap saya buka pasti keluar sendiri,",Pengguna Google,1,2025-01-06 11:26:16
Sebenarnya game ini bisa dimainkan di hp kentang namun sayang nya tidak ada settingan untuk mengurangi render distance yang membuat frame rate game menjadi buruk,Pengguna Google,1,2025-01-06 10:31:19
"Trimakasih telah menghadirkan ark di mobile, sebenernya saya lebih menyukai ark pc tapi saat ini belum punya pc jadi ini bisa sangat membantu walaoupun sedikit berbeda kualitas grafik dan fpsnya dan dino²nya 🍭",Pengguna Google,5,2025-01-06 09:56:19
"disappointing, can't download data 😞😞",Pengguna Google,1,2025-01-06 09:07:31
"Game nya udah sangat bagus, cuman harus di optimalkan lagi karena sering terjadi nya frame drop",Pengguna Google,5,2025-01-06 08:51:55
👍,Pengguna Google,5,2025-01-06 08:32:26
Ngelag banget,Pengguna Google,1,2025-01-06 07:02:25
Lag,Pengguna Google,1,2025-01-06 06:48:23
Gk bisa masuk game nya Tolong perbaiki ya...,Pengguna Google,2,2025-01-06 06:36:18
"need better optimisation for mobile ngl,its not that bad compared to others but its still a problem if it caused uncomfortable gameplay,also i think yoh guys should add local multiplayer modes,just imagine if theres one,you guys will get so much old player returning,and also its gonna be a important mode in ark",Pengguna Google,4,2025-01-06 06:28:04
Saya suka force close update dong untuk hp kentang,Pengguna Google,1,2025-01-06 05:25:03
so laggy,Pengguna Google,2,2025-01-06 02:50:30
"kenapa keluar' terus padahal baru login tapi malah keluar' sendiri udh coba login beberapa kali tapi sama aja tetep keluar,kecewa bgtt jadi di uninstal",Pengguna Google,2,2025-01-06 00:49:01
"Thank you developer, for destroying my desire to play this game, because of the brutal lag.",Pengguna Google,5,2025-01-06 00:43:03
"tidak bisa dimainkan padahal tertulis ""tersedia di perangkat anda"" harusnya kompatibel dan bisa dijalanan di perangkat saya",Pengguna Google,1,2025-01-06 00:20:52
Udah enak game ya tapi lag ya itu gua main juga enak enak aja kok,Pengguna Google,3,2025-01-05 23:33:37
plss fps 60 broo so laggy,Pengguna Google,4,2025-01-05 22:48:05
Download data lama,Pengguna Google,1,2025-01-05 22:40:18
"Baru masuk langsung force close, padahal sudah memadai semua syarat dari versi android ataupun penyimpanan juga udah cukup tetep gak bisa dibuka",Pengguna Google,1,2025-01-05 22:39:02
game nya bagus kalau kalian liat rate rendah berarti hp user nya kentang,Pengguna Google,5,2025-01-05 22:33:40
Aku ingin main ini karena dulu topi sihir animation pernah main ini terus dia bikin rumah terus diserang sama pokemon klo ingin lanjutanya nonton chanel nya 😁,Pengguna Google,5,2025-01-05 22:07:20
Penyimpanan di ponsel ku masih banyak tapi download datanya kok ga bisa bisa,Pengguna Google,2,2025-01-05 21:28:53
Keluar-keluar sendiri kadang tiba-tiba ngeframe tolong dikasih bagus lagi ya di next update,Pengguna Google,3,2025-01-05 21:15:41
Gimana mao manin orang pas masuk malah disuruh main keep the dodo alive+pas di mainin keep dodo alive juga dodo nya ngelunjak ga ada buah tetep minta asu,Pengguna Google,3,2025-01-05 21:04:04
GYAT,Pengguna Google,5,2025-01-05 21:03:03
"Kenapa pada saat saya download game nya tiba tiba keluar sendiri hera coba benar kan dulu atau di fix aku mau main, #JanganLupaYa",Pengguna Google,2,2025-01-05 20:56:50
Sangat disayangkan God consol yang pernah Saya beli di ark dulu terbuang sia sia Disini God consol harus beli lagi malah lebih mahal,Pengguna Google,2,2025-01-05 20:51:07
Saya kecewa saya sudah menunggu tapi tidak apdhet😡😡😡😡😡,Pengguna Google,1,2025-01-05 20:49:10
Yey ada update thank you buat yang membuat ark umenya aku kasih rating 5,Pengguna Google,5,2025-01-05 20:28:14
Game nya bagus grafik nya tapi ngeleg banget,Pengguna Google,2,2025-01-05 20:17:56
Masih kurang optimal,Pengguna Google,1,2025-01-05 20:11:40
ngapa gua gabisa download si,Pengguna Google,1,2025-01-05 19:57:35
Sudah sangat bagus dari segi apapun,Pengguna Google,5,2025-01-05 19:44:02
Ini game dah tambah berat aja 3bln lalu aku main masih lancar sekarang eh malah piksel semua bintik2 warna-warni gak kliatan apa apa ya tapi menurutku 3bln lalu bgus sih,Pengguna Google,2,2025-01-05 19:17:36
Sangat bagus lain kali tambahkan hewan yang baru,Pengguna Google,5,2025-01-05 19:16:53
Game kocak gue dah download data 2 gb dari 3 gb pas gue tinggal nonton video masa harus download dari awal meskipun ni game grafik nya hd banget tetep aja di mata gue ini jelek pake banget,Pengguna Google,1,2025-01-05 19:06:19
Tidak bisa dimainkan.,Pengguna Google,1,2025-01-05 19:02:38
Untuk sekarang saya belum bisa ngasih rating bintang 5 karena pengalaman saya setelah mencoba gamenya yah lumayan mengecewakan karena fps turun drop dari ark sebelumnua hisa lancar 30 fps terus sekarang jadi 10 - 15 chipset mediatek helio G96 saya maklumin karena ini game baru rilis saya tunggu optimalisasi uptade berikutnya,Pengguna Google,3,2025-01-05 18:50:38
Help optimisation for gpu mali,Pengguna Google,5,2025-01-05 18:44:49
"Entah kenapa pas masuk langsung close, gak tau ini bug apa memang gak kuat hpnya",Pengguna Google,2,2025-01-05 18:39:49
Semoga uji coba selesai,Pengguna Google,1,2025-01-05 18:36:36
Saya entah mengapa memiliki bug tidak bisa login akun google Play Dan hal ini sangat menggangu,Pengguna Google,1,2025-01-05 18:26:12
Saat mau main tiba tiba keluar sendiri udah masuk 10 kali masih keluar sendiri tpi untuk game nya bgs tapi masalah nya KELUAR SENDIRI!! Dan aku sudah dapat dinosourus paling kuat nomor 2# jadi developer tolong betulin Aku Faris BKN pak Yono,Pengguna Google,3,2025-01-05 17:38:25
Akhirnya aku sudah bisa main game ark walaupun gak kaya di pc,Pengguna Google,5,2025-01-05 17:37:11
Buruk lag,Pengguna Google,1,2025-01-05 17:32:06
cukup lancar di hp kentangku cuman agak susah lihat level dinonya terlalu kecil tulisannya.,Pengguna Google,4,2025-01-05 17:15:38
"i like this game but this game this is very laggy, i can't play it, and sometimes force close, please fix it",Pengguna Google,2,2025-01-05 16:51:35
"Ga bisa login, pas download data di suruh login terus",Pengguna Google,1,2025-01-05 16:44:17
Sumpah ya gua gak bisa masukkkkk (i can't play),Pengguna Google,1,2025-01-05 16:03:09
"Mantap, keren 🔥",Pengguna Google,5,2025-01-05 15:56:47
Gk bisa di download nge stack di 100%,Pengguna Google,1,2025-01-05 15:56:22
"The game is already good, but please optimize it and add additions so you can activate the damage number. Thank You👍👍",Pengguna Google,4,2025-01-05 15:16:02
Why so lag make it smooth pliss,Pengguna Google,1,2025-01-05 14:49:19
gema nya bagus tapi coba nungu loading tu gak usah tambah tambah kayak biasa aja gak usah tambah tambah,Pengguna Google,1,2025-01-05 14:42:31
Gak akan bertahan lama keknya nih game,Pengguna Google,1,2025-01-05 14:40:07
"Download data nya lama banget kaya nungguin pemerintah benerin jalan, lama banget sampe tua kayaknya baru ke download ini, gak bisa kah di Playstore aja sekalian download data nya cape nungguin kalo di Playstore lebih enak lebih lancar ini di dalam game lama banget, bikin males main dah.😮‍💨👎",Pengguna Google,2,2025-01-05 14:25:06
"Baru download dan mau masuk game tiba"" keluar sendiri, dh download ulang tetap sama padahal dh lama download",Pengguna Google,1,2025-01-05 14:19:15
"Grafik dan gameplay keren parah, di Poco f4 8/256 rata kanan bisa lancar banget",Pengguna Google,5,2025-01-05 13:57:34
Good But So Lag in my Device i use Infinix Hot 40 Pro Android 13,Pengguna Google,4,2025-01-05 13:47:26
"save data rusak, saya sudah save tapi kembali lagi dari awal, progress saya hilang semua, sia"" gua main berjam-jam",Pengguna Google,1,2025-01-05 13:40:51
Saat kubuka ngelek parah dan juga hp saya jadi ngebleng sekarang hp saya sudah bisa nyala kalau bisa optimalkan MBnya biar semua orang bisa main,Pengguna Google,3,2025-01-05 13:01:54
"Mantap,tingatkan",Pengguna Google,5,2025-01-05 12:52:27
Tidak tau kenapa ketika baru buka aplikasinya langsung force close,Pengguna Google,1,2025-01-05 12:31:04
Tolong kenapa pas mau di mainin malah keluar dari aplikasi pas di coba beberapa kali juga tetap sama,Pengguna Google,2,2025-01-05 12:06:45
"Please optimize it again, and add a reduction in the map rendering distance so we can play smoothly.",Pengguna Google,3,2025-01-05 11:50:13
Saat saya ketika ingin bermain game ark saat sudah di dalam game tiba tiba saya keluar dari game,Pengguna Google,1,2025-01-05 10:49:41
"A lot of bug, but I love it",Pengguna Google,5,2025-01-05 10:34:57
"Frame rate nya jelek amat, taikin lah kalo kagak mau buat apa coba ada versi mobile nya",Pengguna Google,1,2025-01-05 09:06:11
Agak elek ^^,Pengguna Google,5,2025-01-05 08:19:24
Alji u,Pengguna Google,5,2025-01-05 08:16:50
Tidak sabar menunggu update selanjutnya,Pengguna Google,5,2025-01-05 08:09:37
Game ini bagus,Pengguna Google,5,2025-01-05 08:00:08
"Game bagus, untuk hp yang bagus juga. Hp kentang minggir dulu",Pengguna Google,5,2025-01-05 07:59:22
"sudah download setengah, terus waktu login lagi malah ulang 3gb lagi dari awal",Pengguna Google,1,2025-01-05 07:54:56
"Finally he's back, tolong jangan kasih rating rendah untuk game ini, mungkin hp kalian aja yang kentang",Pengguna Google,5,2025-01-05 07:36:55
game nya asik,Pengguna Google,5,2025-01-05 07:35:51
"Gw sangat-sangat excited ketika mendengar ARK mobile mendapatkan revamp, dan ketika sudah rilis dan gw mencobanya gw merasa sedikit kecewa karna tidak sesuai ekspektasi. Ada begitu banyak bug dan glitch tapi gw maklumi itu karna game ini masih baru, dan gw menantikan update update selanjutnya. Sukses terus!!",Pengguna Google,4,2025-01-05 06:23:14
Gem nya gak jelas pas aku main kan gem nya tiba tiba gem layar nya jadi biru tolong perbaiki grafik nya kayak dulu,Pengguna Google,1,2025-01-05 06:05:14
"Untuk kedepanya saya harapkan jgn ada yg terlambat lagi.Waktu makan siang hanya 1 jam setengah lebih dari itu potong gaji,atas perhatian nya saya ucapkan terimakasih TTD hrd GOOD GAME",Pengguna Google,5,2025-01-05 05:35:23
Bagus bgt,Pengguna Google,5,2025-01-05 02:18:57
"optimisasi nya masih sangat kurang, terutama untuk spek mid ke low, helio g99 aja ga playable",Pengguna Google,2,2025-01-05 01:15:32
"Bagus dev nya mau mendengar para pengguna, selalu ada update agar lebih optimal, terima kasih",Pengguna Google,5,2025-01-05 00:48:30
"Jangankan main,gw login ke dalam aplikasi aja gak bisa,bukan karena hp gw burik yee,GK tau dah apa masalahnya ini ark,padahal dulu bisa kok login,sekarang malah GK bisa",Pengguna Google,1,2025-01-05 00:35:14
GAK BISA MAIN!!!!!!!!!!,Pengguna Google,1,2025-01-05 00:07:10
Game untuk HP high end cuk(10jtaan),Pengguna Google,4,2025-01-04 23:50:33
Belum coba,Pengguna Google,1,2025-01-04 23:43:57
Untuk developer semangat untuk update update kedepanya,Pengguna Google,5,2025-01-04 23:12:24
Download data nya lama bet Jadi ya bintang satu,Pengguna Google,1,2025-01-04 23:07:47
"Untuk developer, saya minta tolong untuk memperbaiki masalah black screen tanpa ada reaksi saat ingin masuk kedalam game setelah itu game nya crash. Dan saya harap game ARK ini bisa menjadi game yang lebih bagus lagi dari pada yang sebelumnya. Saya juga sangat suka dengan game playnya yang open world, jadi tolong lah jadi kan game ke sukaan ku ini menjadi game yang epic",Pengguna Google,4,2025-01-04 22:55:18
This game is bad bro,Pengguna Google,1,2025-01-04 22:52:02
Maaf kalau saya kasih bintang 2 soalnya saya tidak bisa mainin ark nya padahal bisa saya download dan saya sangat ingin menikmati game ini jadi saya mohon sekali berharap kalau bug ini bisa di perbaiki,Pengguna Google,2,2025-01-04 22:48:06
"Untuk control nya susah, overall bagus",Pengguna Google,4,2025-01-04 22:33:25
Mudah2an makin optimal di tiap pembaruan,Pengguna Google,5,2025-01-04 22:28:39
"Gamenya jadi berat banget, kalo di game ark evolved gw di high dapet 60 fps stabil di ark ume grafik low malah dapet 15 fps",Pengguna Google,2,2025-01-04 22:11:13
Good game,Pengguna Google,5,2025-01-04 22:01:00
Saya minta maaf kepada developer game ark karena ketika masuk agak patah patah waktu itu GK patah patah sebenar nya harus ram berapa si tolong jangan seperti ini grafik sudah seperti nyata bukan seperti sebenarnya malah udah nyata banget ketika main tapi tolong jangan patah patah udah ram gede tapiasi gini tolong ya developer seperti mau kasih bintang 5 tapi GK tahu kenapa GK adil 😭😭😭😭,Pengguna Google,1,2025-01-04 21:54:21
Update yg bagus klo bisa map yang lain bisa di buka dengan gratis supaya bisa main di map yg lain,Pengguna Google,5,2025-01-04 21:51:55
"Update sekarang jelek bgt, main udah gabisa 60 fps mentok mentok 30 fps padahal sebelum update device saya kuat kuat aja buat main di 60 fps rata kanan, tapi kenapa sekarang gabisa? Udh gitu pay to win lagi, sampah bgt ni game",Pengguna Google,1,2025-01-04 21:40:07
tidak bisa di download hanya loading terus terusan,Pengguna Google,3,2025-01-04 21:29:39
"Bang game ark plis lah kenapa main revamp itu di ipad & samsung tidak bisa 1 ipad butuh ios 18 kenapa gak 17 punya saya cuma ada 17 ios kecuali samsung sudah install tetapi diblokir sama google plessss bang ark aku ingin main yang ranting 3,2",Pengguna Google,2,2025-01-04 21:19:15
Gacor,Pengguna Google,5,2025-01-04 21:00:17
emang mantap sih cuma tolong tambah kan grafik yang lengkap dan serta berbagai bahasa + ngasih tutorialnya minimal jelas semoga ini membantu,Pengguna Google,4,2025-01-04 20:54:55
"Wooww bagus bgt, cuman tolong untuk grafik di haluskan lagi, dan tolong di fix buat fram""kecil nya, supaya menambah kenyamanan dalam bermain❤❤✌",Pengguna Google,5,2025-01-04 20:53:19
Gem ya bagus tapi tolong di per baik,Pengguna Google,5,2025-01-04 20:23:06
Downloading data in the game takes a long time even though the signal is good,Pengguna Google,1,2025-01-04 20:22:29
pls update can play android 13,Pengguna Google,5,2025-01-04 20:16:39
Force close,Pengguna Google,2,2025-01-04 20:10:55
"game bisa login tapi keluar trus padahl ram hape 4 ram lho merk hp ku infinix hot 9 play , untuk developer kalau mau pada Suka semua optimal game nya dan penyesuaian buat hp ram 4 dan selanjutnya soalnya mereka pengen nyoba main game namun di haruskan ram 8 itu juga kasian , hp ram 4 juga bisa main lah atau di perbaiki lagi biar bisa main game ini penyesuaian nya pada rame main gitu dan banyak main dan support , terima kasih",Pengguna Google,2,2025-01-04 19:57:23
Mantap,Pengguna Google,5,2025-01-04 19:19:26
"Ini game knp sih masa gw baru download,keluar sendiri mulu!!!! Gj bett anjir",Pengguna Google,1,2025-01-04 19:11:37
Berat,Pengguna Google,1,2025-01-04 19:10:15
please make a lite version,Pengguna Google,3,2025-01-04 19:08:35
Pas saya masuk mlh layar warna warni tapi suara sama tulisan tutorial nya ada,Pengguna Google,1,2025-01-04 18:39:25
kenapa tidak bisa scroll setting ke bawah? hanya bisa sampai enable crosshair saja,Pengguna Google,1,2025-01-04 18:21:11
Bagus,Pengguna Google,5,2025-01-04 18:17:13
"Saat download data dalam kadang kecepatan download nya cuman 60kb/s an padahal jaringan ku bagus"" aja",Pengguna Google,3,2025-01-04 18:07:36
Karna loading pertamanya lama banget,Pengguna Google,1,2025-01-04 17:42:04
Force close,Pengguna Google,1,2025-01-04 17:28:52
Download file nya nge bug malesin,Pengguna Google,3,2025-01-04 17:24:29
Bagus,Pengguna Google,5,2025-01-04 17:11:41
"Game yang sangat buruk, gak bisa dimainkan karena glitch screen saat masuk ke dalam game",Pengguna Google,1,2025-01-04 17:00:57
Game nya macet ga bisa di mainin anj,Pengguna Google,1,2025-01-04 16:35:44
Gak bisa di buka,Pengguna Google,1,2025-01-04 16:16:51
Load dan save game gak valid,Pengguna Google,3,2025-01-04 16:15:17
Save savean suka hilang Level masih sama tapi bangunan sama item hilang semua,Pengguna Google,1,2025-01-04 16:00:47
Ko gw gbs download game nya?,Pengguna Google,1,2025-01-04 15:53:18
Masa aku mau masuk di keluarin tolong di benerin nanti kalo udah aku kasih bintang lima,Pengguna Google,1,2025-01-04 15:40:45
"Download datanya lama,tapi begus sih grafiknaya",Pengguna Google,3,2025-01-04 15:18:44
"Game nya tidak bisa dibuka, padahal ini adalah game yang saya nanti untuk saya mainkan. Saat saya membuka game nya, hanya terdapat black screen, lalu langsung keluar dari gamenya, saya mencoba berkali-kali, tetapi tetap tidak bisa.",Pengguna Google,1,2025-01-04 15:11:24
"why is the pve server always missing, i play for several hours every day and the server is not there",Pengguna Google,5,2025-01-04 14:59:34
"Please Reply This Rate,Why this game Can't run in my phone,i open this game force close i can't even look at the play menu just loading logo and then force close im trying every help on browser, YouTube and this game still not work Why Studio wildcard WHY.please reply i need some tips and help.",Pengguna Google,1,2025-01-04 14:26:35
Kenapa keluar mulu pas masuk game,Pengguna Google,1,2025-01-04 14:17:33
force close terus menerus,Pengguna Google,1,2025-01-04 14:10:07
Mungkin harus memperbaiki lag pada game ini sajah,Pengguna Google,1,2025-01-04 13:57:20
woy support hp kentang laaaa,Pengguna Google,1,2025-01-04 13:56:26
"Bagus sih tapi pas awal masuk game disuruh download nah pas di Dodo itu susah bgt kalo bisa dihilangkan diganti diam aja gitu gak perlu main mini game susah soalnya alias nama nya "" keep download Dodo alive""",Pengguna Google,1,2025-01-04 13:40:17
Mengecewakan tiba tiba gamenya keluar sendiri,Pengguna Google,3,2025-01-04 13:39:41
Gamenya seru banget,Pengguna Google,5,2025-01-04 13:18:18
dodo ngt,Pengguna Google,3,2025-01-04 13:12:42
Lag masih sangat parah padahal sudah grafik low,Pengguna Google,1,2025-01-04 12:56:14
Loh kok gk bisa masuk katanya sih belum menyelesaikan proses verifikasi google,Pengguna Google,3,2025-01-04 12:26:18
penurunan frame drate nya parah banget Kon***,Pengguna Google,1,2025-01-04 11:43:14
Min otimal kan lagi aplikasinya. Saya penikmat game ini merasa g nyaman,Pengguna Google,5,2025-01-04 11:38:44
"After maintenance, suddenly my character died, even though I was at home. And all my items were gone. Please fix this bug",Pengguna Google,1,2025-01-04 11:36:54
Kok gua gk bisa masuk jir,Pengguna Google,1,2025-01-04 11:13:34
What happened to me who just bought the God Console at Ark before?,Pengguna Google,5,2025-01-04 11:06:26
Suka patah patah pas main padahal hp nya jauh melebihi standar,Pengguna Google,2,2025-01-04 10:59:25
"bagus bangeettttt gamenya, grafiknya beuh mantapp haha",Pengguna Google,5,2025-01-04 10:54:23
Sebenarnya bagus ni ark ume bagus tapi grafiknya gila gak kuat padhal udh di mentok grafik low resolusinya udh mentok low shadow off masih gak kuat padhal ark sebelum nya bisa grafik ultra shadow nya juga ultra tolong dong ark grafik nya perbaikin gua mau grading aja susah banget sama patah patahnya kalo soal grafik gua suka ark sebelumnya kalo soal fitur dino baru ark ini udh paling mantap,Pengguna Google,3,2025-01-04 09:52:50
Tolong ini kenapa ga bisa mulai game nya pas udah bikin karakter ga ada tombol mulai atau mungkin aku yang ga tau,Pengguna Google,1,2025-01-04 09:47:36
Game nya nunggu nya lamaa,Pengguna Google,2,2025-01-04 09:15:43
Tolong dong download data ya jangan di bikin lama,Pengguna Google,1,2025-01-04 08:56:48
Buat frame drop nya wajarlah karena ini game pc bukan game hp cuman untuk bug nya ngeselin jadi tolong perbaiki,Pengguna Google,5,2025-01-04 08:41:15
gamenya ga bisa di buka,Pengguna Google,1,2025-01-04 08:14:25
Kau gadis kureng cantik,Pengguna Google,5,2025-01-04 08:10:50
Abis download di play store harus download lagi dong lama lagi aku sangat kecewa😡,Pengguna Google,1,2025-01-04 08:04:43
"Saya gak tau hp saya aja yang gak bagus apa game nya😅,saya pas di loading screen suka keluar sendiri itu kenapa ya?",Pengguna Google,3,2025-01-04 07:29:06
Game kerennnn,Pengguna Google,5,2025-01-04 07:27:59
Beautiful game ❤️,Pengguna Google,5,2025-01-04 06:47:35
Tolong untuk ringanin game ini agar spek hp yang gak mampu bisa memainkan game ini,Pengguna Google,1,2025-01-04 06:11:53
Game nya bagus dan dino nya juga menarik untuk di tame dan aku suka sama update terbaru nya,Pengguna Google,5,2025-01-04 05:47:55
mantap,Pengguna Google,5,2025-01-04 05:03:34
gak bisa main di vivo v51A,Pengguna Google,5,2025-01-04 01:16:52
Game jlk pas masuk keluar sendiri terus mending uninstall aj😡,Pengguna Google,1,2025-01-04 00:34:31
Game sampah udah lama lama download+download data pas main gak bisa craft apa apa udah ikutin semua tutorial cara craft juga gak bisa memang game ampas khusus pc,Pengguna Google,1,2025-01-04 00:26:06
Gamenya kalau aku masuk langsung keluar Tolong diperbaiki 🤬🤬🤬🤬🤬🤬,Pengguna Google,1,2025-01-03 23:04:03
Lag,Pengguna Google,1,2025-01-03 22:47:57
Bro Gak jelas Banget Malah nge crash,Pengguna Google,1,2025-01-03 22:29:18
Keren,Pengguna Google,5,2025-01-03 22:19:04
Widigemnya burik banget dolnot lama upgert lama pokoknya bintang mines 100 kalobisa,Pengguna Google,1,2025-01-03 22:03:10
Tulung ngelag,Pengguna Google,5,2025-01-03 21:54:12
Gak bisa masuk,Pengguna Google,1,2025-01-03 21:36:04
Kok gak bisa di mainin,Pengguna Google,4,2025-01-03 21:25:45
Lag,Pengguna Google,1,2025-01-03 21:24:00
Game ini gabisa saya masukin,Pengguna Google,2,2025-01-03 20:49:56
Game ini terlalu berat walaupun rata kiri tolong kasih grafik yang lebih smooth,Pengguna Google,4,2025-01-03 20:36:25
"Tolong maksimalkan untuk ponsel yang tidak mendukung, saran saya adakan fitur hilangkan rumput dan grafik yang lebih low lagi",Pengguna Google,1,2025-01-03 20:26:15
"apa ini game sering lag,buat kalian yang inggin download gue syaranin gak usa",Pengguna Google,1,2025-01-03 20:22:40
Mantap tapi legnya game dari neraka jir,Pengguna Google,5,2025-01-03 20:04:59
Kok ga bisa ke download ya?🙃,Pengguna Google,1,2025-01-03 19:20:41
Kayak ya ini geme bagus sihh aku belum coba masih loading,Pengguna Google,5,2025-01-03 19:05:31
Good,Pengguna Google,5,2025-01-03 18:52:40
"Pas download data di awal itu gimana sih gajelas, susah banget",Pengguna Google,1,2025-01-03 18:37:25
"Sementara bintang 1 dulu soalnya ga bisa login ke play game woilah tiap kali login katanya ""error"" giliran oebcet batal masih di paksain njir😂",Pengguna Google,1,2025-01-03 18:35:00
Naikan rating nya!!!!,Pengguna Google,5,2025-01-03 18:31:56
Buat pasar android ini terlalu berat,Pengguna Google,1,2025-01-03 18:14:49
Lebih baik tapi bisa lebih baik lagi tetap semangat buat dev,Pengguna Google,3,2025-01-03 18:13:12
Tolong grafik nya tidak disamakan dengan PC karena tidak semua hp kuat untuk memainkan game ini,Pengguna Google,1,2025-01-03 18:11:09
"gamenya bagus sih tapi downloadnya loh yang banyak drama kaya berhenti sendiri, lama banget downloadnya, dll",Pengguna Google,4,2025-01-03 18:05:42
game yang seru,Pengguna Google,5,2025-01-03 17:56:09
lag survival,Pengguna Google,1,2025-01-03 17:50:26
Kenapa harus download data sih mending data nya di playstore aja,Pengguna Google,1,2025-01-03 17:25:47
"Lha kok ga bisa dimainin , login google aja eror terus",Pengguna Google,1,2025-01-03 17:17:12
POCO F4 SUPER GACOR BOYYYYY,Pengguna Google,5,2025-01-03 17:04:19
Gimana ini Login game nya aja gak bisa kek mana mau cobain gamenya?,Pengguna Google,1,2025-01-03 16:59:51
makin lama makin gak ramah hp kentang aja nih game,Pengguna Google,1,2025-01-03 16:56:36
Saya sudah mendownload game nya tapi pas saya masuk ke game nya malah keluar tiba tiba aneh,Pengguna Google,1,2025-01-03 16:56:08
Kenapa game nya GK bisa dimasukin,Pengguna Google,1,2025-01-03 16:03:53
update kecewa dulu hp lancar pas main terus pas update malah lag bet kembalikan ark evolved dulu,Pengguna Google,1,2025-01-03 16:00:21
Tolong ark normal kan ark dulu gua download pas mau main game nya nge glitch layar cuma ad glitch udah gua seting grafis nya tetep aja gua ga bisa kalo main kaya gini mohon di perbaiki grafis nya di turunin gua pengen ark normal kaya dlu nih gua kaga bis main ini udah 1 bulan gua ga main gara gara glitch di layar doang mana ngelag banget ni mohon ya developer mohon kurangi grafisnya kasian yang hp nya yang dulu bisa main jadi ga bisa lagi gara gara update ini,Pengguna Google,1,2025-01-03 15:51:01
Kecewa saya udah nungguin ini game tapi lag saya tau ini masalah hp saya tapi kalo bisa optimal kan lagi dh tambah kan potato mod saya tau game ini bagus tapi ho saya tidak memadai jadi saya kasih 5,Pengguna Google,5,2025-01-03 15:45:07
Game bagus Jangan nyalahin gamenya Mending sadar diri sama spek hp,Pengguna Google,5,2025-01-03 15:23:16
Frame drop terus stuk di 10fps tidak ramah bagi Device mid end bintang 1,Pengguna Google,1,2025-01-03 14:23:54
Karena dino bagus yang robot dan itu juga sangat bagus tapi sayangnya t-rex nya sekarat langsung lari,Pengguna Google,5,2025-01-03 14:08:15
"Maaf saya kasih bintang satu, itu karna di saat saya Inging masuk pasti selalu close saya coba lagi close lagi ,jadi tolong perbaiki bug nya ya developer",Pengguna Google,1,2025-01-03 13:37:10
"gabisa main di snapdragon 465 , forse close waktu mau login :) 😓",Pengguna Google,1,2025-01-03 13:15:24
Terlalu lag,Pengguna Google,4,2025-01-03 13:04:38
"Kalo hp kentang mending gak usah download daripada ngasih bintang 1 karena gamenya ngelag, bukan gamenya yg rusak tapi hp lu yang kentang gbIk",Pengguna Google,5,2025-01-03 13:04:31
Saat mulai permainan terdapat bug yang membuat layar nya nge glich mohon di benarkan,Pengguna Google,1,2025-01-03 12:49:51
Udah lama download disuruh download lagi,Pengguna Google,1,2025-01-03 12:23:05
GOOD GAME,Pengguna Google,5,2025-01-03 12:13:51
This game sucks,Pengguna Google,1,2025-01-03 12:13:49
Game bgus,Pengguna Google,5,2025-01-03 11:44:26
update to add 30-60 fps,Pengguna Google,1,2025-01-03 11:18:12
"Dear developer team , Game nya bagus sayangnya belum kompatibel di hp Poco X6 Pro dimensity 8300 ultra. Terpaksa download versi bajakannya , tetapi saya tetap mendukung developer nya agar terus mengembangkan game ini. Siapapun yang memberi rating *1 ,please hargai usaha developernya karena sudah di buatkan untuk versi mobile nya. Jangan salahkan gamenya,namanya baru rilis pasti kedepannya bakalan dapet optimalisasi dan kompatibilitas di semua perangkat.",Pengguna Google,5,2025-01-03 11:09:37
Gak bisa dimainin pas masuk nya,Pengguna Google,1,2025-01-03 11:06:42
"Ada bug, ketika saya mau download data didalam game muncul popup google play games terus menerus dan sangat menggangu sekali dalam download data game. Itu selalu muncul bahkan ketika saya masuk di dalam gameplay🤬, popup yang selalu muncul sehingga tidak dapat memainkan game ini. Dan ketika saya login selalu ditolak, dan popup login terus muncul ketika saya batalkan. Mohon untuk developer untuk segera perbaiki bug yang mengganggu ini😭",Pengguna Google,4,2025-01-03 10:47:32
Kok akses gw di blokir katanya udh publik gimana ni dev?,Pengguna Google,4,2025-01-03 10:07:19
Lama banget,Pengguna Google,2,2025-01-03 10:02:47
"gua ga nyalahin game nya, kliatan udah beda ngt dri versi sebelumnya, sayangnya hp gw dah ga kuat di Snapdragon 665 syedih :(",Pengguna Google,4,2025-01-03 09:47:02
Semangat update..,Pengguna Google,5,2025-01-03 09:10:56
Apa apaan gw udah main cape cape pas update 8gb. Updatenya cuman benerin less baby hungry. Tapi save gw kok bisa sampe hilang?,Pengguna Google,1,2025-01-03 08:50:05
Kok gua keluar terus sih,Pengguna Google,1,2025-01-03 08:16:54
Tolong cara masuk ke map nya gimana ya soal nya aku malah ada Dodo bertahan hidup gitu,Pengguna Google,4,2025-01-03 08:16:14
"Hey admin, is there a problem with login using Google Play? It's says only developer can Log In Please Fix This 🙏",Pengguna Google,5,2025-01-03 07:47:12
Aplikasinya gk bisa dibuka baru login lgsng keluar lagi,Pengguna Google,1,2025-01-03 07:40:44
makin bagus,Pengguna Google,5,2025-01-03 06:30:25
Akhirnya rilis,Pengguna Google,5,2025-01-03 06:12:47
I can't play this game because it always crashes every time I open the game,Pengguna Google,1,2025-01-03 04:32:27
Force close terus,Pengguna Google,1,2025-01-03 04:25:36
Kocak download data 3jam ga kelar²,Pengguna Google,1,2025-01-03 02:21:43
Gak bisa masuk geme,Pengguna Google,1,2025-01-03 01:32:54
Terlalu banyak cheater 🗿,Pengguna Google,1,2025-01-03 00:48:10
"Gak bisa gua maen anjerr anjerrr entah mengapa stuck di layar pas mau download data dalam. Udah ditungguin setengah jam lebih gak juga nambah, 1 persen pun gak ada padahal jaringan bagus pake wifi. Nonton tiktok aja bisa masa download data dalam gak bisa. Anehhh",Pengguna Google,1,2025-01-02 23:54:40
Tolong di tambahkan costum tombol dan tata letak tombol biar pengalaman bermain labih nyaman,Pengguna Google,3,2025-01-02 23:54:24
"Jangan asal rating, spek hp juga harus diliat 👍👍",Pengguna Google,5,2025-01-02 22:55:31
Gamenya sangat seru 🐦🐦,Pengguna Google,5,2025-01-02 22:54:50
Game oob ga bisa main tenang harus pegel tangan,Pengguna Google,1,2025-01-02 22:34:51
"Saya bahkan tidak bisa masuk ke dalam gamenya, gamenya langsung force close saat saya masuk ke dalam gamenya, tolong segera diperbaiki🙏",Pengguna Google,1,2025-01-02 22:29:46
"Minimal developer selesain dulu lah verifikasi Google nya, masalahnya saya harus login pake akun Google dan katanya akses belum di verifikasi, tolong lah developer, benerin dulu kalo mau dirilis lagi, cape saya",Pengguna Google,1,2025-01-02 22:00:30
I'm primal but server always full and you server official much to cheating from Chinese lol,Pengguna Google,1,2025-01-02 21:42:34
HP saya bisa download tapi GK bisa main tapi yah mau gimana lagi,Pengguna Google,5,2025-01-02 21:27:23
"Hello ARK UME (Ultimate Mobile Edition) game creator, I'm from Indonesia and I'm typing this from a cellphone translator, maybe the words are quite strange, but please understand, I'm ark fan from long time ago I've been waiting for this update but I'm a little disappointed because I can't play this game because the graphics are quite good and my cellphone is not strong enough to play it so hopefully it will be updated in the future can the graphics be lowered a bit thanks for the update",Pengguna Google,4,2025-01-02 21:11:46
Game nya sangat bagus saya sangat menyukai game ini,Pengguna Google,5,2025-01-02 20:59:49
Kecewa ngga bisa di mainin,Pengguna Google,2,2025-01-02 20:35:48
Gamenya ngecrash terus terusan jadi gak bisa dimainin,Pengguna Google,1,2025-01-02 20:19:10
"rog 5 lancar grafik mid ,30fps juga nyaman lah,",Pengguna Google,5,2025-01-02 20:05:17
Saya kasih bintang 4 karna kecewa ama grafik nya memang bagus tapi tolong dong grafik bikin balik kaya ark yg lama jadi semua orang bisa juga enjoy main di HP nya tinggal tambahkan dino kaya di ark pc aja jadi ya hasilnya sama aja kok kyak sekarang tolong ya pak.. 🥲🙏 Saya coba ini loh rata kiri tapi tetep fps nya drop apa mali gak bisa ya? Tolong developer kembaliin grafik ark mobile yg lama aja lalu tambahin aja fitur kaya ark pc jadi semua orang enjoy saya tau bikin game susah tapi tolong 🥲,Pengguna Google,4,2025-01-02 19:43:21
"Bagus mantap gamenya ,yg ngeluh leg segala macem ganti hp lu bukannnya ngasih rate jelek ke gamenya tolol",Pengguna Google,5,2025-01-02 19:36:44
Maaf sebelumnya saya memberikan bintang cumn 1 dikarenakan saya GK bisa di mainin.,Pengguna Google,1,2025-01-02 19:20:02
Menegangkan,Pengguna Google,5,2025-01-02 19:18:49
Pas buka game nya keluar sendiri padahal infinix hot 8,Pengguna Google,1,2025-01-02 19:10:53
"Overall game nya bagus banget, banyak hal baru dan beda dari game ark revamp sebelum nya.tapi masih ada beberapa hal yang harus di perbaiki dan di tingkatkan",Pengguna Google,5,2025-01-02 19:07:40
Nice,Pengguna Google,5,2025-01-02 19:04:05
"saya belum mencoba gamenya, karena gamenya sendiri tidak bisa download data di latar belakang.",Pengguna Google,3,2025-01-02 18:55:35
Bagus yg bilang jelek hp kentang wkwk,Pengguna Google,5,2025-01-02 18:40:12
Baru masuk aplikasi layar item abis tu keluar sandiri gj,Pengguna Google,1,2025-01-02 18:37:51
"Kok, belum bisa di mainin?",Pengguna Google,3,2025-01-02 18:26:50
"Tolong fitur bermain dodo ketika mengunduh data di dalam game dihilangkan,menurut saya itu sangat melelahkan dan membosankan.MOHON DIHAPUS",Pengguna Google,1,2025-01-02 18:09:48
Need bug fixed and for the game is good (I still cant belive I tame hesper on mobile lol),Pengguna Google,5,2025-01-02 17:58:07
"Kalau spek hp kecil jangan di paksakan ya adik adik ntar ketemu banyak bug dan permasalahan lain komplain di sini, mending main pou atau subway lebih ringan.",Pengguna Google,5,2025-01-02 17:53:56
Tolong ini gimana yak gw udah download terus pas loading terus layar hitam terus crash,Pengguna Google,2,2025-01-02 16:58:37
"tolong di optimalkan lagi untuk yang hpnya kurang support,saya bisa main tapi rata kiri,dan buka inventory kadang kadang lag",Pengguna Google,4,2025-01-02 16:07:50
Mengapa game ini begitu lag?.,Pengguna Google,2,2025-01-02 15:51:18
Nak main apapun harus main game susah aku hapus aja Gak seru game nya aku lihat YouTube seru asli nya gak seru,Pengguna Google,1,2025-01-02 15:25:36
Data tambahannya sangat besar dan saya juga tidak tahu mengapa ketika saya download di play store sangat cepat tapi pas saya mau download file tambahan malah lambat apakah anda tahu solusinya?,Pengguna Google,1,2025-01-02 15:12:34
Kenapa saya tidak bisa masuk ke game nya ha woi deffeloper ark,Pengguna Google,1,2025-01-02 14:59:17
Untuk keseluruhan ini udh bagus tapi ya gitu dah masih ada bug tolong di perbaiki bug nya developer nya,Pengguna Google,4,2025-01-02 14:58:12
Aku tidak bisa login ke game,Pengguna Google,1,2025-01-02 14:52:01
Baru mau main langsung for close hadehhh,Pengguna Google,1,2025-01-02 14:44:26
Seru gamenya Lancar di poco F6 grfik rata kanan,Pengguna Google,5,2025-01-02 14:43:48
Game kesukaan ku,Pengguna Google,5,2025-01-02 14:01:35
"grafik nya masih belum menyamakan ark survival evolved, hp saya adalah infinix hot 20. tolong update segera",Pengguna Google,1,2025-01-02 13:53:15
Jelek bgt grafis dan animasinya. Kayak dev indie maksain bikin game open world realistis.,Pengguna Google,1,2025-01-02 13:13:48
So lag,Pengguna Google,1,2025-01-02 12:54:51
Bayi giga ku berjalan normal sekarang hahaha 😂👍,Pengguna Google,5,2025-01-02 12:35:20
Bagus,Pengguna Google,5,2025-01-02 12:24:37
ini saya kurang tau ini hp saya atau emang gamenya tapi pas saya mau masuk malah keluar lagi bahkan belum masuk ke gameplay baru loading langsung keluar,Pengguna Google,3,2025-01-02 12:05:51
lag banget cuyy,Pengguna Google,2,2025-01-02 11:26:33
download game nya lama,Pengguna Google,3,2025-01-02 11:25:15
"DEVELOPER TOLONG JANGAN HIRAUKAN PARA PLAYER YANG MEMBERI RATING BURUK, GAME INI JAUH LEBIH BAIK DARI PADA VERSI YG SEBELUMYA, SAYA HARAP DEV. TERUS MENINGATKAN GAME INI, TERIMAKASIH",Pengguna Google,5,2025-01-02 10:41:01
"Ada banyak bug, tapi game bagus lahh",Pengguna Google,5,2025-01-02 10:19:11
"bagus banget perkembangannya, semoga kedepannya banyak lagi yang di porting ke ark ultimate mobile ini, terutama map, dino, dll, dan semoga bisa ada mod (karna di sana bisa nenjadi solusi agar gamenya tidak bosab dan developer tidak bekerja terlalu keras)",Pengguna Google,5,2025-01-02 09:25:07
Hope more improvement for better experience,Pengguna Google,5,2025-01-02 09:15:55
"Bukan untuk hp kentang, game nya bagus udah banyak maps, jadi kalo hp mu ga bisa jalan normal ini game, tolong upgrade hp nya bro, bukan salah game.",Pengguna Google,5,2025-01-02 09:13:50
Banyak yg ngeluh ngelag padahal emang kentang hpnya kocak nyalahin game,Pengguna Google,5,2025-01-02 08:53:44
Semangat,Pengguna Google,5,2025-01-02 08:02:41
"Hp gak support maksa main terus kasih bintang 1 anda"" sehat?",Pengguna Google,5,2025-01-02 07:46:25
Di tunggu updatenya 🙏,Pengguna Google,5,2025-01-02 07:37:16
Bad frame rate bruh,Pengguna Google,1,2025-01-02 06:08:38
"I wanna play this game so much but my divice poco x6 pro non compatible, please make my divice can play this game",Pengguna Google,5,2025-01-02 05:24:41
"Untuk update kedepannya saya harap ada perbaikan, meskipun sebenarnya saya sudah cukup puas dengan ark ume saat ini, karena ini bisa membantu saya yang tidak mempunyai pc jadi bisa merasakan bermain ark yang mirip seperti di pc,terima kasih studio wildcard sudah mau mendengar kan ulasan pemain di ark yang lama.",Pengguna Google,5,2025-01-02 02:15:36
Lag parag bnyak bug gk bisa jalan diam wae,Pengguna Google,1,2025-01-02 00:50:44
Pliss developer saya sudah menunggu ini sejak lama tapi mengapa saat saya baru membuka game ini saya langsung keluar sendiri(force close) dari gamenya tolong developer jangan kecewakan saya :(,Pengguna Google,1,2025-01-01 23:52:14
"Deeply sorry, until now, I can't get free multiplayer server, it always full or lag",Pengguna Google,1,2025-01-01 23:26:08
"Bagus bngt dr pada yg dulu, lebih ringan lancar jaya hig grafik masuk goa",Pengguna Google,5,2025-01-01 23:01:22
Bagus tapi kenapa reaper king sudah lahir gak bisa di clame ya? Masih bug? Sudah 5x coba gagal terus mati sendiri dis kehabisan dari satelah lahir,Pengguna Google,5,2025-01-01 22:56:46
game bagus tapi masih lag,Pengguna Google,5,2025-01-01 22:18:45
Gua gak bisa downlods di hp,Pengguna Google,1,2025-01-01 21:28:53
Tidak bisa masuk dlm game,Pengguna Google,2,2025-01-01 20:16:02
Game ampas payto win ga support hp android deled aja game jelek,Pengguna Google,1,2025-01-01 20:12:16
Aku baru mau main tapi ga bisa main kecewa udah login masih loding lalu layarnya hitam terus keluar sendiri😡,Pengguna Google,1,2025-01-01 20:02:32
Saya samsung 12 dan saat saya main HP gua nge blur semuanya gak keliatan dah gitu mati pulak adeh adeh kek nya hp ku gak kuat apa gimana ya semoga update selanjutnya semua hp bisa main amin,Pengguna Google,2,2025-01-01 19:57:19
Berat kali game nya,Pengguna Google,1,2025-01-01 18:43:13
Tolong di perbaiki lagi masih bnyak bug🙏,Pengguna Google,5,2025-01-01 17:50:04
Ngelag njir,Pengguna Google,1,2025-01-01 17:10:15
Menyala ark ume kuu,Pengguna Google,5,2025-01-01 15:46:15
"Sangat mengecewakan, chipset Qualcomm Snapdragon 680 bermain sangat buruk, fps turun drastis dan pergerakannya tersendat-sendat, padahal memori RAM cukup memadai, sekitar 8+128 GB.",Pengguna Google,1,2025-01-01 15:44:54
"dear dev tolong buatkan tombol ganti survivor, bisa ganti survivor lama ke baru atau sebaliknya. soalnya saya tidak sengaja menekan tombol creat new survivor di server yang sama terus aku coba cari cari lagi untuk bisa kembali ke survivor sebelumnya tapi tetep gak bisa. di sini kecewa saya harus mengulangi lagi progres dari nol di server yang sama, di sini saya sangat marah kesal sekali. padahal saya suka game ini, tapi kalo begini jadi malas main.",Pengguna Google,3,2025-01-01 15:09:00
Sudah bagus Tapi semoga lebih Optimal lagi Device : Poco F6 Mantul Parah,Pengguna Google,5,2025-01-01 15:06:33
Grafik hd Enak dah pokoknya,Pengguna Google,5,2025-01-01 15:04:18
👎,Pengguna Google,1,2025-01-01 13:28:01
Hp vivo y26 tidak suport semoga update besok bisa lebih lancar,Pengguna Google,3,2025-01-01 13:23:00
Bagus bangat gamenya,Pengguna Google,5,2025-01-01 12:58:35
Segera di perbaiki yaa bug nya developer... Dan semoga di update berikut nya hp saya support download game ini di play store 🥺... Saya pengen banget beli GC+map dlc dll tapi saya belum bisa beli itu karna saya gak support download di play store 🥺...pliss developer lebih di optimalkan lagi game nya dan di perbaiki semua bug nya ...thankss developer ark semoga sukses 😁,Pengguna Google,5,2025-01-01 12:55:54
Nyoba dulu walau hp kentang kalok gak bisa main gpp bearti harus up grade hp baru 😂😂,Pengguna Google,5,2025-01-01 12:32:38
Tambah mantep cuy,Pengguna Google,5,2025-01-01 10:35:07
Game GK jelas tiba tiba d update udh ilang semua data dalam nya harus ngulang lagi males banget,Pengguna Google,2,2025-01-01 10:27:02
Sejelas codm aja grafik gila parah masih suport di HP spek menengah kebawah lah ini grafik buruk mandan spek,Pengguna Google,1,2025-01-01 09:04:24
Gak bagus gak sesuai ekspektasi masih bagusan ark yang dulu,Pengguna Google,1,2025-01-01 07:06:46
Sangat ngelag HP saya sampe nge first gk kaya yang sebelumnya yang 2.0 itu HP saya masih aman tapi yang sekarang?? Kecewa sih,Pengguna Google,1,2025-01-01 06:00:16
I can't enter to the game.. Please fix it broo. The best game..i love it,Pengguna Google,5,2025-01-01 05:27:38
"Dari segi apapun sudah mantap, dari grafik dan lain2 kalo boleh kurangkan tanaman hiasan dan pohon dikurangi sedikit agar tidak lag atau tambahkan render distance agar bisa menurunkan render distance nya.kalau boleh benarkan bug atau semacamlah yg bikin kita crash karna ingin masuk doang perlu pengorbanan kesabaran dan waktu.",Pengguna Google,5,2025-01-01 05:24:51
My fps low plss back grafik old,Pengguna Google,3,2025-01-01 03:18:48
FIX THE BUG,Pengguna Google,1,2025-01-01 01:56:27
Balikin developer Gw udah Beli God console dari 2thn yg lalu kok skrng harus bayar lagi pdahal update doang bjir,Pengguna Google,1,2024-12-31 23:32:19
Please make it playable on dimensity 6080,Pengguna Google,1,2024-12-31 23:19:45
Look Like in Pc,Pengguna Google,5,2024-12-31 21:32:52
Gamenya bagus gak ada komplain aku,Pengguna Google,5,2024-12-31 20:25:55
pliss fix grafis,Pengguna Google,5,2024-12-31 19:51:29
Lho dlu gw beli gampases nya Kok sekarang suruh beli lagi? Cok gimana ini,Pengguna Google,1,2024-12-31 18:50:19
Alpha raptor lebih mudah ditemukan daripada dodo good game 1/10,Pengguna Google,2,2024-12-31 17:50:21
Gila,Pengguna Google,2,2024-12-31 17:49:34
Saat membuat word baru tidak bisa scroll hanya stuck sampai enable croshairr,Pengguna Google,5,2024-12-31 17:47:52
Game ini sangat lagg jika handphone tidak memadai jadi mohon di perbaiki lagi,Pengguna Google,1,2024-12-31 17:35:55
"Saat saya mendownload data sudah hampir full tapi tiba tiba gamenya crash dan terkeluar,saat saya masuk lagi ke gamenya progres datanya terulang dari awal lagi",Pengguna Google,1,2024-12-31 16:57:40
Frame drop parahhh,Pengguna Google,1,2024-12-31 16:08:50
"Saya sangat suka game ini, berawal main ark versi pc, sampai sekarang, pas nyoba yg mobile kok settingan worldnya mentok di cross hair, sementara settingan yg lain tidak bisa di scroll down, tolong untuk segera diperbaiki demi kenyamanan dalam bermain🙏🙏🙏",Pengguna Google,5,2024-12-31 15:47:36
Tolong untuk mengoptimalkan fps,Pengguna Google,5,2024-12-31 14:49:43
Baru mau main pas baru masuk langsung keluar terus masuk lagi keluar lagi,Pengguna Google,1,2024-12-31 13:34:35
Saya tidak dapat mengakses akun saya kembali terjadi kesalahan atau eror saya meminta kepada pihak yg bertanggung jawab untuk memulihkan kembali,Pengguna Google,3,2024-12-31 12:53:19
"Yg hpnya gk bisa jangan ngasih rating jelek oy kasian, itu gk bisa emang hp lu potato kocak",Pengguna Google,5,2024-12-31 11:12:59
"Kok data gamenya gabisa di download ya? Padahal sinyalku lumayan,buat download data game lain lancar Tapi giliran download data ark malah gabisa",Pengguna Google,1,2024-12-31 10:21:37
Baru mulai udah force close,Pengguna Google,1,2024-12-31 10:04:54
"please can you make the game so that it can't attack tamed creatures because I accidentally hit my tamed creature and it died, its rareee! please",Pengguna Google,5,2024-12-31 09:59:38
"baru selesai downloada aja langsung ada trouble ,baru mau login aja langsung crash dan blackscreen kecewa sih ,,ada saran gk min",Pengguna Google,5,2024-12-31 08:13:31
Gamenya bagus tapi harus dioptimalisasi,Pengguna Google,5,2024-12-31 07:52:13
game nya bagus tapi kok kangen sama ark survival dulu pengen di kembalikan lagi ark survival kangen aja gitu sama ark survival dulu,Pengguna Google,2,2024-12-31 07:46:46
🤷🏻‍♂️🤷🏻‍♂️🤷🏻‍♂️🤷🏻‍♂️,Pengguna Google,1,2024-12-31 06:27:41
Kembang kan lagi dong supaya kedepannya bisa lancar main di Snapdragon 680,Pengguna Google,5,2024-12-31 04:37:35
Gk bisa di mainin nge close,Pengguna Google,1,2024-12-30 23:38:52
"ill finished this game long time ago on pc, and then wildcard made ark 2 on pc but not yet play because device low end something like that. so ill wanna feel the nostalgic, emotion on smartphone because in my mind this game special. so i download and then instal but too laggy in my device with helio g99 . so i wanna hope wildcard can improved optimized for low end device only, so player like me and other can feel the same way as player with good device. i hope wildcard can see my review.thankyou",Pengguna Google,1,2024-12-30 21:29:47
Gamenya sdah bagus cuma masih banyak bug moga cepat di fix,Pengguna Google,4,2024-12-30 20:57:31
"Perbaiki bugnya si selebihnya itu bagus. Walaupun beberapa kali ngefrez close. Mungkin dari HP keberatan, selebihnya aku suka krna sama kya di pc. Kalu boleh buat map mod sendri khusus android, lebih seru lagi tu. 😁",Pengguna Google,4,2024-12-30 20:41:40
Ark sangat berat dan juga layar hp saya berwarna warni,Pengguna Google,1,2024-12-30 20:32:33
Aku gak bisa main setiap masuk ke game nya langsung keluar,Pengguna Google,1,2024-12-30 19:48:03
LANCARKAN GAMENYA. MEMBOSANKAN MACET MACET TERUS,Pengguna Google,1,2024-12-30 18:11:22
Apa sih hape ram 4GB di suruh ngapus game mana di suruh ya harus bisa sampai 6gb+ bug atau memang rusak kah? Padahal hape ini baru di reset! Masa penyimpanan 4gb g bisa download kemarin bisa loh cuma terpencet hapus aja baru hari mau di instal malah butuh penyimpanan 6gb padahal tertulis di platformnya 1gb+ doang g bagus bintang -5,Pengguna Google,1,2024-12-30 15:42:31
Per mainan yang bagus hebat sekali,Pengguna Google,5,2024-12-30 14:56:49
dipaksa sambung sma perangkat lain pdhl hp ku cmn satu dan aku ga punya perangkat lain pas aku pencet batal Mlah dispam sampe hp ku ngelag ngelag pdhl mau main tapi dispam Mulu tolong diperbaiki developer!!!!!,Pengguna Google,3,2024-12-30 14:49:16
Tolong buat grafik dan game nya jangan terlalu hd hp saya ngeleg mau bledak,Pengguna Google,5,2024-12-30 14:32:35
Lag parahh!! Gabisa di mainin padahal spekhp bagus tapi pas main ni game ngelag padahal dulu main game ark enjoy aja level max punya banyak dino tapi sekarang keriset semua dan gamenya lag parah bener' PARAH LAG NYA,Pengguna Google,1,2024-12-30 14:21:19
"Game lag parah padahal hp gw bukan kentang, update gamasalah tapi ga harus bikin game cct gini lah padahal dulu ni game kesukaan banget tapi sekarang di bikin ga waras gameny LAGBANGET",Pengguna Google,1,2024-12-30 14:17:43
ini kok pas update malah download ulang jadi males main,Pengguna Google,3,2024-12-30 14:16:55
Heh bagi kalian yg bingung frame rate nya menurun ya wajar juga baru rilis butuh optimalan lagi+Hp kau aja yg ga kuat hapus dlu aja epep lu,Pengguna Google,5,2024-12-30 13:19:03
"Sangat mengecewakan, lebih stabil dan bagus ark sebelumnya",Pengguna Google,1,2024-12-30 13:03:31
Gem ini bagus tapi masih ada bug dan juga ngelek dan kapan ark survival evolved ada di play store untuk HP Redmi 14c,Pengguna Google,5,2024-12-30 12:44:36
Kasihan banyak orang Ng tau diri hp kentang bully developer,Pengguna Google,5,2024-12-30 12:25:01
"Hp saya Tecno pova 5, ram mediatec Helio G99, 8+8 256, syukur dapet 5-9 fps dan merasakan semua bug yg ada",Pengguna Google,1,2024-12-30 12:22:55
Forse close,Pengguna Google,1,2024-12-30 11:13:52
Masih aja kek sampah,Pengguna Google,1,2024-12-30 10:45:18
Why the new version is Soo bad?,Pengguna Google,1,2024-12-30 09:54:06
Sampah baru download dan download data gk bisa dimainkan lagi sial,Pengguna Google,1,2024-12-30 03:04:32
fix the bug,Pengguna Google,1,2024-12-30 02:48:18
Ngelag bangettttt(semoga bisa di perbaiki soalnya ini game kesukaan ku🥲),Pengguna Google,1,2024-12-29 22:50:49
Terlalu banyak bug,Pengguna Google,1,2024-12-29 22:44:20
Lagi enak enak main tiba tiba Force Close,Pengguna Google,1,2024-12-29 22:06:09
Grafik nya dewa banget,Pengguna Google,5,2024-12-29 21:30:22
Game nya sudah bagus sudah pasti tapi saya belum bisa menikmati Kebagusan gamenya karena sistem update ulang,Pengguna Google,3,2024-12-29 21:25:42
"Buset donwload data kgk bisa di tinggal harus HP nyala mulu, bikin bosen",Pengguna Google,1,2024-12-29 19:15:14
"This is the best survival game on mobile, please fix the problems in the game because there are so many bugs, please update and optimize it on the Redmi Note 12 Pro 5G Dimensity 1080 so that it runs smoothly",Pengguna Google,5,2024-12-29 19:08:47
UPADATE WHEN? REFUND OPTION PLEASE,Pengguna Google,4,2024-12-29 18:29:10
Tolong update lagi,Pengguna Google,1,2024-12-29 18:08:49
percuma aja bisa di download gak bisa di mainkan 🙄,Pengguna Google,1,2024-12-29 16:54:01
"Must be updated again, there is no auto save dom dom hond vark dom outo stoor speletjie waar tai",Pengguna Google,1,2024-12-29 16:47:00
knp Stuck di logo abis itu back ke home padahal penyeimpanan dan ram Masi sisa banyak,Pengguna Google,1,2024-12-29 14:14:47
klo mau komplain tentang ngeleg ya minimal hp nya memadai lah tlol,Pengguna Google,5,2024-12-29 13:49:36
Sy kecewa karena tidak bermain karena terlalu ngeleg,Pengguna Google,1,2024-12-29 13:34:04
"Kecewa banget ini game cuma 15an fps cik. Padahal ark yg pertama fulu di hp ku sekarang bisa set medium-high dan lancar lancar aja. Di yg baru ini malah downgrade parah. Udah gitu kalo mau main map baru kudu bayar lagi, mata duitan. Ayo ges turuin sampe bintang 1 biar tau rasa nih developer",Pengguna Google,1,2024-12-29 12:59:50
Gak tau,Pengguna Google,5,2024-12-29 12:26:46
The old Ark Survival game should not have been removed from the Play Store because the game was quite good for low-end phones.,Pengguna Google,1,2024-12-29 10:55:29
Tidak bisa masuk game,Pengguna Google,1,2024-12-29 10:15:59
Kenapa saat saya mau login akses di tolak,Pengguna Google,1,2024-12-29 09:44:12
iPad or family of course iI choose family,Pengguna Google,1,2024-12-29 08:25:59
Good!!,Pengguna Google,5,2024-12-29 08:08:29
"Gw ada main game yang lebih berat dari game ini, malah bisa rata kanan lagi, dan itu lancar dpt lah 50 fps tapi ini... Udh paling rendah msih aja patah oatah cokkk, padahal ini game seru dan bagus banget tapi kalau patah patah gini pengalaman bermain jadi kurang, gw udh beli ark pass ni jadi jangan bikin gw rugi dan meninggalkan game ini, Tolong untuk developernya di optimalkan lagi game nya biar mainnya nyaman dan seru, sekian ulasan dari saya",Pengguna Google,3,2024-12-29 07:35:49
Game lollllll,Pengguna Google,1,2024-12-29 05:20:50
"optimalisasi sangat brutal tidak seperti ark sebelumnya, saya menunggu jika optimalisasi memang akan dikembangkan",Pengguna Google,2,2024-12-29 02:16:36
"Can't play on android 14, (always closes), when opening the game, I really regret that even though I really want to play the latest ark game😀 /MY PHONE SPECIFICATIONS, 6/128 RAM, ANDROID 14, PLEASE HELP US WHO USE ANDROID 14, SO WE CAN PLAY THE GAME",Pengguna Google,3,2024-12-29 01:38:05
"Tolong segera perbaiki setting nya, masa iya crosshair gak ada, menu setting cuman sebagian, padahal saya sudah berlangganan untuk unlock semua settingnya",Pengguna Google,1,2024-12-28 22:44:54
apa ini kok gk kompatibel,Pengguna Google,4,2024-12-28 21:27:41
Gamenya bagus seru realistis bagus gamenya nggak kaku,Pengguna Google,5,2024-12-28 21:22:08
"Untuk sekarang banyak fitur lama yang gak muncul, tolong fitur lama nya dikembalikan🙏🙏",Pengguna Google,1,2024-12-28 21:02:09
"Untuk peforma game lancar, tapi tidak ada mode multiplayer, sayang sekali padahal gamenya santai untuk bermain bersama teman. Alangkah baiknya jika kita bermain tidak harus ke server karna menggangu permainan sebenarnya",Pengguna Google,3,2024-12-28 20:42:38
"Previously I was very happy because it had been updated and upgraded but my handphone was not strong enough to play it, if possible please add a lite version so that it can be played",Pengguna Google,4,2024-12-28 20:06:17
"sangat sulit untuk mendapatkan telur dibandingkan versi lama, jadi sudah membuat kibble, juga butuh perbaikan beberapa bug, dan optimasi, savenya kacau, saya berkeliling menggunakan ptera mencari loot create, lalu saya off begitu sampai base kembali, saya save, lalu off, begitu masuk kembali malah saat saya masih di ketinggian saat berkeliling, dan saya mati karna saat masuk otomatis turun dari pteranya, dan saya tak bisa menemukan ptera itu, itu sudah terjadi 2 kali, tolong fix hal itu",Pengguna Google,1,2024-12-28 19:32:21
"Gem nya sudah sangat bagus dan sudah mirip seperti di versi console , namun mohon untuk developernya untuk mengoptimalisasi game nya",Pengguna Google,3,2024-12-28 19:10:28
"Ini kenapa yah gak bisa masuk in game,mau make akun harus din setujui developer",Pengguna Google,1,2024-12-28 18:48:43
"Masih ada bug, semoga cepat diatasi ya",Pengguna Google,2,2024-12-28 17:37:36
Tolong perbaiki setting world scroll nya sampe bawah mentok😭😭😭😭😭😭,Pengguna Google,5,2024-12-28 17:33:00
tolong atasi ya untuk developer agar memperingankan beban game nya karena untuk hp Oppo A92 sering terjadi force close tolong secepatnya ): padahal game nya bagus tapi sering terjadi force close,Pengguna Google,2,2024-12-28 17:13:05
Setelah nunggu bertahun² akhirnya update juga,Pengguna Google,5,2024-12-28 16:25:05
Ada bug nih developer yaitu pas settingan difficulty itu di bagian yang checklist semua itu mentok di Anabel croshair,Pengguna Google,4,2024-12-28 16:00:37
Masih ada yg bug di pengaturan the island,Pengguna Google,5,2024-12-28 15:53:41
Setting nya ngebug Crosshair nya suka ilang terus karna gabisa scroll setting hewan di sana selain pasive taming gabisa di taming,Pengguna Google,1,2024-12-28 15:18:21
Nunggu hp baru bisa main kayaknya,Pengguna Google,5,2024-12-28 15:18:19
lag semakin parah setelah update,Pengguna Google,1,2024-12-28 14:37:12
"another way to milk your players for money, wild card? hehe",Pengguna Google,5,2024-12-28 14:27:23
Nice,Pengguna Google,5,2024-12-28 14:15:37
"Game nya nge crash saat masuk, sangat buruk. Sudah menunggu lebih dari setahun untuk keluar game ini, tapi saat sudah keluar game nya, ga bisa pula dimainkan!",Pengguna Google,1,2024-12-28 13:42:10
ga kuat di ram 4 dan patah patah,Pengguna Google,1,2024-12-28 13:26:37
"Mediatek Helio G70 baru buka gamenya blank terus fc, gak bisa main sama sekali. udah nungguin update dari lama malah jadi kayak gini...",Pengguna Google,1,2024-12-28 12:50:45
download datanya lama padahal sinyal bagus dan kadang gagal ngedownload datanya,Pengguna Google,1,2024-12-28 11:35:01
"Uninstal, sekelas mediatek g99 tidak kompatibel tapi snapdragon kelas midrange seperti g99 bisa. Padahal banyak pengguna smartphone kelas midrange helio g99.",Pengguna Google,1,2024-12-28 09:56:16
Yang bikin rating rendah gamalu? Spek HP rendah banyak mau KOCAK LU KOCAK🗿🗿🗿,Pengguna Google,5,2024-12-28 09:44:57
"Membangun jinak, di caplok alpha raptor 🗿",Pengguna Google,5,2024-12-28 08:40:19
"Ini kenapa suu udh di instal udh ikutin yutubtailah, pas di buka keluar sndiri nih gem",Pengguna Google,1,2024-12-28 08:21:21
Pas main pertama itu aman aman aja Pas login ulang tiba-tiba layar hitam Terus gak bisa dimainin tolong di fix,Pengguna Google,2,2024-12-28 08:01:08
setelah update jadi fc,Pengguna Google,1,2024-12-28 07:17:16
"Sudah di tunggu-tungguin ini game malah jelek, awal masuk udah lag parah padahal signal bagus, kouta ada tapi malah gak ngotak awal masuk udah ga bisa pencet. Tolonglah perbaikidev🙏🙏",Pengguna Google,1,2024-12-28 07:08:01
"Gamenya bagus, cukup memuaskan dengan grafik yang memanjakan mata, cukup akurat dengan yang ada di PC tapi hasil yang saya save setelah bermain single player cukup lama selalu hilang, ngulang terus meskipun udh di save, bahkan di backup loads masih tidak bisa, alhasil dinosaurus yang saya tame hilang semua, membuat saya muak untuk memulai grinding dari awal lagi, semoga segera DIPERBAIKI!",Pengguna Google,1,2024-12-28 07:00:33
Ga bisa di buka.. Game ga jelas!!,Pengguna Google,1,2024-12-28 06:36:27
"Memang harus dengan hp yang memadai, saya memakai Snapdragon 888 dan bisa rata kanan. Walau menjadi cepat pabas. Kenapa saya kasih bintang 5? Karena ini menjadi lebih baik daripada versi lama nya. Versi lamanya malah lebih parah, ga rata kanan, tapi tetap lag dan cepat panas. Dan versi sekarang ini sungguh jauh lebih baik. Dari grafik gameplay. Ya walau masih ada kurang nya, saya wajar kan emang game baru yg baru aja rilis. Jadi semoga kedepannya menjadi lebih baik lagi",Pengguna Google,5,2024-12-28 06:11:31
"Bagus tapi banyak bug yg belum di fix, seperti settingan map yg flying dino speed nya ilang",Pengguna Google,4,2024-12-28 05:16:39
Kenapa saat bermain ark ume yg 5.8 gb an frem parah ya padahal udh grafik paling rendah dan tapi saat bermain ml yg 9.6 gb an lancar² aja tuh padahal grafik tinggi,Pengguna Google,2,2024-12-28 04:41:21
"There's a LOT of bug, but this is still good. If the performance is getting better, I'll change this to 5*.",Pengguna Google,4,2024-12-28 03:01:31
Oppo A57 gelap aje ram padahal lumayan,Pengguna Google,1,2024-12-28 01:59:11
horrible save game method and horrible cryopod and cryofridge. craft cryopod and cryofridge using key and cryopod can't summon dino if don't have cryofridge on nearby.,Pengguna Google,1,2024-12-28 01:56:51
Knapa pas saya sudah download data dan gak beberapa hari log in game kok harus download data lagi Dan tolong kembalikan ark mobile yg dulu soalnya gw pikir ark ume lebih bagus makanya gw hapus ark yg lama😢,Pengguna Google,1,2024-12-28 00:10:04
Gk bisa di main di hp android 12 mengecewakan.tolong di perbaiki lagi,Pengguna Google,1,2024-12-27 23:26:48
"Saya sudah membeli good console secara permanen, kenapa secara tiba tiba tidak bisa di gunakan",Pengguna Google,3,2024-12-27 23:23:44
Game nya sangat bagus dari yg sebelumnya cmn kalo di hp gue lek njir gak kuat🫣 wajar si game spek pc pasang di android🫠,Pengguna Google,5,2024-12-27 23:21:22
"Sumpah kok malah forge close yaa?, dev tolong klo ada sesuatu yg nggk support sma hp saya, bisa dijlskan?",Pengguna Google,1,2024-12-27 22:48:23
Napa keluar sendiri dah,Pengguna Google,1,2024-12-27 22:13:21
"Buat yg masih lag jangan salahin game nya lh yg salah tu device kalian, game berat main di hp kentang yg di slaahin gamenya kn kocak",Pengguna Google,5,2024-12-27 21:52:34
ARK KO GINI DOWNLOAD DATA NYA LAMA BET 3 GB PULA COBA PAS DOWNLOAD DARI PLAY STORE LANGSUNG BISA MAIN KAYA ARK EVOLVED,Pengguna Google,3,2024-12-27 21:18:58
Yang komen jelek hpnya kentang wkwkwk,Pengguna Google,5,2024-12-27 21:12:00
"Kecewa udah lama download 3,5 GB malah lag susah masuk pula tolong perbaiki",Pengguna Google,2,2024-12-27 20:39:13
Update lol mali its lag,Pengguna Google,1,2024-12-27 20:33:59
"Masuk ke dalam game lancar cuman layar kok kayak di sensor gitu ya jadi ya gak nampak gambar game nya,pas masuk backpack ada tuh karakter nya yang gak kelihatan dunia nya aja,dah tuh saya keluarkan malah hitam hitam layar nya",Pengguna Google,4,2024-12-27 20:31:04
server sering down aduh devep tolong perbaikin,Pengguna Google,1,2024-12-27 19:38:49
"I cant login Google play in my Country,please help me (IM from Indonesian)",Pengguna Google,3,2024-12-27 19:14:22
"lumayan lebih ringan yang ini ketibang yang ark s evolve, minesnya emang gak bisa tidur ni karakter, punya sleeping bad gak bisa di pakai buat tidur.",Pengguna Google,5,2024-12-27 18:25:43
"bintang 1 dulu, grafiknya masih berat banget dan ga ada pengaturan buat bikin grafik air sama awannya lebih smooth, intinya di low setting pun masih drop fps",Pengguna Google,1,2024-12-27 17:58:27
GK bisa login :(,Pengguna Google,1,2024-12-27 17:47:56
"untuk game nya overal oke , tapi di optimalkan kan lagi biar gak lag dan crash dan juga cepet di fix bug yang ga bisa scrol ke bawah",Pengguna Google,5,2024-12-27 17:43:54
"Sangat kecewa tidak sesuai ekspektasi. Halaman menu jadi semakin rumit padahal ini diplatform mobile bukan pc, grafik tidak jauh berbeda hanya semakin gelap dan efek air becek",Pengguna Google,1,2024-12-27 17:33:20
"Bagus banget, settingan nya sangat membantu, bisa menyesuaikan gameplay, ingin mudah atau sulit, keren, walau kalo bisa tambahkan settingan mempercepat gerakan player/dino milik player",Pengguna Google,4,2024-12-27 16:57:13
"Gamenya bagus, hpku aja emang gak kuat 🥲",Pengguna Google,5,2024-12-27 16:50:45
"Game nya sangat bagus dan sangat meningkat dari versi sebelumnya, sangat akurat sama versi PC nya,dan tolong di update lagi untuk optimalisasi game nya dan bug nya,ada bug dimana seting world ga bisa di scroll sampe bawah,dan juga update map Ragnarok, extinction,Genesis 1 dan 2 nya di umumin untuk tanggal dan bulan nya,oh iya tolong jangan spam rating jelek ya",Pengguna Google,5,2024-12-27 16:15:38
Semua nya bisa ya walau leg dikit tapi kenapa di saat saya main kan game ny layar nya selalu glith saya udah pakai berbagai cara tapi gak bisa tolong di perbaiki,Pengguna Google,4,2024-12-27 16:10:38
Gak bisa masuk,Pengguna Google,1,2024-12-27 15:26:57
tolong segera di Fox ke 60fps kasian yg make prosesor dimensity selalu dianak tirikan,Pengguna Google,1,2024-12-27 14:59:37
Verry good game,Pengguna Google,5,2024-12-27 13:11:24
Ndak bisa di buka game nya tolong lah saya mau main ni,Pengguna Google,1,2024-12-27 13:05:47
optimalisasi please,Pengguna Google,1,2024-12-27 12:59:17
"masih banyak bug ,ngefrem ,padahal udah maximal .mohon segera di benarkan",Pengguna Google,1,2024-12-27 12:26:35
"Bagus sih cuman patah patah sama grafik nya gk sebagus ark sebelumnya,tapi tetep bagus sih 👍 kembangin terus ya game nya, semangat!!! 👍",Pengguna Google,1,2024-12-27 11:48:40
Ping server parah. Harus relog Mulu,Pengguna Google,1,2024-12-27 11:27:03
Game ini sangat keren saya sangat suka karena ada skin armor sus,Pengguna Google,5,2024-12-27 10:06:57
Ini update yang saya tunggu tunggu dari SD semoga gameplay nya tidak merugikan dan juga lebih bagus,Pengguna Google,5,2024-12-27 09:56:37
"Di mohon untuk developer, tolong tambahkan animasi pecahnya bebatuan saat di hancurkan, dan untuk resolusi full itu masih terlihat buram dan sedikit pecah walaupun sudah di grafik High, dan control nya lebih di perbaiki lagi dikarenakan saat memukul menggunakan dino itu sedikit sulit di arahkan dan dino saya yang mati, selebihnya di performa nya saja, terimakasih dan semoga di dengar dan di perbaiki",Pengguna Google,5,2024-12-27 09:09:25
Plis jangan harus main Dodo kalo mau download aditional conten,Pengguna Google,4,2024-12-27 09:08:05
"Game kocak Tiap kepencet setting karakter awal dc terus, pencarian engram dc. Pokoknya kalo klik pencarian selalu dc. Bug sound pagi sama malam Server online masih lag, tiap jalan selalu balik mulu padahal ping stabil. Kadang kepental pas klik join padahal server masih 19/30 pve/PvP Cepat Di perbaiki dah ni game, rating kalian sudah anjlok parah. Kita nunggu nih game udah dari pertengahan tahun kemarin bahkan kalau nih game berbayar kami pun sanggup beli. Tapi kalo game udah jelek auto uninstall",Pengguna Google,1,2024-12-27 08:49:59
downgrade,Pengguna Google,1,2024-12-27 08:33:40
"overall gamenya bagus mirip sama yang di pc, tapi harus pay to win untuk dapet akses semua settingan nya.",Pengguna Google,4,2024-12-27 08:23:52
"baru adaptasi sama ark yang sekarang soalnya kadang settingannya beda, sejauh ini bagus semua dan banyak yang menarik👍👍",Pengguna Google,5,2024-12-27 08:10:12
game ini sangat bagus grafiknya seperti grafik PC Mungkin kalian harus mencobanya karena game ini benar-benar sangat bagus patut dicontoh untuk membuat game yang kentang,Pengguna Google,5,2024-12-27 06:41:44
Jod,Pengguna Google,5,2024-12-27 05:38:27
Hp gue 8/256 ngelag bgt co main game ini🗿,Pengguna Google,3,2024-12-27 03:35:38
Buruk game nya buruk sekali saat di main kan layar nya hitam poll GK guna jelek GK layak main,Pengguna Google,1,2024-12-27 00:48:40
Baeu pertama masuk langsung force close,Pengguna Google,1,2024-12-27 00:44:06
Agak lama downloadingnya tolong di offlinekan dan kembali aja ke ark mobile yang dulu tolong di perbaiki saja,Pengguna Google,3,2024-12-26 23:24:26
Kenapa di Poco f5 tidak kompetibel aneh padahal game lain lancar Tolong buat depelover buat bisa dimainkan di Poco f5 😭😭😭😭,Pengguna Google,1,2024-12-26 21:28:07
"YANG BILANG GAME NYA NGELAG,FORCE CLOSE, SADAR KNTOL HP LU TUH KENTANG HP DIBAWAH 4JUTA DIPAKSA MAIN ARK GOBLK",Pengguna Google,5,2024-12-26 21:16:44
Game nya susah di download dari tadi aku nunggu di game nya gak masuk dalam game dari tadi di suruh main dodo lagi tapi kalah mulu di makan sama reptor,Pengguna Google,5,2024-12-26 21:16:20
Game nya ngelag saat mau main yg muncul hanya cahaya petak warna warni setelah itu terdengar suara mendesis dari hp dan hp Ku menjadi panas Tolong grafiknya di optimalkan lagi ya gak sanggup mainnya ngelag,Pengguna Google,1,2024-12-26 20:31:23
Game bagus tapi download filenya lama pakek ngulang dari awal segala gamenya,Pengguna Google,3,2024-12-26 20:00:43
"Gabisa dimainin,Padahal perangkat sudah bagus dan penyimpanan masih banyak,Bagusan yang dulu.",Pengguna Google,1,2024-12-26 19:45:39
"not respect for android ram 2/4/6gb, it's so lag, please support android ram 2/4/6",Pengguna Google,1,2024-12-26 19:37:25
Aku kasih 2 bintang dulu soal nya ARK sekarang kalo gua ya ngelek parah sampi binti nginggggggggg padah penyimpanan masih sehat loh mending ARK dulu Tolong diperbaiki developer Dan 1 lagi diperbaiki download nya minimal di buat agak cepet lah sedikit dan kalo kita enggak mau download lagi ya bisa kesempen apa yang di download nya misalnya Aku kan download sampai 1GB aja Kan nge download yang normal 3GB dikurangin kan udah di download 1GB aja Lalu yang 3GB nya ngurang jadi 2GB. Itu aja sekian,Pengguna Google,2,2024-12-26 19:31:08
"Udah excited padahal ark versi baru, eh pas dicoba malah ngecewain. Ark versi dulu grafik medium lancar banget jir buat taming, ark versi sekarang grafik low aja masih lag dan frame. Banyak banget lagi bugnya hadeh. Mending balikin yang versi dulu aja deh drpd gini. Kapan updatenya ini bug fram drop blom dibenerin saran gw balikinlah fitur fitur yang ada di ark survival evolved, karena itu sangat membantu banget. Bisa tele dino yang ke tame jauh dri base. Dan balikin peta di crowbar.",Pengguna Google,1,2024-12-26 19:13:41
keren,Pengguna Google,5,2024-12-26 19:09:11
please optimize this ume ark as i want to play but it feels heavy on my hp,Pengguna Google,2,2024-12-26 18:36:41
Game ini keren untuk grafik hp dan bagus ini juga gratis jadi saya meyukai game ini,Pengguna Google,5,2024-12-26 18:25:22
"not optimal still lags, even though the graphics are low but it's still stuttering. please fix it",Pengguna Google,3,2024-12-26 17:28:32
"Sementara saya kasih bintang 2 dulu,soalnya game nya pas mau masuk warnya cuma hitam trs keluar sndiri, kaya gitu trus padhl udh cari tutor sana sini masih tetep padahal ark dulu aman² aja ga kaya gini tolong yang tau cara ngatasi nya buat tutor di yutub plis, itu aja saran saya kalo ada keluahan tolong sebisa mungkin diatasi jangan lama²,sekian bila ada salah kata mohon dimaafkan trimakasih.",Pengguna Google,2,2024-12-26 17:16:55
"Optimisasi lagi dong , masa grafik low masih lag , memori masih banyak , apl latar belakang SDH dihapus , hp GK panas , masih aja lag padahal pakek hp Infinix hot 40 pro Helio g99 .optimisasi lagi gamenya",Pengguna Google,1,2024-12-26 16:59:53
Game bagus tapi settingan world kaga ke simpen,Pengguna Google,3,2024-12-26 15:50:19
"Lancar asli yang sekarang,mungkin hp saya support kali ya,terima kasih developer..",Pengguna Google,5,2024-12-26 15:46:48
"udah baguss banget, dari grafik dan lain"", tapi saran di optimalisasi kan, yaa gua mewajarkan si masalah optimalisasi ini, soalnya baru bgtt rilis juga, tolong lebih di optimalisasi kan lagi",Pengguna Google,5,2024-12-26 15:37:42
Sekarang frame parah padahal disetingan low,Pengguna Google,1,2024-12-26 15:10:28
"Udah tungguin 1 tahun/setengah tahun buat update ternyata updatenya ngeselin banget, ngeleg banget bahkan masi mendingan ark dulu ga ngeleg sama sekali tapi pas update malah males buat mainin nya soalnya terlalu lag buat hpku padahal udah bagus, ayolah dev jangan bikin ngelag banget",Pengguna Google,1,2024-12-26 14:59:24
"Seperti biasa kaya di ASA, nunggu update baru dulu biar optimal",Pengguna Google,3,2024-12-26 14:58:14
"Sudah bikin base, sudah lama main, dino udah banyak, udah lvl 100 , ehh pas login malah ke reset tiba tiba. Hilang semua dino, structure. Tapi level karakter masih lvl 100 . Jadi males main lagi dah",Pengguna Google,1,2024-12-26 13:27:29
Plis lah kalo hp lu kentang gausah lu paksain main kocak pake ngasih bintang 1 segala lagi kocak,Pengguna Google,5,2024-12-26 12:54:53
Gamenya ngelag padahal spec hape mensupport tapi belum ada perbaikan ngelagnya nanti kalau udah gak ngelag saya kasih bintang 5 maaf bila menyinggung developer tapi memang game nya pas udah ter-Download file baru main ngelag nya minta ampun😝😝😟😕🙁☹️😩😖😤😠😡😬🤢🙄😳,Pengguna Google,1,2024-12-26 12:47:43
gamenya keren,Pengguna Google,5,2024-12-26 12:14:04
"Gak bisa dimainin tiap kali main selalu keluar, tolong developer perbaiki hal ini",Pengguna Google,1,2024-12-26 11:16:29
"Mohon dev perbaiki bug pada setingan world yang tidak dapat scroll kebawah, sehingga pilihan untuk menaikan tingakt kecepatan hewan terbang tidak dapat dipilih.",LAST 0,4,2024-12-26 11:10:58
Menurut ku game nya bagus tapii sering keluar sendiri Mohon di perbaiki ya developer game ini,Daday Egi,2,2024-12-26 10:44:33
"Terimakasih Wildcard sudah membuat game ini ke mobile, semoga kedepan game ini akan menjadi game the Best mobile. Thankyou so much Please benerin bug save data, padahal sudah di save dan langsung close tapi ulang lagi ke beberapa jam yg lalu.",Bujug Buneng,5,2024-12-26 10:09:29
Bisa di download di hp ku yg bilang ga bisa di download anda hp kentank ingat cm bisa di download kalo di mainin beda cerita,Dave Mariah,1,2024-12-26 09:38:43
Awal rilis masih kompatibel tiba tiba setelah update tidak kompatibel . Tapi in game masih normal saja seperti semula . Device redmi note 13 pro,kevin ansyar,3,2024-12-26 09:24:44
Mantap bagi yang lag emang hp lu aja device ya gak mendukung,julian aldino,5,2024-12-26 09:08:59
Gila lama banget Download file nya lohh tolong perbaiki ya,Muhammad Rasya,4,2024-12-26 08:52:01
Tolong bug settingan worldnya di perbaiki Ngak bisa di scroll ke bawah,Saddam Syahrir,3,2024-12-26 08:48:27
My god. This game is so heavy on middle spec device. Please just optimize Ark survival evolved,Einzelgänger,2,2024-12-26 07:21:31
"Kenapa di perangkat Poco f5 tidak mendapatkan update terbaru padahal spesifikasi nya sudah memenuhi, tolong jelaskan🙏🙏🙏",Fj Centini,3,2024-12-26 06:13:21
Gue kecewa banget pas gue masuk tiba tiba warna warni tolong cepat di bepaikii,Urang Lembak,3,2024-12-26 06:11:44
"Grafik udah bagus , cuma masih banyak bug, dan kontrol game nya masih kaku",Ali SKAphobia,3,2024-12-26 06:06:51
"Aplikasinya berjalan dengan lancar dengan spek hp yang memadai. Meskipun aplikasinya baru rilis, wajar jika tidak optimal. Untuk pemain yang ga playable, mungkin hp kalian yang kurang memadai. Untuk poco f3 8/256 bisa berjalan lancar(rata kiri fps stabil 60, rata kanan sering frame drop). Dari pengalaman, jangan langsung di force close kalau mau keluar game, save terus keluar manual ke menu utama kemudian baru di close. Kalau ga dilakuin bikin save save an kalian corrupt dan bikin force close",Lurah Liyue,5,2024-12-26 06:04:19
"Gamenya jadi berat banget,, padahal ini game favorit. Tolong di optimalin lagi, biar lebih nyaman di mainin dan lebih banyak orang yang bisa main game ini.",Muezza,5,2024-12-26 05:36:26
Baru download buka game malah keluar sendiri Hpku Ram masih bnyk Internet bagus,Rydra A,1,2024-12-26 04:46:00
"tolong di bikin versi lite, biar yang hp kentang bisa menikmatinya juga",Sobaruddin Lubis,3,2024-12-26 02:43:53
Gk jadi seneng karna lag🥲,Fadil Fadil,3,2024-12-26 01:43:45
"Cukup untuk sekarang, mungkin bisa untuk update kedepannya tambahkan transfer item seperti versi yg lama Overall udah bisa di nikmati untuk poco f3 8/256",jojon tarikhi,5,2024-12-26 01:16:04
"Gamenya sangat seru sekali!, saya sampai ketagihan memainkanya, buat kalian yang mengeluh karena lag atau masalah lainya, mungkin itu karena Hp kalian bro😃",ABDUL MUHAIMIN,5,2024-12-26 01:08:19
"It's good, from the UI it's like on the pc, but this is ""mobile"" should not be all the things that are held on the pc on mobile, because if you use the whell on the mobile it's too difficult because you use your fingers instead of the mouse, and please add sleep not just lay on bed , the overall is good",1930_Mohammad Rafif Muzzaky (jaki),3,2024-12-26 00:37:18
"woi yang rating 1 tu, UBAH RATING NYA WOI, Udah di dengerin juga sama Dev nya, Minimal kalo ngeritik pakai otak lah, rating 3-4 atau 5 kritik sekaligus membantu, udah di kasi gratis ga bersyukur, indo indo 😹",Raden Kin,5,2024-12-26 00:30:57
"Ini kalo masih Login auto kluar sendiri aku uninstal , udah rela uninstal apk lain demi demi main ini malah mengecewakan and seting control gk bisa di rubah",gaming Kktrok,2,2024-12-25 23:39:12
Berat rek,Acumalaka 34,1,2024-12-25 22:25:48
"Overall oke udh mirip seperti yang ada di PC cuman satu yang bikin ga nyaman itu bug dan belum optimal gamenya sering frame drop di device mid range dan tolong efek grafik seperti dof,ambient occlosiun,dan antialiasing itu bisa di matikan atau di aktifikan",IKSAN,3,2024-12-25 22:02:40
Lag banget patah patah tolong developer perbaiki untuk saat ini saya kasih bintang 1 karena lag and patah patah padahal grafik sudah low dan rata kiri,Langit Ramadhan,1,2024-12-25 21:43:14
Pesimis karna make poco f3 pas release beuh lancar jaya gan walaupun kalo masuk redwood make argentavis atau ptera lag,Kukuh Kencono,5,2024-12-25 21:21:54
Why can't I download data even though my connection is good and fast?,Apta Farell Zauhair,1,2024-12-25 21:17:17
MOHON DI PERBAIKI GEM NYA WAKTU LODING UDAH LAMA BARU WAKTU COBA MAIN EHH LAYAR NYA MALAH WARNA WARNI BIKIN MATA SAKIT MOHON DI PERBAIKI GEM NYA,Alfi Syahri,1,2024-12-25 21:13:13
"Very good, no crash,no lag, but little bit bug in world settings :'),, please fix it, i can't scroll down till the last option",Alfandi nabil Syaban,5,2024-12-25 21:03:44
FORCE CLOSE on Oppo A77s,Mau Lana,5,2024-12-25 20:30:08
Many bug metal ingot production,Potpot,5,2024-12-25 20:02:14
"Setelah update scroll bar buat setting world nya gak bisa di geser sampai bawah, akhirnya yang bagian paling bawah gak bisa di setting, tolong di perbaiki lagi, dan kenapa setelah update harus downlod ulang file nya ukaran nya 3.5 gb, boros kuota banget",Yedo Nur Faizi,3,2024-12-25 19:53:17
"Goodbye Ark mobile, my phone not supported after revamp 😥",zed,1,2024-12-25 18:48:27
Unfinish game but force to be realese and grind people to pay for join exclusive server. nice try.,Agista Suhardika GOHR2,1,2024-12-25 17:56:21
"Tidak dapat Masuk ke Dalam Server , mohon diperbaiki akan saya beri bintang 5 jika sudah",Yazid Anshori,5,2024-12-25 16:56:13
"Dino nya bagus, fiturnya bagus, tapi mungkin lag nya bisa diperbaiki lah ya masa HP ku lag banget mainin nya padahal termasuk HP cukup bagus",Egi Mujitahid,3,2024-12-25 16:21:19
Gua kasih bintang 5 karena ini game udh lama ku tunggu walaupun gua gk tau hp gua mampu apa gk tapi kalo gk mampu gapapa mungkin belum rejeki buat dapat hp yg lebih bagus😐,Herni Uho,5,2024-12-25 16:02:08
Bagus tapi hp ku leg pas main padahal hp Oppo a38,Varel Manope,5,2024-12-25 15:41:06
Gulir ke bawah cuma bisa sampai enable loot crate gak bisa ke bawah lagi padahal versi sebelumnya bisa,Zami Jamil,1,2024-12-25 15:19:51
Mantap GG gaming,Gangga Putra,5,2024-12-25 15:00:54
Bagus sekali,Retno Citra,5,2024-12-25 14:52:32
very great game but too laggy i had so many time forced close,R akha,2,2024-12-25 14:48:29
"Sebenarnya udah bagus dari gameplay,graphic,dll.Tapi ada sedikit permasalahan di gameplay ark ume aku yaitu crash.ya crash aku tuh sampe otak otik hpku biar ngga crash sampe aku download 3 aplikasi booster.Tapi ya tetep aja ngecrash aku aja ampe frustasi loh.mohon developer untuk mengoptimalkan ark ini agar tidak terjadi crash lagi",puji dayanti,5,2024-12-25 14:04:09
"It's strange that redmi note 8 pro is compatible to play this game while redmi note 13 cannot, very disappointing",Attar Zhagi Insani,1,2024-12-25 13:24:45
Udah bagus tapi kenapa sesudah ku update jadi bug di setingan mau mulai single player jadi sampai tampilan enable crosshair doang,Gilang Jago,5,2024-12-25 13:03:40
Aku suka sama game nya tapi saat aku main patah patah padahal udah default jadi tolong perbaiki,Rangga Arya,3,2024-12-25 12:46:08
Good,Nabil Nabil,5,2024-12-25 11:59:01
please fix the in game setting bug,Than 05,3,2024-12-25 11:40:51
"Dulu waktu main fps masih stabil 45-60fps, sekarang malah drop parah 10-15fps, tolong optimalkan",Filza Pranata,1,2024-12-25 11:37:51
HP KENTANG MAKSA GAME BERAT GILIRAN GA LANCAR MAIN NYA NGASIH BINTANG 1 LAWAK BADUT SADAR DIRI NJING HP KENTANG MAIN POU AKA JING,Ganteng Kali,5,2024-12-25 11:37:18
Jngn JD IQ RENDAH hanya karna hp ga kuat kasih rating jelek.,Erik Widianto,5,2024-12-25 11:18:05
"Bagus,tpi ntah kenapa semenjak update,world settingnya mentok gk bisa di slide sampe bawah,itu aja sih kendala gw yg lainnya aman aja,bisa jadi juga ini bug karna beta jadi saya wajarin,tpi agak kesel sih karna dino terbangnya lelet gk bisa di up bagian speednya😮‍💨",Benny Carloza Fahriardi,5,2024-12-25 11:06:56
"Game ngeglitch tolong fix bugnya,layarnya putih,sering keluar sendiri,gk bisa jalan... Tolong developer jangan pilih kasih antara mobile sama PC lah",Fatsyafar Amellia,1,2024-12-25 10:50:14
Belum optimal,Yalzan Achmad,3,2024-12-25 10:30:37
bug di pengaturan dunia tidak bisa geser sampai bawah,AS chanel,5,2024-12-25 10:25:09
Gamenya sangat seru,Ananh Ush,1,2024-12-25 10:16:32
"game bagus cuman kurang optimalisasi saja, maklum game yang asalnya ratusan gb dikompres 6gb an saja, yang hp nya mumpuni tapi masih lag/fc sabar aja dev nya lagi perbaikin pasti, YANG HP KENTANG NGAREP LANCAR MENDING BUANG AJA HP NYA KESUNGAI, INI BUKAN EPEPI",ALWAN DZAKI,5,2024-12-25 09:31:20
Lagging parah padahal udah nungguin gamenya dari dulu😢,Ted Schizo (Sean),1,2024-12-25 09:20:11
Gamenya Uda bagus grafik oke setara sama yang di PC yang bilang game jelek frame drop hp lu upgrade lagii,Firman SMA,5,2024-12-25 09:17:45
WALAU DIVICE KU TAK MAMPU ASALKAN NAIK MOSCOP KU BAHAGIA THANK DEV UDH SABAR NGEHADAPIN PLAYER CHEAT😁☝️,rajalahat,5,2024-12-25 08:56:51
gaocrr gameenyaa coyyyy. next fix fullscrenn lahh. lebih di optimize lgi gamenyaa😍,GR FOOTBALL HD,4,2024-12-25 08:44:34
Gamenya seru dari biasanya. tapi perbaiki kinerja gamenya suka turun gajelas fpsnya dari 60 fps turun bet ke 13fps padahal graficnya dah low dan resolusi dah kecil,Ripaldi Pga,5,2024-12-25 08:28:27
Di fix lah ini gua baru download baru mau masuk udh FC padahal sc sd 855 lucu kocak sd855 mau main ark aja FC padahal gua main genshin impact smooth aja,SkyLight,1,2024-12-25 08:15:53
Kocak device poco f5 jadi gak kompatibel. Padahal awal2 mncul bisa install. Skrang gegara gak kompatibel gak bisa update,Holiday Game,1,2024-12-25 08:09:21
tolong di bantu buat yang lite agar bisa di semua perangkat di karnakan di hp sram 4/64 suport tetapi saat di buka porclose mohon di bantu pengembang biar memahaminya terimakasih,BUDIMAN YUNUS,5,2024-12-25 07:15:37
plis improve Mali GPU 7-10fps😩 i really want to play this game. please fix the problem in Mali GPU so I can play like others thank you 🙏,Bayhu Enstein,1,2024-12-25 06:19:41
Ngeleg parah,Ayah Opek,1,2024-12-25 05:47:26
"masih kurang maximal,masih bnyk bugnya..pengaturan tdak baik",Ms. Luciia,1,2024-12-25 05:31:07
"Dulu pas versi lama, main di grafik medium aja lancar banget. Sekarang udah di-revamp malah grafik low aja lag parah mana pake reso rata kiri masih lag juga, Tolong Dev, versi lama jauh lebih enak mainnya. Tolong dong optimasi lagi, biar nggak ngeleg mainnya. Snapdragon 680 RAM 4/64",Zainal Hirpan,1,2024-12-25 03:28:41
"Tolong di perbaiki lah masa udah langganan baru ke pake sehari udah ada bug nggk langganan, gimana ini",andra Taqqin,1,2024-12-25 03:23:26
tidak dapat di buka ketika dibuka muncul layar awalnya sebentar kemudian terjadi force close,Xavier Pacifica,1,2024-12-25 01:52:25
Tertulis perangkat anda kompatibel..tapi ketika membuka gamenya langsung force close...,Desa Tani,3,2024-12-25 01:48:38
Jauh melampaui ekspetasi. Sudah sama kek yang di PC. Buat yg ngeluh ngeleg berat atau apalah. Sadar itu lebih baik. Kalau mau lancar mainnya ya upgrade hp lah. Udah tau hp kentang maksa main game berat. Ngasih rating gak sesuai dengan spek hpnya,Ahmad Suganda,5,2024-12-25 00:44:28
good,Kang Nyolong,5,2024-12-25 00:40:12
Aman di Mali GPU. Tapi tolong Grafiknya agak di optimalisasi kan. Udh full rata kanan tapi rendernya yg jauh masih burik banget,Satya Bintang,3,2024-12-25 00:33:16
"need optimalization, the frame drop is too much to bear for a low end device, the old version is much better than this.. Give us more lower graphics settings so we can play the game more peacefully",Yudha Aulia,3,2024-12-25 00:12:34
yep,- WRIGURO -,5,2024-12-24 23:46:04
"Iya iya aku nyerah dah buat mainin game ini, gak ngerti sama control nya",Denny Wirawan,2,2024-12-24 23:20:37
"ada beberapa eror yang saya temukan seperti beberapa vitur sebelum membuat world tidak bisa di aktifkan karena tidak bisa di scroll hingga bawah, di sebabkan oleh eror yang terjadi",REZA Perdanata,4,2024-12-24 22:35:13
Terbaik,Nada Cantika,5,2024-12-24 22:28:48
Mantap udah rilis,Muhammad keyzan Maulana,5,2024-12-24 19:37:49
Nice Game👍,Kaldera,5,2024-12-24 19:27:41
"I appreciate the game, it's good. But there are some things that make me a little disappointed, because there are several things that I wanted in the old Ark Mobile that were not added to Ark UME. For example, there are minimal world settings, there are only General settings and no Advance settings, but I appreciate that in this update there is a harvest amount setting, even though i have to buy an Ark Pass. Then there are still bugs, minimal stat info settings and missing custom buttons.",19. I Putu Wikan Eka Bramasta,1,2024-12-24 19:24:02
"Asli gamenya bagus peningkatan grafisnya ga main"", WOI KALIAN KALO LAG SPESIFIKASI HP KALIAN KURENG BUAT MAININ NI GAME SADAR DIRI NGAPA, Pentingnya baca deskripsi game dan pentingnya sadar diri untuk mainin game dengan grafik sebagus ini. Saran minimal kalo mau main low lancar rata 30fps di snapdragon 845 atau mediatek dimensity 8050 dah",Kentang Uy Official,5,2024-12-24 19:09:17
Stuck pas download Cok game nya aja 1 GB disuruh download 3gb lagi Cok mana pas download data stuck,Natron,2,2024-12-24 18:57:15
alamak mediatek gw mengamuk,Farrel Putra Arka Dheva,1,2024-12-24 18:13:03
"Cukup bagus , tapi ada bug ketika lari tiba2 berhenti sendiri seringkali begitu jadi mati terus di hajar Dino besar padahal stamina penuh. Saya berharap edisi revamp ini sedikit bisa meniru gameplay CHIMERALAND dgn Evolusi petnya, tapi yah sepertinya sama saja dengan Ark versi lama. Kontrol karakter nya trll kaku, utk lari dan lompat sprt menabrak sesuatu padahal tidak ada apa2 di depan.",Abdul Ghofur,5,2024-12-24 17:07:35
"UPDATE LAH MASA POCO F5 GA BISA MAEN, MAEN DITAPTAP GA UPDATE2 ASTAGA.",Abdul Haris,1,2024-12-24 16:36:04
What a good game,Sendi Bayu Nugroho,5,2024-12-24 16:30:03
Tolong untuk bagian setting worldnya ga bisa scroll sampe bawah,Rangga Dwi febrian,5,2024-12-24 16:21:30
FC mulu,Gusdian dian,1,2024-12-24 15:23:32
So many bug please fix this imedietly,Reno,1,2024-12-24 14:33:07
"Sebelum update lancar lancar aja,pas update malah keluar sendiri terus",ALIF Gaming,3,2024-12-24 14:26:28
Cukup bagus dan banyak sekali peningkatan dibandingkan game sebelumnya namu game ini blm optimal masih sering drop frame ketika bermain,Esm0l,3,2024-12-24 13:52:02
"Game mobile di sesuaikan lah jangan samain kaya yang di pc berat banget, saya sendiri cuma mengharapkan penambahan fitur bukan revamp semuanya jadi ngga cocok buat mobile",Elyen,1,2024-12-24 12:55:09
gak bisa di buka pas masuk langsung keluar sendiri tolong di update ya,Rip Starez,1,2024-12-24 12:23:53
"Dari segi grafik sudah sangat meningkat dari versi sebelumnya, tapi masih ada sedikit bug seperti pohon dan batu yang transparan (tidak terlihat) semoga cepat di perbaiki ya developer, dan semoga versi selanjutnya ada pengaturan untuk FPS Game, semangat terus update gamenya😁👍",SOVI,4,2024-12-24 12:17:20
force close redmi note 11,A_001_Ananda Basuma,4,2024-12-24 12:14:12
Aku kasih bintang 4 dulu soalnya masih ada beberapa bug seperti peraturan map tidak bisa di scrol dan juga tolong lebih di optimalkan lagi dan jangan sampai jadi game mati lagi😁,Stz Evergarden,4,2024-12-24 12:00:04
Can't access Google services (Google Play Games) and this is very annoying for me.,Naufal Fajri,1,2024-12-24 11:45:31
Optimalisasi lagi masih ada lag sedikit,M Wahyu Ikhsan,4,2024-12-24 11:28:04
Aku Uda lama nantikan gem ini jadi ja aku kasi bintang 10/10 🌟🌟🌟🌟🌟👍,Muhlis Bajoe,5,2024-12-24 11:03:28
fix lag,sunshine,1,2024-12-24 10:46:03
Bagus banget,Dhandy Rahadyan akbar,5,2024-12-24 10:22:07
Update yang sangat memuaskan banyak fitur baru dari PC di adaptasi dengan sempurna Minus Banyak map yang masih coming soon,Rini Aryanti,5,2024-12-24 09:29:48
Download data dengan main dodo itu susah bet tolong lah di mudah kan🥲🥲,deffa Putra,1,2024-12-24 09:24:48
"sangat sangat mantap gamenya amunisi saya INFINIX GT 20 pro, sebenernya sudah bisa saya mainkan di perangkat saya. hanya saja saya tadi mencoba settingan grafis High jd patah². selebihnya bagus & semoga semua player bisa lancar untuk memainkan game ini di perangkatnya masing²",gaming ndeso,5,2024-12-24 08:21:50
Setiap masuk langsung keluar,diati atik,1,2024-12-24 08:13:17
Kecwa ga bisa oflain harus Download data lagi 3gb dan lag lagi mending ga usah Download,Dimas P,1,2024-12-24 08:01:37
Hanya suport untuk hp hp gaming. Bagi kalian yang sering bug atau ga bisa jalan itu hanya rendring karna prisesor hp kalian tidak mempuni.,Ari Juniawan,5,2024-12-24 04:54:21
Jangan kira lu bisa maen di hp kentang lu ... Upgrade hp dlu baru maen ini game,Wantep,5,2024-12-24 04:43:24
"untuk ni game keseluruhan udah lumayan,tpi yang ngasih rating jelek banyak alasan frame drop,pdahal mah sesuai kemampuan hp nya,minimal klo ga kuat jangan dipaksa main.",Alfredo,5,2024-12-24 04:28:12
yang hp kentang minimal sadar diri🤣,XamuVlaze,5,2024-12-24 03:08:41
"Tolong perbaiki bug di settingan, dimana tidak bisa digeser ke bawah",Demon 290,3,2024-12-24 02:38:01
"Dulu saya grafik medium sangat lancar sekarang saya bermain dengan grafik super rendah namun itu sangat lag/patah"" Saya sungguh kecewa dengan versi ini mohon update di perbaiki",Fakhrul Iman Suminggah,2,2024-12-24 02:07:29
"well game, but need to frame optimize",Sendriya Ahmadi Farras,4,2024-12-24 01:01:36
"hey please repair the server ping always high, fix it, and always update and fix the bug 💀",farrel 0_0,1,2024-12-24 00:35:53
"Mohon update kedepannya agar bisa lebih playable di perangkat mid end,snap 855 juga masih terasa kurang untuk saat ini",Yazit Zianifar,4,2024-12-23 23:43:41
Kasih android gua bisa main plis nekres Mulu,Arfa Alfarizi,2,2024-12-23 23:07:17
Saya gak bisa update padahal hp saya sudah bagus tapi masih perangkat tidak kompatibel payah perbaiki developer,Riko Boy,1,2024-12-23 22:57:31
"Terimakasih Dev sudah bersedia mengembalikan game ARK ini, mungkin ada beberapa masukan untuk gamenya masih ada bug, dan fps nya stak di 30fps, semoga kedepannya bisa di update lagi untuk lebih baik lagi. SEMANGAT 👍👍👍💪💪💪",RAHMAT TAUFIK,5,2024-12-23 22:44:17
Game bagus gini jangan lah di spam bintang 1 hp kalian aja yg kentang,Irfan Ardiansyah,5,2024-12-23 22:16:25
Knp ku beri satu karna bug ga bisa ngapa ngapain bug apa cova g bisa ngapa ngapain cok,ALPIN RAMADHAN,1,2024-12-23 22:11:15
Banyak bug,Feri Hidayat,1,2024-12-23 21:43:14
Gerafik low di bikin kaya ark evo aja,ezy risky,5,2024-12-23 21:39:15
Gamenya bagus banget makasih game nya jangan lupa update lagi,Juniarti Aktam,5,2024-12-23 20:40:35
Terang grafiknya itu jelek banget masa aku yg ramnya 16 gb enggak bisa terus ngeleg bangen tolong yah di perbaiki,Danish Haru,1,2024-12-23 20:27:57
Mohon di optimalisasi ya wild card game nya bagus cuma pas masuk ke gamplay nya dimulai awal awal layar game nya error mohon game ya bug nya dibenerin😁,Bimbiserpih Raya,1,2024-12-23 20:10:44
Update harus di tungguin bisa ga kalau update langsung dari aplikasi ini mah udah lama terus revamp setengah setengah game ampas,Lutfi Abdulhakim,1,2024-12-23 20:08:45
ada bug dimana bug nya saat mengganti settingan hud nya melebar dan tombol tidak persisi untuk hp realme gt neo 3t,Valeriandy Wijaya P,2,2024-12-23 19:58:57
game nya bgus sekali tapi gbsa main di HP kentang dan cuma bisa liat di YouTube 🥲,Zain Yazid Azizi (Pann),5,2024-12-23 19:55:24
Belum mai tapi kayaknya bagus,Rayhan Alfa,5,2024-12-23 19:35:21
bagus parah sih ini mah buat sekelas mobile,suhe 18,5,2024-12-23 19:35:13
Good,Kenzy Ken,5,2024-12-23 19:29:50
Ga dulu,Aes Sion,1,2024-12-23 19:02:41
Yang ngasih bintang satu anak FF,Haris Aryadi,5,2024-12-23 18:55:39
"Tetap kembang kan hingga versi terbaik nya, yang ngasi rating rendah orang tolol, jelas ini game berat dan baru rilis pastinya belum sempurna, ganti hp sama otak Lo semua dongo",Rahmat Ananda,5,2024-12-23 18:15:43
Ok 👌,Lukman Sakera,5,2024-12-23 18:14:31
Aneh gk bisa dibuka,Inti Yoeda,1,2024-12-23 18:12:39
"Kurang direkomendasikan untuk device dengan ram & processor rendah, dibutuhkan setidaknya ram min 8gb untuk memainkan game ini tanpa ada kendala.",Nazrifil 01,4,2024-12-23 18:07:56
"Mungkin jika device saya memadai ini akan bagus, karena device saya dengan cpu mediatek g85 keluaran 2020 ya saya mendapat kan fps yang stabil di 2-5 fps",KiKo_SaTuru,1,2024-12-23 18:06:11
bagus mantap,Zheron Putra,5,2024-12-23 17:47:17
"Sangat butuh optimalisasi segera, sering force close, permainan berhenti, fps drop dll",Arsyad fikri,1,2024-12-23 17:35:43
"Pengalaman bermain yang sangat luar biasa makasih developer akhirnya bisa main nih game, biasanya cuma bisa nonton youtuber sekarang bisa merasakan memainkannya😭",Clevaa Kleyvatess,5,2024-12-23 17:28:35
"Kalo HP ga kuat jangan maksain main. Giliran ngelag nyalahin game, lawak. Gamenya aja ga ngelag sama sekali🤪",Danang Febriyanto,5,2024-12-23 17:12:02
Tolong developernya saya mau main gem nya baru pencet ark tidak bisa login,Davino pratama,1,2024-12-23 16:45:26
"secara keseluruhan game nya lebih bagus dri ark yg lama tapi buat org yg ga kompatibel buat main game ini,dimohon jangan komen jelek² guys,sadar diri hp kalian itu kentang,gw aja main rata kanan smooth 60 fps,ya tergantung spek hp aja,bagi yg hp kentang sadar diri kalian,klo mau lancar upgrade hp bukan ngejelek²in gamenya",Asri yaldi,5,2024-12-23 16:40:06
Turunkan grafik ultra low,Maulana Zaki,5,2024-12-23 15:49:34
"Sumpaahh parah banget hp ku, kenapa lag banget padahal hp lumayan bagus, maaf aku kasih bintang 2 dulu nanti kalo udah di bikin lancar game nya aku kasih bintang 5",Kancil. Chill,2,2024-12-23 15:40:52
tidak bisa di buka crash,riza setiadi,1,2024-12-23 14:56:07
apalah barus download udah ga bisa login,E〃k2,1,2024-12-23 14:42:19
"Masih bagus fitur ark mobile yg lama, bisa lacak dino yg sudah di tame , langsung summon tame dino dan settingan tombol lebih bagus ark mobile yang lama",Sandy adhitya Prawira,3,2024-12-23 14:30:56
Game rusak di revamp malah makin hancur,Daffa yohanda,1,2024-12-23 13:24:31
"tolong diperbaiki ya ark memang game berat, tapi aku yakin kok bisa diperbaiki biar ga begitu berat lagi. soalnya aku udah fans berat ark dari lama, aku main patah patah bgt tapi masih bertahan soalnya aku memang sesuka itu, tolong perbaiki ya dev biar pemain lain juga bisa main game ini dengan nyaman dan lancar.",Tria?,3,2024-12-23 13:03:32
udah nunggu lama grafiknya udah di turuni semua tetap leg terus karakternya kaku setingnya saya rasa agak ribet dan tolong grafiknya bisa di setting yang hp nya kurang mendukung,Muhammad Alif,3,2024-12-23 12:40:23
"Please fix the game again, so that it runs smoothly on 4GB RAM",Fatir Ramadhani,1,2024-12-23 12:40:01
Mau di cobain keluar meluluk Sebaik nya di per baiki aku masuk gamen nya gak bisa,Ahdan Cepogo,1,2024-12-23 12:26:04
Yang ngasih bintang 1 bilang nya lag dan sebagainya hp lu aja yang kentang blok maksa mau main game berat,Ruok Paok,5,2024-12-23 12:25:23
"EEEHH PLAYER TOLOL YANG NGELUHIN NGECRESH, GAMPANG PANAS ,LAG...W BILANGIN YA INI ARK UME DIAMBIL DARI ADAPTASI ARK PC..JAGI MBUTUHIN SPEK YANG LUMAYAN MUMPUNI WAJARRR KLO HP CABE KALIAN NGGAK KUAT... JANGAN SAMPAI NIGAME RUNGKAT GARA2 PLAYER KYA KALIANN.. UDAH DIKASIH GRATIS TANPA BAYAR JUGA... MINIMAL SUPORT NIGAME JANGAN HUJAT2 MELUUU",ana valen,5,2024-12-23 11:49:42
' Kecewa berat ' dah di tungguin download datanya ehh pas udah kelar Pas dimainin lag parahh coy sungguh sakit hati,Deni Suki,1,2024-12-23 11:47:54
"Sudah cukup bagus tapi masih ada banyak kendala seperti nggak bisa tidur lah, terus masih kurang stabil dan grafis nya sangat blur. Yah wajar untuk game yang baru banget release.",6FAHRULARYA BIMAXTITL2,3,2024-12-23 11:44:50
"Tambahkan Grafis yang lebih rendah lagi, baru saja di-update tapi malah disuruh diwnload data lagi 3gb :(",fiyan dhika,3,2024-12-23 11:40:50
There is an error in the game preset cannot be scrolled down,Muhammad ibnu Albukhori,3,2024-12-23 11:22:58
"keren kok sesuai ekspektasi, tapi ada bug kunci yang bisa menggunakan lucky patcer dan game guardian.. jadi tolong di fix..",Zul Akaram Putra,5,2024-12-23 11:19:47
"Saya sangat nostalgia bermain game ini, saya terakhir main game ini waktu sd",Hafis Mahila,5,2024-12-23 10:59:18
"The game is good, even though the game is smooth, but when you open the UI when crafting and so on, it lags. Hopefully it can be optimized.",Manusia Biasa (Sufiyan),5,2024-12-23 10:55:11
"there is a little bug after the update, when setting the world preset for the bottom part it can't be scrolled anymore, like in the max difficulty section and others. is this really removed? or is it a bug?",Zanuar Angga,4,2024-12-23 10:54:17
"You make this game like a pc or switch, you forget that, this game is for phone. Ithe graphic is to bright even if u use the lower brightness its not work, the game just become dark.",lullaby stories,5,2024-12-23 10:42:32
"Bagus, tapi kadang ada beberapa bug",Jalud Dhiyauddin,5,2024-12-23 10:31:21
Lebih parah dri versi old,npc -11,1,2024-12-23 09:59:21
good,Reymond santoso,5,2024-12-23 09:50:27
"Ark Mobile it's better, than this game",Albien Syach,1,2024-12-23 09:42:08
Wildcard pls make a setting that makes the game look like the old version,Dagon Goji,3,2024-12-23 09:19:10
"perlu lebih dioptimalkan lagi ini game. pengoptimalan game lebih baik di versi ark yang sebelumnya bahkan saya main bisa nyentuh high graphic tidak frame, tapi di versi ark ume sungguh mengecewakan karena banyaknya bug dan kurang pengoptimalan. oh ya satu lagi ada bug dimana ingin membuat atau memasuki world kita tidak bisa ngescroll seting an world kebawah dan hanya mentok di disable loot crates. segitu saja semoga bisa di perbaiki",Dsana Aaos,4,2024-12-23 09:05:09
crash,Abhi Naya,1,2024-12-23 08:50:36
"Gamenya udh bagus,tapi tolong buat bikin cryofridge jgn kemahalan saya sebagai user f2p sangat kesusahan buat mencari keynya",Wahyu Saputra,5,2024-12-23 08:50:07
aku force pas mau masuk in game padahal udah nunggu lama buat update ini 🥺,Gunawan Rifangi,1,2024-12-23 08:02:29
"Sangat mengecewakan update ARK ini, mereka hanya mengubah warna dan nama saja, untuk setingan fps tidak di update padahal fps yang paling penting dalam game uncle ajgg, gw main di device (ROG PHONE 8) serasa hp kentang cuma dapet 30fps unce guoblokk",Made Aril,5,2024-12-23 07:47:14
👍,Yoga Ardiyansyah,5,2024-12-23 07:23:44
Grafis dan gameplay sudah bagus seperti layaknnya di ark PC tetapi.....tolong diperbaikin lagi mulai dari BUG serta crosshair nya,Fiqri Rahmawansyah,2,2024-12-23 07:15:17
"Udah lama downloadnya berat pula, saat mau main, tiba tiba keluar sendiri gk bisa masuk, mohon di perbaiki",Rahasia,1,2024-12-23 07:14:31
Tolong saya lag banget mau mukul atau lompat gak bisa,Edward Cullen Thomas,2,2024-12-23 07:11:19
Pls optimisasi,Galih Umabara Yuda,5,2024-12-23 06:56:08
mohon bikin game ini bisa dimainkan di hp 4gb karna sangat nge frame drop dan kurang nyaman dimainkan,Jeff07,4,2024-12-23 06:54:30
Mohon yang hp nya kentang sadar diri thanks,Syayid hafid Maulana,5,2024-12-23 06:26:04
"Sudah jauh lebih bagus tapi tolong untuk lebih mendetail lagi untuk setting grafiknya, agar bisa lebih leluasa untuk mengatur grafiknya soalnya masih telalu berat di settingan low. Apalagi efek airnya terlalu berat. Di ark lama juga tidak bisa 60 fps sayang sekali",Gaming Acount,4,2024-12-23 05:32:44
Saya tidak bisa masuk di gamenya kenapa padahal saya lihat tentang game ini cocok dengan perangkat HP saya tolong di perbaiki secepatnya 🙂‍↕️🙂‍↕️,Ade Febiansyah,1,2024-12-23 05:19:48
"Buat grafik udah bagus sih menurutku tapi klo bisa sih grafiknya bisa ada yang lebih bagus lagi, dan juga kapan map Ragnarok rilis ga sabar pengen maen di ragnarok",Dude Nandio,3,2024-12-23 04:45:19
Very good game🥰🥰🥰🥰,Slthn JP100,5,2024-12-23 04:14:36
fix buy tysm,Yoo Kaze,5,2024-12-23 03:21:40
"buat yang tanya kenapa ga bisa tidur, ya karna ini meniru versi pc dan konsol yang gabisa tidur",ILHAM1123 _,4,2024-12-23 02:05:35
"di poco x3 nfc di libas mah game ini , cuman aku ga bisa cara main nya jadi unistal 😆🤣",magist newbie,5,2024-12-23 00:55:26
Bad.,Ansu Fati,1,2024-12-23 00:27:19
Masih banyak bug yang harus di perbaiki,Rio Armando,3,2024-12-23 00:26:34
"Wajar baru rilis guys banyak yang harus di kembangin, gak usah bacot",Ari susanto,5,2024-12-23 00:06:55
"lumayan la ketimbang yang kemarin, makasih dev uda update ark lebih optimal, di poco f6 nyaman bgt main nya",Agung Sanjaya,5,2024-12-22 23:52:33
Terlalu mahal harga satu map😞 belum ad duit pengen coba map sebelah sm fitur-fitur ya terlalu mhl 294rb dibandingkan dulu murah,Dragon Gaming,1,2024-12-22 23:51:45
Bagus kok hp lu aja yg burik hahaha,Andi Sidratullah Syurahmat,5,2024-12-22 23:49:24
"tah mengapa orang2 memberi bintang rendah padahal menurutku ini game terbaik lah bayangkan saja game sebelah apa bisa sekomplit game ini bisa renang terbang dll,dan jika ingin mudah bermain ya kan sudah di sediakan gc jadi lebih mudah lagi bukan menyalahkan gamenya seharusnya,sesekali top up bukan memiliki mental gratisan aja,di hpku lancar lancar aja sih gk ada kendala walau ada bug ya wajar saja sih namanya juga permainan apa lagi ini game terkomplit,jika mau grafik bagus kan ada ark pc",ANDI KUSTIAWAN,5,2024-12-22 23:46:45
"baru buka gamenya udh fc ajaa, dahal awal pre regist kompatibel",Airiel Octa,1,2024-12-22 23:41:27
"yo dev, don't listen to those people who giving 1 star they just kids who don't have the minimum requirement spec to run this game, just please keep optimizing this game and don't abandoned it again like the old ark mobile",Indo Android Gamer,5,2024-12-22 23:27:43
Game nya mantapp . TPI klau saran dari aku .ksih contum analog aja sih. Soal nya agak pinggir analog nya,Gohan Super Saiya,5,2024-12-22 23:14:18
"Udah bagus menurutku, lebih optimal dari ark versi sebelmnya, pada banyak yang bilang lag, frame drop selama gua main gak nemuin frame drop yang parah, mungkin hp nya kurang support",Ridho Baskoro,5,2024-12-22 22:50:52
Mantap,Widodo Cp,5,2024-12-22 22:47:52
yg ngasih rating b1 lu gk usah maksain device lu dongo!,rDre kun,5,2024-12-22 22:47:36
Saat masuk sih bisa tapi download data nya itu tidak ada progress sama sekali.semoga ini di lihat oleh developer,zaldy Maulana Gaming,2,2024-12-22 22:42:13
bagus kembangkan trus,EXSANITY ID,5,2024-12-22 22:29:53
Loading nya satu abad,Ghan Kairi,1,2024-12-22 22:25:02
drop fps,Ahmad Angga,1,2024-12-22 22:24:39
"Mohon untuk segera dioptimalkan lagi agar tidak terjadi lag dan delay. Grafik mungkin bisa diberikan opsi lebih banyak lagi, rumput yang menjadi penghias barangkali bisa dihilangkan atau setidaknya opsi untuk tidak memakai rumput, grafik air sedikit diturunkan, maupun bintang saat malam hari. Mungkin rata-rata pemain yang mempunyai gpu Mali juga merasakan hal yang sama.",A. Faruq Qomarudin,4,2024-12-22 22:09:53
tidak support mediatek,Adit Ganteng,1,2024-12-22 22:02:07
"Thank you untuk dev dan timnya, mendengar keluhan langsung gercep diperbaiki masalah yg terjadi, yah walaupun ada beberapa masih bug hehe... Overall bagus grafik rata kanan walaupun hp saya bisa di bilang menengah ke bawah, buat yg ngasih rating buruk, minimal device di cek malah nyalahin gamenya.",Rafli0014,5,2024-12-22 21:43:55
"Yang rating 1 selain karena bug, hp mu upgrade dlu jangan maksa maen klo hp dibawah standar🤣",GUNRES,5,2024-12-22 21:38:41
Kita harus dukung developer nya supaya bisa nge fix bug sama di update lagi supaya beberapa hape bisa main ini,ri zal,5,2024-12-22 21:32:31
"Lu pada hape kentang gak usah maksa anjg, udah gak kuat di paksa, ngelag salahin gamenya, orang indo orang indo",Su Dartini,5,2024-12-22 21:31:54
"Sudah bagus, namun perlu optimalisasi ulang",Kelvin Ginting,5,2024-12-22 21:10:34
"hp kentang maksa main bilang bug ini lag ini lag itu , ngasih rate ga pake otak ini game baru rilis toll ,",Luki Uchiha,5,2024-12-22 21:05:32
blur screen😐,Generasi Muda 17 Sungai Lulut,1,2024-12-22 21:00:46
Udah bagus tapi masih ada bug yang harus diperbaiki,Salmand Archduke,5,2024-12-22 20:58:29
Good job👍,DANeL,5,2024-12-22 20:56:06
Yg ngasih rating b1 SDM minus kah atau potato goreng?,Gmail Utama,5,2024-12-22 20:41:55
Tidak sesuai expectasi,Farhan Ashrafi,1,2024-12-22 20:36:17
"Tolong di optimalkan lagi gak tau kenapa setiap main crash terus pdahal HP saya tidak ada kendala lain seperti Ram, Gpu, cpu dll, tpi game nya crash, dan ada satu lagi ketika saya update game nya dari PlayStore ketika ingin bermain lagi harus mendownload ulang data dalam game, tentunya itu sangat merepotkan, tolong untuk developer di optimalkan lagi",Budi Safandra,1,2024-12-22 20:14:26
"Device Mereka di bawah 800 Snapdragon dan mereka mengeluh itu adalah tindakan bodoh,ya jikalau Device mereka Tidak bisa bermain game ini jangan Spam bintang 1 idiot,padahal mereka yang Meminta untuk di samakan seperti di pc Orang Orang idiot",BronzeExorcist ',5,2024-12-22 20:09:07
Sangat bagus dan semangat prosesnya supaya hp lainnya bisa main juga,Pieter,5,2024-12-22 19:29:52
"ngelek parah grafik paling low aja gk jalan ark yg dulu grafik ulta aman aman aja, rugi bandar gw download",Arimang,1,2024-12-22 19:27:50
Download asetnya lama banget minimal pas keluar aplikasi masih ke download,Edo Gibo,1,2024-12-22 19:24:37
Pleas add low setting like ark survival evolved so low -mid phone can join ark ultimate,X Komang,3,2024-12-22 19:03:00
"Mendingan versi dulu daripada versi sekarang, gw kirain nih game bakal lebih baik pas di-update ke versi terbaru, ternyata tidak",waltz,3,2024-12-22 18:58:04
gamenya keknya bagus tetapi saya tidak bisa main dikarenakan handphone saya tidak mendukung padahal sudah grafik paling rendah tetapi tetap lag tolong buat gamenya menjadi lebih ringan untuk dimainkan,Ardhani,1,2024-12-22 18:53:23
butuh optimalisasi karena ngelag banget padahal udah grafik low padahal di ark yang dulu grafik epik aja lancar skrg ark ume pake yang low ngelag banget,Growtopia Gt,1,2024-12-22 17:50:04
Mohon di optimalkan buat chipset Snapdragon 685 biar lancar,MUH. IKSAN,1,2024-12-22 17:39:48
Game masih banyak bug lebih banyak ini dibandingkan ARK yg lama,Ubaydar R,1,2024-12-22 17:33:45
"Buset berat kaku mau geser kanan kiri macet 🗿, ealah game survival kek gini ajah berat bgt malahan yg versi evolved masih agak lancar lah yg ini berat 🗿",Ahmad Farisi,1,2024-12-22 17:28:44
please fix lag,Alpen Ramyadien Gunawan,4,2024-12-22 17:22:18
"sangat lancar di 110fps di snap 8s gen 3. Hanya saja ada bug di menu pengaturan awal world nya yang tidak full(terpotong) sampai pengaturan crosshair aja, kebawahnya tidak bisa di geser(mentok).",Alusu Al,5,2024-12-22 17:21:09
Baru downloads pas dibuka langsung force close. .redmi 10c,Dewi Ulfah,1,2024-12-22 17:00:01
frame parah kalo evolved ga frame mana sesudah update download daleman lagi,Manz 21,2,2024-12-22 16:41:06
gabisa di buka padahal udah download data full dan lagi pas masuk setelah loading semuanya hitam gada keliatan apa²,Bujang Keramat,2,2024-12-22 16:06:57
Optimalkan hp yang chipsetnyaG90T agar nyaman saat memainkan gamenya,Andri Herdiansyah,3,2024-12-22 15:32:43
"Butuh optimalisasi!!! masa iya pake setingan low masih stutter padahal pake Redmi note 10 pro chipset snapdragon 732G Masih termasuk hp mid range loh itu, agak kecewa semoga kedepannya ada optimalisasi.",kaedehara Kazuha,3,2024-12-22 15:29:26
Gua yang ram 8 aja udah pasti ngelag apalagi kalian yang ram 4 ke bawah 🤣,Yabes Ruku,5,2024-12-22 15:10:55
Gamenya lancar lancar aja kok yang ngeleg itu hp kalian kentank,ZIKO XD,5,2024-12-22 15:05:29
Butuh optimalisasi tambahan,Iyan R.s,4,2024-12-22 15:02:51
"gamenya seru tapi tolong,ada tampilan damage agar mempermudah main",Sandi Gilang Permana,4,2024-12-22 14:58:10
Poco F3 lancar jaya,ahmad ma'ruf,5,2024-12-22 14:46:52
Min ini gimana gw download daleman tpi gk gerak gerak ajay,brayend dri sofyan,3,2024-12-22 14:43:48
"woilah cik ko jadi berat gini ya dulu grafik medium lancar² aja sekarang ko grafik low, res di bawah 40% aja nge frame banget gimana ini👎👎👎👎",Fahrial,1,2024-12-22 14:43:15
"tolong optimalkan gamenyaa,gw udh memenuhi persyaratan minimum game,tapi setiap login layarnya hitam,terus force close,padahal size ga gede² banget",Onyok Bisok,1,2024-12-22 14:27:07
Semua udah bagus tapi tolong optimalkan lagi biar HP menengah ke bawah nggak terlalu lag🙏,Alva Luthfil,5,2024-12-22 14:04:46
stuck di dodo kgak jelas,Mochamad Adi Setiadi,1,2024-12-22 13:58:55
Ngeleg parah ark dulu gak kayak ginii,ardi muslihun,1,2024-12-22 13:36:44
Game nya bagus tapi ngelag padahal grafik default,Oktiana Annisa,3,2024-12-22 13:30:58
lumayan tapi perlu dioptimalkan,Sofia Diani,4,2024-12-22 13:29:57
Banyak yg bilang crash FC hp lu kentang🤣🤣🤣 nih game ark gw yg hp kentang aja bisa masuk moga optimalisasi nya lebih bagus,SKO Shin,4,2024-12-22 13:14:26
"Akhirnya bisa main ark lagi,wah grafis nya emang bukan kaleng kaleng,di hp redmi note 13 pro setingan rata kiri bisa lancar sambil live",derokhus,5,2024-12-22 12:53:25
Game nya ga bisa di mainin Cok,Fitrianah,1,2024-12-22 12:43:42
Assalamualaikum warahmatullahi dede coba lihat ini,Muhammad Zaki,5,2024-12-22 12:32:39
Untuk hp kentang mna bsa🤣,Asrul Gunawan Asrul,1,2024-12-22 12:17:59
"Nope, ini game makin hari makin banyak bugnya. Apalagi pas lagi proses download, entah ngapa ngulang dari awal mulu + fpsny ngedrop parah",Muh. Abdillah nuggraha,2,2024-12-22 11:43:22
Iag 🥹😭,Xio Yan,1,2024-12-22 11:29:59
Optimisasinya kurang,Muhammad Febriyan,3,2024-12-22 11:29:03
Lag lag lag,Muhammad Zulkarnain,1,2024-12-22 11:00:59
Optimalkan lagi,Wahyu Oktavianto,5,2024-12-22 10:55:29
Di berapa hp masih lag dan saran saya next update mohon dibenerin lagi optimisasi nya,_Avellino Tri _Cahyanto,1,2024-12-22 10:28:05
Kenapa ya kok gak bisa di mainin force close mulu,Napiece,2,2024-12-22 10:26:13
"Akhirnya rilis, walaupun gak bisa main karena spek HP kentang🗿.Semoga aja ada bisa dibikin agak ringan biar kayak ark mobile yanv sebenarnya.",Bisma Danadyaksa,5,2024-12-22 10:22:13
Gak bisa di mainin,Andy putrazaky,1,2024-12-22 09:59:18
"Gamenya terlalu buru² dirilis dan mendadak banget sih,problem di game ini ada di performa,settingan grafis yang sangat terbatas,dan grafis yang blur walaupun sudah setting high,semoga semakin bagus optimisasi nya",Muhammad Rayhan,3,2024-12-22 09:50:38
Berapa Bug pada game ini blm optimal di semua device yang chipset tinggi Masih Rada Frame parah,Fajar Maulana,5,2024-12-22 09:40:28
"Fix the performance issues please! Make this game playable in mid end phones! Also, the default anti aliasing is very annoying and look bad, please add settings to configure the graphics in the next update.",Tegar Firmansyah,3,2024-12-22 08:46:21
Setelah di update tidak bisa download,Gusfri yanti,5,2024-12-22 08:39:57
"lagg banget , kecewa padahal udah nungguin dari lama",Whz,1,2024-12-22 08:39:40
"Buat yang ngatain gem lag eror bug dll. Lu sadar😮‍💨 handphone lu memadai syarat ga.? Lagian hp kentang dipaksa main ark nglag nyalahin gamenya kan aneh. Hp kentang. Tapi pengen gem hd bagus . Berharap mulus kocak😂.buat yang ngata ngatain kasian developer Kasi respect dikit napa kalo ga bisa, Bermasalah dalam game .ganti device dulu sana saya mendukung developer. Jadi semangat ya ⭐⭐⭐⭐⭐",Sanu Yassirukalil,5,2024-12-22 08:35:36
"vangsat gwe udh download smua data yang di dalem pas di update malah ngulang lagi, harus download lagi data yang di dalem vangke vangke",Sevilla Muhammad Alwan,1,2024-12-22 08:34:24
Agak kecewa udh grafik low tetap lag parah,Yusna Djupura,1,2024-12-22 08:31:38
Mohon agar GPU Mali bisa menjalankan ark ultimate survival ini soalnya banyak bug di GPU Mali semoga di update selanjutnya bisa di fix,Dracula Dra,1,2024-12-22 08:22:36
"Untuk yg hp nya kentang tau diri dong , jangan kasih rating jelek , sana kerja beli hp bagusan dikit , jangan sikit sikit nyalahin game nya , hp kentang sok sok an maen game berat cil cil",Soper Tronton,5,2024-12-22 08:16:17
"Masih delay dan lag, pada hal sdh seting low, di ark lama grafik full high lancar Mohon di optimal kan ulang",Syaifur,1,2024-12-22 08:07:41
Yg komen ini lah hp kurang lancar lah.. Bantinf aja hp kalian beli baru. Hp kentang nyadari diri oi,Aditya Zero,5,2024-12-22 08:07:28
need optimization for android,muhammad ashshidiq,3,2024-12-22 07:59:49
poco f4 rata kanan,Bi Ruru,5,2024-12-22 06:44:53
Stuck di download additional parah,Arief Rida,1,2024-12-22 06:32:12
"Buat yang bilang game nya ngelag, patah patah sadar kntl hp lu tuh kentang, pikirin coba hp chipset snap 600 ram 4 dipaksa main ARK ngotak lah ngnt🫵😹",Pablo Poablooo,5,2024-12-22 06:03:09
Sangat tidak nyaman dgn penggunaan map yg harus slide dari kiri k kanan karna bisa d serang dino lain dan untuk d dlm game ada blink yg membuat mata gak nyaman mendingan game yg lama sih,Yogi Putra Sembara (O_ker),3,2024-12-22 05:22:16
Why the game are not compatible in poco F5? Please fix it,Oki Putra Sanjaya,1,2024-12-22 04:24:21
Download udah jalan setengah keluar game bentar ngulang lagi dari awal downloadnya aneh banget,Morgan Febri,1,2024-12-22 03:52:38
"After the update I can't open the game, it says optimization? Come on Studio WildCard, update it again",Wahyu Hidayat (KELAS A),2,2024-12-22 02:52:02
Force close di hp 4/128 prosessor snap 665 mamank mikir lg dah yang spesifikasinya sama buat donlot.,Aliga Vitras,1,2024-12-22 02:21:06
"Game Nya Terlalu Berat, 🗿terlalu Frem Drop FPS ,Harus Di Optimalkan Lagi Ni Game, Setelah update kenapa download ulang data dalam nya🥲",Wan Gaming,3,2024-12-22 02:07:06
This game was so amazing,Radit Maulana,5,2024-12-22 01:29:54
"Aku memberikan rating satu karena ketika download data didalam game mengalami stuck, entah karena jaringan atau karena device tetapi jika karena jaringan aku tqpetap lancar ketika bermain pubg atau pun menonton youtube dan jika karena device aku meggunakan samsung s7 dengan procecor snap dragon, mohon bantuan pemecahan masalahnya developer, aku sementara memberikan bintang satu, jika sudah diperbaiki pasti aku akan memberikan bintang lima karena game ini sudah lama aku tunggu tunggu, tnk",Razzani Putra,5,2024-12-22 00:31:19
"Setelah update masih belum bisa di mainkan, Force close terus.",mada jas,1,2024-12-22 00:23:17
"yg bilang gbs, device aja gakuat",Arya Suta,5,2024-12-22 00:22:40
Much easier for beginner,Rama Doni,5,2024-12-22 00:16:25
"Sejauh ini oke di device saya, hanya ada beberapa bug grafik dan belum optimal untuk device spesifikasi tertentu",Dani Riski Dianto,5,2024-12-22 00:08:12
saya sangat berterima kasih kepada dev game-nya karena sudah membuat game sebagus ini👍,bin tang,5,2024-12-21 23:40:40
"game udh ok bgt,tpi tolong di update selanjutnya optimalkan lgi soal grafik sya sudah pakai settingan low tetap sja ngelag parah padahal ram 8 chipset snapdragon,di tunggu update selanjutnyaa yaaa",Anang Supriyatna,5,2024-12-21 23:17:42
Download additional data stuck,Muhammad Ridwan Julian,1,2024-12-21 22:50:44
Layar nya bures,Wangini 112,1,2024-12-21 22:36:16
"Game nya lag patah patah, gak enak buat di mainin bikin pusing dan usahain kalau buat mobile di buat tombol aja gak usah screen layar terlalu ribet menurut saya",Reifan Akbar,1,2024-12-21 22:23:39
"Multiplayer error, cant enter the server, too many bug and stuck on loading please fix it",DualVGaming,2,2024-12-21 21:56:53
Tolong optimalisasi lagger,Rio Akbar Maulana,5,2024-12-21 21:50:10
"Saat membuka investori map hilang(tidak ada teksturnya alias transparan), Dodo bisa jalan di laut. Spek hp : OPPO A60 Snapdragon 680 512/8GB Adreno 610 Untuk saat ini itu saja, jadi semangat untuk fix bug dan pengoptimalisasi👍 sekian terimakasih. Saran : 1. Tambahkan fitur search dino yg sudah di taming. 2. Buat fitur ""load backup save"" mirip game Resident Evil yg dimana ada pilihan save dan save itu tidak terpengaruh dengan save otomatis jadi apa yg terakhir di save maka hasilnya itu juga.",Arif Rahman Hakim (ARIF),4,2024-12-21 21:47:01
"Udah lama nungguin rilis,eh malah pas rilis ga bisa di buka.harusnya kan bisa di 4/64",Fataitsyouandme,1,2024-12-21 21:37:37
Sayang sekali huawei nova 5tku gak bisa melumat game ini 😭😭😭😭,Kalos 99,3,2024-12-21 21:34:25
"Gamenya sediri udah bagus,cuma Frame drop lumayan parah,gak kaya ark yg satu lagi yg lebih stabil",Jm Ponsel,3,2024-12-21 21:14:49
"For the game, it's good, there are still bugs like I bought the monthly pass after quitting the game so it can't be used anymore, to fix it soon",Firman Infinix20gt,5,2024-12-21 21:12:52
Very good,RZL- Twind,5,2024-12-21 21:10:28
"Just fix the movement pls,its sucks 😒",Old Chad,2,2024-12-21 21:03:28
stuck di download data gk jalan jalan,Gabut Animation,1,2024-12-21 20:30:36
"Gamenya dh bagus, grafik ya jg bagus, tpi optimal gamenya masih kurang, download data aja gk bisa, dan masih ada banyak bug² yg lain, gk pernah terjadi force close ato frame drop, ya.... Moga² kedepannya lebih baik lagi gamennya.....",Mykhaeel Lusius,2,2024-12-21 20:17:39
Stuck download dodo ga jalan sama sekali,akumaru,1,2024-12-21 20:03:56
setelah update download stuck tolong di fix,Aden Jojo,3,2024-12-21 20:03:37
"Kenapa download file tambahannya gak jalan progresnya padahal sinyal lancar,ini gmna dev",sugab channel,2,2024-12-21 20:03:16
Keren,damun karing,5,2024-12-21 19:59:06
Opp game,Azwar UYY,5,2024-12-21 19:58:57
Now Can't download data It's sixth time i downloaded this game,Ekho Show,5,2024-12-21 19:42:15
"tidak sesuai harapan, gimana cara download data nya anjay, susah banget pengen main ARK",Wahid Hasyim Dailami,1,2024-12-21 19:37:48
"This game is too heavy for android you should consider it again. Not many people can play it if your game is too heavy. i'm using an handphone infinix note 30 RAM 8+5 and a Helio G99 cpu, but the fps i get is even under 30 fps 🙂",Sultan Syah,2,2024-12-21 19:29:55
Good!!,Nekoni Massu,5,2024-12-21 19:27:06
"Ram 8 masih tidak bisa memainkan game , padahal game yg ditunggu tunggu",Deni Suhaendi,5,2024-12-21 19:19:01
SELALU FORCE CLOSE PADAHAL SNAPDRAGON 665 GPU ANDRENO,ya itu bagus yeaahh,1,2024-12-21 19:16:33
tidak bisa mengunduh file lanjutan di game,rizal muhammad,1,2024-12-21 19:04:01
Gila Helio g85 masih ngak sanggup loh patah patah bet,Satya Adjip,1,2024-12-21 19:00:33
Tidak kompatibel,Vladimir Nukhan,1,2024-12-21 19:00:31
Tolong diperbaiki untuk hp infinix hot 50 pro plus. Sangat lag dan error,luis suun,1,2024-12-21 19:00:22
Uwoghh DEAD GAMEEE SEASON 2,Rio mbel,1,2024-12-21 19:00:12
"Error setelah update,anjir lah udh terlanjur topup lg🙃",qi i,1,2024-12-21 18:46:09
"Lucu sekali bro setelah update,tidak bisa download dan hanya stuck di loading dodo? kenapa semua orang mengalami hal yang sama? Segeralah fix masalah ini, saya sangat kecewa setelah update",Hii Alan,2,2024-12-21 18:46:05
Download data nya stuck ga ke download,Alfi p.d,1,2024-12-21 18:43:03
"Gak bisa download additional files nya terus kata nya ""Download additional files required to play"" Gitu terus, pas Download Dodo nya dimainin juga gak nambah additional files nya",Jojon Garden,2,2024-12-21 18:40:55
Setelah update hari ini stuck untuk file tambahan. Proses download tidak berjalan,Fun Games Land,1,2024-12-21 18:36:05
Sadar diri Hp lu Di bawah Standar minimum recomen segala macem ya anjeng Gausah Banyak Mau ini game Revamp Jelas Berat ya njeng,Haze Eren,5,2024-12-21 18:27:54
baru aja download satu hari habis itu update mlh di suruh download data lagi kok bisa developer tolong lah kok bisa begini,Habibi Habibi,1,2024-12-21 18:27:18
"Is good,l hope they add lost island and fix server",Ellansya,5,2024-12-21 18:27:06
file tambahan tidak mau terunduh,Keza Ze,1,2024-12-21 18:26:13
Download di awal progres tidak jalan,Hadi Pratama,3,2024-12-21 18:23:15
"Belum bisa coba karena servernya lagi maintenance, tapi kata temenku gamenya bagus🤭",Syela Anatasya,5,2024-12-21 18:05:51
Gamenya gk bisa download padahal hape saya cukup kuat,Bram lino Channel Tv,1,2024-12-21 18:04:44
Tiba tiba keluar dari game,Edmund,1,2024-12-21 17:56:42
Mohon di optimalkan kan lagi game nya masa grafik low patah patah,Blayan Jabau,2,2024-12-21 17:54:42
Optimalkan untuk G99 🙏,Vukuro sevencore,1,2024-12-21 17:48:01
"Entah cuma saya doang atau ada yang sama, sudah download gamenya tapi waktu download file tambahan malah ga bisa di download malah di suruh main game Dodo, ada yang sama?",Ilham Khadafi,3,2024-12-21 17:47:41
"Ada bug ni download data nya enda mau jalan memory masih banyak banget tapi download datanya enda jalan"" Gimana ni mau main tapi enda bisa di download datanya di suruh tungguin ampe mati enda bakal jalan ni download datanya kalo bug gini",Muhammad alfa Rozak,1,2024-12-21 17:46:28
tolong pihak ark ada kendala pada saat update dalam game yaitu tidak bisa update atau bar tidak terisi tolong di urus :),Albin Nyot,2,2024-12-21 17:35:50
Tgofce,dwi rinjani,5,2024-12-21 17:34:01
Game nya udah bagus tapi saran saya di mohon di optimalisasi agar bisa lancar di hp lain,ADIT crack,4,2024-12-21 17:26:25
Gem ark adalah gem terbaik di dunia ini 🥹,Sardah,2,2024-12-21 17:22:18
have lost bad bodo idiot that it broken not hell,Guest 666,5,2024-12-21 17:22:17
Game nya keren,Ghezer Xd,5,2024-12-21 17:14:25
Ngelag banget udh gitu sering drop frame terus,Edi,1,2024-12-21 17:06:12
Gabisa download Daleman yg 3 gb,Raffi Hlqi,1,2024-12-21 17:00:30
"Gabisa Masuk title screen crash terus, mantap👏👏👏 kasih bintang 5 biar pada liat",Langgeng Pandum pamuji,5,2024-12-21 17:00:16
PAS UPDATE STUCK DI DODO SUE,Titid Kontol,5,2024-12-21 16:57:40
nda bisa download di ingame. ada yang sama?,FK MV 2552,2,2024-12-21 16:51:51
Masa download data ulang lgi cuk,Karim Kun Fajri,1,2024-12-21 16:48:08
Download internal data stuck,Raven The Pumpkin Boy,2,2024-12-21 16:45:34
Tolong dong diperbaiki ini ko update malah gk bisa di buka ngestack,Sandy Adriyan,5,2024-12-21 16:38:05
Still force close even though update,Ahmad,1,2024-12-21 16:32:44
"Berasa balik ke 2016an, pas pertama kali maen ARK PC. Untung maennya di HP yang pake SD 8 elite, mulus :v",Chibi Tatsuya,5,2024-12-21 16:27:56
"Overall udah bagus, cmn masih sering fc aja pas udh aga lama main, pesan buat orng yg hpnya gakuat main game ini, JANGAN MALAH NYALAHIN DEVNYA TOLOL, ELU BEGO DH TAU HP KENTANG MASI AJA MAKSA MAIN DH GITU NGERATING BURUK LGI MIKIRRRR!!",Dzyy,5,2024-12-21 16:25:08
"Game nya di revamp jadi berat,buat yang rating jelek kalian itu bodoh ya minimal kalo ngasih rating tuh sepadan lah,baca spesifikasi minimumnya berapa kek..., kalau males baca liat youtube ya dek ya...., lu yang harus nyesuain bukan developer yang harus nyesuain HP 🥔 kalian.",Erza Farendi,5,2024-12-21 16:03:57
"Kenapa setelah di update, download di dalam gamenya tidak jalan-jalan",Steelson Supii,2,2024-12-21 15:57:05
Kok gabisa donlod data min aku nya,salag gaming,1,2024-12-21 15:54:42
Nice game,Repi Nauli,5,2024-12-21 15:32:51
Good game Please add more some events,BLIZZARD GAMING,5,2024-12-21 15:31:10
"Why when I'm downloading a file, the file doesn't seem to run properly. Please fix it, thank you.",10_ayodya Jordy Yusuf abimanyu,3,2024-12-21 15:30:02
"Habis update malah g bisa masuk, download in game gak berjalan.",Firman Syah,3,2024-12-21 15:26:42
"This game is excellent, please optimize to reduce fps drop when playing on next update. Thank you :)",p p,5,2024-12-21 15:10:23
gbs download update ingame,Lyendut,1,2024-12-21 14:36:30
"Mengapa proggres download additional proggres nya, tidak bergerak sama sekali?, saya sudah menunggu 3 jam tidak bergerak tabel proggres nya?",farrel athari,3,2024-12-21 14:34:34
bug tidak bisa di download,levi jaya,1,2024-12-21 14:33:16
nge-lag parah padahal grafik paling rendah tetep aja patah patah,Ahmad Ahnaf,1,2024-12-21 14:24:54
ini kenapa kaga bisa di download data nya njir dah nunggu lama,AYAM GOYENG,1,2024-12-21 14:05:37
Kenapa ga bisa download file data di loading screen ?,Johan Nursalim,1,2024-12-21 13:58:47
"stuck download additional file,please fix it dev",KeN,2,2024-12-21 13:45:55
Download data ngestuck,Ilham Tebri,3,2024-12-21 13:40:39
"hey kenapa update tidak ter-Download?? segera perbaiki, dan tolong lebih compatible untuk chipset g99 ultimate",Agung Wicaksana,3,2024-12-21 13:31:34
"Saya tidak dapat mengunduh data, meskipun penyimpanan masih tersedia 8 GB.",Tubagus,1,2024-12-21 13:23:35
Bagus tapi di perlancar kan lagi game nya,Alfino Ridho,5,2024-12-21 13:23:15
Ini pas update kok ngebug dah ga bisa dwd data nya,Renal Vans,5,2024-12-21 13:22:34
Mengapa gem ini tidak bisa di pakai ke hp infinix dan gak bisa di buka,Irsyad Syabani,1,2024-12-21 13:17:36
Kocak setelah update tidak bisa mendownload data dalam game. Udah hapus game nya tetep tidak bisa didownload data didalam game .,M Hasbi,2,2024-12-21 13:00:29
Force close,Arik Athorik,1,2024-12-21 12:59:50
"Gamenya bagus , yang rating bintang 1 sadar diri kalau hpnya ga kuat jangan di paksa maen kocak",Mochammad Verdiansyah,5,2024-12-21 12:59:24
I hope for spy it can be like on pc to be able to know the torpor and food,hafizh nurliansyah,5,2024-12-21 12:50:22
"Buat yang bilang jelek/blur itumah settingan lu rata kiri, setidaknya pake full resolution udah bagus banget untuk jenis game mobile. game nya udah bagus cuman HP yang mainnya aja yang dibawah rata rata pengen lancar main game kayak gini pake hp 🥔 sudahlah jangan terlalu serakah",Ade Suhara,5,2024-12-21 12:41:47
Gak bisa download datanya gak jalan tapi di tap tap jalan,Zulfahmi Rumbayan,1,2024-12-21 12:41:22
"Very good version i was waiting this like many time. But, pls add world setting such as speed taming, multiple experience and add graphic lowest like before 😁 PLSSSSS add ""show damage"" In game that show the point like the damage is 60 is showing 60 not 60/100 PLSSSSSS I LOVE ARKKKK LOVE U DEV 🥰",Hanif H M,5,2024-12-21 12:36:22
Ahkhir nya rilis sekian lama nya saya menunggu,Ahmad Raihan,5,2024-12-21 12:17:36
Kecewa tidak tersedia untuk poco x6 pro padahal harusnya bisa dan mampu,SILASINA 73,1,2024-12-21 12:17:02
Kalo mau main lancar butuh ram 12 snapdragon elite 8,Deta Mardiana,5,2024-12-21 12:12:02
Why i cant download files in game,Fatur Rahman,3,2024-12-21 12:07:42
"Port nya lancar tapi saran saya tolong di beri settingan custom UHD karna controlnya cukup susah, bikin ngga leluasa",Drian JZ,5,2024-12-21 12:03:10
Stuk di download data in game,Random Tube,2,2024-12-21 11:48:41
Bagus cuy,Alvan MULYAHAFIZ,5,2024-12-21 11:40:40
Kenapa ARK saya setelah update dari playstore tidak bisa download data in game,Abdul Aziz,3,2024-12-21 11:31:24
Gk jelas ini game gua download pas di coba keluar keluar keluar dari game nya gk jelas,Hasan Abdllh,1,2024-12-21 11:22:13
"Updatenya jadi lebih bagus tapi kalo gw main jadi ngelag jirrr, trus kalo hp ente kaga kuat trus fore close trus ya jangan kasi bintang 1 lah upgrade dlu tuh hp biar gk fore close + fps drop",Sean Drago,5,2024-12-21 11:22:04
Game is uncompatible for my device redmi A3 ram 8gb please fix for all device. I want playing the ark ultimate games🙏🙏🙏🙏🙏🙏🙏🙏🙏🙏🙏🙏🙏🙏🙏🙏🙏🙏🙏🙏🙏🙏🙏🙏,in k,1,2024-12-21 11:19:10
"habis update suruh download data tambahan udah di accept tapi gak jalan jalan downloadnya, update bukannya tambah baik malah makin hancur",Syahreza F-me (reza),1,2024-12-21 11:18:35
"Wifii ada, data juga ada, knapa pas pembaruan data dalam nya ngak bisa di download....",Yuka Eriaki,5,2024-12-21 11:06:23
"Hello, I'm Vinn from Indonesia. I want to ask the developer so that this Ark application can be played on 4 Ram I only gave 4 stars because if you play on a cellphone with 4 RAM Broken Graphics And Lag Mobile Phone Gets Hot,Thanks For Making Ark On Android",Muhammad Ervino,4,2024-12-21 10:47:12
Burik,fain 54,1,2024-12-21 10:46:30
"Gini ya bocah² tolol masalah lag, Force close itu bukan dari gamenya! Tapi kalian aja yg tolol!! Kalo mau main game ini ya ngaca spek hp lah kntl!!! Hp kentang mau main game berat kek gini",regi prasetyo,5,2024-12-21 10:43:10
This is a good game but it lags a lot And severe lags,Kakak Rizky,5,2024-12-21 10:35:46
"The game runs quite well on my device. But there is something that irritates me. There is a bug where when we set the engram point, it often resets suddenly when returning to the game. Even though I have pressed save several times to make sure.",Ridlo Suhardi,4,2024-12-21 10:29:19
Tolong god console yang udah pernah saya beli di ark lama di kembalikan.. rugi kalo mau beli lagi di ark baru,Icwan,1,2024-12-21 10:21:18
Masih banyak bug dan belum optimal,Choiril Fahmi S,5,2024-12-21 10:12:22
Over all sudah bagus tapi Mohon tambahkan setingan fps nya,windy w,5,2024-12-21 10:07:53
"Nahh, the fps drop making it unplayable 😭",Rauqan R.r,4,2024-12-21 09:53:09
"Game sampah, awal download bisa dimainin, tapi saat update tiba tiba jadi ngestuck di splash screen.",Amir HS,1,2024-12-21 09:50:41
Tolong tambahkan di pengaturan grafik untuk pengaturan rendernnya itu yang membuat kebanyakan HP mengalami lag Bad game di HP spek low high g99 ultimate sangat lag tolong saran saya dibaca,iqmal rs,1,2024-12-21 09:43:23
"Bagus banget grafik nya sampai hp ku gak kuat patah patah tapi tetep bisa main soalnya aku suka banget sama game ini😘, bagi yang ngeluh karna hp nya gak kuat jangan di kasih bintang 1 yaa soalnya game nya emang berat dan kuat buat hp mahal aja jadi yang hp nya kentang kayak aku yaudah kalau bisa main ya main kalau enggak jangan di kasih bintang 1,kasian developer nya udah bikin susah susah",Panca Jaya,5,2024-12-21 09:30:39
Fixx legg and frame,elyosep 2240,1,2024-12-21 09:21:58
Rata kanan lancar Dev tapi masalahnya ada di kontrol. Ribet banget Dev 😑,Ezy,3,2024-12-21 09:20:07
It's quite difficult to play on a phone with a Mali GPU,Nugie Sugara,5,2024-12-21 09:18:23
"Game mengalami bug setelah update 1 kali, dan saya harus mendownload ulang data 3gb didalam aplikasi, namun progres download stuck tidak berjalan sedikitpun, bintang 5 ku turunkan jadi 3 karna Dev tidak memperhatikan hal seperti ini.",FADIL,3,2024-12-21 09:17:19
Snapdragon 680 knp lngsung keluar di awal woey apalah,554_Raihandy Haafizh Rizqullah,3,2024-12-21 09:15:26
"Setelah di update di playstore masuk dalam game malah STUCK download nya tolong diperbaiki ini teman gua di grup WA hampir 500 orang sama kasus nya ,,sebelum di update lancar2 aje maen nye .... Develop nye tolong dibaca ini masalah gede banget cok hampir semua ini masa wifi 100mbps download stuck + device lebih dri mendukung masih STUCK download nye",Pedri Yanto,5,2024-12-21 09:09:24
Setelah update malah bug di download resources,Rafly putra,1,2024-12-21 09:08:46
Tidak bisa download data,Q Bow,2,2024-12-21 09:02:28
"bisa di optimalkan lagi tidak?, spesifikasi hp saya Snapdragon 680 dengan ram 8 GB hanya dapat 10 FPS dan dibawahnya, kalau bisa grafiknya lebih low lagi saya ingin main game ini. dulu ark mobile saya main lancar saja kok ini untuk yg ngelag ga usah kasih bintang satu lah itu mah hplu kentang, kasih bintang 5 buat support developer biar semangat buat mengoptimalkan gamenya",Malik,5,2024-12-21 09:01:58
Kemarin saya sudah instal dan lancar. Pagi ini saya melihat ada update dan saya download. Pas di dalam game di suruh download data lagi sebesar 3.48gb tapi download nya tidak jalan. Kenapa seperti itu,Nasrudin,5,2024-12-21 08:59:41
HP gw redmi 12 pas main gw kira bisa nih gk ngeleg pas di coba LAG NYA MINTA AMPUN JALAN AJA PATAH PATAH GW LIAT AIR LANGSUNG PATAH PATAH AIR NYA GW LIAT COK GW UDH SETTING KESANA KEMARI TAPI SAMA AJA GK ADA YG BEDA MASIH LELET SAMPE GW CARI DI YOUTUBE TUH CARA SETTING NYA KGK NEMU,Wahyu Mokodongan,2,2024-12-21 08:57:08
"tolong control nya lebih di permudah lagi, posisi posisinya, dan saat swipe dari kiri untuk membuka menu pilihan itu ga nyaman sekali harus geser geser untuk menentukan pilihan.",Oalalalala,4,2024-12-21 08:55:40
Aku belum main soalnya gabisa di download datanya,Rayhand Wumu,5,2024-12-21 08:53:03
"Pas donlod data di ingame g jalan,,pke data n wifi jg sama saja,,",NooB GameR,1,2024-12-21 08:22:30
Now i cant play,Raihan Aditia,1,2024-12-21 08:20:25
download datanya ngebug anjing,risky novel,3,2024-12-21 08:14:57
Spec kentang gausah so soan kasih rating 1 hp lu aja potato sadar diri heh,Tumbalan2,5,2024-12-21 07:36:04
Game survival mobile yg paling benar.. Good job👍👍👍👍👍,Paino,5,2024-12-21 07:28:57
"Tolong grafik low dan high di berikan perbandingan yang signifikan, agar game tidak terlalu lag untuk hp kelas rendah",Ariel Jamal,3,2024-12-21 07:19:07
Why is this game so lagging,Farel Akbar,3,2024-12-21 07:15:39
"why is this, I get an update in play and I update, then I enter the apk download data again?kenapa begini, saya dapat pembaruan di play lalu saya perbarui, lalu saya masuk,kenapa unduh data dalam lagi?",Qalby Adzani,1,2024-12-21 07:09:37
Cant download additional data,Andre Arya,1,2024-12-21 06:40:14
Ini gimana kok gk bisa di vertivikasi akun. Google,Mas Nur afif,1,2024-12-21 06:33:42
"Paman saya berharap untuk menghadirkan grafik very low karena banyak player yang membutuhkan nya, kumohon 🥺🥺🥹",SALIS KHOERUL UMAM,5,2024-12-21 05:44:02
Harus di perbaikikan lagi game terlalu banyak masalah di game ark ultimate ini dari segi lag dan force close layar jadi berwarna,fasterboy,1,2024-12-21 05:02:03
"Butuh optimalisasi lagi agar game mudah di jalankan di device mobile, keleluasaan mengatur grafik dll",Woody st,5,2024-12-21 04:36:03
good,cristian maramis,5,2024-12-21 04:25:58
Poke,Riski Andre,1,2024-12-21 03:25:46
"Buset dah,abis download kirain bisa langsung main.tau mesti download LG 3,52gb sangat boros kuota n blom pasti jg ntar bisa d mainin apa g( edit; maaf auto uninstall LG,liat rating game g mau buang"" kuota lg",Ar Lita,1,2024-12-21 02:14:51
"Snapdragon 680, ram 6 masi berat buat mainnya karna aku suka bngt sama ini game aku kasih b5( samsung a05s ) buat develovernya tolong di ringankan lagi gamenya",ravly Sanjaya,5,2024-12-21 01:58:37
"Optimalisasi gamenya untuk device spek mid sangat buruk,semoga kedepannya bisa ditingkatkan lagi optimalisasinya,dan tolong perbaiki bug naga tidak bisa bergerak yang disummon menggunakan cheat command",Ryuzuki Kun,3,2024-12-21 01:04:51
"Ada bug tidak dapat memberikan demage setelah mentiming dino, tolong agar segera bisa diperbaiki🙏",Adri Halen Purnomo,5,2024-12-21 01:04:28
"Gamenya mantap, yg bilang jelek mungkin krna spek hp nya kurang mumpuni bro",Meaiz Maulana,5,2024-12-21 00:31:04
ya lumayan lah walaupun Adang kadang ngelag Ampe keluar,Faiq Channel,5,2024-12-21 00:24:21
Untuk developer bisa tidak grafis nya dioptimalkan lagi saya pengguna infinix note 40 ram 8/256 mediatek helio G99 ultimate masih dapat frame drop,M Ariel,3,2024-12-21 00:18:43
"Lah kok pas dh di download, trus di cek game nya malah tidak berkompitabel",Hizkia Rotama,1,2024-12-20 23:56:58
"Dear studio wildcard, please fix a frame drop in dimensity 1080..i really want to play this game at least 25 fps",Fardan Dunda,3,2024-12-20 23:20:14
"God consolnya kadang ga bisa dibuka, padahal udah beli mahal mahal",Simon Nahampun,3,2024-12-20 23:16:04
Perlu Update Pengoptimalan,Muhammad Syarif,5,2024-12-20 23:14:46
Tolong dukung processor helio g99,Hayby Chanel,1,2024-12-20 23:14:26
Kanapa nge crash ni game padahal gua hp ram 8,Dikin Dikin,1,2024-12-20 23:13:23
Pas main layar nya kek tv rusak mana ngelag banget lagi,ibrahim fav,1,2024-12-20 23:12:54
Mantap sekarang saya GK force close lagi dan game nya seru,Agha Adya faeyza,5,2024-12-20 22:51:00
"Bagus sih, tapi helio g99 ga kuat bg",Atha,3,2024-12-20 22:50:09
Padahal Ark Survival Evolved Yang Sebelumnya Sangat Lancar di mainkan di semua jenis dan spesifikasi ponsel,Koni Yoh,1,2024-12-20 22:48:42
"butuh pengoptimalan, Snapdragon 680 berat banget, cuman dapat 4 fps pas maen, di lobby 15 fps, sayang banget, padahal awal release ark yg lama gak separah ini, ini setara dark and light mobile, mau rata kiri sekalipun tetep fps drop, buat developer tolong kedepannya di optimalkan lagi, karena banyak penguna spek menengah susah bahkan tidak dapat bermain, mungkin render distance bisa di kecilkan atau dino spawn, dan water efek juga sngat berpengaruh, mana ada org main game betah dengan 4 fps",Gazza Mania,3,2024-12-20 22:46:58
"This is already good but still need some optimize my phone was helio G88 and can play it the main menu was a no problem very smooth the minus is the graphics had no much choice but i hope for the future optimize the lower graphics had selection like no grass or the water graphics had no reflection but yeah everything was incredible, i was so sad that i can't play the games cuz reading the discord announcement but i was shock and happy that i could play, but yeah just need no grass and optimize",Dede Pk,4,2024-12-20 22:26:10
Pas gua masuk ke gamenya malah glitch anyinh GK Kuat^⁠_⁠^,Elena Baihaqi,4,2024-12-20 22:21:39
Nice game,Ahmad,5,2024-12-20 22:13:45
Geme nya bagus banget tapi bagi saya control nya sulit apa karena baru main berada hari ya tapi geme ini rekomendasi banget untuk pecinta dinosaurus dan RPG harus coba,Siti Sundari,5,2024-12-20 22:12:26
"Sangat maik ,tolong tambahkan fitur wheel untuk ganti arrow",Ramdan_San,5,2024-12-20 21:49:28
"Keren, tapi settingan mapnya tolong bisa diatur seperti pc",Ryuu Chi,5,2024-12-20 21:47:58
Butuh optimalisasi buat android dan beberapa tombol yang harus disesuaikan untuk pengguna mobile,Rizki Nugraha,3,2024-12-20 21:38:38
Gamenya jelek bnget susah masuk servernya. Masak full terus tolong perbanyak dong server gratisnya karena bnyak yang suka main game ini!!!! Rugi banget rasanya udah download nya lama dan spacenya gede bnget malah gak bisa dimainin karena server full terus!!!,Wayan Dedy Kuswanto,1,2024-12-20 21:13:42
"Susah masuk , server dan pemain lebih byk pemain . Gk bisa masuk karena server full",ageng hidayat,1,2024-12-20 21:13:27
tolong optimalisasi di perbaiki !,Ari F,1,2024-12-20 21:09:11
"Game nya dah bagus tapi harus ada update pengoptimalan, ram 8/256 masih kurang lancar padahal setingan grafis dah paling rendah.",Daniel.R,5,2024-12-20 21:08:22
"Always force close, hopefully it will be read because I have been waiting a long time for this game to be released but I can't play Infinix hot 9 play",Ibnu kusumah,1,2024-12-20 21:07:27
"patah"" mana moscop makanya cookken prime meat.. dapet darimana prime meat nya kalo baru main. dino aja belum taming",Zafi Alfa,1,2024-12-20 20:45:02
"lag bgt sir, padahal pengen main",Elaina,3,2024-12-20 20:40:26
Very fun but I was so lag that I had to delete my old ark. 😔,chevin putraaulia,3,2024-12-20 20:13:10
Bagus sih bagus tapi sebagai pengguna vivo saya juga ada keluhan yaitu ngelag yang berlebihan padahal lebih bagus ark lama dari ark ume ngelag nya minta ampun dari ark lama tolong perbaiki game nya dan saya sudah beli GC dan di save malah ilang entah kemana,Rio Grande,4,2024-12-20 19:53:29
"Parah gak bisa di download Ama ram kecil padahal hp Oppo a17k kok gak bisa /What's worse, it can't be downloaded with small RAM even though the Oppo A17K cellphone is still stingy or can't.",Pamungkas,1,2024-12-20 19:49:07
Gimana sih padal jip set dah lumayan tapi gak bisa maen pas maen lag kayak ngefris,Indra kurniawan,1,2024-12-20 19:44:07
disa didownload tapi kok force close pas dibuka,Callme Onni,2,2024-12-20 19:39:14
Lagging,Raffi Yusuf,1,2024-12-20 19:31:39
Metode download yang sangat ngeselin njir🗿 jadi gwa hapus,Kirito S,4,2024-12-20 19:29:41
"Bisa di mainin sih, cmn lag parah, meskipun grafiknya udh low, resolusi rata kiri, agak sedih (4/64 G85)",Muhammad salman,3,2024-12-20 19:28:54
"Heal dinonya susah ,g bisa klik daging terus menerus",Ne Xi,5,2024-12-20 18:57:15
"ga sesuai harapan nunggu lama bet eh pas rilis kecewa grafik burik kek ep ep jaman batu gameplay kaku berat buanget di hp oppo Reno 8 pro, pkok nya ga banget deh.",SCROLL,1,2024-12-20 18:37:23
Good,Dwi Arjuna,5,2024-12-20 18:25:45
"To the developer, please help me, I have bought the Ark Pass but the result is that it cannot be read in the game, please fix it immediately🙏🏽🙏🏽",G E N J I E,4,2024-12-20 18:18:23
Lag banget jirr cuma 10 FPS 😹😹😹😹😹,Indah Adrian,5,2024-12-20 17:56:38
Update yang banyak min biar lancar,TAUFIQ SAFALAS,5,2024-12-20 17:53:10
"Di Hp Ram 4Gb Ngga bisa dimainkan dan Stuck di logo loading, Dan Game seperti Split layar.",Ariyansah EXTENCION,1,2024-12-20 17:43:11
Tolong untuk update kedepan nya diberikan visual number ketika hit creature karna susah untuk melihat HP creature,Adzies Zulbaekie,4,2024-12-20 17:31:42
Omg new update thanks you depoloper 🥰,Defrian Bima Dwinanda,5,2024-12-20 17:30:06
Game nya 👍👍,Muhamad Gopur,5,2024-12-20 17:17:21
"disnapdragon 665 masih terlalu berat pake banget bangeettt, udah nyobain sih gamenya bagus parah semuanya keren tapi msih masalah ke spesifikasi hp sih, ga saya doang yg pengen main lancar tapi banyak juga yg pengen begitu, apalagi hpnya yg ga memadai, untuk developer bisa ga kira', untuk bikin gamenya agak ringan dikit agar kami para' kaum hpnya potato bisa main lancar kaya yg lain gitu, gitu aja sih, dari sekian lama menunggu ternyata anjlok wkwk, mending ark evolved kmren gausah dihapus, 😊",Ahmad Rafi,1,2024-12-20 17:00:18
"sudah 2 hari download data tidak selesai"" stuck di download data selama 2 hari ini saya. device saya xiaomi POCO F6, snapdroangn 8s gen 3",Puhin Bi,1,2024-12-20 16:54:05
"please optimize for ram 6 and below, remove unnecessary things like to much grass and not too much rendering, provide a system setting about this so everyone can access it",Anggota Sie Kampertrans_Restu,5,2024-12-20 16:49:47
👍👍👍👍👍👍👍👍👍👍👍👍👍👍👍👍👍👍👍👍👍👍👍👍👍👍👍👍,Tumpu Sila,5,2024-12-20 16:33:38
Bagus,Cecepjm Cecepjm,5,2024-12-20 16:30:15
Gak bisa dimainin pas nyoba main malah keluar,Bas Ong,1,2024-12-20 16:27:17
Tidak bagus,Indra Bckup,3,2024-12-20 16:23:45
